step,timestamp,net_building_load,total_grid_power,step_completed,v2b_revenue,current_price,taxi_profit,soh_0,soh_1,soh_2,soh_3,soh_4,soh_5,soh_6,soh_7,soh_8,soh_9,soh_10,soh_11,soh_12,soh_13,soh_14,soh_15,soh_16,soh_17,soh_18,soh_19,soh_20,soh_21,soh_22,soh_23,soh_24,soh_25,soh_26,soh_27,soh_28,soh_29,soh_30,soh_31,soh_32,soh_33,soh_34,soh_35,soh_36,soh_37,soh_38,soh_39,soh_40,soh_41,soh_42,soh_43,soh_44,soh_45,soh_46,soh_47,soh_48,soh_49,soc_0,soc_1,soc_2,soc_3,soc_4,soc_5,soc_6,soc_7,soc_8,soc_9,soc_10,soc_11,soc_12,soc_13,soc_14,soc_15,soc_16,soc_17,soc_18,soc_19,soc_20,soc_21,soc_22,soc_23,soc_24,soc_25,soc_26,soc_27,soc_28,soc_29,soc_30,soc_31,soc_32,soc_33,soc_34,soc_35,soc_36,soc_37,soc_38,soc_39,soc_40,soc_41,soc_42,soc_43,soc_44,soc_45,soc_46,soc_47,soc_48,soc_49,status_0,status_1,status_2,status_3,status_4,status_5,status_6,status_7,status_8,status_9,status_10,status_11,status_12,status_13,status_14,status_15,status_16,status_17,status_18,status_19,status_20,status_21,status_22,status_23,status_24,status_25,status_26,status_27,status_28,status_29,status_30,status_31,status_32,status_33,status_34,status_35,status_36,status_37,status_38,status_39,status_40,status_41,status_42,status_43,status_44,status_45,status_46,status_47,status_48,status_49
0,2024-01-01 00:00:01,0.00,0.00,0,0.0000,0.0000,0.00,1.0000,1.0000,1.0000,1.0000,1.0000,1.0000,1.0000,1.0000,1.0000,1.0000,1.0000,1.0000,1.0000,1.0000,1.0000,1.0000,1.0000,1.0000,1.0000,1.0000,1.0000,1.0000,1.0000,1.0000,1.0000,1.0000,1.0000,1.0000,1.0000,1.0000,1.0000,1.0000,1.0000,1.0000,1.0000,1.0000,1.0000,1.0000,1.0000,1.0000,1.0000,1.0000,1.0000,1.0000,1.0000,1.0000,1.0000,1.0000,1.0000,1.0000,1.0000,1.0000,1.0000,1.0000,1.0000,1.0000,1.0000,1.0000,1.0000,1.0000,1.0000,1.0000,1.0000,1.0000,1.0000,1.0000,1.0000,1.0000,1.0000,1.0000,1.0000,1.0000,1.0000,1.0000,1.0000,1.0000,1.0000,1.0000,1.0000,1.0000,1.0000,1.0000,1.0000,1.0000,1.0000,1.0000,1.0000,1.0000,1.0000,1.0000,1.0000,1.0000,1.0000,1.0000,1.0000,1.0000,1.0000,1.0000,1.0000,1.0000,IDLE,IDLE,IDLE,IDLE,IDLE,IDLE,IDLE,IDLE,IDLE,IDLE,IDLE,IDLE,IDLE,IDLE,IDLE,IDLE,IDLE,IDLE,IDLE,IDLE,IDLE,IDLE,IDLE,IDLE,IDLE,IDLE,IDLE,IDLE,IDLE,IDLE,IDLE,IDLE,IDLE,IDLE,IDLE,IDLE,IDLE,IDLE,IDLE,IDLE,IDLE,IDLE,IDLE,IDLE,IDLE,IDLE,IDLE,IDLE,IDLE,IDLE
1,2024-01-01 01:00:01,0.00,0.00,0,0.0000,0.0000,464.09,1.0000,1.0000,1.0000,1.0000,1.0000,1.0000,1.0000,1.0000,1.0000,1.0000,1.0000,1.0000,1.0000,1.0000,1.0000,1.0000,1.0000,1.0000,1.0000,1.0000,1.0000,1.0000,1.0000,1.0000,1.0000,1.0000,1.0000,1.0000,1.0000,1.0000,1.0000,1.0000,1.0000,1.0000,1.0000,1.0000,1.0000,1.0000,1.0000,1.0000,1.0000,1.0000,1.0000,1.0000,1.0000,1.0000,1.0000,1.0000,1.0000,1.0000,0.9843,0.9689,0.9939,0.9914,0.9895,0.9905,0.9742,0.9892,0.9918,0.9793,0.9710,0.9948,0.9884,0.9801,0.9837,0.9801,0.9854,0.9927,0.9842,0.9855,0.9871,0.9854,0.9864,0.9803,0.9877,0.9804,0.9854,0.9793,0.9826,0.9919,0.9917,0.9863,0.9918,0.9842,0.9862,0.9914,0.9953,0.9863,0.9889,0.9861,0.9742,0.9897,0.9914,0.9803,0.9956,0.9876,0.9879,0.9874,0.9794,0.9868,ONJOB,ONJOB,ONJOB,ONJOB,ONJOB,ONJOB,ONJOB,ONJOB,ONJOB,ONJOB,ONJOB,ONJOB,ONJOB,ONJOB,ONJOB,ONJOB,ONJOB,ONJOB,ONJOB,ONJOB,ONJOB,ONJOB,ONJOB,ONJOB,ONJOB,ONJOB,ONJOB,ONJOB,ONJOB,ONJOB,ONJOB,ONJOB,ONJOB,ONJOB,ONJOB,ONJOB,ONJOB,ONJOB,ONJOB,ONJOB,ONJOB,ONJOB,ONJOB,ONJOB,ONJOB,ONJOB,ONJOB,ONJOB,ONJOB,ONJOB
2,2024-01-01 02:00:01,0.00,0.00,0,0.0000,0.0000,0.00,1.0000,1.0000,1.0000,1.0000,1.0000,1.0000,1.0000,1.0000,1.0000,1.0000,1.0000,1.0000,1.0000,1.0000,1.0000,1.0000,1.0000,1.0000,1.0000,1.0000,1.0000,1.0000,1.0000,1.0000,1.0000,1.0000,1.0000,1.0000,1.0000,1.0000,1.0000,1.0000,1.0000,1.0000,1.0000,1.0000,1.0000,1.0000,1.0000,1.0000,1.0000,1.0000,1.0000,1.0000,1.0000,1.0000,1.0000,1.0000,1.0000,1.0000,0.9437,0.9198,0.9785,0.9759,0.9148,0.9225,0.9365,0.9702,0.9357,0.9346,0.9049,0.9606,0.9445,0.9476,0.9498,0.9476,0.9522,0.9811,0.9417,0.9621,0.9609,0.9522,0.9426,0.9397,0.9546,0.9472,0.9522,0.9346,0.9535,0.9639,0.9760,0.9359,0.9357,0.9233,0.9186,0.9759,0.9907,0.9359,0.9780,0.9504,0.9365,0.9745,0.9276,0.9397,0.9676,0.9535,0.9592,0.9752,0.9226,0.9355,IDLE,IDLE,IDLE,IDLE,IDLE,IDLE,IDLE,IDLE,IDLE,IDLE,IDLE,IDLE,IDLE,IDLE,IDLE,IDLE,IDLE,IDLE,IDLE,IDLE,IDLE,IDLE,IDLE,IDLE,IDLE,IDLE,IDLE,IDLE,IDLE,IDLE,IDLE,IDLE,IDLE,IDLE,IDLE,IDLE,IDLE,IDLE,IDLE,IDLE,IDLE,IDLE,IDLE,IDLE,IDLE,IDLE,IDLE,IDLE,IDLE,IDLE
3,2024-01-01 03:00:01,0.00,0.00,0,0.0000,0.0000,461.83,0.9999,0.9999,0.9999,0.9999,0.9999,0.9999,0.9999,0.9999,0.9999,0.9999,0.9999,0.9999,0.9999,0.9999,0.9999,0.9999,0.9999,0.9999,0.9999,0.9999,0.9999,0.9999,0.9999,0.9999,0.9999,0.9999,0.9999,0.9999,0.9999,0.9999,0.9999,0.9999,0.9999,0.9999,0.9999,0.9999,0.9999,0.9999,0.9999,0.9999,0.9999,0.9999,0.9999,0.9999,0.9999,0.9999,0.9999,0.9999,0.9999,0.9999,0.9269,0.8889,0.9724,0.9673,0.8994,0.9082,0.9083,0.9511,0.9275,0.9165,0.8842,0.9554,0.9329,0.9317,0.9275,0.9317,0.9389,0.9746,0.9233,0.9500,0.9357,0.9389,0.9225,0.9261,0.9386,0.9305,0.9389,0.9165,0.9338,0.9487,0.9611,0.9196,0.9275,0.9075,0.9017,0.9673,0.9860,0.9196,0.9669,0.9356,0.9083,0.9642,0.9190,0.9261,0.9633,0.9394,0.9397,0.9629,0.9067,0.9204,ONJOB,ONJOB,ONJOB,ONJOB,ONJOB,ONJOB,ONJOB,ONJOB,ONJOB,ONJOB,ONJOB,ONJOB,ONJOB,ONJOB,ONJOB,ONJOB,ONJOB,ONJOB,ONJOB,ONJOB,ONJOB,ONJOB,ONJOB,ONJOB,ONJOB,ONJOB,ONJOB,ONJOB,ONJOB,ONJOB,ONJOB,ONJOB,ONJOB,ONJOB,ONJOB,ONJOB,ONJOB,ONJOB,ONJOB,ONJOB,ONJOB,ONJOB,ONJOB,ONJOB,ONJOB,ONJOB,ONJOB,ONJOB,ONJOB,ONJOB
4,2024-01-01 04:00:01,0.00,0.00,0,0.0000,0.0000,0.00,0.9999,0.9999,0.9999,0.9999,0.9999,0.9999,0.9999,0.9999,0.9999,0.9999,0.9999,0.9999,0.9999,0.9999,0.9999,0.9999,0.9999,0.9999,0.9999,0.9999,0.9999,0.9999,0.9999,0.9999,0.9999,0.9999,0.9999,0.9999,0.9999,0.9999,0.9999,0.9999,0.9999,0.9999,0.9999,0.9999,0.9999,0.9999,0.9999,0.9999,0.9999,0.9999,0.9999,0.9999,0.9999,0.9999,0.9999,0.9999,0.9999,0.9999,0.8358,0.7733,0.9570,0.9425,0.8526,0.9082,0.8640,0.9338,0.8654,0.8753,0.7872,0.9479,0.8640,0.8761,0.9080,0.8761,0.9133,0.9446,0.9000,0.9149,0.9233,0.9133,0.8920,0.8877,0.8966,0.8367,0.9133,0.8753,0.8709,0.9299,0.9159,0.8693,0.8654,0.8551,0.8585,0.9425,0.9701,0.8693,0.9559,0.9088,0.8640,0.9490,0.9190,0.8877,0.9574,0.9193,0.9075,0.9198,0.9067,0.8700,IDLE,IDLE,IDLE,IDLE,IDLE,ONJOB,IDLE,IDLE,IDLE,IDLE,IDLE,IDLE,IDLE,IDLE,IDLE,IDLE,IDLE,IDLE,IDLE,IDLE,IDLE,IDLE,IDLE,IDLE,IDLE,IDLE,IDLE,IDLE,IDLE,IDLE,IDLE,IDLE,IDLE,IDLE,IDLE,IDLE,IDLE,IDLE,IDLE,IDLE,IDLE,IDLE,ONJOB,IDLE,IDLE,IDLE,IDLE,IDLE,ONJOB,IDLE
5,2024-01-01 05:00:01,0.00,0.00,0,0.0000,0.0000,542.01,0.9999,0.9999,0.9999,0.9999,0.9999,0.9999,0.9999,0.9999,0.9999,0.9999,0.9999,0.9999,0.9999,0.9999,0.9999,0.9999,0.9999,0.9999,0.9999,0.9999,0.9999,0.9999,0.9999,0.9999,0.9999,0.9999,0.9999,0.9999,0.9999,0.9999,0.9999,0.9999,0.9999,0.9999,0.9999,0.9999,0.9999,0.9999,0.9999,0.9999,0.9999,0.9999,0.9999,0.9999,0.9999,0.9999,0.9999,0.9999,0.9999,0.9999,0.8191,0.7424,0.9508,0.9338,0.8238,0.8431,0.8462,0.9254,0.8301,0.8578,0.7665,0.9427,0.8313,0.8569,0.8916,0.8569,0.8978,0.9373,0.8827,0.9028,0.9108,0.8978,0.8718,0.8741,0.8805,0.8240,0.8978,0.8578,0.8337,0.9209,0.9009,0.8541,0.8301,0.8235,0.8354,0.9338,0.9654,0.8541,0.9448,0.9088,0.8462,0.9387,0.8526,0.8741,0.9530,0.9096,0.8879,0.8948,0.8178,0.8549,ONJOB,ONJOB,ONJOB,ONJOB,ONJOB,IDLE,ONJOB,ONJOB,ONJOB,ONJOB,ONJOB,ONJOB,ONJOB,ONJOB,ONJOB,ONJOB,ONJOB,ONJOB,ONJOB,ONJOB,ONJOB,ONJOB,ONJOB,ONJOB,ONJOB,ONJOB,ONJOB,ONJOB,ONJOB,ONJOB,ONJOB,ONJOB,ONJOB,ONJOB,ONJOB,ONJOB,ONJOB,ONJOB,ONJOB,TOPICKUP,ONJOB,ONJOB,IDLE,ONJOB,ONJOB,ONJOB,ONJOB,ONJOB,IDLE,ONJOB
6,2024-01-01 06:00:01,0.00,0.00,0,0.0000,0.0000,68.33,0.9999,0.9999,0.9999,0.9999,0.9999,0.9999,0.9999,0.9999,0.9999,0.9999,0.9999,0.9999,0.9999,0.9999,0.9999,0.9999,0.9999,0.9999,0.9999,0.9999,0.9999,0.9999,0.9999,0.9999,0.9999,0.9999,0.9999,0.9999,0.9999,0.9999,0.9999,0.9999,0.9999,0.9999,0.9999,0.9999,0.9999,0.9999,0.9999,0.9999,0.9999,0.9999,0.9999,0.9999,0.9999,0.9999,0.9999,0.9999,0.9999,0.9999,0.7655,0.6695,0.9358,0.8568,0.7820,0.8318,0.8111,0.8794,0.7888,0.8265,0.7042,0.9037,0.8313,0.8310,0.8451,0.8310,0.8724,0.8573,0.8437,0.8850,0.8741,0.8724,0.8448,0.8269,0.8303,0.7032,0.8724,0.8265,0.7196,0.8755,0.8789,0.7451,0.7888,0.8235,0.7339,0.8568,0.9286,0.7451,0.9074,0.8938,0.8111,0.9034,0.8308,0.8269,0.9137,0.8644,0.8546,0.8640,0.7954,0.8277,IDLE,IDLE,IDLE,IDLE,IDLE,ONJOB,IDLE,IDLE,IDLE,IDLE,IDLE,IDLE,ONJOB,IDLE,IDLE,IDLE,IDLE,IDLE,IDLE,IDLE,IDLE,IDLE,IDLE,IDLE,IDLE,IDLE,IDLE,IDLE,IDLE,IDLE,IDLE,IDLE,IDLE,ONJOB,IDLE,IDLE,IDLE,IDLE,IDLE,ONJOB,IDLE,IDLE,ONJOB,IDLE,IDLE,IDLE,IDLE,IDLE,ONJOB,IDLE
7,2024-01-01 07:00:01,0.00,0.00,0,0.0000,0.0000,646.92,0.9999,0.9999,0.9999,0.9999,0.9999,0.9999,0.9999,0.9999,0.9999,0.9999,0.9999,0.9999,0.9999,0.9999,0.9999,0.9999,0.9999,0.9999,0.9999,0.9999,0.9999,0.9999,0.9999,0.9999,0.9999,0.9999,0.9999,0.9999,0.9999,0.9999,0.9999,0.9999,0.9999,0.9999,0.9999,0.9999,0.9999,0.9999,0.9999,0.9999,0.9999,0.9999,0.9999,0.9999,0.9999,0.9999,0.9999,0.9999,0.9999,0.9999,0.7488,0.6386,0.9296,0.8482,0.7597,0.8318,0.7899,0.8659,0.7806,0.8086,0.6852,0.8985,0.7196,0.8118,0.8287,0.8118,0.8578,0.8507,0.8279,0.8729,0.8574,0.8578,0.8302,0.8134,0.8142,0.6864,0.8578,0.8086,0.6999,0.8603,0.8640,0.7314,0.7806,0.7176,0.7116,0.8482,0.9239,0.7314,0.8965,0.8748,0.7899,0.8932,0.8308,0.8134,0.9093,0.8503,0.8383,0.8389,0.7632,0.8126,ONJOB,ONJOB,ONJOB,ONJOB,ONJOB,ONJOB,ONJOB,ONJOB,ONJOB,ONJOB,ONJOB,ONJOB,IDLE,ONJOB,ONJOB,ONJOB,ONJOB,ONJOB,ONJOB,ONJOB,ONJOB,ONJOB,ONJOB,ONJOB,ONJOB,ONJOB,ONJOB,ONJOB,ONJOB,ONJOB,ONJOB,ONJOB,ONJOB,IDLE,ONJOB,ONJOB,ONJOB,ONJOB,ONJOB,IDLE,ONJOB,ONJOB,ONJOB,ONJOB,ONJOB,ONJOB,ONJOB,ONJOB,IDLE,ONJOB
8,2024-01-01 08:00:01,0.00,0.00,0,0.0000,0.0000,120.00,0.9999,0.9999,0.9999,0.9999,0.9999,0.9999,0.9999,0.9999,0.9999,0.9999,0.9999,0.9999,0.9999,0.9999,0.9999,0.9999,0.9999,0.9999,0.9999,0.9999,0.9999,0.9999,0.9999,0.9999,0.9999,0.9999,0.9999,0.9999,0.9999,0.9999,0.9999,0.9999,0.9999,0.9999,0.9999,0.9999,0.9998,0.9999,0.9999,0.9999,0.9999,0.9999,0.9999,0.9999,0.9999,0.9999,0.9999,0.9999,0.9999,0.9999,0.6618,0.5331,0.8739,0.8034,0.7440,0.8318,0.7376,0.8282,0.7714,0.7670,0.6353,0.8321,0.7080,0.8118,0.7931,0.8118,0.8423,0.8054,0.7854,0.8334,0.8272,0.8423,0.7897,0.7760,0.7818,0.5933,0.8423,0.7670,0.6874,0.8323,0.8451,0.6810,0.7714,0.7018,0.6683,0.8034,0.8740,0.6810,0.8642,0.8559,0.7376,0.8639,0.7631,0.7760,0.8395,0.8162,0.7969,0.7906,0.7473,0.7921,IDLE,IDLE,IDLE,IDLE,IDLE,ONJOB,IDLE,IDLE,IDLE,IDLE,IDLE,IDLE,ONJOB,ONJOB,IDLE,ONJOB,IDLE,IDLE,IDLE,IDLE,IDLE,IDLE,IDLE,IDLE,IDLE,IDLE,IDLE,IDLE,IDLE,IDLE,IDLE,IDLE,IDLE,ONJOB,IDLE,IDLE,IDLE,IDLE,IDLE,ONJOB,IDLE,IDLE,IDLE,IDLE,IDLE,IDLE,IDLE,IDLE,ONJOB,IDLE
9,2024-01-01 09:00:01,0.00,0.00,0,0.0000,0.0000,694.13,0.9999,0.9999,0.9998,0.9999,0.9999,0.9999,0.9999,0.9999,0.9999,0.9999,0.9999,0.9999,0.9999,0.9999,0.9999,0.9999,0.9999,0.9999,0.9999,0.9999,0.9999,0.9999,0.9999,0.9999,0.9999,0.9999,0.9999,0.9999,0.9999,0.9999,0.9999,0.9999,0.9999,0.9999,0.9999,0.9999,0.9998,0.9999,0.9998,0.9999,0.9999,0.9998,0.9999,0.9999,0.9999,0.9999,0.9999,0.9999,0.9999,0.9999,0.6450,0.5094,0.8678,0.7947,0.7246,0.8318,0.7164,0.8186,0.7632,0.7550,0.6216,0.8269,0.6721,0.7687,0.7817,0.7687,0.8291,0.7988,0.7708,0.8234,0.8143,0.8291,0.7661,0.7624,0.7702,0.5808,0.8291,0.7550,0.6677,0.8229,0.8369,0.6673,0.7632,0.6540,0.6536,0.7947,0.8694,0.6673,0.8533,0.8170,0.7164,0.8536,0.7545,0.7624,0.8351,0.8041,0.7690,0.7780,0.7164,0.7789,ONJOB,ONJOB,ONJOB,ONJOB,ONJOB,ONJOB,ONJOB,ONJOB,ONJOB,ONJOB,ONJOB,ONJOB,IDLE,IDLE,ONJOB,IDLE,ONJOB,ONJOB,ONJOB,ONJOB,ONJOB,ONJOB,ONJOB,ONJOB,ONJOB,ONJOB,ONJOB,ONJOB,ONJOB,ONJOB,ONJOB,ONJOB,ONJOB,IDLE,ONJOB,ONJOB,ONJOB,ONJOB,ONJOB,IDLE,ONJOB,ONJOB,ONJOB,ONJOB,ONJOB,ONJOB,ONJOB,ONJOB,IDLE,ONJOB
10,2024-01-01 10:00:01,0.00,0.00,0,0.0000,0.0000,162.95,0.9999,0.9999,0.9998,0.9999,0.9999,0.9999,0.9999,0.9999,0.9999,0.9999,0.9999,0.9998,0.9999,0.9999,0.9999,0.9999,0.9999,0.9999,0.9999,0.9999,0.9999,0.9999,0.9999,0.9999,0.9999,0.9999,0.9999,0.9999,0.9999,0.9999,0.9999,0.9999,0.9999,0.9999,0.9999,0.9999,0.9998,0.9999,0.9998,0.9999,0.9999,0.9998,0.9999,0.9999,0.9998,0.9999,0.9999,0.9999,0.9999,0.9999,0.6003,0.4685,0.8497,0.7793,0.6813,0.8318,0.6733,0.7674,0.7270,0.7368,0.6009,0.7604,0.6605,0.7632,0.7300,0.7632,0.8122,0.7556,0.7324,0.8078,0.7575,0.8122,0.6851,0.7251,0.7244,0.5640,0.8122,0.7368,0.6276,0.7911,0.7828,0.6410,0.7270,0.6454,0.6155,0.7793,0.8572,0.6410,0.8422,0.8031,0.6733,0.8102,0.7119,0.7251,0.7653,0.7661,0.7083,0.7201,0.7045,0.7184,IDLE,IDLE,IDLE,IDLE,IDLE,ONJOB,IDLE,IDLE,IDLE,IDLE,IDLE,IDLE,ONJOB,ONJOB,IDLE,ONJOB,IDLE,IDLE,IDLE,IDLE,IDLE,IDLE,IDLE,IDLE,IDLE,IDLE,IDLE,IDLE,IDLE,IDLE,IDLE,IDLE,IDLE,ONJOB,IDLE,IDLE,IDLE,IDLE,IDLE,ONJOB,IDLE,IDLE,IDLE,IDLE,IDLE,IDLE,IDLE,IDLE,ONJOB,IDLE
11,2024-01-01 11:00:01,0.00,0.00,0,0.0000,0.0000,782.87,0.9999,0.9999,0.9998,0.9998,0.9999,0.9999,0.9999,0.9998,0.9999,0.9999,0.9999,0.9998,0.9999,0.9999,0.9999,0.9999,0.9998,0.9998,0.9999,0.9998,0.9999,0.9998,0.9999,0.9999,0.9999,0.9999,0.9998,0.9999,0.9999,0.9998,0.9998,0.9999,0.9999,0.9999,0.9999,0.9998,0.9998,0.9999,0.9998,0.9999,0.9999,0.9998,0.9999,0.9999,0.9998,0.9999,0.9999,0.9999,0.9999,0.9999,0.5845,0.4376,0.8435,0.7706,0.6660,0.8318,0.6527,0.7590,0.7188,0.7189,0.5803,0.7553,0.6605,0.7296,0.7186,0.7296,0.7999,0.7491,0.7177,0.7923,0.7451,0.7999,0.6615,0.7115,0.7121,0.5513,0.7999,0.7189,0.6079,0.7830,0.7720,0.6289,0.7188,0.5970,0.6007,0.7706,0.8526,0.6289,0.8313,0.7716,0.6527,0.7999,0.7033,0.7115,0.7609,0.7564,0.6854,0.7078,0.6729,0.7068,ONJOB,ONJOB,ONJOB,ONJOB,ONJOB,ONJOB,ONJOB,ONJOB,ONJOB,ONJOB,ONJOB,ONJOB,ONJOB,IDLE,ONJOB,IDLE,ONJOB,ONJOB,ONJOB,ONJOB,ONJOB,ONJOB,ONJOB,ONJOB,ONJOB,ONJOB,ONJOB,ONJOB,ONJOB,ONJOB,ONJOB,ONJOB,ONJOB,IDLE,ONJOB,ONJOB,ONJOB,ONJOB,ONJOB,IDLE,ONJOB,ONJOB,ONJOB,ONJOB,ONJOB,ONJOB,ONJOB,ONJOB,IDLE,ONJOB
12,2024-01-01 12:00:01,0.00,0.00,0,0.0000,0.0000,97.25,0.9999,0.9999,0.9998,0.9998,0.9999,0.9999,0.9999,0.9998,0.9999,0.9999,0.9999,0.9998,0.9999,0.9999,0.9999,0.9999,0.9998,0.9998,0.9999,0.9998,0.9998,0.9998,0.9999,0.9999,0.9999,0.9999,0.9998,0.9999,0.9999,0.9998,0.9998,0.9999,0.9999,0.9999,0.9999,0.9998,0.9998,0.9999,0.9998,0.9999,0.9999,0.9998,0.9999,0.9999,0.9998,0.9998,0.9999,0.9999,0.9999,0.9999,0.5364,0.4065,0.8281,0.7256,0.6408,0.7818,0.6096,0.7210,0.6733,0.6811,0.5501,0.7211,0.5856,0.7103,0.6906,0.7103,0.7614,0.6984,0.6787,0.7823,0.7140,0.7614,0.6149,0.6654,0.7022,0.4992,0.7614,0.6811,0.5595,0.7602,0.7322,0.6039,0.6733,0.5828,0.5754,0.7256,0.8443,0.6039,0.7846,0.7577,0.6096,0.7565,0.6497,0.6654,0.7329,0.7259,0.6854,0.6740,0.6570,0.6644,IDLE,IDLE,IDLE,IDLE,IDLE,IDLE,IDLE,IDLE,IDLE,IDLE,IDLE,IDLE,IDLE,ONJOB,IDLE,ONJOB,IDLE,IDLE,IDLE,IDLE,IDLE,IDLE,IDLE,IDLE,IDLE,IDLE,IDLE,IDLE,IDLE,IDLE,IDLE,IDLE,IDLE,ONJOB,IDLE,IDLE,IDLE,IDLE,IDLE,ONJOB,IDLE,IDLE,IDLE,IDLE,IDLE,IDLE,ONJOB,IDLE,ONJOB,IDLE
13,2024-01-01 13:00:01,0.00,0.00,0,0.0000,0.0000,665.37,0.9999,0.9999,0.9998,0.9998,0.9999,0.9999,0.9999,0.9998,0.9999,0.9999,0.9999,0.9998,0.9999,0.9999,0.9999,0.9999,0.9998,0.9998,0.9999,0.9998,0.9998,0.9998,0.9999,0.9999,0.9999,0.9999,0.9998,0.9999,0.9999,0.9998,0.9998,0.9999,0.9999,0.9999,0.9999,0.9998,0.9998,0.9999,0.9998,0.9998,0.9999,0.9998,0.9999,0.9999,0.9998,0.9998,0.9999,0.9998,0.9999,0.9999,0.5206,0.3828,0.8220,0.7170,0.6299,0.7706,0.5889,0.7126,0.6651,0.6690,0.5364,0.7159,0.5740,0.6686,0.6791,0.6686,0.7481,0.6911,0.6640,0.7667,0.7016,0.7481,0.5913,0.6518,0.6923,0.4866,0.7481,0.6690,0.5421,0.7521,0.7215,0.5918,0.6651,0.5412,0.5611,0.7170,0.8396,0.5918,0.7737,0.7376,0.5889,0.7462,0.6411,0.6518,0.7285,0.7163,0.6325,0.6617,0.6168,0.6528,ONJOB,ONJOB,ONJOB,ONJOB,ONJOB,ONJOB,ONJOB,ONJOB,ONJOB,ONJOB,ONJOB,ONJOB,ONJOB,IDLE,ONJOB,IDLE,ONJOB,ONJOB,ONJOB,ONJOB,ONJOB,ONJOB,ONJOB,ONJOB,ONJOB,ONJOB,ONJOB,ONJOB,ONJOB,ONJOB,ONJOB,ONJOB,ONJOB,IDLE,ONJOB,ONJOB,ONJOB,ONJOB,ONJOB,IDLE,ONJOB,ONJOB,ONJOB,ONJOB,ONJOB,ONJOB,IDLE,ONJOB,IDLE,ONJOB
14,2024-01-01 14:00:01,0.00,0.00,0,0.0000,0.0000,115.00,0.9999,0.9999,0.9998,0.9998,0.9999,0.9999,0.9999,0.9998,0.9999,0.9999,0.9999,0.9998,0.9999,0.9999,0.9999,0.9999,0.9998,0.9998,0.9999,0.9998,0.9998,0.9998,0.9999,0.9999,0.9999,0.9999,0.9998,0.9999,0.9999,0.9998,0.9998,0.9999,0.9999,0.9999,0.9999,0.9998,0.9998,0.9999,0.9998,0.9998,0.9999,0.9998,0.9999,0.9999,0.9998,0.9998,0.9999,0.9998,0.9999,0.9999,0.4855,0.3433,0.8084,0.7056,0.6028,0.7387,0.5607,0.6666,0.6196,0.6509,0.5074,0.6495,0.5220,0.6597,0.6538,0.6597,0.7224,0.6826,0.6316,0.7316,0.6648,0.7224,0.5414,0.6111,0.6568,0.4627,0.7224,0.6509,0.4840,0.7333,0.6786,0.5669,0.6196,0.5286,0.5388,0.7056,0.8237,0.5669,0.7415,0.7376,0.5607,0.7057,0.5875,0.6111,0.6587,0.6711,0.6155,0.6250,0.6049,0.6152,IDLE,IDLE,IDLE,IDLE,IDLE,IDLE,IDLE,IDLE,IDLE,IDLE,IDLE,IDLE,IDLE,ONJOB,IDLE,ONJOB,IDLE,IDLE,IDLE,IDLE,IDLE,IDLE,IDLE,IDLE,IDLE,IDLE,IDLE,IDLE,IDLE,IDLE,IDLE,IDLE,IDLE,ONJOB,IDLE,IDLE,IDLE,IDLE,IDLE,TOPICKUP,IDLE,IDLE,IDLE,IDLE,IDLE,IDLE,ONJOB,IDLE,ONJOB,IDLE
15,2024-01-01 15:00:01,0.00,0.00,0,0.0000,0.0000,684.23,0.9999,0.9999,0.9998,0.9998,0.9999,0.9999,0.9999,0.9998,0.9999,0.9999,0.9999,0.9998,0.9999,0.9999,0.9999,0.9999,0.9998,0.9998,0.9999,0.9998,0.9998,0.9998,0.9999,0.9999,0.9999,0.9999,0.9998,0.9999,0.9999,0.9998,0.9998,0.9999,0.9999,0.9999,0.9999,0.9998,0.9998,0.9999,0.9998,0.9998,0.9999,0.9998,0.9999,0.9999,0.9998,0.9998,0.9999,0.9998,0.9999,0.9999,0.4698,0.3197,0.8023,0.6970,0.5922,0.7292,0.5429,0.6582,0.6130,0.6333,0.4884,0.6443,0.5104,0.6397,0.6424,0.6397,0.7101,0.6761,0.6169,0.7171,0.6523,0.7101,0.5278,0.5976,0.6451,0.4460,0.7101,0.6333,0.4720,0.7252,0.6704,0.5548,0.6130,0.4956,0.5250,0.6970,0.8190,0.5548,0.7306,0.7226,0.5429,0.6955,0.5789,0.5976,0.6543,0.6614,0.5671,0.6124,0.5611,0.6019,ONJOB,ONJOB,ONJOB,ONJOB,ONJOB,ONJOB,ONJOB,ONJOB,ONJOB,ONJOB,ONJOB,ONJOB,ONJOB,IDLE,ONJOB,IDLE,ONJOB,ONJOB,ONJOB,ONJOB,ONJOB,ONJOB,ONJOB,ONJOB,ONJOB,ONJOB,ONJOB,ONJOB,ONJOB,ONJOB,ONJOB,ONJOB,ONJOB,IDLE,ONJOB,ONJOB,ONJOB,ONJOB,ONJOB,ONJOB,ONJOB,ONJOB,ONJOB,ONJOB,ONJOB,ONJOB,IDLE,ONJOB,IDLE,ONJOB
16,2024-01-01 16:00:01,0.00,0.00,0,0.0000,0.0000,112.00,0.9999,0.9999,0.9998,0.9998,0.9999,0.9999,0.9999,0.9998,0.9999,0.9999,0.9999,0.9998,0.9999,0.9999,0.9998,0.9999,0.9998,0.9998,0.9999,0.9998,0.9998,0.9998,0.9999,0.9999,0.9999,0.9999,0.9998,0.9999,0.9999,0.9998,0.9998,0.9999,0.9999,0.9999,0.9999,0.9998,0.9998,0.9999,0.9998,0.9998,0.9999,0.9998,0.9999,0.9999,0.9998,0.9998,0.9999,0.9998,0.9999,0.9999,0.4347,0.2729,0.7962,0.6735,0.5702,0.7150,0.4998,0.6285,0.5932,0.5981,0.4594,0.6328,0.4660,0.6343,0.6170,0.6343,0.6663,0.6201,0.5609,0.6899,0.6195,0.6663,0.5042,0.5550,0.5924,0.3989,0.6663,0.5981,0.4484,0.7158,0.6514,0.5136,0.5932,0.4870,0.4997,0.6735,0.7739,0.5136,0.6895,0.6619,0.4998,0.6550,0.5307,0.5550,0.6454,0.6231,0.5501,0.5785,0.5491,0.5773,IDLE,IDLE,IDLE,IDLE,IDLE,IDLE,IDLE,IDLE,IDLE,IDLE,IDLE,IDLE,IDLE,ONJOB,IDLE,ONJOB,IDLE,IDLE,IDLE,IDLE,IDLE,IDLE,IDLE,IDLE,IDLE,IDLE,IDLE,IDLE,IDLE,IDLE,IDLE,IDLE,IDLE,ONJOB,IDLE,IDLE,IDLE,IDLE,IDLE,IDLE,IDLE,IDLE,IDLE,IDLE,IDLE,IDLE,ONJOB,IDLE,ONJOB,IDLE
17,2024-01-01 17:00:01,0.00,0.00,0,0.0000,0.0000,510.61,0.9999,0.9999,0.9998,0.9998,0.9999,0.9999,0.9999,0.9998,0.9999,0.9999,0.9999,0.9998,0.9999,0.9999,0.9998,0.9999,0.9998,0.9998,0.9999,0.9998,0.9998,0.9998,0.9999,0.9999,0.9998,0.9999,0.9998,0.9999,0.9999,0.9998,0.9998,0.9999,0.9999,0.9999,0.9999,0.9998,0.9998,0.9999,0.9998,0.9998,0.9999,0.9998,0.9999,0.9999,0.9998,0.9998,0.9999,0.9998,0.9999,0.9999,0.4189,0.2418,0.7900,0.6649,0.5596,0.7055,0.4781,0.6202,0.5850,0.5860,0.4405,0.6276,0.4544,0.5943,0.6044,0.5943,0.6511,0.6135,0.5462,0.6744,0.6070,0.6511,0.4906,0.5414,0.5825,0.3823,0.6511,0.5860,0.4359,0.7077,0.6413,0.5014,0.5850,0.4479,0.4860,0.6649,0.7692,0.5014,0.6786,0.6430,0.4781,0.6447,0.5221,0.5414,0.6410,0.6134,0.5501,0.5629,0.5053,0.5659,ONJOB,ONJOB,ONJOB,ONJOB,ONJOB,ONJOB,ONJOB,ONJOB,ONJOB,ONJOB,ONJOB,ONJOB,ONJOB,IDLE,ONJOB,IDLE,ONJOB,ONJOB,ONJOB,ONJOB,ONJOB,ONJOB,ONJOB,ONJOB,ONJOB,ONJOB,ONJOB,ONJOB,ONJOB,ONJOB,ONJOB,ONJOB,ONJOB,IDLE,ONJOB,ONJOB,ONJOB,ONJOB,ONJOB,ONJOB,ONJOB,ONJOB,ONJOB,ONJOB,ONJOB,ONJOB,ONJOB,ONJOB,IDLE,ONJOB
18,2024-01-01 18:00:01,0.00,0.00,0,0.0000,0.0000,109.50,0.9999,0.9999,0.9998,0.9998,0.9999,0.9999,0.9999,0.9998,0.9999,0.9999,0.9999,0.9998,0.9999,0.9999,0.9998,0.9999,0.9998,0.9998,0.9999,0.9998,0.9998,0.9998,0.9999,0.9999,0.9998,0.9999,0.9998,0.9999,0.9999,0.9998,0.9998,0.9999,0.9999,0.9999,0.9999,0.9998,0.9998,0.9999,0.9998,0.9998,0.9999,0.9998,0.9999,0.9999,0.9998,0.9998,0.9999,0.9998,0.9999,0.9999,0.3904,0.2030,0.7746,0.6527,0.5325,0.6736,0.4316,0.5905,0.5438,0.5466,0.4040,0.6128,0.4081,0.5784,0.5849,0.5784,0.6379,0.5849,0.5031,0.6342,0.5742,0.6379,0.4906,0.5082,0.5614,0.3695,0.6379,0.5466,0.4109,0.6987,0.6021,0.4863,0.5438,0.4321,0.4636,0.6527,0.7592,0.4863,0.6571,0.6043,0.4316,0.6343,0.4731,0.5082,0.6269,0.5751,0.4972,0.5356,0.4908,0.5249,IDLE,IDLE,IDLE,IDLE,IDLE,IDLE,IDLE,IDLE,IDLE,IDLE,IDLE,IDLE,IDLE,ONJOB,IDLE,ONJOB,IDLE,IDLE,IDLE,IDLE,IDLE,IDLE,ONJOB,IDLE,IDLE,IDLE,IDLE,IDLE,IDLE,IDLE,IDLE,IDLE,IDLE,ONJOB,IDLE,IDLE,IDLE,IDLE,IDLE,IDLE,IDLE,IDLE,IDLE,IDLE,IDLE,IDLE,IDLE,IDLE,ONJOB,IDLE
19,2024-01-01 19:00:01,0.00,0.00,0,0.0000,0.0000,737.95,0.9999,0.9999,0.9998,0.9998,0.9999,0.9999,0.9999,0.9998,0.9999,0.9999,0.9999,0.9998,0.9999,0.9999,0.9998,0.9999,0.9998,0.9998,0.9998,0.9998,0.9998,0.9998,0.9999,0.9999,0.9998,0.9999,0.9998,0.9999,0.9999,0.9998,0.9998,0.9999,0.9999,0.9999,0.9999,0.9998,0.9997,0.9999,0.9998,0.9998,0.9999,0.9998,0.9999,0.9999,0.9998,0.9998,0.9999,0.9998,0.9999,0.9999,0.3747,0.1721,0.7685,0.6440,0.5132,0.6594,0.4137,0.5821,0.5372,0.5345,0.3851,0.6076,0.3965,0.5367,0.5735,0.5367,0.6247,0.5776,0.4884,0.6221,0.5617,0.6247,0.4437,0.4946,0.5491,0.3568,0.6247,0.5345,0.3989,0.6906,0.5872,0.4725,0.5372,0.3797,0.4489,0.6440,0.7545,0.4725,0.6462,0.5895,0.4137,0.6241,0.4645,0.4946,0.6226,0.5654,0.4803,0.5233,0.4552,0.5098,ONJOB,ONJOB,ONJOB,ONJOB,ONJOB,ONJOB,ONJOB,ONJOB,ONJOB,ONJOB,ONJOB,ONJOB,ONJOB,IDLE,ONJOB,IDLE,ONJOB,ONJOB,ONJOB,ONJOB,ONJOB,ONJOB,IDLE,ONJOB,ONJOB,ONJOB,ONJOB,ONJOB,ONJOB,ONJOB,ONJOB,ONJOB,ONJOB,IDLE,ONJOB,ONJOB,ONJOB,ONJOB,ONJOB,ONJOB,ONJOB,ONJOB,ONJOB,ONJOB,ONJOB,ONJOB,ONJOB,ONJOB,IDLE,ONJOB
20,2024-01-01 20:00:01,0.00,0.00,0,0.0000,0.0000,118.00,0.9999,0.9999,0.9997,0.9998,0.9999,0.9999,0.9999,0.9998,0.9999,0.9999,0.9999,0.9998,0.9999,0.9999,0.9998,0.9999,0.9998,0.9998,0.9998,0.9998,0.9998,0.9998,0.9999,0.9999,0.9998,0.9999,0.9998,0.9999,0.9999,0.9998,0.9998,0.9999,0.9999,0.9999,0.9999,0.9998,0.9997,0.9999,0.9998,0.9998,0.9999,0.9998,0.9999,0.9999,0.9998,0.9998,0.9999,0.9998,0.9999,0.9999,0.3461,0.1205,0.7504,0.5985,0.4827,0.6499,0.3694,0.5737,0.5174,0.5074,0.3526,0.5839,0.3539,0.5208,0.5280,0.5208,0.5861,0.5319,0.4726,0.5826,0.5493,0.5861,0.4201,0.4520,0.5043,0.3097,0.5861,0.5074,0.3753,0.6587,0.5415,0.4560,0.5174,0.3711,0.4194,0.5985,0.7087,0.4560,0.5995,0.5575,0.3694,0.5887,0.4240,0.4520,0.6010,0.5557,0.4425,0.4789,0.4407,0.4634,IDLE,IDLE,IDLE,IDLE,IDLE,IDLE,IDLE,IDLE,IDLE,IDLE,IDLE,IDLE,IDLE,ONJOB,IDLE,ONJOB,IDLE,IDLE,IDLE,IDLE,IDLE,IDLE,ONJOB,IDLE,IDLE,IDLE,IDLE,IDLE,IDLE,IDLE,IDLE,IDLE,IDLE,ONJOB,IDLE,IDLE,IDLE,IDLE,IDLE,IDLE,IDLE,IDLE,IDLE,IDLE,IDLE,IDLE,IDLE,IDLE,ONJOB,IDLE
21,2024-01-01 21:00:01,0.00,0.00,0,0.0000,0.0000,631.91,0.9999,0.9999,0.9997,0.9998,0.9999,0.9999,0.9999,0.9998,0.9999,0.9999,0.9999,0.9998,0.9999,0.9999,0.9998,0.9999,0.9998,0.9998,0.9998,0.9998,0.9998,0.9998,0.9999,0.9999,0.9998,0.9999,0.9998,0.9999,0.9999,0.9998,0.9998,0.9999,0.9999,0.9999,0.9999,0.9998,0.9997,0.9999,0.9998,0.9998,0.9999,0.9998,0.9999,0.9999,0.9998,0.9998,0.9999,0.9998,0.9999,0.9999,0.3205,0.0808,0.7443,0.5898,0.4722,0.6403,0.3550,0.5641,0.5092,0.4895,0.3291,0.5787,0.3440,0.4435,0.5166,0.4435,0.5712,0.5246,0.4579,0.5670,0.5361,0.5712,0.3820,0.4384,0.4926,0.2970,0.5712,0.4895,0.3625,0.6493,0.5266,0.4422,0.5092,0.3453,0.4057,0.5898,0.7040,0.4422,0.5886,0.5374,0.3550,0.5785,0.4154,0.4384,0.5966,0.5436,0.4145,0.4666,0.4006,0.4538,ONJOB,CHARGING,ONJOB,ONJOB,ONJOB,ONJOB,ONJOB,ONJOB,ONJOB,ONJOB,ONJOB,ONJOB,ONJOB,IDLE,ONJOB,IDLE,ONJOB,ONJOB,ONJOB,ONJOB,ONJOB,ONJOB,IDLE,ONJOB,ONJOB,ONJOB,ONJOB,ONJOB,ONJOB,ONJOB,ONJOB,ONJOB,ONJOB,IDLE,ONJOB,ONJOB,ONJOB,ONJOB,ONJOB,ONJOB,ONJOB,ONJOB,ONJOB,ONJOB,ONJOB,ONJOB,ONJOB,ONJOB,IDLE,ONJOB
22,2024-01-01 22:00:01,0.00,50.00,0,0.0000,0.0000,140.15,0.9999,0.9999,0.9997,0.9998,0.9999,0.9999,0.9999,0.9998,0.9999,0.9999,0.9999,0.9998,0.9999,0.9999,0.9998,0.9999,0.9998,0.9998,0.9998,0.9998,0.9998,0.9998,0.9999,0.9999,0.9998,0.9999,0.9998,0.9999,0.9999,0.9998,0.9998,0.9999,0.9999,0.9999,0.9999,0.9998,0.9997,0.9999,0.9998,0.9998,0.9999,0.9998,0.9999,0.9999,0.9998,0.9998,0.9999,0.9998,0.9999,0.9999,0.2918,0.7782,0.6987,0.5443,0.4254,0.5977,0.3106,0.5347,0.4637,0.4686,0.2699,0.5403,0.3074,0.4188,0.4853,0.4188,0.5557,0.4788,0.4379,0.5370,0.4937,0.5557,0.3584,0.4248,0.4399,0.2449,0.5557,0.4686,0.3211,0.6031,0.4948,0.4129,0.4637,0.3328,0.3624,0.5443,0.6625,0.4129,0.5419,0.4985,0.3106,0.5632,0.3618,0.4248,0.5620,0.4930,0.3772,0.4292,0.3846,0.4285,IDLE,CHARGING,IDLE,IDLE,IDLE,IDLE,IDLE,IDLE,IDLE,IDLE,IDLE,IDLE,IDLE,ONJOB,IDLE,ONJOB,IDLE,IDLE,IDLE,IDLE,IDLE,IDLE,ONJOB,IDLE,IDLE,IDLE,IDLE,IDLE,IDLE,IDLE,IDLE,IDLE,IDLE,ONJOB,IDLE,IDLE,IDLE,IDLE,IDLE,IDLE,IDLE,IDLE,IDLE,IDLE,IDLE,IDLE,IDLE,IDLE,ONJOB,IDLE
23,2024-01-01 23:00:01,0.00,0.00,0,0.0000,0.0000,643.94,0.9999,0.9999,0.9997,0.9998,0.9999,0.9999,0.9999,0.9998,0.9999,0.9999,0.9999,0.9998,0.9999,0.9999,0.9998,0.9999,0.9998,0.9998,0.9998,0.9998,0.9998,0.9998,0.9999,0.9999,0.9998,0.9999,0.9998,0.9999,0.9999,0.9998,0.9998,0.9999,0.9999,0.9999,0.9999,0.9998,0.9997,0.9999,0.9998,0.9998,0.9999,0.9998,0.9999,0.9999,0.9998,0.9998,0.9999,0.9998,0.9999,0.9999,0.2750,0.7473,0.6926,0.5356,0.4100,0.5835,0.2928,0.5251,0.4555,0.4511,0.2509,0.5352,0.2958,0.3782,0.4739,0.3782,0.5411,0.4723,0.4232,0.5225,0.4808,0.5411,0.3584,0.4105,0.4276,0.2281,0.5411,0.4511,0.3014,0.5937,0.4847,0.3991,0.4555,0.2962,0.3478,0.5356,0.6578,0.3991,0.5309,0.4846,0.2928,0.5526,0.3532,0.4105,0.5576,0.4809,0.3608,0.4089,0.3531,0.4170,ONJOB,ONJOB,ONJOB,ONJOB,ONJOB,ONJOB,ONJOB,ONJOB,ONJOB,ONJOB,ONJOB,ONJOB,ONJOB,IDLE,ONJOB,IDLE,ONJOB,ONJOB,ONJOB,ONJOB,ONJOB,ONJOB,ONJOB,ONJOB,ONJOB,ONJOB,ONJOB,ONJOB,ONJOB,ONJOB,ONJOB,ONJOB,ONJOB,IDLE,ONJOB,ONJOB,ONJOB,ONJOB,ONJOB,ONJOB,ONJOB,ONJOB,ONJOB,ONJOB,ONJOB,ONJOB,ONJOB,ONJOB,IDLE,ONJOB
24,2024-01-02 00:00:01,0.00,0.00,0,0.0000,0.0000,100.75,0.9999,0.9999,0.9997,0.9998,0.9999,0.9999,0.9999,0.9998,0.9999,0.9999,0.9999,0.9998,0.9999,0.9999,0.9998,0.9999,0.9998,0.9998,0.9998,0.9998,0.9998,0.9998,0.9999,0.9999,0.9998,0.9999,0.9998,0.9999,0.9999,0.9998,0.9998,0.9999,0.9999,0.9999,0.9999,0.9998,0.9997,0.9999,0.9998,0.9998,0.9999,0.9998,0.9999,0.9999,0.9998,0.9998,0.9999,0.9998,0.9999,0.9999,0.2379,0.7027,0.6470,0.5008,0.3732,0.5300,0.2300,0.5116,0.4172,0.4034,0.2059,0.5167,0.2518,0.3624,0.4575,0.3624,0.5071,0.4163,0.3842,0.4776,0.4440,0.5071,0.3116,0.3698,0.4003,0.2078,0.5071,0.4034,0.2575,0.5618,0.4408,0.3488,0.4172,0.2804,0.2921,0.5008,0.6348,0.3488,0.4871,0.4364,0.2300,0.5064,0.3532,0.3698,0.5371,0.4429,0.3057,0.3627,0.3356,0.3706,IDLE,IDLE,IDLE,IDLE,IDLE,IDLE,IDLE,IDLE,IDLE,IDLE,IDLE,IDLE,IDLE,ONJOB,IDLE,ONJOB,IDLE,IDLE,IDLE,IDLE,IDLE,IDLE,IDLE,IDLE,IDLE,IDLE,IDLE,IDLE,IDLE,IDLE,IDLE,IDLE,IDLE,ONJOB,IDLE,IDLE,IDLE,IDLE,IDLE,IDLE,IDLE,IDLE,ONJOB,IDLE,IDLE,IDLE,IDLE,IDLE,ONJOB,IDLE
25,2024-01-02 01:00:01,0.00,0.00,0,0.0000,0.0000,402.98,0.9999,0.9999,0.9997,0.9998,0.9999,0.9999,0.9999,0.9998,0.9999,0.9999,0.9999,0.9998,0.9999,0.9999,0.9998,0.9999,0.9998,0.9998,0.9998,0.9998,0.9998,0.9998,0.9999,0.9999,0.9998,0.9999,0.9998,0.9999,0.9999,0.9998,0.9998,0.9999,0.9999,0.9999,0.9999,0.9998,0.9997,0.9999,0.9998,0.9998,0.9999,0.9998,0.9999,0.9999,0.9998,0.9998,0.9999,0.9998,0.9999,0.9999,0.2221,0.6716,0.6409,0.4895,0.3579,0.5204,0.2043,0.5020,0.4090,0.3853,0.1758,0.5116,0.2418,0.3166,0.4460,0.3166,0.4922,0.4078,0.3677,0.4620,0.4286,0.4922,0.2979,0.3562,0.3856,0.1810,0.4922,0.3853,0.2448,0.5502,0.4307,0.3316,0.4090,0.2462,0.2774,0.4895,0.6302,0.3316,0.4762,0.4175,0.2043,0.4960,0.2977,0.3562,0.5328,0.4288,0.2888,0.3424,0.2963,0.3591,ONJOB,ONJOB,ONJOB,ONJOB,ONJOB,ONJOB,ONJOB,ONJOB,ONJOB,ONJOB,ONJOB,ONJOB,ONJOB,IDLE,ONJOB,IDLE,ONJOB,ONJOB,ONJOB,ONJOB,ONJOB,ONJOB,ONJOB,ONJOB,ONJOB,ONJOB,ONJOB,ONJOB,ONJOB,ONJOB,ONJOB,ONJOB,ONJOB,IDLE,ONJOB,ONJOB,ONJOB,ONJOB,ONJOB,ONJOB,ONJOB,ONJOB,IDLE,ONJOB,ONJOB,ONJOB,ONJOB,ONJOB,IDLE,ONJOB
26,2024-01-02 02:00:01,0.00,0.00,0,0.0000,0.0000,87.50,0.9999,0.9999,0.9997,0.9998,0.9999,0.9999,0.9999,0.9998,0.9999,0.9999,0.9999,0.9998,0.9999,0.9999,0.9998,0.9999,0.9998,0.9998,0.9998,0.9998,0.9998,0.9998,0.9999,0.9999,0.9998,0.9999,0.9998,0.9999,0.9999,0.9998,0.9998,0.9999,0.9999,0.9999,0.9999,0.9998,0.9997,0.9999,0.9998,0.9998,0.9999,0.9998,0.9999,0.9999,0.9998,0.9998,0.9999,0.9998,0.9999,0.9999,0.1936,0.6328,0.6248,0.4537,0.3292,0.4834,0.1761,0.4560,0.3635,0.3406,0.1363,0.4878,0.2050,0.2967,0.4060,0.2967,0.4484,0.3791,0.3241,0.4225,0.3906,0.4484,0.2605,0.3156,0.3501,0.1464,0.4484,0.3406,0.1875,0.5048,0.3854,0.2831,0.3635,0.2304,0.2328,0.4537,0.5886,0.2831,0.4322,0.3856,0.1761,0.4525,0.2891,0.3156,0.5112,0.3908,0.2492,0.2845,0.2843,0.3117,IDLE,IDLE,IDLE,IDLE,IDLE,IDLE,IDLE,IDLE,IDLE,IDLE,IDLE,IDLE,IDLE,ONJOB,IDLE,ONJOB,IDLE,IDLE,IDLE,IDLE,IDLE,IDLE,IDLE,IDLE,IDLE,IDLE,IDLE,IDLE,IDLE,IDLE,IDLE,IDLE,IDLE,ONJOB,IDLE,IDLE,IDLE,IDLE,IDLE,IDLE,IDLE,IDLE,ONJOB,IDLE,IDLE,IDLE,IDLE,IDLE,ONJOB,IDLE
27,2024-01-02 03:00:01,0.00,0.00,0,0.0000,0.0000,393.34,0.9999,0.9999,0.9997,0.9998,0.9999,0.9999,0.9999,0.9998,0.9999,0.9999,0.9999,0.9998,0.9999,0.9999,0.9998,0.9999,0.9998,0.9998,0.9998,0.9998,0.9998,0.9998,0.9999,0.9999,0.9998,0.9999,0.9998,0.9999,0.9999,0.9998,0.9998,0.9999,0.9999,0.9999,0.9999,0.9998,0.9997,0.9999,0.9998,0.9998,0.9999,0.9998,0.9999,0.9999,0.9998,0.9998,0.9999,0.9998,0.9999,0.9999,0.1586,0.5926,0.6167,0.4451,0.3069,0.4692,0.1554,0.4452,0.3553,0.3228,0.0921,0.4813,0.1934,0.2567,0.3897,0.2567,0.4335,0.3719,0.3078,0.4057,0.3777,0.4335,0.2295,0.2993,0.3379,0.1013,0.4335,0.3228,0.1875,0.4932,0.3705,0.2627,0.3553,0.1885,0.2098,0.4451,0.5839,0.2627,0.4201,0.3642,0.1554,0.4423,0.2299,0.2993,0.5053,0.3755,0.2180,0.2723,0.2684,0.2985,CHARGING,ONJOB,ONJOB,ONJOB,ONJOB,ONJOB,CHARGING,ONJOB,ONJOB,ONJOB,CHARGING,ONJOB,ONJOB,IDLE,ONJOB,IDLE,ONJOB,ONJOB,ONJOB,ONJOB,ONJOB,ONJOB,ONJOB,ONJOB,ONJOB,CHARGING,ONJOB,ONJOB,TOCHARGE,ONJOB,ONJOB,ONJOB,ONJOB,IDLE,ONJOB,ONJOB,ONJOB,ONJOB,ONJOB,ONJOB,CHARGING,ONJOB,IDLE,ONJOB,ONJOB,ONJOB,ONJOB,ONJOB,IDLE,ONJOB
28,2024-01-02 04:00:01,0.00,250.00,0,0.0000,0.0000,87.00,0.9999,0.9999,0.9997,0.9998,0.9999,0.9999,0.9999,0.9998,0.9999,0.9999,0.9999,0.9998,0.9999,0.9999,0.9998,0.9999,0.9998,0.9998,0.9998,0.9998,0.9998,0.9998,0.9999,0.9999,0.9998,0.9999,0.9998,0.9999,0.9999,0.9998,0.9998,0.9999,0.9999,0.9999,0.9999,0.9998,0.9997,0.9999,0.9998,0.9998,0.9999,0.9998,0.9999,0.9999,0.9998,0.9998,0.9999,0.9998,0.9999,0.9999,0.8560,0.5196,0.5609,0.4003,0.2691,0.4371,0.8528,0.3544,0.3191,0.2752,0.7895,0.4388,0.1534,0.2409,0.3041,0.2409,0.4156,0.3311,0.2688,0.3957,0.2806,0.4156,0.1937,0.2567,0.2480,0.7987,0.4156,0.2752,0.0976,0.3974,0.3225,0.2193,0.3191,0.1178,0.1083,0.4003,0.5734,0.2193,0.4076,0.3357,0.8528,0.3874,0.2213,0.2567,0.4932,0.2767,0.1815,0.1920,0.2539,0.2853,CHARGING,IDLE,IDLE,IDLE,IDLE,IDLE,CHARGING,IDLE,IDLE,IDLE,CHARGING,IDLE,IDLE,ONJOB,IDLE,ONJOB,IDLE,IDLE,IDLE,IDLE,IDLE,IDLE,IDLE,IDLE,IDLE,CHARGING,IDLE,IDLE,CHARGING,IDLE,IDLE,IDLE,IDLE,CHARGING,IDLE,IDLE,IDLE,IDLE,IDLE,IDLE,CHARGING,IDLE,ONJOB,IDLE,IDLE,IDLE,IDLE,IDLE,ONJOB,IDLE
29,2024-01-02 05:00:01,0.00,100.00,0,0.0000,0.0000,710.37,0.9999,0.9999,0.9997,0.9998,0.9999,0.9999,0.9999,0.9998,0.9999,0.9999,0.9999,0.9998,0.9999,0.9999,0.9998,0.9999,0.9998,0.9998,0.9998,0.9998,0.9998,0.9998,0.9999,0.9999,0.9998,0.9999,0.9998,0.9999,0.9999,0.9998,0.9998,0.9999,0.9999,0.9999,0.9999,0.9998,0.9997,0.9999,0.9998,0.9998,0.9999,0.9998,0.9999,0.9999,0.9998,0.9998,0.9999,0.9998,0.9999,0.9999,0.8303,0.4820,0.5548,0.3916,0.2691,0.4371,0.8247,0.3418,0.3109,0.2570,0.7705,0.4336,0.0886,0.1625,0.2879,0.1625,0.4005,0.3238,0.2541,0.3869,0.2675,0.4005,0.1701,0.2431,0.2318,0.7860,0.4005,0.2570,0.7950,0.3893,0.3118,0.2056,0.3109,0.8153,0.0603,0.3916,0.5687,0.2056,0.3967,0.3155,0.8247,0.3772,0.1931,0.2431,0.4888,0.2645,0.1535,0.1436,0.2035,0.2757,ONJOB,ONJOB,ONJOB,ONJOB,TOPICKUP,TOPICKUP,ONJOB,ONJOB,ONJOB,ONJOB,ONJOB,ONJOB,CHARGING,IDLE,ONJOB,IDLE,ONJOB,ONJOB,ONJOB,ONJOB,ONJOB,ONJOB,CHARGING,ONJOB,ONJOB,ONJOB,ONJOB,ONJOB,CHARGING,ONJOB,ONJOB,ONJOB,ONJOB,CHARGING,CHARGING,ONJOB,ONJOB,ONJOB,ONJOB,ONJOB,ONJOB,ONJOB,IDLE,ONJOB,ONJOB,ONJOB,CHARGING,CHARGING,IDLE,ONJOB
30,2024-01-02 06:00:01,0.00,130.00,0,0.0000,0.0000,129.35,0.9999,0.9999,0.9997,0.9998,0.9999,0.9999,0.9998,0.9998,0.9999,0.9999,0.9999,0.9998,0.9999,0.9999,0.9998,0.9999,0.9998,0.9998,0.9998,0.9998,0.9998,0.9998,0.9999,0.9999,0.9998,0.9999,0.9998,0.9999,0.9999,0.9998,0.9998,0.9999,0.9999,0.9999,0.9999,0.9998,0.9997,0.9999,0.9998,0.9998,0.9998,0.9998,0.9999,0.9999,0.9998,0.9998,0.9999,0.9998,0.9999,0.9999,0.7750,0.4090,0.5394,0.3146,0.2691,0.4371,0.7668,0.3124,0.2571,0.2123,0.7247,0.3672,0.7860,0.1625,0.2444,0.1625,0.3620,0.2438,0.2116,0.3420,0.2326,0.3620,0.3095,0.2024,0.1985,0.6651,0.3620,0.2123,0.7825,0.3435,0.2703,0.1621,0.2571,0.7998,0.7577,0.3146,0.5231,0.1621,0.3593,0.2718,0.7668,0.3619,0.0943,0.2024,0.4190,0.2266,0.2930,0.2831,0.1876,0.2238,IDLE,IDLE,IDLE,IDLE,TOPICKUP,TOPICKUP,IDLE,IDLE,IDLE,IDLE,IDLE,IDLE,CHARGING,TOCHARGE,IDLE,TOCHARGE,IDLE,IDLE,IDLE,IDLE,IDLE,IDLE,CHARGING,IDLE,IDLE,IDLE,IDLE,IDLE,ONJOB,IDLE,IDLE,IDLE,IDLE,ONJOB,CHARGING,IDLE,IDLE,IDLE,IDLE,IDLE,IDLE,IDLE,CHARGING,IDLE,IDLE,IDLE,CHARGING,CHARGING,ONJOB,IDLE
31,2024-01-02 07:00:01,0.00,50.00,0,0.0000,0.0000,698.86,0.9999,0.9999,0.9997,0.9998,0.9999,0.9999,0.9998,0.9998,0.9999,0.9999,0.9999,0.9998,0.9999,0.9999,0.9998,0.9999,0.9998,0.9998,0.9998,0.9998,0.9998,0.9998,0.9999,0.9999,0.9998,0.9999,0.9998,0.9999,0.9999,0.9998,0.9998,0.9999,0.9999,0.9999,0.9999,0.9998,0.9997,0.9999,0.9998,0.9998,0.9998,0.9998,0.9999,0.9999,0.9998,0.9998,0.9999,0.9998,0.9999,0.9999,0.7593,0.3853,0.5333,0.3060,0.2691,0.4371,0.7489,0.3028,0.2488,0.1948,0.7110,0.3620,0.7744,0.1194,0.2330,0.1194,0.3497,0.2372,0.1969,0.3320,0.2197,0.3497,0.2989,0.1888,0.1471,0.6526,0.3497,0.1948,0.7700,0.3354,0.2620,0.1182,0.2488,0.7843,0.7434,0.3060,0.5184,0.1182,0.3484,0.2570,0.7489,0.3516,0.7918,0.1888,0.4146,0.2145,0.2809,0.2709,0.0965,0.2106,ONJOB,ONJOB,ONJOB,ONJOB,TOPICKUP,TOPICKUP,ONJOB,ONJOB,ONJOB,ONJOB,ONJOB,ONJOB,ONJOB,CHARGING,ONJOB,CHARGING,ONJOB,ONJOB,ONJOB,ONJOB,ONJOB,ONJOB,ONJOB,ONJOB,CHARGING,ONJOB,ONJOB,ONJOB,IDLE,ONJOB,ONJOB,CHARGING,ONJOB,IDLE,ONJOB,ONJOB,ONJOB,CHARGING,ONJOB,ONJOB,ONJOB,ONJOB,CHARGING,ONJOB,ONJOB,ONJOB,ONJOB,ONJOB,IDLE,ONJOB
32,2024-01-02 08:00:01,0.00,170.00,0,0.0000,0.0000,62.25,0.9998,0.9999,0.9997,0.9998,0.9999,0.9999,0.9998,0.9998,0.9999,0.9999,0.9999,0.9998,0.9999,0.9999,0.9998,0.9999,0.9998,0.9998,0.9998,0.9998,0.9998,0.9998,0.9999,0.9999,0.9998,0.9999,0.9998,0.9999,0.9999,0.9998,0.9998,0.9999,0.9999,0.9999,0.9999,0.9998,0.9997,0.9999,0.9998,0.9998,0.9998,0.9998,0.9999,0.9999,0.9998,0.9998,0.9999,0.9998,0.9999,0.9999,0.7041,0.3477,0.5122,0.2610,0.2691,0.4371,0.6910,0.2731,0.2073,0.1501,0.6691,0.3568,0.7301,0.2589,0.2077,0.2589,0.3318,0.1812,0.1586,0.2990,0.1869,0.3318,0.2615,0.1462,0.8446,0.6184,0.3318,0.1501,0.7573,0.3260,0.2471,0.8156,0.2073,0.7713,0.7054,0.2610,0.5137,0.8156,0.3241,0.2181,0.6910,0.3163,0.7832,0.1462,0.4102,0.1638,0.2324,0.2130,0.0575,0.1955,IDLE,IDLE,IDLE,IDLE,TOPICKUP,TOPICKUP,IDLE,IDLE,IDLE,IDLE,IDLE,IDLE,IDLE,CHARGING,IDLE,CHARGING,IDLE,IDLE,IDLE,IDLE,IDLE,IDLE,IDLE,IDLE,CHARGING,IDLE,IDLE,IDLE,ONJOB,IDLE,IDLE,CHARGING,IDLE,ONJOB,IDLE,IDLE,IDLE,CHARGING,IDLE,IDLE,IDLE,IDLE,ONJOB,IDLE,IDLE,IDLE,IDLE,IDLE,CHARGING,IDLE
33,2024-01-02 09:00:01,0.00,50.00,0,0.0000,0.0000,601.67,0.9998,0.9999,0.9997,0.9998,0.9999,0.9999,0.9998,0.9998,0.9999,0.9999,0.9999,0.9998,0.9999,0.9999,0.9998,0.9999,0.9998,0.9998,0.9998,0.9998,0.9998,0.9998,0.9999,0.9999,0.9998,0.9999,0.9998,0.9999,0.9999,0.9998,0.9998,0.9999,0.9999,0.9999,0.9999,0.9998,0.9997,0.9999,0.9998,0.9998,0.9998,0.9998,0.9999,0.9999,0.9998,0.9998,0.9999,0.9998,0.9999,0.9999,0.6883,0.3168,0.5061,0.2523,0.2691,0.4371,0.6766,0.2647,0.1991,0.1123,0.6554,0.3516,0.7185,0.2371,0.1962,0.2371,0.3195,0.1090,0.1154,0.2845,0.1379,0.3195,0.2469,0.1073,0.8329,0.6059,0.3195,0.1123,0.7186,0.3179,0.2388,0.8019,0.1991,0.7370,0.6908,0.2523,0.5091,0.8019,0.3132,0.2042,0.6766,0.3061,0.7296,0.1073,0.4059,0.1206,0.2160,0.2004,0.7549,0.1274,ONJOB,ONJOB,ONJOB,ONJOB,TOPICKUP,TOPICKUP,ONJOB,ONJOB,ONJOB,CHARGING,ONJOB,ONJOB,ONJOB,ONJOB,ONJOB,ONJOB,ONJOB,CHARGING,CHARGING,ONJOB,CHARGING,ONJOB,ONJOB,CHARGING,ONJOB,ONJOB,ONJOB,CHARGING,IDLE,ONJOB,ONJOB,ONJOB,ONJOB,IDLE,ONJOB,ONJOB,ONJOB,ONJOB,ONJOB,ONJOB,ONJOB,ONJOB,IDLE,CHARGING,ONJOB,CHARGING,ONJOB,ONJOB,CHARGING,CHARGING
34,2024-01-02 10:00:01,0.00,410.00,0,0.0000,0.0000,101.48,0.9998,0.9999,0.9997,0.9998,0.9999,0.9999,0.9998,0.9998,0.9999,0.9998,0.9999,0.9998,0.9999,0.9999,0.9998,0.9999,0.9998,0.9998,0.9998,0.9998,0.9998,0.9998,0.9999,0.9998,0.9998,0.9999,0.9998,0.9998,0.9998,0.9998,0.9998,0.9999,0.9999,0.9999,0.9999,0.9998,0.9997,0.9999,0.9998,0.9998,0.9998,0.9998,0.9999,0.9998,0.9998,0.9998,0.9999,0.9998,0.9999,0.9999,0.6509,0.2700,0.4907,0.2197,0.2691,0.4371,0.5974,0.2354,0.1613,0.8097,0.6137,0.3441,0.6783,0.2025,0.1573,0.2025,0.3044,0.8065,0.8129,0.2450,0.8353,0.3044,0.2233,0.8048,0.7881,0.5678,0.3044,0.8097,0.7051,0.2221,0.2099,0.7578,0.1613,0.7233,0.6555,0.2197,0.5008,0.7578,0.2827,0.1653,0.5974,0.2656,0.7210,0.8048,0.4000,0.8180,0.1881,0.1633,0.7430,0.2669,IDLE,IDLE,IDLE,IDLE,TOPICKUP,TOPICKUP,IDLE,IDLE,IDLE,CHARGING,IDLE,IDLE,IDLE,IDLE,IDLE,IDLE,IDLE,CHARGING,CHARGING,IDLE,CHARGING,IDLE,IDLE,CHARGING,IDLE,IDLE,IDLE,CHARGING,ONJOB,IDLE,IDLE,IDLE,IDLE,ONJOB,IDLE,IDLE,IDLE,IDLE,IDLE,IDLE,IDLE,IDLE,ONJOB,CHARGING,IDLE,CHARGING,IDLE,IDLE,ONJOB,CHARGING
35,2024-01-02 11:00:01,0.00,0.00,0,0.0000,0.0000,605.80,0.9998,0.9999,0.9997,0.9998,0.9999,0.9999,0.9998,0.9998,0.9999,0.9998,0.9999,0.9998,0.9999,0.9999,0.9998,0.9999,0.9998,0.9998,0.9998,0.9998,0.9998,0.9998,0.9999,0.9998,0.9998,0.9999,0.9998,0.9998,0.9998,0.9998,0.9998,0.9998,0.9999,0.9998,0.9999,0.9998,0.9997,0.9998,0.9998,0.9998,0.9998,0.9998,0.9999,0.9998,0.9998,0.9998,0.9999,0.9998,0.9999,0.9999,0.6370,0.2463,0.4846,0.2110,0.2691,0.4371,0.5830,0.2270,0.0897,0.7977,0.5999,0.3389,0.6667,0.1867,0.1072,0.1867,0.2922,0.7992,0.7982,0.2329,0.8229,0.2922,0.2096,0.7912,0.7781,0.5552,0.2922,0.7977,0.6458,0.2140,0.1950,0.7457,0.0897,0.6764,0.6418,0.2110,0.4962,0.7457,0.2718,0.1264,0.5830,0.2553,0.6618,0.7912,0.3956,0.8084,0.1881,0.1633,0.6949,0.2572,ONJOB,ONJOB,ONJOB,ONJOB,TOPICKUP,TOPICKUP,ONJOB,ONJOB,CHARGING,ONJOB,ONJOB,ONJOB,ONJOB,ONJOB,CHARGING,ONJOB,ONJOB,ONJOB,ONJOB,ONJOB,ONJOB,ONJOB,ONJOB,ONJOB,ONJOB,ONJOB,ONJOB,ONJOB,IDLE,ONJOB,ONJOB,ONJOB,CHARGING,IDLE,ONJOB,ONJOB,ONJOB,ONJOB,ONJOB,CHARGING,ONJOB,ONJOB,IDLE,ONJOB,ONJOB,ONJOB,IDLE,IDLE,IDLE,ONJOB
36,2024-01-02 12:00:01,0.00,160.00,0,0.0000,0.0000,204.75,0.9998,0.9999,0.9997,0.9998,0.9999,0.9999,0.9998,0.9998,0.9998,0.9998,0.9999,0.9998,0.9999,0.9999,0.9998,0.9999,0.9998,0.9998,0.9998,0.9998,0.9998,0.9998,0.9999,0.9998,0.9998,0.9999,0.9998,0.9998,0.9998,0.9998,0.9998,0.9998,0.9998,0.9998,0.9999,0.9998,0.9997,0.9998,0.9998,0.9998,0.9998,0.9998,0.9998,0.9998,0.9998,0.9998,0.9999,0.9998,0.9999,0.9999,0.5875,0.2016,0.4635,0.1690,0.2691,0.4371,0.5399,0.1997,0.7872,0.7798,0.5549,0.3314,0.6071,0.1449,0.8046,0.1449,0.2536,0.7560,0.7782,0.1959,0.8060,0.2536,0.1692,0.7451,0.7466,0.5127,0.2536,0.7798,0.6333,0.2050,0.1578,0.7023,0.7872,0.6678,0.6280,0.1690,0.4903,0.7023,0.2609,0.2659,0.5399,0.2200,0.6532,0.7451,0.3897,0.7906,0.1881,0.1633,0.6829,0.2301,IDLE,IDLE,IDLE,IDLE,TOPICKUP,TOPICKUP,IDLE,IDLE,CHARGING,IDLE,IDLE,IDLE,IDLE,IDLE,CHARGING,IDLE,IDLE,IDLE,IDLE,IDLE,IDLE,IDLE,IDLE,IDLE,IDLE,IDLE,IDLE,IDLE,ONJOB,IDLE,IDLE,IDLE,CHARGING,ONJOB,IDLE,IDLE,IDLE,IDLE,IDLE,CHARGING,IDLE,IDLE,ONJOB,IDLE,IDLE,IDLE,IDLE,IDLE,ONJOB,IDLE
37,2024-01-02 13:00:01,0.00,0.00,0,0.0000,0.0000,610.31,0.9998,0.9999,0.9997,0.9998,0.9999,0.9999,0.9998,0.9998,0.9998,0.9998,0.9999,0.9998,0.9999,0.9999,0.9998,0.9999,0.9998,0.9998,0.9998,0.9998,0.9998,0.9998,0.9999,0.9998,0.9998,0.9999,0.9998,0.9998,0.9998,0.9998,0.9998,0.9998,0.9998,0.9998,0.9999,0.9998,0.9997,0.9998,0.9998,0.9998,0.9998,0.9998,0.9998,0.9998,0.9998,0.9998,0.9999,0.9998,0.9999,0.9999,0.5737,0.1707,0.4573,0.1072,0.2691,0.4371,0.5220,0.1513,0.7790,0.7677,0.5412,0.3262,0.5955,0.1449,0.7932,0.1449,0.2413,0.7495,0.7635,0.1564,0.7935,0.2413,0.1692,0.7315,0.7349,0.5002,0.2413,0.7677,0.6007,0.1969,0.0869,0.6902,0.7790,0.6146,0.6143,0.1072,0.4856,0.6902,0.2500,0.2520,0.5220,0.2097,0.5996,0.7315,0.3854,0.7809,0.1881,0.1633,0.6413,0.2205,ONJOB,ONJOB,ONJOB,CHARGING,TOPICKUP,TOPICKUP,ONJOB,CHARGING,ONJOB,ONJOB,ONJOB,ONJOB,ONJOB,IDLE,ONJOB,IDLE,ONJOB,ONJOB,ONJOB,CHARGING,ONJOB,ONJOB,IDLE,ONJOB,ONJOB,ONJOB,ONJOB,ONJOB,IDLE,ONJOB,CHARGING,ONJOB,ONJOB,IDLE,ONJOB,CHARGING,ONJOB,ONJOB,ONJOB,ONJOB,ONJOB,ONJOB,IDLE,ONJOB,ONJOB,ONJOB,IDLE,IDLE,IDLE,ONJOB
38,2024-01-02 14:00:01,0.00,170.00,0,0.0000,0.0000,90.50,0.9998,0.9999,0.9997,0.9998,0.9999,0.9999,0.9998,0.9998,0.9998,0.9998,0.9999,0.9998,0.9999,0.9999,0.9998,0.9999,0.9998,0.9998,0.9998,0.9998,0.9998,0.9998,0.9999,0.9998,0.9998,0.9999,0.9998,0.9998,0.9998,0.9998,0.9998,0.9998,0.9998,0.9998,0.9999,0.9998,0.9997,0.9998,0.9998,0.9998,0.9998,0.9998,0.9998,0.9998,0.9998,0.9998,0.9999,0.9998,0.9999,0.9999,0.5464,0.1191,0.4155,0.8047,0.2691,0.4371,0.5042,0.8488,0.7419,0.7496,0.4961,0.2598,0.5555,0.1449,0.7652,0.1449,0.2028,0.7193,0.7245,0.2959,0.7767,0.2028,0.1692,0.6908,0.6949,0.4588,0.2028,0.7496,0.5887,0.1464,0.2264,0.6489,0.7419,0.6020,0.5919,0.8047,0.4798,0.6489,0.2391,0.2307,0.5042,0.1945,0.5910,0.6908,0.3155,0.7631,0.1881,0.1633,0.6293,0.1843,IDLE,IDLE,IDLE,CHARGING,TOPICKUP,TOPICKUP,IDLE,CHARGING,IDLE,IDLE,IDLE,IDLE,IDLE,IDLE,IDLE,IDLE,IDLE,IDLE,IDLE,CHARGING,IDLE,IDLE,IDLE,IDLE,IDLE,IDLE,IDLE,IDLE,ONJOB,IDLE,CHARGING,IDLE,IDLE,ONJOB,IDLE,CHARGING,IDLE,IDLE,IDLE,IDLE,IDLE,IDLE,ONJOB,IDLE,IDLE,IDLE,IDLE,IDLE,ONJOB,IDLE
39,2024-01-02 15:00:01,0.00,0.00,0,0.0000,0.0000,621.19,0.9998,0.9999,0.9997,0.9998,0.9999,0.9999,0.9998,0.9998,0.9998,0.9998,0.9999,0.9998,0.9998,0.9999,0.9998,0.9999,0.9998,0.9998,0.9998,0.9998,0.9998,0.9998,0.9999,0.9998,0.9998,0.9999,0.9998,0.9998,0.9998,0.9998,0.9998,0.9998,0.9998,0.9998,0.9999,0.9998,0.9997,0.9998,0.9998,0.9998,0.9998,0.9998,0.9998,0.9998,0.9998,0.9998,0.9999,0.9998,0.9999,0.9999,0.5307,0.1191,0.4094,0.7960,0.2691,0.4371,0.4898,0.8404,0.7337,0.7375,0.4824,0.2546,0.5455,0.1449,0.7537,0.1449,0.1905,0.7128,0.7098,0.2814,0.7642,0.1905,0.1692,0.6772,0.6832,0.4462,0.1905,0.7375,0.5515,0.1011,0.2182,0.6352,0.7337,0.5705,0.5776,0.7960,0.4751,0.6352,0.2282,0.2168,0.4898,0.1390,0.5374,0.6772,0.3111,0.7534,0.1881,0.1633,0.5937,0.1843,ONJOB,IDLE,ONJOB,ONJOB,TOPICKUP,TOPICKUP,ONJOB,ONJOB,ONJOB,ONJOB,ONJOB,ONJOB,ONJOB,IDLE,ONJOB,IDLE,ONJOB,ONJOB,ONJOB,ONJOB,ONJOB,ONJOB,IDLE,ONJOB,ONJOB,ONJOB,ONJOB,ONJOB,IDLE,CHARGING,ONJOB,ONJOB,ONJOB,IDLE,ONJOB,ONJOB,ONJOB,ONJOB,ONJOB,ONJOB,ONJOB,CHARGING,IDLE,ONJOB,ONJOB,ONJOB,IDLE,IDLE,IDLE,IDLE
40,2024-01-02 16:00:01,0.00,60.00,0,0.0000,0.0000,191.54,0.9998,0.9999,0.9997,0.9998,0.9999,0.9999,0.9998,0.9998,0.9998,0.9998,0.9999,0.9998,0.9998,0.9999,0.9998,0.9999,0.9998,0.9998,0.9998,0.9998,0.9998,0.9998,0.9999,0.9998,0.9998,0.9999,0.9998,0.9998,0.9998,0.9998,0.9998,0.9998,0.9998,0.9998,0.9998,0.9998,0.9997,0.9998,0.9998,0.9998,0.9998,0.9998,0.9998,0.9998,0.9998,0.9998,0.9999,0.9998,0.9999,0.9999,0.4855,0.1191,0.3537,0.7512,0.2691,0.4371,0.4616,0.7930,0.6975,0.7034,0.4520,0.2481,0.4733,0.1449,0.7257,0.1449,0.1490,0.6732,0.6818,0.2636,0.7186,0.1490,0.1692,0.6619,0.6305,0.4188,0.1490,0.7034,0.5382,0.7986,0.1718,0.6153,0.6975,0.5549,0.5397,0.7512,0.4336,0.6153,0.2067,0.1978,0.4616,0.2785,0.5288,0.6619,0.3048,0.6973,0.1881,0.1633,0.5792,0.1843,IDLE,IDLE,IDLE,IDLE,TOPICKUP,TOPICKUP,IDLE,IDLE,IDLE,IDLE,IDLE,IDLE,IDLE,IDLE,IDLE,IDLE,IDLE,IDLE,IDLE,IDLE,IDLE,IDLE,IDLE,IDLE,IDLE,IDLE,IDLE,IDLE,ONJOB,CHARGING,IDLE,IDLE,IDLE,ONJOB,IDLE,IDLE,IDLE,IDLE,IDLE,IDLE,IDLE,CHARGING,ONJOB,IDLE,IDLE,IDLE,IDLE,IDLE,ONJOB,IDLE
41,2024-01-02 17:00:01,0.00,0.00,0,0.0000,0.0000,541.48,0.9998,0.9999,0.9997,0.9998,0.9999,0.9999,0.9998,0.9998,0.9998,0.9998,0.9999,0.9998,0.9998,0.9999,0.9998,0.9999,0.9998,0.9998,0.9998,0.9998,0.9998,0.9998,0.9999,0.9998,0.9998,0.9999,0.9998,0.9998,0.9998,0.9998,0.9998,0.9998,0.9998,0.9998,0.9998,0.9998,0.9997,0.9998,0.9998,0.9998,0.9998,0.9998,0.9998,0.9998,0.9998,0.9998,0.9999,0.9998,0.9999,0.9999,0.4687,0.1191,0.3475,0.7425,0.2691,0.4371,0.4437,0.7846,0.6893,0.6913,0.4314,0.2429,0.4617,0.1449,0.7143,0.1449,0.1071,0.6667,0.6671,0.2536,0.7061,0.1071,0.1692,0.6483,0.6206,0.4061,0.1071,0.6913,0.4754,0.7905,0.1718,0.6015,0.6893,0.5098,0.5259,0.7425,0.4289,0.6015,0.1958,0.1978,0.4437,0.2682,0.4219,0.6483,0.3005,0.6876,0.1881,0.1633,0.5311,0.1843,ONJOB,IDLE,ONJOB,ONJOB,TOPICKUP,TOPICKUP,ONJOB,ONJOB,ONJOB,ONJOB,ONJOB,ONJOB,ONJOB,IDLE,ONJOB,IDLE,CHARGING,ONJOB,ONJOB,ONJOB,ONJOB,CHARGING,IDLE,ONJOB,ONJOB,ONJOB,CHARGING,ONJOB,IDLE,ONJOB,IDLE,ONJOB,ONJOB,IDLE,ONJOB,ONJOB,ONJOB,ONJOB,ONJOB,IDLE,ONJOB,ONJOB,IDLE,ONJOB,ONJOB,ONJOB,IDLE,IDLE,IDLE,IDLE
42,2024-01-02 18:00:01,0.00,30.00,0,0.0000,0.0000,161.93,0.9998,0.9999,0.9997,0.9998,0.9999,0.9999,0.9998,0.9998,0.9998,0.9998,0.9999,0.9998,0.9998,0.9999,0.9998,0.9999,0.9998,0.9998,0.9998,0.9998,0.9998,0.9998,0.9999,0.9998,0.9998,0.9999,0.9998,0.9998,0.9998,0.9998,0.9998,0.9998,0.9998,0.9998,0.9998,0.9998,0.9997,0.9998,0.9998,0.9998,0.9998,0.9998,0.9998,0.9998,0.9998,0.9998,0.9999,0.9998,0.9999,0.9999,0.4206,0.1191,0.3109,0.7304,0.2691,0.4371,0.4002,0.7383,0.6509,0.6563,0.3815,0.2364,0.4191,0.1449,0.6889,0.1449,0.2466,0.6551,0.6374,0.2353,0.6630,0.2466,0.1692,0.6110,0.5757,0.3865,0.2466,0.6563,0.4628,0.7401,0.1718,0.5581,0.6509,0.4968,0.4827,0.7304,0.4206,0.5581,0.1742,0.1978,0.4002,0.2580,0.4133,0.6110,0.2942,0.6386,0.1881,0.1633,0.5166,0.1843,IDLE,IDLE,IDLE,IDLE,TOPICKUP,TOPICKUP,IDLE,IDLE,IDLE,IDLE,IDLE,IDLE,IDLE,IDLE,IDLE,IDLE,CHARGING,IDLE,IDLE,IDLE,IDLE,CHARGING,IDLE,IDLE,IDLE,IDLE,CHARGING,IDLE,ONJOB,IDLE,IDLE,IDLE,IDLE,ONJOB,IDLE,IDLE,IDLE,IDLE,IDLE,IDLE,IDLE,IDLE,ONJOB,IDLE,IDLE,IDLE,IDLE,IDLE,ONJOB,IDLE
43,2024-01-02 19:00:01,0.00,0.00,0,0.0000,0.0000,642.28,0.9998,0.9999,0.9997,0.9998,0.9999,0.9999,0.9998,0.9998,0.9998,0.9998,0.9999,0.9998,0.9998,0.9999,0.9998,0.9999,0.9998,0.9998,0.9998,0.9998,0.9998,0.9998,0.9999,0.9998,0.9998,0.9999,0.9998,0.9998,0.9998,0.9998,0.9998,0.9998,0.9998,0.9998,0.9998,0.9998,0.9997,0.9998,0.9998,0.9998,0.9998,0.9998,0.9998,0.9998,0.9998,0.9998,0.9999,0.9998,0.9998,0.9999,0.4038,0.1191,0.3048,0.7217,0.2691,0.4371,0.3858,0.7300,0.6427,0.6382,0.3625,0.2312,0.4075,0.1449,0.6775,0.1449,0.2344,0.6478,0.6227,0.2231,0.6505,0.2344,0.1692,0.5974,0.5658,0.3738,0.2344,0.6382,0.4227,0.7320,0.1718,0.5444,0.6427,0.4602,0.4683,0.7217,0.4160,0.5444,0.1276,0.1978,0.3858,0.2477,0.4047,0.5974,0.2898,0.6290,0.1881,0.1633,0.4009,0.1843,ONJOB,IDLE,ONJOB,ONJOB,TOPICKUP,TOPICKUP,ONJOB,ONJOB,ONJOB,ONJOB,ONJOB,ONJOB,ONJOB,IDLE,ONJOB,IDLE,ONJOB,ONJOB,ONJOB,ONJOB,ONJOB,ONJOB,IDLE,ONJOB,ONJOB,ONJOB,ONJOB,ONJOB,IDLE,ONJOB,IDLE,ONJOB,ONJOB,IDLE,ONJOB,ONJOB,ONJOB,ONJOB,CHARGING,IDLE,ONJOB,ONJOB,IDLE,ONJOB,ONJOB,ONJOB,IDLE,IDLE,IDLE,IDLE
44,2024-01-02 20:00:01,0.00,10.00,0,0.0000,0.0000,92.60,0.9998,0.9999,0.9997,0.9998,0.9999,0.9999,0.9998,0.9998,0.9998,0.9998,0.9999,0.9998,0.9998,0.9999,0.9998,0.9999,0.9998,0.9998,0.9998,0.9998,0.9997,0.9998,0.9999,0.9998,0.9998,0.9999,0.9998,0.9998,0.9998,0.9998,0.9998,0.9998,0.9998,0.9998,0.9998,0.9998,0.9997,0.9998,0.9998,0.9998,0.9998,0.9998,0.9998,0.9998,0.9998,0.9998,0.9999,0.9998,0.9998,0.9999,0.3486,0.1191,0.2894,0.6794,0.2691,0.4371,0.3448,0.7165,0.5972,0.5935,0.3127,0.2052,0.3555,0.1449,0.6258,0.1449,0.1958,0.6087,0.5966,0.2054,0.6339,0.1958,0.1692,0.5567,0.5267,0.3287,0.1958,0.5935,0.4053,0.7040,0.1718,0.5010,0.5972,0.4602,0.4444,0.6794,0.4077,0.5010,0.2671,0.1978,0.3448,0.2373,0.3961,0.5567,0.2659,0.6067,0.1881,0.1633,0.3864,0.1843,IDLE,IDLE,IDLE,IDLE,TOPICKUP,TOPICKUP,IDLE,IDLE,IDLE,IDLE,IDLE,IDLE,IDLE,IDLE,IDLE,IDLE,IDLE,IDLE,IDLE,IDLE,IDLE,IDLE,IDLE,IDLE,IDLE,IDLE,IDLE,IDLE,ONJOB,IDLE,IDLE,IDLE,IDLE,TOPICKUP,IDLE,IDLE,IDLE,IDLE,CHARGING,IDLE,IDLE,IDLE,ONJOB,IDLE,IDLE,IDLE,IDLE,IDLE,ONJOB,IDLE
45,2024-01-02 21:00:01,0.00,0.00,0,0.0000,0.0000,598.80,0.9998,0.9999,0.9997,0.9998,0.9999,0.9999,0.9998,0.9997,0.9998,0.9998,0.9999,0.9998,0.9998,0.9999,0.9998,0.9999,0.9998,0.9998,0.9998,0.9998,0.9997,0.9998,0.9999,0.9998,0.9998,0.9999,0.9998,0.9998,0.9998,0.9997,0.9998,0.9998,0.9998,0.9998,0.9998,0.9998,0.9997,0.9998,0.9998,0.9998,0.9998,0.9998,0.9998,0.9998,0.9998,0.9998,0.9999,0.9998,0.9998,0.9999,0.3329,0.1191,0.2833,0.6708,0.2691,0.4371,0.3304,0.7039,0.5890,0.5815,0.2937,0.2000,0.3439,0.1449,0.6095,0.1449,0.1958,0.6014,0.5819,0.1909,0.6207,0.1958,0.1692,0.5432,0.5105,0.3160,0.1958,0.5815,0.3633,0.6959,0.1718,0.4872,0.5890,0.4602,0.4301,0.6708,0.4031,0.4872,0.2562,0.1978,0.3304,0.2270,0.3464,0.5432,0.2615,0.5946,0.1881,0.1633,0.3505,0.1843,ONJOB,IDLE,ONJOB,ONJOB,TOPICKUP,TOPICKUP,ONJOB,ONJOB,ONJOB,ONJOB,ONJOB,ONJOB,ONJOB,IDLE,ONJOB,IDLE,IDLE,ONJOB,ONJOB,ONJOB,ONJOB,IDLE,IDLE,ONJOB,ONJOB,ONJOB,IDLE,ONJOB,IDLE,ONJOB,IDLE,ONJOB,ONJOB,TOPICKUP,ONJOB,ONJOB,ONJOB,ONJOB,ONJOB,IDLE,ONJOB,ONJOB,IDLE,ONJOB,ONJOB,ONJOB,IDLE,IDLE,IDLE,IDLE
46,2024-01-02 22:00:01,0.00,0.00,0,0.0000,0.0000,90.25,0.9998,0.9999,0.9997,0.9998,0.9999,0.9999,0.9998,0.9997,0.9998,0.9998,0.9999,0.9998,0.9998,0.9999,0.9998,0.9999,0.9998,0.9998,0.9998,0.9998,0.9997,0.9998,0.9999,0.9998,0.9998,0.9999,0.9998,0.9998,0.9998,0.9997,0.9998,0.9998,0.9998,0.9998,0.9998,0.9998,0.9997,0.9998,0.9998,0.9998,0.9998,0.9998,0.9998,0.9998,0.9998,0.9998,0.9999,0.9998,0.9998,0.9999,0.2977,0.1191,0.2101,0.6252,0.2691,0.4371,0.2860,0.6742,0.5435,0.5338,0.2647,0.1925,0.2919,0.1449,0.5695,0.1449,0.1958,0.5556,0.5436,0.1514,0.5879,0.1958,0.1692,0.5006,0.4578,0.2891,0.1958,0.5338,0.3506,0.6505,0.1718,0.4500,0.5435,0.4602,0.3919,0.6252,0.3822,0.4500,0.2187,0.1978,0.2860,0.1917,0.3378,0.5006,0.2556,0.5563,0.1881,0.1633,0.3386,0.1843,IDLE,IDLE,IDLE,IDLE,TOPICKUP,TOPICKUP,IDLE,IDLE,IDLE,IDLE,IDLE,IDLE,IDLE,IDLE,IDLE,IDLE,IDLE,IDLE,IDLE,IDLE,IDLE,IDLE,IDLE,IDLE,IDLE,IDLE,IDLE,IDLE,ONJOB,IDLE,IDLE,IDLE,IDLE,TOPICKUP,IDLE,IDLE,IDLE,IDLE,IDLE,IDLE,IDLE,IDLE,ONJOB,IDLE,IDLE,IDLE,IDLE,IDLE,ONJOB,IDLE
47,2024-01-02 23:00:01,0.00,0.00,0,0.0000,0.0000,444.32,0.9998,0.9999,0.9997,0.9997,0.9999,0.9999,0.9998,0.9997,0.9998,0.9998,0.9999,0.9998,0.9998,0.9999,0.9998,0.9999,0.9998,0.9998,0.9998,0.9998,0.9997,0.9998,0.9999,0.9998,0.9998,0.9999,0.9998,0.9998,0.9998,0.9997,0.9998,0.9998,0.9998,0.9998,0.9998,0.9997,0.9997,0.9998,0.9998,0.9998,0.9998,0.9998,0.9998,0.9998,0.9998,0.9998,0.9999,0.9998,0.9998,0.9999,0.2820,0.1191,0.2039,0.6166,0.2691,0.4371,0.2648,0.6658,0.5353,0.5159,0.2440,0.1261,0.2802,0.1449,0.5530,0.1449,0.1958,0.5483,0.5289,0.1514,0.5754,0.1958,0.1692,0.4870,0.4461,0.2724,0.1958,0.5159,0.2933,0.6415,0.1718,0.4379,0.5353,0.4602,0.3771,0.6166,0.3775,0.4379,0.2077,0.1978,0.2648,0.1917,0.2907,0.4870,0.2513,0.5466,0.1881,0.1633,0.2947,0.1843,ONJOB,IDLE,ONJOB,ONJOB,TOPICKUP,TOPICKUP,ONJOB,ONJOB,ONJOB,ONJOB,ONJOB,CHARGING,ONJOB,IDLE,ONJOB,IDLE,IDLE,ONJOB,ONJOB,IDLE,ONJOB,IDLE,IDLE,ONJOB,ONJOB,ONJOB,IDLE,ONJOB,IDLE,ONJOB,IDLE,ONJOB,ONJOB,TOPICKUP,ONJOB,ONJOB,ONJOB,ONJOB,ONJOB,IDLE,ONJOB,IDLE,IDLE,ONJOB,ONJOB,ONJOB,IDLE,IDLE,IDLE,IDLE
48,2024-01-03 00:00:01,0.00,10.00,0,0.0000,0.0000,73.25,0.9998,0.9999,0.9997,0.9997,0.9999,0.9999,0.9998,0.9997,0.9998,0.9998,0.9999,0.9998,0.9998,0.9999,0.9998,0.9999,0.9998,0.9998,0.9998,0.9998,0.9997,0.9998,0.9999,0.9998,0.9998,0.9999,0.9998,0.9998,0.9998,0.9997,0.9998,0.9998,0.9998,0.9998,0.9998,0.9997,0.9997,0.9998,0.9998,0.9998,0.9998,0.9998,0.9998,0.9998,0.9998,0.9997,0.9999,0.9998,0.9998,0.9999,0.2450,0.1191,0.1946,0.5745,0.2691,0.4371,0.2069,0.6468,0.4898,0.4713,0.1848,0.2656,0.2282,0.1449,0.5192,0.1449,0.1958,0.5051,0.4854,0.1514,0.5492,0.1958,0.1692,0.4496,0.4003,0.2203,0.1958,0.4713,0.2736,0.6263,0.1718,0.3944,0.4898,0.4602,0.3392,0.5745,0.3729,0.3944,0.1545,0.1978,0.2069,0.1917,0.2821,0.4496,0.2454,0.5324,0.1881,0.1633,0.2828,0.1843,IDLE,IDLE,IDLE,IDLE,TOPICKUP,TOPICKUP,IDLE,IDLE,IDLE,IDLE,IDLE,CHARGING,IDLE,IDLE,IDLE,IDLE,IDLE,IDLE,IDLE,IDLE,IDLE,IDLE,IDLE,IDLE,IDLE,IDLE,IDLE,IDLE,ONJOB,IDLE,IDLE,IDLE,IDLE,TOPICKUP,IDLE,IDLE,IDLE,IDLE,IDLE,IDLE,IDLE,IDLE,ONJOB,IDLE,IDLE,IDLE,IDLE,IDLE,ONJOB,IDLE
49,2024-01-03 01:00:01,0.00,0.00,0,0.0000,0.0000,180.00,0.9998,0.9999,0.9997,0.9997,0.9999,0.9999,0.9998,0.9997,0.9998,0.9998,0.9999,0.9998,0.9998,0.9999,0.9998,0.9999,0.9998,0.9998,0.9998,0.9998,0.9997,0.9998,0.9999,0.9998,0.9998,0.9999,0.9998,0.9998,0.9998,0.9997,0.9998,0.9998,0.9998,0.9998,0.9998,0.9997,0.9997,0.9998,0.9998,0.9998,0.9998,0.9998,0.9998,0.9998,0.9998,0.9997,0.9999,0.9998,0.9998,0.9999,0.2192,0.1191,0.1388,0.5659,0.2691,0.4371,0.1787,0.6384,0.4815,0.4531,0.1848,0.2604,0.2166,0.1449,0.4997,0.1449,0.1958,0.4978,0.4696,0.1514,0.5368,0.1958,0.1692,0.4360,0.3792,0.1964,0.1958,0.4531,0.2291,0.6173,0.1718,0.3807,0.4815,0.4602,0.3168,0.5659,0.3682,0.3807,0.1545,0.1978,0.1787,0.1917,0.2339,0.4360,0.2410,0.5228,0.1881,0.1633,0.2472,0.1843,ONJOB,IDLE,CHARGING,ONJOB,TOPICKUP,TOPICKUP,ONJOB,ONJOB,ONJOB,ONJOB,IDLE,ONJOB,ONJOB,IDLE,ONJOB,IDLE,IDLE,ONJOB,ONJOB,IDLE,ONJOB,IDLE,IDLE,ONJOB,ONJOB,ONJOB,IDLE,ONJOB,IDLE,ONJOB,IDLE,ONJOB,ONJOB,TOPICKUP,ONJOB,ONJOB,ONJOB,ONJOB,IDLE,IDLE,ONJOB,IDLE,IDLE,ONJOB,ONJOB,ONJOB,IDLE,IDLE,IDLE,IDLE
50,2024-01-03 02:00:01,0.00,10.00,0,0.0000,0.0000,84.30,0.9998,0.9999,0.9997,0.9997,0.9999,0.9999,0.9998,0.9997,0.9998,0.9998,0.9999,0.9998,0.9998,0.9999,0.9998,0.9999,0.9998,0.9998,0.9998,0.9998,0.9997,0.9998,0.9999,0.9998,0.9998,0.9999,0.9998,0.9998,0.9998,0.9997,0.9998,0.9998,0.9998,0.9998,0.9998,0.9997,0.9997,0.9998,0.9998,0.9998,0.9998,0.9998,0.9998,0.9998,0.9998,0.9997,0.9999,0.9998,0.9998,0.9999,0.1438,0.1191,0.2783,0.5372,0.2691,0.4371,0.1208,0.6239,0.4422,0.4084,0.1848,0.2343,0.1839,0.1449,0.4834,0.1449,0.1958,0.4726,0.4217,0.1514,0.5235,0.1958,0.1692,0.3954,0.3620,0.1244,0.1958,0.4084,0.2095,0.6092,0.1718,0.3243,0.4422,0.4602,0.2674,0.5372,0.3224,0.3243,0.1545,0.1978,0.1208,0.1917,0.2253,0.3954,0.2171,0.5104,0.1881,0.1633,0.2218,0.1843,IDLE,IDLE,CHARGING,IDLE,TOPICKUP,TOPICKUP,IDLE,IDLE,IDLE,IDLE,IDLE,IDLE,IDLE,IDLE,IDLE,IDLE,IDLE,IDLE,IDLE,IDLE,IDLE,IDLE,IDLE,IDLE,IDLE,IDLE,IDLE,IDLE,ONJOB,IDLE,IDLE,IDLE,IDLE,TOPICKUP,IDLE,IDLE,IDLE,IDLE,IDLE,IDLE,IDLE,IDLE,ONJOB,IDLE,IDLE,IDLE,IDLE,IDLE,ONJOB,IDLE
51,2024-01-03 03:00:01,0.00,0.00,0,0.0000,0.0000,328.88,0.9998,0.9999,0.9997,0.9997,0.9999,0.9999,0.9998,0.9997,0.9998,0.9998,0.9999,0.9998,0.9998,0.9999,0.9998,0.9999,0.9998,0.9997,0.9998,0.9998,0.9997,0.9998,0.9999,0.9998,0.9998,0.9999,0.9998,0.9998,0.9998,0.9997,0.9998,0.9998,0.9998,0.9998,0.9998,0.9997,0.9997,0.9998,0.9998,0.9998,0.9998,0.9998,0.9998,0.9998,0.9998,0.9997,0.9999,0.9998,0.9998,0.9999,0.1438,0.1191,0.2722,0.5286,0.2691,0.4371,0.1208,0.6132,0.4340,0.3903,0.1848,0.2278,0.1839,0.1449,0.4672,0.1449,0.1958,0.4654,0.4071,0.1514,0.5105,0.1958,0.1692,0.3818,0.3497,0.1244,0.1958,0.3903,0.1568,0.5976,0.1718,0.3105,0.4340,0.4602,0.2486,0.5286,0.3177,0.3105,0.1545,0.1978,0.1208,0.1917,0.1786,0.3818,0.2112,0.4962,0.1881,0.1633,0.1977,0.1843,IDLE,IDLE,ONJOB,ONJOB,TOPICKUP,TOPICKUP,IDLE,ONJOB,ONJOB,ONJOB,IDLE,ONJOB,IDLE,IDLE,ONJOB,IDLE,IDLE,ONJOB,ONJOB,IDLE,ONJOB,IDLE,IDLE,ONJOB,ONJOB,IDLE,IDLE,ONJOB,IDLE,ONJOB,IDLE,ONJOB,ONJOB,TOPICKUP,ONJOB,ONJOB,ONJOB,ONJOB,IDLE,IDLE,IDLE,IDLE,IDLE,ONJOB,ONJOB,ONJOB,IDLE,IDLE,IDLE,IDLE
52,2024-01-03 04:00:01,0.00,0.00,0,0.0000,0.0000,0.00,0.9998,0.9999,0.9997,0.9997,0.9999,0.9999,0.9998,0.9997,0.9998,0.9998,0.9999,0.9998,0.9998,0.9999,0.9998,0.9999,0.9998,0.9997,0.9998,0.9998,0.9997,0.9998,0.9999,0.9998,0.9998,0.9999,0.9998,0.9998,0.9998,0.9997,0.9998,0.9998,0.9998,0.9998,0.9998,0.9997,0.9997,0.9998,0.9998,0.9998,0.9998,0.9998,0.9998,0.9998,0.9998,0.9997,0.9999,0.9998,0.9998,0.9999,0.1438,0.1191,0.2504,0.4837,0.2691,0.4371,0.1208,0.5223,0.4215,0.3426,0.1848,0.2041,0.1839,0.1449,0.3816,0.1449,0.1958,0.4246,0.3614,0.1514,0.4135,0.1958,0.1692,0.3392,0.2599,0.1244,0.1958,0.3426,0.1568,0.5018,0.1718,0.2671,0.4215,0.4602,0.2067,0.4837,0.2502,0.2671,0.1545,0.1978,0.1208,0.1917,0.1786,0.3392,0.1414,0.4579,0.1881,0.1633,0.1977,0.1843,IDLE,IDLE,IDLE,IDLE,TOPICKUP,TOPICKUP,IDLE,IDLE,IDLE,IDLE,IDLE,IDLE,IDLE,IDLE,IDLE,IDLE,IDLE,IDLE,IDLE,IDLE,IDLE,IDLE,IDLE,IDLE,IDLE,IDLE,IDLE,IDLE,IDLE,IDLE,IDLE,IDLE,IDLE,TOPICKUP,IDLE,IDLE,IDLE,IDLE,IDLE,IDLE,IDLE,IDLE,IDLE,IDLE,IDLE,IDLE,IDLE,IDLE,IDLE,IDLE
53,2024-01-03 05:00:01,0.00,0.00,0,0.0000,0.0000,345.10,0.9998,0.9999,0.9997,0.9997,0.9999,0.9999,0.9998,0.9997,0.9998,0.9998,0.9999,0.9998,0.9998,0.9999,0.9998,0.9999,0.9998,0.9997,0.9998,0.9998,0.9997,0.9998,0.9999,0.9998,0.9998,0.9999,0.9998,0.9998,0.9998,0.9997,0.9998,0.9998,0.9998,0.9998,0.9998,0.9997,0.9997,0.9998,0.9998,0.9998,0.9998,0.9998,0.9998,0.9998,0.9998,0.9997,0.9999,0.9998,0.9998,0.9999,0.1438,0.1191,0.2423,0.4751,0.2691,0.4371,0.1208,0.5116,0.4133,0.3306,0.1848,0.1989,0.1839,0.1449,0.3653,0.1449,0.1958,0.4173,0.3467,0.1514,0.4006,0.1958,0.1692,0.3239,0.2476,0.1244,0.1958,0.3306,0.1568,0.4937,0.1718,0.2534,0.4133,0.4602,0.1878,0.4751,0.2456,0.2534,0.1545,0.1978,0.1208,0.1917,0.1786,0.3239,0.0716,0.4455,0.1881,0.1633,0.1977,0.1843,IDLE,IDLE,ONJOB,ONJOB,TOPICKUP,TOPICKUP,IDLE,ONJOB,ONJOB,ONJOB,IDLE,ONJOB,IDLE,IDLE,ONJOB,IDLE,IDLE,ONJOB,ONJOB,IDLE,ONJOB,IDLE,IDLE,ONJOB,ONJOB,IDLE,IDLE,ONJOB,IDLE,ONJOB,IDLE,ONJOB,ONJOB,TOPICKUP,ONJOB,ONJOB,ONJOB,ONJOB,IDLE,IDLE,IDLE,IDLE,IDLE,ONJOB,CHARGING,ONJOB,IDLE,IDLE,IDLE,IDLE
54,2024-01-03 06:00:01,0.00,10.00,0,0.0000,0.0000,0.00,0.9998,0.9999,0.9997,0.9997,0.9999,0.9999,0.9998,0.9997,0.9998,0.9998,0.9999,0.9998,0.9998,0.9999,0.9998,0.9999,0.9998,0.9997,0.9998,0.9998,0.9997,0.9998,0.9999,0.9998,0.9998,0.9999,0.9998,0.9998,0.9998,0.9997,0.9998,0.9998,0.9998,0.9998,0.9998,0.9997,0.9997,0.9998,0.9998,0.9998,0.9998,0.9998,0.9998,0.9998,0.9998,0.9997,0.9999,0.9998,0.9998,0.9999,0.1438,0.1191,0.1865,0.4608,0.2691,0.4371,0.1208,0.4871,0.3555,0.2684,0.1848,0.1325,0.1839,0.1449,0.3377,0.1449,0.1958,0.4108,0.2875,0.1514,0.3716,0.1958,0.1692,0.2708,0.2160,0.1244,0.1958,0.2684,0.1568,0.4479,0.1718,0.2099,0.3555,0.4602,0.1321,0.4608,0.2292,0.2099,0.1545,0.1978,0.1208,0.1917,0.1786,0.2708,0.2111,0.3998,0.1881,0.1633,0.1977,0.1843,IDLE,IDLE,IDLE,IDLE,TOPICKUP,TOPICKUP,IDLE,IDLE,IDLE,IDLE,IDLE,IDLE,IDLE,IDLE,IDLE,IDLE,IDLE,IDLE,IDLE,IDLE,IDLE,IDLE,IDLE,IDLE,IDLE,IDLE,IDLE,IDLE,IDLE,IDLE,IDLE,IDLE,IDLE,TOPICKUP,IDLE,IDLE,IDLE,IDLE,IDLE,IDLE,IDLE,IDLE,IDLE,IDLE,CHARGING,IDLE,IDLE,IDLE,IDLE,IDLE
55,2024-01-03 07:00:01,0.00,0.00,0,0.0000,0.0000,497.28,0.9998,0.9999,0.9997,0.9997,0.9999,0.9999,0.9998,0.9997,0.9998,0.9998,0.9999,0.9998,0.9998,0.9999,0.9998,0.9999,0.9998,0.9997,0.9998,0.9998,0.9997,0.9998,0.9999,0.9998,0.9998,0.9999,0.9998,0.9998,0.9998,0.9997,0.9998,0.9998,0.9998,0.9998,0.9998,0.9997,0.9997,0.9998,0.9998,0.9998,0.9998,0.9998,0.9998,0.9998,0.9998,0.9997,0.9999,0.9998,0.9998,0.9999,0.1438,0.1191,0.1865,0.4522,0.2691,0.4371,0.1208,0.4787,0.3473,0.2509,0.1848,0.1325,0.1839,0.1449,0.3263,0.1449,0.1958,0.4042,0.2728,0.1514,0.3591,0.1958,0.1692,0.2572,0.2043,0.1244,0.1958,0.2509,0.1568,0.4398,0.1718,0.1978,0.3473,0.4602,0.1321,0.4522,0.2246,0.1978,0.1545,0.1978,0.1208,0.1917,0.1786,0.2572,0.2067,0.3901,0.1881,0.1633,0.1977,0.1843,IDLE,IDLE,IDLE,ONJOB,TOPICKUP,TOPICKUP,IDLE,ONJOB,ONJOB,ONJOB,IDLE,IDLE,IDLE,IDLE,ONJOB,IDLE,IDLE,ONJOB,ONJOB,IDLE,ONJOB,IDLE,IDLE,ONJOB,ONJOB,IDLE,IDLE,ONJOB,IDLE,ONJOB,IDLE,ONJOB,ONJOB,TOPICKUP,IDLE,ONJOB,ONJOB,ONJOB,IDLE,IDLE,IDLE,IDLE,IDLE,ONJOB,ONJOB,ONJOB,IDLE,IDLE,IDLE,IDLE
56,2024-01-03 08:00:01,0.00,0.00,0,0.0000,0.0000,0.00,0.9998,0.9999,0.9997,0.9997,0.9999,0.9999,0.9998,0.9997,0.9998,0.9998,0.9999,0.9998,0.9998,0.9999,0.9998,0.9999,0.9998,0.9997,0.9998,0.9998,0.9997,0.9998,0.9999,0.9998,0.9998,0.9999,0.9998,0.9998,0.9998,0.9997,0.9998,0.9998,0.9998,0.9998,0.9998,0.9997,0.9997,0.9998,0.9998,0.9998,0.9998,0.9998,0.9998,0.9998,0.9998,0.9997,0.9999,0.9998,0.9998,0.9999,0.1438,0.1191,0.1865,0.4174,0.2691,0.4371,0.1208,0.4490,0.3080,0.2093,0.1848,0.1325,0.1839,0.1449,0.2888,0.1449,0.1958,0.3482,0.2345,0.1514,0.3263,0.1958,0.1692,0.2146,0.1343,0.1244,0.1958,0.2093,0.1568,0.3440,0.1718,0.1162,0.3080,0.4602,0.1321,0.4174,0.1571,0.1162,0.1545,0.1978,0.1208,0.1917,0.1786,0.2146,0.2004,0.3518,0.1881,0.1633,0.1977,0.1843,IDLE,IDLE,IDLE,IDLE,TOPICKUP,TOPICKUP,IDLE,IDLE,IDLE,IDLE,IDLE,IDLE,IDLE,IDLE,IDLE,IDLE,IDLE,IDLE,IDLE,IDLE,IDLE,IDLE,IDLE,IDLE,IDLE,IDLE,IDLE,IDLE,IDLE,IDLE,IDLE,IDLE,IDLE,TOPICKUP,IDLE,IDLE,IDLE,IDLE,IDLE,IDLE,IDLE,IDLE,IDLE,IDLE,IDLE,IDLE,IDLE,IDLE,IDLE,IDLE
57,2024-01-03 09:00:01,0.00,0.00,0,0.0000,0.0000,264.68,0.9998,0.9999,0.9997,0.9997,0.9999,0.9999,0.9998,0.9997,0.9998,0.9998,0.9999,0.9998,0.9998,0.9999,0.9998,0.9999,0.9998,0.9997,0.9998,0.9998,0.9997,0.9998,0.9999,0.9998,0.9998,0.9999,0.9998,0.9998,0.9998,0.9997,0.9998,0.9998,0.9998,0.9998,0.9998,0.9997,0.9997,0.9998,0.9998,0.9998,0.9998,0.9998,0.9998,0.9998,0.9998,0.9997,0.9999,0.9998,0.9998,0.9999,0.1438,0.1191,0.1865,0.4088,0.2691,0.4371,0.1208,0.4406,0.2998,0.1914,0.1848,0.1325,0.1839,0.1449,0.2773,0.1449,0.1958,0.3417,0.2191,0.1514,0.3138,0.1958,0.1692,0.2010,0.1343,0.1244,0.1958,0.1914,0.1568,0.3359,0.1718,0.1162,0.2998,0.4602,0.1321,0.4088,0.0895,0.1162,0.1545,0.1978,0.1208,0.1917,0.1786,0.2010,0.1960,0.3421,0.1881,0.1633,0.1977,0.1843,IDLE,IDLE,IDLE,ONJOB,TOPICKUP,TOPICKUP,IDLE,ONJOB,ONJOB,ONJOB,IDLE,IDLE,IDLE,IDLE,ONJOB,IDLE,IDLE,ONJOB,ONJOB,IDLE,ONJOB,IDLE,IDLE,ONJOB,IDLE,IDLE,IDLE,ONJOB,IDLE,ONJOB,IDLE,IDLE,ONJOB,TOPICKUP,IDLE,ONJOB,CHARGING,IDLE,IDLE,IDLE,IDLE,IDLE,IDLE,ONJOB,ONJOB,ONJOB,IDLE,IDLE,IDLE,IDLE
58,2024-01-03 10:00:01,0.00,10.00,0,0.0000,0.0000,0.00,0.9998,0.9999,0.9997,0.9997,0.9999,0.9999,0.9998,0.9997,0.9998,0.9998,0.9999,0.9998,0.9998,0.9999,0.9998,0.9999,0.9998,0.9997,0.9998,0.9998,0.9997,0.9998,0.9999,0.9998,0.9998,0.9999,0.9998,0.9998,0.9998,0.9997,0.9998,0.9998,0.9998,0.9998,0.9998,0.9997,0.9997,0.9998,0.9998,0.9998,0.9998,0.9998,0.9998,0.9998,0.9998,0.9997,0.9999,0.9998,0.9998,0.9999,0.1438,0.1191,0.1865,0.3966,0.2691,0.4371,0.1208,0.4272,0.2420,0.1498,0.1848,0.1325,0.1839,0.1449,0.2511,0.1449,0.1958,0.3055,0.2044,0.1514,0.2972,0.1958,0.1692,0.1584,0.1343,0.1244,0.1958,0.1498,0.1568,0.3040,0.1718,0.1162,0.2420,0.4602,0.1321,0.3966,0.2291,0.1162,0.1545,0.1978,0.1208,0.1917,0.1786,0.1584,0.1901,0.3199,0.1881,0.1633,0.1977,0.1843,IDLE,IDLE,IDLE,IDLE,TOPICKUP,TOPICKUP,IDLE,IDLE,IDLE,IDLE,IDLE,IDLE,IDLE,IDLE,IDLE,IDLE,IDLE,IDLE,IDLE,IDLE,IDLE,IDLE,IDLE,IDLE,IDLE,IDLE,IDLE,IDLE,IDLE,IDLE,IDLE,IDLE,IDLE,TOPICKUP,IDLE,IDLE,CHARGING,IDLE,IDLE,IDLE,IDLE,IDLE,IDLE,IDLE,IDLE,IDLE,IDLE,IDLE,IDLE,IDLE
59,2024-01-03 11:00:01,0.00,0.00,0,0.0000,0.0000,218.20,0.9998,0.9999,0.9997,0.9997,0.9999,0.9999,0.9998,0.9997,0.9998,0.9998,0.9999,0.9998,0.9998,0.9999,0.9998,0.9999,0.9998,0.9997,0.9998,0.9998,0.9997,0.9998,0.9999,0.9998,0.9998,0.9999,0.9998,0.9998,0.9998,0.9997,0.9998,0.9998,0.9998,0.9998,0.9998,0.9997,0.9997,0.9998,0.9998,0.9998,0.9998,0.9998,0.9998,0.9998,0.9998,0.9997,0.9999,0.9998,0.9998,0.9999,0.1438,0.1191,0.1865,0.3879,0.2691,0.4371,0.1208,0.4188,0.2338,0.1498,0.1848,0.1325,0.1839,0.1449,0.2396,0.1449,0.1958,0.2990,0.1897,0.1514,0.2847,0.1958,0.1692,0.1584,0.1343,0.1244,0.1958,0.1498,0.1568,0.2960,0.1718,0.1162,0.2338,0.4602,0.1321,0.3879,0.2244,0.1162,0.1545,0.1978,0.1208,0.1917,0.1786,0.1584,0.1901,0.3102,0.1881,0.1633,0.1977,0.1843,IDLE,IDLE,IDLE,ONJOB,TOPICKUP,TOPICKUP,IDLE,ONJOB,ONJOB,IDLE,IDLE,IDLE,IDLE,IDLE,ONJOB,IDLE,IDLE,ONJOB,ONJOB,IDLE,ONJOB,IDLE,IDLE,IDLE,IDLE,IDLE,IDLE,IDLE,IDLE,ONJOB,IDLE,IDLE,ONJOB,TOPICKUP,IDLE,ONJOB,ONJOB,IDLE,IDLE,IDLE,IDLE,IDLE,IDLE,IDLE,IDLE,ONJOB,IDLE,IDLE,IDLE,IDLE
60,2024-01-03 12:00:01,0.00,0.00,0,0.0000,0.0000,33.75,0.9998,0.9999,0.9997,0.9997,0.9999,0.9999,0.9998,0.9997,0.9998,0.9998,0.9999,0.9998,0.9998,0.9999,0.9998,0.9999,0.9998,0.9997,0.9998,0.9998,0.9997,0.9998,0.9999,0.9998,0.9998,0.9999,0.9998,0.9998,0.9998,0.9997,0.9998,0.9998,0.9998,0.9998,0.9998,0.9997,0.9997,0.9998,0.9998,0.9998,0.9998,0.9998,0.9998,0.9998,0.9998,0.9997,0.9999,0.9998,0.9998,0.9999,0.1438,0.1191,0.1865,0.3631,0.2515,0.4270,0.1208,0.3915,0.1883,0.1498,0.1848,0.1325,0.1839,0.1449,0.1993,0.1449,0.1958,0.2529,0.1540,0.1514,0.2678,0.1958,0.1692,0.1584,0.1343,0.1244,0.1958,0.1498,0.1568,0.2392,0.1718,0.1162,0.1883,0.4602,0.1321,0.3631,0.2161,0.1162,0.1545,0.1978,0.1208,0.1917,0.1786,0.1584,0.1901,0.2924,0.1881,0.1633,0.1977,0.1843,IDLE,IDLE,IDLE,IDLE,ONJOB,ONJOB,IDLE,IDLE,IDLE,IDLE,IDLE,IDLE,IDLE,IDLE,IDLE,IDLE,IDLE,IDLE,IDLE,IDLE,IDLE,IDLE,IDLE,IDLE,IDLE,IDLE,IDLE,IDLE,IDLE,IDLE,IDLE,IDLE,IDLE,TOPICKUP,IDLE,IDLE,IDLE,IDLE,IDLE,IDLE,IDLE,IDLE,IDLE,IDLE,IDLE,IDLE,IDLE,IDLE,IDLE,IDLE
61,2024-01-03 13:00:01,0.00,0.00,0,0.0000,0.0000,127.75,0.9998,0.9999,0.9997,0.9997,0.9999,0.9999,0.9998,0.9997,0.9998,0.9998,0.9999,0.9998,0.9998,0.9999,0.9998,0.9999,0.9998,0.9997,0.9998,0.9998,0.9997,0.9998,0.9999,0.9998,0.9998,0.9999,0.9998,0.9998,0.9998,0.9997,0.9998,0.9998,0.9998,0.9998,0.9998,0.9997,0.9997,0.9998,0.9998,0.9998,0.9998,0.9998,0.9998,0.9998,0.9998,0.9997,0.9999,0.9998,0.9998,0.9999,0.1438,0.1191,0.1865,0.3545,0.2137,0.3949,0.1208,0.3831,0.1883,0.1498,0.1848,0.1325,0.1839,0.1449,0.1993,0.1449,0.1958,0.2464,0.1540,0.1514,0.2554,0.1958,0.1692,0.1584,0.1343,0.1244,0.1958,0.1498,0.1568,0.2311,0.1718,0.1162,0.1883,0.4602,0.1321,0.3545,0.2115,0.1162,0.1545,0.1978,0.1208,0.1917,0.1786,0.1584,0.1901,0.2828,0.1881,0.1633,0.1977,0.1843,IDLE,IDLE,IDLE,ONJOB,IDLE,IDLE,IDLE,ONJOB,IDLE,IDLE,IDLE,IDLE,IDLE,IDLE,IDLE,IDLE,IDLE,ONJOB,IDLE,IDLE,ONJOB,IDLE,IDLE,IDLE,IDLE,IDLE,IDLE,IDLE,IDLE,ONJOB,IDLE,IDLE,IDLE,TOPICKUP,IDLE,ONJOB,ONJOB,IDLE,IDLE,IDLE,IDLE,IDLE,IDLE,IDLE,IDLE,ONJOB,IDLE,IDLE,IDLE,IDLE
62,2024-01-03 14:00:01,0.00,0.00,0,0.0000,0.0000,9.75,0.9998,0.9999,0.9997,0.9997,0.9999,0.9999,0.9998,0.9997,0.9998,0.9998,0.9999,0.9998,0.9998,0.9999,0.9998,0.9999,0.9998,0.9997,0.9998,0.9998,0.9997,0.9998,0.9999,0.9998,0.9998,0.9999,0.9998,0.9998,0.9998,0.9997,0.9998,0.9998,0.9998,0.9998,0.9998,0.9997,0.9997,0.9998,0.9998,0.9998,0.9998,0.9998,0.9998,0.9998,0.9998,0.9997,0.9999,0.9998,0.9998,0.9999,0.1438,0.1191,0.1865,0.3079,0.2032,0.3854,0.1208,0.3586,0.1883,0.1498,0.1848,0.1325,0.1839,0.1449,0.1993,0.1449,0.1958,0.2022,0.1540,0.1514,0.2264,0.1958,0.1692,0.1584,0.1343,0.1244,0.1958,0.1498,0.1568,0.1806,0.1718,0.1162,0.1883,0.4602,0.1321,0.3079,0.2009,0.1162,0.1545,0.1978,0.1208,0.1917,0.1786,0.1584,0.1901,0.2487,0.1881,0.1633,0.1977,0.1843,IDLE,IDLE,IDLE,IDLE,ONJOB,ONJOB,IDLE,IDLE,IDLE,IDLE,IDLE,IDLE,IDLE,IDLE,IDLE,IDLE,IDLE,IDLE,IDLE,IDLE,IDLE,IDLE,IDLE,IDLE,IDLE,IDLE,IDLE,IDLE,IDLE,IDLE,IDLE,IDLE,IDLE,TOPICKUP,IDLE,IDLE,IDLE,IDLE,IDLE,IDLE,IDLE,IDLE,IDLE,IDLE,IDLE,IDLE,IDLE,IDLE,IDLE,IDLE
63,2024-01-03 15:00:01,0.00,0.00,0,0.0000,0.0000,102.85,0.9998,0.9999,0.9997,0.9997,0.9999,0.9999,0.9998,0.9997,0.9998,0.9998,0.9999,0.9998,0.9998,0.9999,0.9998,0.9999,0.9998,0.9997,0.9998,0.9998,0.9997,0.9998,0.9999,0.9998,0.9998,0.9999,0.9998,0.9998,0.9998,0.9997,0.9998,0.9998,0.9998,0.9998,0.9998,0.9997,0.9997,0.9998,0.9998,0.9998,0.9998,0.9998,0.9998,0.9998,0.9998,0.9997,0.9999,0.9998,0.9998,0.9999,0.1438,0.1191,0.1865,0.2992,0.1923,0.3741,0.1208,0.3503,0.1883,0.1498,0.1848,0.1325,0.1839,0.1449,0.1993,0.1449,0.1958,0.1957,0.1540,0.1514,0.2139,0.1958,0.1692,0.1584,0.1343,0.1244,0.1958,0.1498,0.1568,0.1806,0.1718,0.1162,0.1883,0.4602,0.1321,0.2992,0.1963,0.1162,0.1545,0.1978,0.1208,0.1917,0.1786,0.1584,0.1901,0.2390,0.1881,0.1633,0.1977,0.1843,IDLE,IDLE,IDLE,ONJOB,IDLE,IDLE,IDLE,ONJOB,IDLE,IDLE,IDLE,IDLE,IDLE,IDLE,IDLE,IDLE,IDLE,ONJOB,IDLE,IDLE,ONJOB,IDLE,IDLE,IDLE,IDLE,IDLE,IDLE,IDLE,IDLE,IDLE,IDLE,IDLE,IDLE,TOPICKUP,IDLE,ONJOB,ONJOB,IDLE,IDLE,IDLE,IDLE,IDLE,IDLE,IDLE,IDLE,ONJOB,IDLE,IDLE,IDLE,IDLE
64,2024-01-03 16:00:01,0.00,0.00,0,0.0000,0.0000,116.40,0.9998,0.9999,0.9997,0.9997,0.9999,0.9999,0.9998,0.9997,0.9998,0.9998,0.9999,0.9998,0.9998,0.9999,0.9998,0.9999,0.9998,0.9997,0.9998,0.9998,0.9997,0.9998,0.9999,0.9998,0.9998,0.9999,0.9998,0.9998,0.9998,0.9997,0.9998,0.9998,0.9998,0.9998,0.9998,0.9997,0.9997,0.9998,0.9998,0.9998,0.9998,0.9998,0.9998,0.9998,0.9998,0.9997,0.9999,0.9998,0.9998,0.9999,0.1438,0.1191,0.1865,0.2870,0.1304,0.3686,0.1208,0.3312,0.1883,0.1498,0.1848,0.1325,0.1839,0.1449,0.1993,0.1449,0.1958,0.1884,0.1540,0.1514,0.1877,0.1958,0.1692,0.1584,0.1343,0.1244,0.1958,0.1498,0.1568,0.1806,0.1718,0.1162,0.1883,0.4602,0.1321,0.2870,0.1916,0.1162,0.1545,0.1978,0.1208,0.1917,0.1786,0.1584,0.1901,0.2248,0.1881,0.1633,0.1977,0.1843,IDLE,IDLE,IDLE,IDLE,CHARGING,ONJOB,IDLE,IDLE,IDLE,IDLE,IDLE,IDLE,IDLE,IDLE,IDLE,IDLE,IDLE,IDLE,IDLE,IDLE,IDLE,IDLE,IDLE,IDLE,IDLE,IDLE,IDLE,IDLE,IDLE,IDLE,IDLE,IDLE,IDLE,TOPICKUP,IDLE,IDLE,IDLE,IDLE,IDLE,IDLE,IDLE,IDLE,IDLE,IDLE,IDLE,IDLE,IDLE,IDLE,IDLE,IDLE
65,2024-01-03 17:00:01,0.00,50.00,0,0.0000,0.0000,144.90,0.9998,0.9999,0.9997,0.9997,0.9999,0.9999,0.9998,0.9997,0.9998,0.9998,0.9999,0.9998,0.9998,0.9999,0.9998,0.9999,0.9998,0.9997,0.9998,0.9998,0.9997,0.9998,0.9999,0.9998,0.9998,0.9999,0.9998,0.9998,0.9998,0.9997,0.9998,0.9998,0.9998,0.9998,0.9998,0.9997,0.9997,0.9998,0.9998,0.9998,0.9998,0.9998,0.9998,0.9998,0.9998,0.9997,0.9999,0.9998,0.9998,0.9999,0.1438,0.1191,0.1865,0.2784,0.8279,0.3686,0.1208,0.3228,0.1883,0.1498,0.1848,0.1325,0.1839,0.1449,0.1993,0.1449,0.1958,0.1884,0.1540,0.1514,0.1877,0.1958,0.1692,0.1584,0.1343,0.1244,0.1958,0.1498,0.1568,0.1806,0.1718,0.1162,0.1883,0.4602,0.1321,0.2784,0.1916,0.1162,0.1545,0.1978,0.1208,0.1917,0.1786,0.1584,0.1901,0.2151,0.1881,0.1633,0.1977,0.1843,IDLE,IDLE,IDLE,ONJOB,CHARGING,ONJOB,IDLE,ONJOB,IDLE,IDLE,IDLE,IDLE,IDLE,IDLE,IDLE,IDLE,IDLE,IDLE,IDLE,IDLE,IDLE,IDLE,IDLE,IDLE,IDLE,IDLE,IDLE,IDLE,IDLE,IDLE,IDLE,IDLE,IDLE,TOPICKUP,IDLE,ONJOB,IDLE,IDLE,IDLE,IDLE,IDLE,IDLE,IDLE,IDLE,IDLE,ONJOB,IDLE,IDLE,IDLE,IDLE
66,2024-01-03 18:00:01,0.00,0.00,0,0.0000,0.0000,30.00,0.9998,0.9999,0.9997,0.9997,0.9999,0.9999,0.9998,0.9997,0.9998,0.9998,0.9999,0.9998,0.9998,0.9999,0.9998,0.9999,0.9998,0.9997,0.9998,0.9998,0.9997,0.9998,0.9999,0.9998,0.9998,0.9999,0.9998,0.9998,0.9998,0.9997,0.9998,0.9998,0.9998,0.9998,0.9998,0.9997,0.9997,0.9998,0.9998,0.9998,0.9998,0.9998,0.9998,0.9998,0.9998,0.9997,0.9999,0.9998,0.9998,0.9999,0.1438,0.1191,0.1865,0.2630,0.8174,0.2598,0.1208,0.3028,0.1883,0.1498,0.1848,0.1325,0.1839,0.1449,0.1993,0.1449,0.1958,0.1884,0.1540,0.1514,0.1877,0.1958,0.1692,0.1584,0.1343,0.1244,0.1958,0.1498,0.1568,0.1806,0.1718,0.1162,0.1883,0.4602,0.1321,0.2630,0.1916,0.1162,0.1545,0.1978,0.1208,0.1917,0.1786,0.1584,0.1901,0.1860,0.1881,0.1633,0.1977,0.1843,IDLE,IDLE,IDLE,IDLE,ONJOB,IDLE,IDLE,IDLE,IDLE,IDLE,IDLE,IDLE,IDLE,IDLE,IDLE,IDLE,IDLE,IDLE,IDLE,IDLE,IDLE,IDLE,IDLE,IDLE,IDLE,IDLE,IDLE,IDLE,IDLE,IDLE,IDLE,IDLE,IDLE,TOPICKUP,IDLE,IDLE,IDLE,IDLE,IDLE,IDLE,IDLE,IDLE,IDLE,IDLE,IDLE,IDLE,IDLE,IDLE,IDLE,IDLE
67,2024-01-03 19:00:01,0.00,0.00,0,0.0000,0.0000,77.75,0.9998,0.9999,0.9997,0.9997,0.9998,0.9999,0.9998,0.9997,0.9998,0.9998,0.9999,0.9998,0.9998,0.9999,0.9998,0.9999,0.9998,0.9997,0.9998,0.9998,0.9997,0.9998,0.9999,0.9998,0.9998,0.9999,0.9998,0.9998,0.9998,0.9997,0.9998,0.9998,0.9998,0.9998,0.9998,0.9997,0.9997,0.9998,0.9998,0.9998,0.9998,0.9998,0.9998,0.9998,0.9998,0.9997,0.9999,0.9998,0.9998,0.9999,0.1438,0.1191,0.1865,0.2543,0.7828,0.2485,0.1208,0.2944,0.1883,0.1498,0.1848,0.1325,0.1839,0.1449,0.1993,0.1449,0.1958,0.1884,0.1540,0.1514,0.1877,0.1958,0.1692,0.1584,0.1343,0.1244,0.1958,0.1498,0.1568,0.1806,0.1718,0.1162,0.1883,0.4602,0.1321,0.2543,0.1916,0.1162,0.1545,0.1978,0.1208,0.1917,0.1786,0.1584,0.1901,0.1860,0.1881,0.1633,0.1977,0.1843,IDLE,IDLE,IDLE,ONJOB,IDLE,ONJOB,IDLE,ONJOB,IDLE,IDLE,IDLE,IDLE,IDLE,IDLE,IDLE,IDLE,IDLE,IDLE,IDLE,IDLE,IDLE,IDLE,IDLE,IDLE,IDLE,IDLE,IDLE,IDLE,IDLE,IDLE,IDLE,IDLE,IDLE,TOPICKUP,IDLE,ONJOB,IDLE,IDLE,IDLE,IDLE,IDLE,IDLE,IDLE,IDLE,IDLE,IDLE,IDLE,IDLE,IDLE,IDLE
68,2024-01-03 20:00:01,0.00,0.00,0,0.0000,0.0000,28.75,0.9998,0.9999,0.9997,0.9997,0.9998,0.9999,0.9998,0.9997,0.9998,0.9998,0.9999,0.9998,0.9998,0.9999,0.9998,0.9999,0.9998,0.9997,0.9998,0.9998,0.9997,0.9998,0.9999,0.9998,0.9998,0.9999,0.9998,0.9998,0.9998,0.9997,0.9998,0.9998,0.9998,0.9998,0.9998,0.9997,0.9997,0.9998,0.9998,0.9998,0.9998,0.9998,0.9998,0.9998,0.9998,0.9997,0.9999,0.9998,0.9998,0.9999,0.1438,0.1191,0.1865,0.2123,0.7723,0.2225,0.1208,0.2650,0.1883,0.1498,0.1848,0.1325,0.1839,0.1449,0.1993,0.1449,0.1958,0.1884,0.1540,0.1514,0.1877,0.1958,0.1692,0.1584,0.1343,0.1244,0.1958,0.1498,0.1568,0.1806,0.1718,0.1162,0.1883,0.4602,0.1321,0.2123,0.1916,0.1162,0.1545,0.1978,0.1208,0.1917,0.1786,0.1584,0.1901,0.1860,0.1881,0.1633,0.1977,0.1843,IDLE,IDLE,IDLE,IDLE,ONJOB,IDLE,IDLE,IDLE,IDLE,IDLE,IDLE,IDLE,IDLE,IDLE,IDLE,IDLE,IDLE,IDLE,IDLE,IDLE,IDLE,IDLE,IDLE,IDLE,IDLE,IDLE,IDLE,IDLE,IDLE,IDLE,IDLE,IDLE,IDLE,TOPICKUP,IDLE,IDLE,IDLE,IDLE,IDLE,IDLE,IDLE,IDLE,IDLE,IDLE,IDLE,IDLE,IDLE,IDLE,IDLE,IDLE
69,2024-01-03 21:00:01,0.00,0.00,0,0.0000,0.0000,92.80,0.9998,0.9999,0.9997,0.9997,0.9998,0.9999,0.9998,0.9997,0.9998,0.9998,0.9999,0.9998,0.9998,0.9999,0.9998,0.9999,0.9998,0.9997,0.9998,0.9998,0.9997,0.9998,0.9999,0.9998,0.9998,0.9999,0.9998,0.9998,0.9998,0.9997,0.9998,0.9998,0.9998,0.9998,0.9998,0.9997,0.9997,0.9998,0.9998,0.9998,0.9998,0.9998,0.9998,0.9998,0.9998,0.9997,0.9999,0.9998,0.9998,0.9999,0.1438,0.1191,0.1865,0.2037,0.7305,0.2083,0.1208,0.2567,0.1883,0.1498,0.1848,0.1325,0.1839,0.1449,0.1993,0.1449,0.1958,0.1884,0.1540,0.1514,0.1877,0.1958,0.1692,0.1584,0.1343,0.1244,0.1958,0.1498,0.1568,0.1806,0.1718,0.1162,0.1883,0.4602,0.1321,0.2037,0.1916,0.1162,0.1545,0.1978,0.1208,0.1917,0.1786,0.1584,0.1901,0.1860,0.1881,0.1633,0.1977,0.1843,IDLE,IDLE,IDLE,ONJOB,IDLE,ONJOB,IDLE,ONJOB,IDLE,IDLE,IDLE,IDLE,IDLE,IDLE,IDLE,IDLE,IDLE,IDLE,IDLE,IDLE,IDLE,IDLE,IDLE,IDLE,IDLE,IDLE,IDLE,IDLE,IDLE,IDLE,IDLE,IDLE,IDLE,TOPICKUP,IDLE,ONJOB,IDLE,IDLE,IDLE,IDLE,IDLE,IDLE,IDLE,IDLE,IDLE,IDLE,IDLE,IDLE,IDLE,IDLE
70,2024-01-03 22:00:01,0.00,0.00,0,0.0000,0.0000,30.50,0.9998,0.9999,0.9997,0.9997,0.9998,0.9999,0.9998,0.9997,0.9998,0.9998,0.9999,0.9998,0.9998,0.9999,0.9998,0.9999,0.9998,0.9997,0.9998,0.9998,0.9997,0.9998,0.9999,0.9998,0.9998,0.9999,0.9998,0.9998,0.9998,0.9997,0.9998,0.9998,0.9998,0.9998,0.9998,0.9997,0.9997,0.9998,0.9998,0.9998,0.9998,0.9998,0.9998,0.9998,0.9998,0.9997,0.9999,0.9998,0.9998,0.9999,0.1438,0.1191,0.1865,0.1761,0.7111,0.1710,0.1208,0.2293,0.1883,0.1498,0.1848,0.1325,0.1839,0.1449,0.1993,0.1449,0.1958,0.1884,0.1540,0.1514,0.1877,0.1958,0.1692,0.1584,0.1343,0.1244,0.1958,0.1498,0.1568,0.1806,0.1718,0.1162,0.1883,0.4602,0.1321,0.1761,0.1916,0.1162,0.1545,0.1978,0.1208,0.1917,0.1786,0.1584,0.1901,0.1860,0.1881,0.1633,0.1977,0.1843,IDLE,IDLE,IDLE,IDLE,ONJOB,IDLE,IDLE,IDLE,IDLE,IDLE,IDLE,IDLE,IDLE,IDLE,IDLE,IDLE,IDLE,IDLE,IDLE,IDLE,IDLE,IDLE,IDLE,IDLE,IDLE,IDLE,IDLE,IDLE,IDLE,IDLE,IDLE,IDLE,IDLE,TOPICKUP,IDLE,IDLE,IDLE,IDLE,IDLE,IDLE,IDLE,IDLE,IDLE,IDLE,IDLE,IDLE,IDLE,IDLE,IDLE,IDLE
71,2024-01-03 23:00:01,0.00,0.00,0,0.0000,0.0000,22.00,0.9998,0.9999,0.9997,0.9997,0.9998,0.9999,0.9998,0.9997,0.9998,0.9998,0.9999,0.9998,0.9998,0.9999,0.9998,0.9999,0.9998,0.9997,0.9998,0.9998,0.9997,0.9998,0.9999,0.9998,0.9998,0.9999,0.9998,0.9998,0.9998,0.9997,0.9998,0.9998,0.9998,0.9998,0.9998,0.9997,0.9997,0.9998,0.9998,0.9998,0.9998,0.9998,0.9998,0.9998,0.9998,0.9997,0.9999,0.9998,0.9998,0.9999,0.1438,0.1191,0.1865,0.1761,0.6643,0.1138,0.1208,0.2197,0.1883,0.1498,0.1848,0.1325,0.1839,0.1449,0.1993,0.1449,0.1958,0.1884,0.1540,0.1514,0.1877,0.1958,0.1692,0.1584,0.1343,0.1244,0.1958,0.1498,0.1568,0.1806,0.1718,0.1162,0.1883,0.4602,0.1321,0.1761,0.1916,0.1162,0.1545,0.1978,0.1208,0.1917,0.1786,0.1584,0.1901,0.1860,0.1881,0.1633,0.1977,0.1843,IDLE,IDLE,IDLE,IDLE,IDLE,CHARGING,IDLE,ONJOB,IDLE,IDLE,IDLE,IDLE,IDLE,IDLE,IDLE,IDLE,IDLE,IDLE,IDLE,IDLE,IDLE,IDLE,IDLE,IDLE,IDLE,IDLE,IDLE,IDLE,IDLE,IDLE,IDLE,IDLE,IDLE,TOPICKUP,IDLE,IDLE,IDLE,IDLE,IDLE,IDLE,IDLE,IDLE,IDLE,IDLE,IDLE,IDLE,IDLE,IDLE,IDLE,IDLE
72,2024-01-04 00:00:01,0.00,50.00,0,0.0000,0.0000,35.50,0.9998,0.9999,0.9997,0.9997,0.9998,0.9999,0.9998,0.9997,0.9998,0.9998,0.9999,0.9998,0.9998,0.9999,0.9998,0.9999,0.9998,0.9997,0.9998,0.9998,0.9997,0.9998,0.9999,0.9998,0.9998,0.9999,0.9998,0.9998,0.9998,0.9997,0.9998,0.9998,0.9998,0.9998,0.9998,0.9997,0.9997,0.9998,0.9998,0.9998,0.9998,0.9998,0.9998,0.9998,0.9998,0.9997,0.9999,0.9998,0.9998,0.9999,0.1438,0.1191,0.1865,0.1761,0.6534,0.8112,0.1208,0.1891,0.1883,0.1498,0.1848,0.1325,0.1839,0.1449,0.1993,0.1449,0.1958,0.1884,0.1540,0.1514,0.1877,0.1958,0.1692,0.1584,0.1343,0.1244,0.1958,0.1498,0.1568,0.1806,0.1718,0.1162,0.1883,0.4602,0.1321,0.1761,0.1916,0.1162,0.1545,0.1978,0.1208,0.1917,0.1786,0.1584,0.1901,0.1860,0.1881,0.1633,0.1977,0.1843,IDLE,IDLE,IDLE,IDLE,ONJOB,CHARGING,IDLE,IDLE,IDLE,IDLE,IDLE,IDLE,IDLE,IDLE,IDLE,IDLE,IDLE,IDLE,IDLE,IDLE,IDLE,IDLE,IDLE,IDLE,IDLE,IDLE,IDLE,IDLE,IDLE,IDLE,IDLE,IDLE,IDLE,TOPICKUP,IDLE,IDLE,IDLE,IDLE,IDLE,IDLE,IDLE,IDLE,IDLE,IDLE,IDLE,IDLE,IDLE,IDLE,IDLE,IDLE
73,2024-01-04 01:00:01,0.00,0.00,0,0.0000,0.0000,42.90,0.9998,0.9999,0.9997,0.9997,0.9998,0.9998,0.9998,0.9997,0.9998,0.9998,0.9999,0.9998,0.9998,0.9999,0.9998,0.9999,0.9998,0.9997,0.9998,0.9998,0.9997,0.9998,0.9999,0.9998,0.9998,0.9999,0.9998,0.9998,0.9998,0.9997,0.9998,0.9998,0.9998,0.9998,0.9998,0.9997,0.9997,0.9998,0.9998,0.9998,0.9998,0.9998,0.9998,0.9998,0.9998,0.9997,0.9999,0.9998,0.9998,0.9999,0.1438,0.1191,0.1865,0.1761,0.6058,0.7970,0.1208,0.1891,0.1883,0.1498,0.1848,0.1325,0.1839,0.1449,0.1993,0.1449,0.1958,0.1884,0.1540,0.1514,0.1877,0.1958,0.1692,0.1584,0.1343,0.1244,0.1958,0.1498,0.1568,0.1806,0.1718,0.1162,0.1883,0.4602,0.1321,0.1761,0.1916,0.1162,0.1545,0.1978,0.1208,0.1917,0.1786,0.1584,0.1901,0.1860,0.1881,0.1633,0.1977,0.1843,IDLE,IDLE,IDLE,IDLE,IDLE,ONJOB,IDLE,IDLE,IDLE,IDLE,IDLE,IDLE,IDLE,IDLE,IDLE,IDLE,IDLE,IDLE,IDLE,IDLE,IDLE,IDLE,IDLE,IDLE,IDLE,IDLE,IDLE,IDLE,IDLE,IDLE,IDLE,IDLE,IDLE,TOPICKUP,IDLE,IDLE,IDLE,IDLE,IDLE,IDLE,IDLE,IDLE,IDLE,IDLE,IDLE,IDLE,IDLE,IDLE,IDLE,IDLE
74,2024-01-04 02:00:01,0.00,0.00,0,0.0000,0.0000,38.00,0.9998,0.9999,0.9997,0.9997,0.9998,0.9998,0.9998,0.9997,0.9998,0.9998,0.9999,0.9998,0.9998,0.9999,0.9998,0.9999,0.9998,0.9997,0.9998,0.9998,0.9997,0.9998,0.9999,0.9998,0.9998,0.9999,0.9998,0.9998,0.9998,0.9997,0.9998,0.9998,0.9998,0.9998,0.9998,0.9997,0.9997,0.9998,0.9998,0.9998,0.9998,0.9998,0.9998,0.9998,0.9998,0.9997,0.9999,0.9998,0.9998,0.9999,0.1438,0.1191,0.1865,0.1761,0.5949,0.7560,0.1208,0.1891,0.1883,0.1498,0.1848,0.1325,0.1839,0.1449,0.1993,0.1449,0.1958,0.1884,0.1540,0.1514,0.1877,0.1958,0.1692,0.1584,0.1343,0.1244,0.1958,0.1498,0.1568,0.1806,0.1718,0.1162,0.1883,0.4602,0.1321,0.1761,0.1916,0.1162,0.1545,0.1978,0.1208,0.1917,0.1786,0.1584,0.1901,0.1860,0.1881,0.1633,0.1977,0.1843,IDLE,IDLE,IDLE,IDLE,ONJOB,IDLE,IDLE,IDLE,IDLE,IDLE,IDLE,IDLE,IDLE,IDLE,IDLE,IDLE,IDLE,IDLE,IDLE,IDLE,IDLE,IDLE,IDLE,IDLE,IDLE,IDLE,IDLE,IDLE,IDLE,IDLE,IDLE,IDLE,IDLE,TOPICKUP,IDLE,IDLE,IDLE,IDLE,IDLE,IDLE,IDLE,IDLE,IDLE,IDLE,IDLE,IDLE,IDLE,IDLE,IDLE,IDLE
75,2024-01-04 03:00:01,0.00,0.00,0,0.0000,0.0000,66.85,0.9998,0.9999,0.9997,0.9997,0.9998,0.9998,0.9998,0.9997,0.9998,0.9998,0.9999,0.9998,0.9998,0.9999,0.9998,0.9999,0.9998,0.9997,0.9998,0.9998,0.9997,0.9998,0.9999,0.9998,0.9998,0.9999,0.9998,0.9998,0.9998,0.9997,0.9998,0.9998,0.9998,0.9998,0.9998,0.9997,0.9997,0.9998,0.9998,0.9998,0.9998,0.9998,0.9998,0.9998,0.9998,0.9997,0.9999,0.9998,0.9998,0.9999,0.1438,0.1191,0.1865,0.1761,0.5571,0.7418,0.1208,0.1891,0.1883,0.1498,0.1848,0.1325,0.1839,0.1449,0.1993,0.1449,0.1958,0.1884,0.1540,0.1514,0.1877,0.1958,0.1692,0.1584,0.1343,0.1244,0.1958,0.1498,0.1568,0.1806,0.1718,0.1162,0.1883,0.4470,0.1321,0.1761,0.1916,0.1162,0.1545,0.1978,0.1208,0.1917,0.1786,0.1584,0.1901,0.1860,0.1881,0.1633,0.1977,0.1843,IDLE,IDLE,IDLE,IDLE,IDLE,ONJOB,IDLE,IDLE,IDLE,IDLE,IDLE,IDLE,IDLE,IDLE,IDLE,IDLE,IDLE,IDLE,IDLE,IDLE,IDLE,IDLE,IDLE,IDLE,IDLE,IDLE,IDLE,IDLE,IDLE,IDLE,IDLE,IDLE,IDLE,ONJOB,IDLE,IDLE,IDLE,IDLE,IDLE,IDLE,IDLE,IDLE,IDLE,IDLE,IDLE,IDLE,IDLE,IDLE,IDLE,IDLE
76,2024-01-04 04:00:01,0.00,0.00,0,0.0000,0.0000,90.25,0.9998,0.9999,0.9997,0.9997,0.9998,0.9998,0.9998,0.9997,0.9998,0.9998,0.9999,0.9998,0.9998,0.9999,0.9998,0.9999,0.9998,0.9997,0.9998,0.9998,0.9997,0.9998,0.9999,0.9998,0.9998,0.9999,0.9998,0.9998,0.9998,0.9997,0.9998,0.9998,0.9998,0.9998,0.9998,0.9997,0.9997,0.9998,0.9998,0.9998,0.9998,0.9998,0.9998,0.9998,0.9998,0.9997,0.9999,0.9998,0.9998,0.9999,0.1438,0.1191,0.1865,0.1761,0.5348,0.7176,0.1208,0.1891,0.1883,0.1498,0.1848,0.1325,0.1839,0.1449,0.1993,0.1449,0.1958,0.1884,0.1540,0.1514,0.1877,0.1958,0.1692,0.1584,0.1343,0.1244,0.1958,0.1498,0.1568,0.1806,0.1718,0.1162,0.1883,0.4470,0.1321,0.1761,0.1916,0.1162,0.1545,0.1978,0.1208,0.1917,0.1786,0.1584,0.1901,0.1860,0.1881,0.1633,0.1977,0.1843,IDLE,IDLE,IDLE,IDLE,ONJOB,IDLE,IDLE,IDLE,IDLE,IDLE,IDLE,IDLE,IDLE,IDLE,IDLE,IDLE,IDLE,IDLE,IDLE,IDLE,IDLE,IDLE,IDLE,IDLE,IDLE,IDLE,IDLE,IDLE,IDLE,IDLE,IDLE,IDLE,IDLE,ONJOB,IDLE,IDLE,IDLE,IDLE,IDLE,IDLE,IDLE,IDLE,IDLE,IDLE,IDLE,IDLE,IDLE,IDLE,IDLE,IDLE
77,2024-01-04 05:00:01,0.00,0.00,0,0.0000,0.0000,30.25,0.9998,0.9999,0.9997,0.9997,0.9998,0.9998,0.9998,0.9997,0.9998,0.9998,0.9999,0.9998,0.9998,0.9999,0.9998,0.9999,0.9998,0.9997,0.9998,0.9998,0.9997,0.9998,0.9999,0.9998,0.9998,0.9999,0.9998,0.9998,0.9998,0.9997,0.9998,0.9998,0.9998,0.9998,0.9998,0.9997,0.9997,0.9998,0.9998,0.9998,0.9998,0.9998,0.9998,0.9998,0.9998,0.9997,0.9999,0.9998,0.9998,0.9999,0.1438,0.1191,0.1865,0.1761,0.4729,0.7121,0.1208,0.1891,0.1883,0.1498,0.1848,0.1325,0.1839,0.1449,0.1993,0.1449,0.1958,0.1884,0.1540,0.1514,0.1877,0.1958,0.1692,0.1584,0.1343,0.1244,0.1958,0.1498,0.1568,0.1806,0.1718,0.1162,0.1883,0.3410,0.1321,0.1761,0.1916,0.1162,0.1545,0.1978,0.1208,0.1917,0.1786,0.1584,0.1901,0.1860,0.1881,0.1633,0.1977,0.1843,IDLE,IDLE,IDLE,IDLE,IDLE,ONJOB,IDLE,IDLE,IDLE,IDLE,IDLE,IDLE,IDLE,IDLE,IDLE,IDLE,IDLE,IDLE,IDLE,IDLE,IDLE,IDLE,IDLE,IDLE,IDLE,IDLE,IDLE,IDLE,IDLE,IDLE,IDLE,IDLE,IDLE,IDLE,IDLE,IDLE,IDLE,IDLE,IDLE,IDLE,IDLE,IDLE,IDLE,IDLE,IDLE,IDLE,IDLE,IDLE,IDLE,IDLE
78,2024-01-04 06:00:01,0.00,0.00,0,0.0000,0.0000,0.00,0.9998,0.9999,0.9997,0.9997,0.9998,0.9998,0.9998,0.9997,0.9998,0.9998,0.9999,0.9998,0.9998,0.9999,0.9998,0.9999,0.9998,0.9997,0.9998,0.9998,0.9997,0.9998,0.9999,0.9998,0.9998,0.9999,0.9998,0.9998,0.9998,0.9997,0.9998,0.9998,0.9998,0.9998,0.9998,0.9997,0.9997,0.9998,0.9998,0.9998,0.9998,0.9998,0.9998,0.9998,0.9998,0.9997,0.9999,0.9998,0.9998,0.9999,0.1438,0.1191,0.1865,0.1761,0.4729,0.6802,0.1208,0.1891,0.1883,0.1498,0.1848,0.1325,0.1839,0.1449,0.1993,0.1449,0.1958,0.1884,0.1540,0.1514,0.1877,0.1958,0.1692,0.1584,0.1343,0.1244,0.1958,0.1498,0.1568,0.1806,0.1718,0.1162,0.1883,0.3410,0.1321,0.1761,0.1916,0.1162,0.1545,0.1978,0.1208,0.1917,0.1786,0.1584,0.1901,0.1860,0.1881,0.1633,0.1977,0.1843,IDLE,IDLE,IDLE,IDLE,TOPICKUP,IDLE,IDLE,IDLE,IDLE,IDLE,IDLE,IDLE,IDLE,IDLE,IDLE,IDLE,IDLE,IDLE,IDLE,IDLE,IDLE,IDLE,IDLE,IDLE,IDLE,IDLE,IDLE,IDLE,IDLE,IDLE,IDLE,IDLE,IDLE,TOPICKUP,IDLE,IDLE,IDLE,IDLE,IDLE,IDLE,IDLE,IDLE,IDLE,IDLE,IDLE,IDLE,IDLE,IDLE,IDLE,IDLE
79,2024-01-04 07:00:01,0.00,0.00,0,0.0000,0.0000,39.25,0.9998,0.9999,0.9997,0.9997,0.9998,0.9998,0.9998,0.9997,0.9998,0.9998,0.9999,0.9998,0.9998,0.9999,0.9998,0.9999,0.9998,0.9997,0.9998,0.9998,0.9997,0.9998,0.9999,0.9998,0.9998,0.9999,0.9998,0.9998,0.9998,0.9997,0.9998,0.9998,0.9998,0.9998,0.9998,0.9997,0.9997,0.9998,0.9998,0.9998,0.9998,0.9998,0.9998,0.9998,0.9998,0.9997,0.9999,0.9998,0.9998,0.9999,0.1438,0.1191,0.1865,0.1761,0.4729,0.6660,0.1208,0.1891,0.1883,0.1498,0.1848,0.1325,0.1839,0.1449,0.1993,0.1449,0.1958,0.1884,0.1540,0.1514,0.1877,0.1958,0.1692,0.1584,0.1343,0.1244,0.1958,0.1498,0.1568,0.1806,0.1718,0.1162,0.1883,0.3410,0.1321,0.1761,0.1916,0.1162,0.1545,0.1978,0.1208,0.1917,0.1786,0.1584,0.1901,0.1860,0.1881,0.1633,0.1977,0.1843,IDLE,IDLE,IDLE,IDLE,TOPICKUP,ONJOB,IDLE,IDLE,IDLE,IDLE,IDLE,IDLE,IDLE,IDLE,IDLE,IDLE,IDLE,IDLE,IDLE,IDLE,IDLE,IDLE,IDLE,IDLE,IDLE,IDLE,IDLE,IDLE,IDLE,IDLE,IDLE,IDLE,IDLE,TOPICKUP,IDLE,IDLE,IDLE,IDLE,IDLE,IDLE,IDLE,IDLE,IDLE,IDLE,IDLE,IDLE,IDLE,IDLE,IDLE,IDLE
80,2024-01-04 08:00:01,0.00,0.00,0,0.0000,0.0000,0.00,0.9998,0.9999,0.9997,0.9997,0.9998,0.9998,0.9998,0.9997,0.9998,0.9998,0.9999,0.9998,0.9998,0.9999,0.9998,0.9999,0.9998,0.9997,0.9998,0.9998,0.9997,0.9998,0.9999,0.9998,0.9998,0.9999,0.9998,0.9998,0.9998,0.9997,0.9998,0.9998,0.9998,0.9998,0.9998,0.9997,0.9997,0.9998,0.9998,0.9998,0.9998,0.9998,0.9998,0.9998,0.9998,0.9997,0.9999,0.9998,0.9998,0.9999,0.1438,0.1191,0.1865,0.1761,0.4729,0.6311,0.1208,0.1891,0.1883,0.1498,0.1848,0.1325,0.1839,0.1449,0.1993,0.1449,0.1958,0.1884,0.1540,0.1514,0.1877,0.1958,0.1692,0.1584,0.1343,0.1244,0.1958,0.1498,0.1568,0.1806,0.1718,0.1162,0.1883,0.3410,0.1321,0.1761,0.1916,0.1162,0.1545,0.1978,0.1208,0.1917,0.1786,0.1584,0.1901,0.1860,0.1881,0.1633,0.1977,0.1843,IDLE,IDLE,IDLE,IDLE,TOPICKUP,IDLE,IDLE,IDLE,IDLE,IDLE,IDLE,IDLE,IDLE,IDLE,IDLE,IDLE,IDLE,IDLE,IDLE,IDLE,IDLE,IDLE,IDLE,IDLE,IDLE,IDLE,IDLE,IDLE,IDLE,IDLE,IDLE,IDLE,IDLE,TOPICKUP,IDLE,IDLE,IDLE,IDLE,IDLE,IDLE,IDLE,IDLE,IDLE,IDLE,IDLE,IDLE,IDLE,IDLE,IDLE,IDLE
81,2024-01-04 09:00:01,0.00,0.00,0,0.0000,0.0000,30.25,0.9998,0.9999,0.9997,0.9997,0.9998,0.9998,0.9998,0.9997,0.9998,0.9998,0.9999,0.9998,0.9998,0.9999,0.9998,0.9999,0.9998,0.9997,0.9998,0.9998,0.9997,0.9998,0.9999,0.9998,0.9998,0.9999,0.9998,0.9998,0.9998,0.9997,0.9998,0.9998,0.9998,0.9998,0.9998,0.9997,0.9997,0.9998,0.9998,0.9998,0.9998,0.9998,0.9998,0.9998,0.9998,0.9997,0.9999,0.9998,0.9998,0.9999,0.1438,0.1191,0.1865,0.1761,0.4729,0.6216,0.1208,0.1891,0.1883,0.1498,0.1848,0.1325,0.1839,0.1449,0.1993,0.1449,0.1958,0.1884,0.1540,0.1514,0.1877,0.1958,0.1692,0.1584,0.1343,0.1244,0.1958,0.1498,0.1568,0.1806,0.1718,0.1162,0.1883,0.3410,0.1321,0.1761,0.1916,0.1162,0.1545,0.1978,0.1208,0.1917,0.1786,0.1584,0.1901,0.1860,0.1881,0.1633,0.1977,0.1843,IDLE,IDLE,IDLE,IDLE,TOPICKUP,ONJOB,IDLE,IDLE,IDLE,IDLE,IDLE,IDLE,IDLE,IDLE,IDLE,IDLE,IDLE,IDLE,IDLE,IDLE,IDLE,IDLE,IDLE,IDLE,IDLE,IDLE,IDLE,IDLE,IDLE,IDLE,IDLE,IDLE,IDLE,TOPICKUP,IDLE,IDLE,IDLE,IDLE,IDLE,IDLE,IDLE,IDLE,IDLE,IDLE,IDLE,IDLE,IDLE,IDLE,IDLE,IDLE
82,2024-01-04 10:00:01,0.00,0.00,0,0.0000,0.0000,0.00,0.9998,0.9999,0.9997,0.9997,0.9998,0.9998,0.9998,0.9997,0.9998,0.9998,0.9999,0.9998,0.9998,0.9999,0.9998,0.9999,0.9998,0.9997,0.9998,0.9998,0.9997,0.9998,0.9999,0.9998,0.9998,0.9999,0.9998,0.9998,0.9998,0.9997,0.9998,0.9998,0.9998,0.9998,0.9998,0.9997,0.9997,0.9998,0.9998,0.9998,0.9998,0.9998,0.9998,0.9998,0.9998,0.9997,0.9999,0.9998,0.9998,0.9999,0.1438,0.1191,0.1865,0.1761,0.4729,0.5956,0.1208,0.1891,0.1883,0.1498,0.1848,0.1325,0.1839,0.1449,0.1993,0.1449,0.1958,0.1884,0.1540,0.1514,0.1877,0.1958,0.1692,0.1584,0.1343,0.1244,0.1958,0.1498,0.1568,0.1806,0.1718,0.1162,0.1883,0.3410,0.1321,0.1761,0.1916,0.1162,0.1545,0.1978,0.1208,0.1917,0.1786,0.1584,0.1901,0.1860,0.1881,0.1633,0.1977,0.1843,IDLE,IDLE,IDLE,IDLE,TOPICKUP,IDLE,IDLE,IDLE,IDLE,IDLE,IDLE,IDLE,IDLE,IDLE,IDLE,IDLE,IDLE,IDLE,IDLE,IDLE,IDLE,IDLE,IDLE,IDLE,IDLE,IDLE,IDLE,IDLE,IDLE,IDLE,IDLE,IDLE,IDLE,TOPICKUP,IDLE,IDLE,IDLE,IDLE,IDLE,IDLE,IDLE,IDLE,IDLE,IDLE,IDLE,IDLE,IDLE,IDLE,IDLE,IDLE
83,2024-01-04 11:00:01,0.00,0.00,0,0.0000,0.0000,30.75,0.9998,0.9999,0.9997,0.9997,0.9998,0.9998,0.9998,0.9997,0.9998,0.9998,0.9999,0.9998,0.9998,0.9999,0.9998,0.9999,0.9998,0.9997,0.9998,0.9998,0.9997,0.9998,0.9999,0.9998,0.9998,0.9999,0.9998,0.9998,0.9998,0.9997,0.9998,0.9998,0.9998,0.9998,0.9998,0.9997,0.9997,0.9998,0.9998,0.9998,0.9998,0.9998,0.9998,0.9998,0.9998,0.9997,0.9999,0.9998,0.9998,0.9999,0.1438,0.1191,0.1865,0.1761,0.4729,0.5861,0.1208,0.1891,0.1883,0.1498,0.1848,0.1325,0.1839,0.1449,0.1993,0.1449,0.1958,0.1884,0.1540,0.1514,0.1877,0.1958,0.1692,0.1584,0.1343,0.1244,0.1958,0.1498,0.1568,0.1806,0.1718,0.1162,0.1883,0.3410,0.1321,0.1761,0.1916,0.1162,0.1545,0.1978,0.1208,0.1917,0.1786,0.1584,0.1901,0.1860,0.1881,0.1633,0.1977,0.1843,IDLE,IDLE,IDLE,IDLE,TOPICKUP,ONJOB,IDLE,IDLE,IDLE,IDLE,IDLE,IDLE,IDLE,IDLE,IDLE,IDLE,IDLE,IDLE,IDLE,IDLE,IDLE,IDLE,IDLE,IDLE,IDLE,IDLE,IDLE,IDLE,IDLE,IDLE,IDLE,IDLE,IDLE,TOPICKUP,IDLE,IDLE,IDLE,IDLE,IDLE,IDLE,IDLE,IDLE,IDLE,IDLE,IDLE,IDLE,IDLE,IDLE,IDLE,IDLE
84,2024-01-04 12:00:01,0.00,0.00,0,0.0000,0.0000,0.00,0.9998,0.9999,0.9997,0.9997,0.9998,0.9998,0.9998,0.9997,0.9998,0.9998,0.9999,0.9998,0.9998,0.9999,0.9998,0.9999,0.9998,0.9997,0.9998,0.9998,0.9997,0.9998,0.9999,0.9998,0.9998,0.9999,0.9998,0.9998,0.9998,0.9997,0.9998,0.9998,0.9998,0.9998,0.9998,0.9997,0.9997,0.9998,0.9998,0.9998,0.9998,0.9998,0.9998,0.9998,0.9998,0.9997,0.9999,0.9998,0.9998,0.9999,0.1438,0.1191,0.1865,0.1761,0.4729,0.5540,0.1208,0.1891,0.1883,0.1498,0.1848,0.1325,0.1839,0.1449,0.1993,0.1449,0.1958,0.1884,0.1540,0.1514,0.1877,0.1958,0.1692,0.1584,0.1343,0.1244,0.1958,0.1498,0.1568,0.1806,0.1718,0.1162,0.1883,0.3410,0.1321,0.1761,0.1916,0.1162,0.1545,0.1978,0.1208,0.1917,0.1786,0.1584,0.1901,0.1860,0.1881,0.1633,0.1977,0.1843,IDLE,IDLE,IDLE,IDLE,TOPICKUP,IDLE,IDLE,IDLE,IDLE,IDLE,IDLE,IDLE,IDLE,IDLE,IDLE,IDLE,IDLE,IDLE,IDLE,IDLE,IDLE,IDLE,IDLE,IDLE,IDLE,IDLE,IDLE,IDLE,IDLE,IDLE,IDLE,IDLE,IDLE,TOPICKUP,IDLE,IDLE,IDLE,IDLE,IDLE,IDLE,IDLE,IDLE,IDLE,IDLE,IDLE,IDLE,IDLE,IDLE,IDLE,IDLE
85,2024-01-04 13:00:01,0.00,0.00,0,0.0000,0.0000,29.25,0.9998,0.9999,0.9997,0.9997,0.9998,0.9998,0.9998,0.9997,0.9998,0.9998,0.9999,0.9998,0.9998,0.9999,0.9998,0.9999,0.9998,0.9997,0.9998,0.9998,0.9997,0.9998,0.9999,0.9998,0.9998,0.9999,0.9998,0.9998,0.9998,0.9997,0.9998,0.9998,0.9998,0.9998,0.9998,0.9997,0.9997,0.9998,0.9998,0.9998,0.9998,0.9998,0.9998,0.9998,0.9998,0.9997,0.9999,0.9998,0.9998,0.9999,0.1438,0.1191,0.1865,0.1761,0.4729,0.5485,0.1208,0.1891,0.1883,0.1498,0.1848,0.1325,0.1839,0.1449,0.1993,0.1449,0.1958,0.1884,0.1540,0.1514,0.1877,0.1958,0.1692,0.1584,0.1343,0.1244,0.1958,0.1498,0.1568,0.1806,0.1718,0.1162,0.1883,0.3410,0.1321,0.1761,0.1916,0.1162,0.1545,0.1978,0.1208,0.1917,0.1786,0.1584,0.1901,0.1860,0.1881,0.1633,0.1977,0.1843,IDLE,IDLE,IDLE,IDLE,TOPICKUP,ONJOB,IDLE,IDLE,IDLE,IDLE,IDLE,IDLE,IDLE,IDLE,IDLE,IDLE,IDLE,IDLE,IDLE,IDLE,IDLE,IDLE,IDLE,IDLE,IDLE,IDLE,IDLE,IDLE,IDLE,IDLE,IDLE,IDLE,IDLE,TOPICKUP,IDLE,IDLE,IDLE,IDLE,IDLE,IDLE,IDLE,IDLE,IDLE,IDLE,IDLE,IDLE,IDLE,IDLE,IDLE,IDLE
86,2024-01-04 14:00:01,0.00,0.00,0,0.0000,0.0000,0.00,0.9998,0.9999,0.9997,0.9997,0.9998,0.9998,0.9998,0.9997,0.9998,0.9998,0.9999,0.9998,0.9998,0.9999,0.9998,0.9999,0.9998,0.9997,0.9998,0.9998,0.9997,0.9998,0.9999,0.9998,0.9998,0.9999,0.9998,0.9998,0.9998,0.9997,0.9998,0.9998,0.9998,0.9998,0.9998,0.9997,0.9997,0.9998,0.9998,0.9998,0.9998,0.9998,0.9998,0.9998,0.9998,0.9997,0.9999,0.9998,0.9998,0.9999,0.1438,0.1191,0.1865,0.1761,0.4729,0.5166,0.1208,0.1891,0.1883,0.1498,0.1848,0.1325,0.1839,0.1449,0.1993,0.1449,0.1958,0.1884,0.1540,0.1514,0.1877,0.1958,0.1692,0.1584,0.1343,0.1244,0.1958,0.1498,0.1568,0.1806,0.1718,0.1162,0.1883,0.3410,0.1321,0.1761,0.1916,0.1162,0.1545,0.1978,0.1208,0.1917,0.1786,0.1584,0.1901,0.1860,0.1881,0.1633,0.1977,0.1843,IDLE,IDLE,IDLE,IDLE,TOPICKUP,IDLE,IDLE,IDLE,IDLE,IDLE,IDLE,IDLE,IDLE,IDLE,IDLE,IDLE,IDLE,IDLE,IDLE,IDLE,IDLE,IDLE,IDLE,IDLE,IDLE,IDLE,IDLE,IDLE,IDLE,IDLE,IDLE,IDLE,IDLE,TOPICKUP,IDLE,IDLE,IDLE,IDLE,IDLE,IDLE,IDLE,IDLE,IDLE,IDLE,IDLE,IDLE,IDLE,IDLE,IDLE,IDLE
87,2024-01-04 15:00:01,0.00,0.00,0,0.0000,0.0000,34.25,0.9998,0.9999,0.9997,0.9997,0.9998,0.9998,0.9998,0.9997,0.9998,0.9998,0.9999,0.9998,0.9998,0.9999,0.9998,0.9999,0.9998,0.9997,0.9998,0.9998,0.9997,0.9998,0.9999,0.9998,0.9998,0.9999,0.9998,0.9998,0.9998,0.9997,0.9998,0.9998,0.9998,0.9998,0.9998,0.9997,0.9997,0.9998,0.9998,0.9998,0.9998,0.9998,0.9998,0.9998,0.9998,0.9997,0.9999,0.9998,0.9998,0.9999,0.1438,0.1191,0.1865,0.1761,0.4729,0.5071,0.1208,0.1891,0.1883,0.1498,0.1848,0.1325,0.1839,0.1449,0.1993,0.1449,0.1958,0.1884,0.1540,0.1514,0.1877,0.1958,0.1692,0.1584,0.1343,0.1244,0.1958,0.1498,0.1568,0.1806,0.1718,0.1162,0.1883,0.3410,0.1321,0.1761,0.1916,0.1162,0.1545,0.1978,0.1208,0.1917,0.1786,0.1584,0.1901,0.1860,0.1881,0.1633,0.1977,0.1843,IDLE,IDLE,IDLE,IDLE,TOPICKUP,ONJOB,IDLE,IDLE,IDLE,IDLE,IDLE,IDLE,IDLE,IDLE,IDLE,IDLE,IDLE,IDLE,IDLE,IDLE,IDLE,IDLE,IDLE,IDLE,IDLE,IDLE,IDLE,IDLE,IDLE,IDLE,IDLE,IDLE,IDLE,TOPICKUP,IDLE,IDLE,IDLE,IDLE,IDLE,IDLE,IDLE,IDLE,IDLE,IDLE,IDLE,IDLE,IDLE,IDLE,IDLE,IDLE
88,2024-01-04 16:00:01,0.00,0.00,0,0.0000,0.0000,0.00,0.9998,0.9999,0.9997,0.9997,0.9998,0.9998,0.9998,0.9997,0.9998,0.9998,0.9999,0.9998,0.9998,0.9999,0.9998,0.9999,0.9998,0.9997,0.9998,0.9998,0.9997,0.9998,0.9999,0.9998,0.9998,0.9999,0.9998,0.9998,0.9998,0.9997,0.9998,0.9998,0.9998,0.9998,0.9998,0.9997,0.9997,0.9998,0.9998,0.9998,0.9998,0.9998,0.9998,0.9998,0.9998,0.9997,0.9999,0.9998,0.9998,0.9999,0.1438,0.1191,0.1865,0.1761,0.4729,0.4750,0.1208,0.1891,0.1883,0.1498,0.1848,0.1325,0.1839,0.1449,0.1993,0.1449,0.1958,0.1884,0.1540,0.1514,0.1877,0.1958,0.1692,0.1584,0.1343,0.1244,0.1958,0.1498,0.1568,0.1806,0.1718,0.1162,0.1883,0.3410,0.1321,0.1761,0.1916,0.1162,0.1545,0.1978,0.1208,0.1917,0.1786,0.1584,0.1901,0.1860,0.1881,0.1633,0.1977,0.1843,IDLE,IDLE,IDLE,IDLE,TOPICKUP,IDLE,IDLE,IDLE,IDLE,IDLE,IDLE,IDLE,IDLE,IDLE,IDLE,IDLE,IDLE,IDLE,IDLE,IDLE,IDLE,IDLE,IDLE,IDLE,IDLE,IDLE,IDLE,IDLE,IDLE,IDLE,IDLE,IDLE,IDLE,TOPICKUP,IDLE,IDLE,IDLE,IDLE,IDLE,IDLE,IDLE,IDLE,IDLE,IDLE,IDLE,IDLE,IDLE,IDLE,IDLE,IDLE
89,2024-01-04 17:00:01,0.00,0.00,0,0.0000,0.0000,20.50,0.9998,0.9999,0.9997,0.9997,0.9998,0.9998,0.9998,0.9997,0.9998,0.9998,0.9999,0.9998,0.9998,0.9999,0.9998,0.9999,0.9998,0.9997,0.9998,0.9998,0.9997,0.9998,0.9999,0.9998,0.9998,0.9999,0.9998,0.9998,0.9998,0.9997,0.9998,0.9998,0.9998,0.9998,0.9998,0.9997,0.9997,0.9998,0.9998,0.9998,0.9998,0.9998,0.9998,0.9998,0.9998,0.9997,0.9999,0.9998,0.9998,0.9999,0.1438,0.1191,0.1865,0.1761,0.4729,0.4695,0.1208,0.1891,0.1883,0.1498,0.1848,0.1325,0.1839,0.1449,0.1993,0.1449,0.1958,0.1884,0.1540,0.1514,0.1877,0.1958,0.1692,0.1584,0.1343,0.1244,0.1958,0.1498,0.1568,0.1806,0.1718,0.1162,0.1883,0.3410,0.1321,0.1761,0.1916,0.1162,0.1545,0.1978,0.1208,0.1917,0.1786,0.1584,0.1901,0.1860,0.1881,0.1633,0.1977,0.1843,IDLE,IDLE,IDLE,IDLE,TOPICKUP,ONJOB,IDLE,IDLE,IDLE,IDLE,IDLE,IDLE,IDLE,IDLE,IDLE,IDLE,IDLE,IDLE,IDLE,IDLE,IDLE,IDLE,IDLE,IDLE,IDLE,IDLE,IDLE,IDLE,IDLE,IDLE,IDLE,IDLE,IDLE,TOPICKUP,IDLE,IDLE,IDLE,IDLE,IDLE,IDLE,IDLE,IDLE,IDLE,IDLE,IDLE,IDLE,IDLE,IDLE,IDLE,IDLE
90,2024-01-04 18:00:01,0.00,0.00,0,0.0000,0.0000,0.00,0.9998,0.9999,0.9997,0.9997,0.9998,0.9998,0.9998,0.9997,0.9998,0.9998,0.9999,0.9998,0.9998,0.9999,0.9998,0.9999,0.9998,0.9997,0.9998,0.9998,0.9997,0.9998,0.9999,0.9998,0.9998,0.9999,0.9998,0.9998,0.9998,0.9997,0.9998,0.9998,0.9998,0.9998,0.9998,0.9997,0.9997,0.9998,0.9998,0.9998,0.9998,0.9998,0.9998,0.9998,0.9998,0.9997,0.9999,0.9998,0.9998,0.9999,0.1438,0.1191,0.1865,0.1761,0.4729,0.4269,0.1208,0.1891,0.1883,0.1498,0.1848,0.1325,0.1839,0.1449,0.1993,0.1449,0.1958,0.1884,0.1540,0.1514,0.1877,0.1958,0.1692,0.1584,0.1343,0.1244,0.1958,0.1498,0.1568,0.1806,0.1718,0.1162,0.1883,0.3410,0.1321,0.1761,0.1916,0.1162,0.1545,0.1978,0.1208,0.1917,0.1786,0.1584,0.1901,0.1860,0.1881,0.1633,0.1977,0.1843,IDLE,IDLE,IDLE,IDLE,TOPICKUP,IDLE,IDLE,IDLE,IDLE,IDLE,IDLE,IDLE,IDLE,IDLE,IDLE,IDLE,IDLE,IDLE,IDLE,IDLE,IDLE,IDLE,IDLE,IDLE,IDLE,IDLE,IDLE,IDLE,IDLE,IDLE,IDLE,IDLE,IDLE,TOPICKUP,IDLE,IDLE,IDLE,IDLE,IDLE,IDLE,IDLE,IDLE,IDLE,IDLE,IDLE,IDLE,IDLE,IDLE,IDLE,IDLE
91,2024-01-04 19:00:01,0.00,0.00,0,0.0000,0.0000,28.50,0.9998,0.9999,0.9997,0.9997,0.9998,0.9998,0.9998,0.9997,0.9998,0.9998,0.9999,0.9998,0.9998,0.9999,0.9998,0.9999,0.9998,0.9997,0.9998,0.9998,0.9997,0.9998,0.9999,0.9998,0.9998,0.9999,0.9998,0.9998,0.9998,0.9997,0.9998,0.9998,0.9998,0.9998,0.9998,0.9997,0.9997,0.9998,0.9998,0.9998,0.9998,0.9998,0.9998,0.9998,0.9998,0.9997,0.9999,0.9998,0.9998,0.9999,0.1438,0.1191,0.1865,0.1761,0.4729,0.4156,0.1208,0.1891,0.1883,0.1498,0.1848,0.1325,0.1839,0.1449,0.1993,0.1449,0.1958,0.1884,0.1540,0.1514,0.1877,0.1958,0.1692,0.1584,0.1343,0.1244,0.1958,0.1498,0.1568,0.1806,0.1718,0.1162,0.1883,0.3410,0.1321,0.1761,0.1916,0.1162,0.1545,0.1978,0.1208,0.1917,0.1786,0.1584,0.1901,0.1860,0.1881,0.1633,0.1977,0.1843,IDLE,IDLE,IDLE,IDLE,TOPICKUP,ONJOB,IDLE,IDLE,IDLE,IDLE,IDLE,IDLE,IDLE,IDLE,IDLE,IDLE,IDLE,IDLE,IDLE,IDLE,IDLE,IDLE,IDLE,IDLE,IDLE,IDLE,IDLE,IDLE,IDLE,IDLE,IDLE,IDLE,IDLE,TOPICKUP,IDLE,IDLE,IDLE,IDLE,IDLE,IDLE,IDLE,IDLE,IDLE,IDLE,IDLE,IDLE,IDLE,IDLE,IDLE,IDLE
92,2024-01-04 20:00:01,0.00,0.00,0,0.0000,0.0000,0.00,0.9998,0.9999,0.9997,0.9997,0.9998,0.9998,0.9998,0.9997,0.9998,0.9998,0.9999,0.9998,0.9998,0.9999,0.9998,0.9999,0.9998,0.9997,0.9998,0.9998,0.9997,0.9998,0.9999,0.9998,0.9998,0.9999,0.9998,0.9998,0.9998,0.9997,0.9998,0.9998,0.9998,0.9998,0.9998,0.9997,0.9997,0.9998,0.9998,0.9998,0.9998,0.9998,0.9998,0.9998,0.9998,0.9997,0.9999,0.9998,0.9998,0.9999,0.1438,0.1191,0.1865,0.1761,0.4729,0.3882,0.1208,0.1891,0.1883,0.1498,0.1848,0.1325,0.1839,0.1449,0.1993,0.1449,0.1958,0.1884,0.1540,0.1514,0.1877,0.1958,0.1692,0.1584,0.1343,0.1244,0.1958,0.1498,0.1568,0.1806,0.1718,0.1162,0.1883,0.3410,0.1321,0.1761,0.1916,0.1162,0.1545,0.1978,0.1208,0.1917,0.1786,0.1584,0.1901,0.1860,0.1881,0.1633,0.1977,0.1843,IDLE,IDLE,IDLE,IDLE,TOPICKUP,IDLE,IDLE,IDLE,IDLE,IDLE,IDLE,IDLE,IDLE,IDLE,IDLE,IDLE,IDLE,IDLE,IDLE,IDLE,IDLE,IDLE,IDLE,IDLE,IDLE,IDLE,IDLE,IDLE,IDLE,IDLE,IDLE,IDLE,IDLE,TOPICKUP,IDLE,IDLE,IDLE,IDLE,IDLE,IDLE,IDLE,IDLE,IDLE,IDLE,IDLE,IDLE,IDLE,IDLE,IDLE,IDLE
93,2024-01-04 21:00:01,0.00,0.00,0,0.0000,0.0000,23.25,0.9998,0.9999,0.9997,0.9997,0.9998,0.9998,0.9998,0.9997,0.9998,0.9998,0.9999,0.9998,0.9998,0.9999,0.9998,0.9999,0.9998,0.9997,0.9998,0.9998,0.9997,0.9998,0.9999,0.9998,0.9998,0.9999,0.9998,0.9998,0.9998,0.9997,0.9998,0.9998,0.9998,0.9998,0.9998,0.9997,0.9997,0.9998,0.9998,0.9998,0.9998,0.9998,0.9998,0.9998,0.9998,0.9997,0.9999,0.9998,0.9998,0.9999,0.1438,0.1191,0.1865,0.1761,0.4729,0.3769,0.1208,0.1891,0.1883,0.1498,0.1848,0.1325,0.1839,0.1449,0.1993,0.1449,0.1958,0.1884,0.1540,0.1514,0.1877,0.1958,0.1692,0.1584,0.1343,0.1244,0.1958,0.1498,0.1568,0.1806,0.1718,0.1162,0.1883,0.3410,0.1321,0.1761,0.1916,0.1162,0.1545,0.1978,0.1208,0.1917,0.1786,0.1584,0.1901,0.1860,0.1881,0.1633,0.1977,0.1843,IDLE,IDLE,IDLE,IDLE,TOPICKUP,ONJOB,IDLE,IDLE,IDLE,IDLE,IDLE,IDLE,IDLE,IDLE,IDLE,IDLE,IDLE,IDLE,IDLE,IDLE,IDLE,IDLE,IDLE,IDLE,IDLE,IDLE,IDLE,IDLE,IDLE,IDLE,IDLE,IDLE,IDLE,TOPICKUP,IDLE,IDLE,IDLE,IDLE,IDLE,IDLE,IDLE,IDLE,IDLE,IDLE,IDLE,IDLE,IDLE,IDLE,IDLE,IDLE
94,2024-01-04 22:00:01,0.00,0.00,0,0.0000,0.0000,0.00,0.9998,0.9999,0.9997,0.9997,0.9998,0.9998,0.9998,0.9997,0.9998,0.9998,0.9999,0.9998,0.9998,0.9999,0.9998,0.9999,0.9998,0.9997,0.9998,0.9998,0.9997,0.9998,0.9999,0.9998,0.9998,0.9999,0.9998,0.9998,0.9998,0.9997,0.9998,0.9998,0.9998,0.9998,0.9998,0.9997,0.9997,0.9998,0.9998,0.9998,0.9998,0.9998,0.9998,0.9998,0.9998,0.9997,0.9999,0.9998,0.9998,0.9999,0.1438,0.1191,0.1865,0.1761,0.4729,0.3491,0.1208,0.1891,0.1883,0.1498,0.1848,0.1325,0.1839,0.1449,0.1993,0.1449,0.1958,0.1884,0.1540,0.1514,0.1877,0.1958,0.1692,0.1584,0.1343,0.1244,0.1958,0.1498,0.1568,0.1806,0.1718,0.1162,0.1883,0.3410,0.1321,0.1761,0.1916,0.1162,0.1545,0.1978,0.1208,0.1917,0.1786,0.1584,0.1901,0.1860,0.1881,0.1633,0.1977,0.1843,IDLE,IDLE,IDLE,IDLE,TOPICKUP,IDLE,IDLE,IDLE,IDLE,IDLE,IDLE,IDLE,IDLE,IDLE,IDLE,IDLE,IDLE,IDLE,IDLE,IDLE,IDLE,IDLE,IDLE,IDLE,IDLE,IDLE,IDLE,IDLE,IDLE,IDLE,IDLE,IDLE,IDLE,TOPICKUP,IDLE,IDLE,IDLE,IDLE,IDLE,IDLE,IDLE,IDLE,IDLE,IDLE,IDLE,IDLE,IDLE,IDLE,IDLE,IDLE
95,2024-01-04 23:00:01,0.00,0.00,0,0.0000,0.0000,29.00,0.9998,0.9999,0.9997,0.9997,0.9998,0.9998,0.9998,0.9997,0.9998,0.9998,0.9999,0.9998,0.9998,0.9999,0.9998,0.9999,0.9998,0.9997,0.9998,0.9998,0.9997,0.9998,0.9999,0.9998,0.9998,0.9999,0.9998,0.9998,0.9998,0.9997,0.9998,0.9998,0.9998,0.9998,0.9998,0.9997,0.9997,0.9998,0.9998,0.9998,0.9998,0.9998,0.9998,0.9998,0.9998,0.9997,0.9999,0.9998,0.9998,0.9999,0.1438,0.1191,0.1865,0.1761,0.4729,0.3395,0.1208,0.1891,0.1883,0.1498,0.1848,0.1325,0.1839,0.1449,0.1993,0.1449,0.1958,0.1884,0.1540,0.1514,0.1877,0.1958,0.1692,0.1584,0.1343,0.1244,0.1958,0.1498,0.1568,0.1806,0.1718,0.1162,0.1883,0.3410,0.1321,0.1761,0.1916,0.1162,0.1545,0.1978,0.1208,0.1917,0.1786,0.1584,0.1901,0.1860,0.1881,0.1633,0.1977,0.1843,IDLE,IDLE,IDLE,IDLE,TOPICKUP,ONJOB,IDLE,IDLE,IDLE,IDLE,IDLE,IDLE,IDLE,IDLE,IDLE,IDLE,IDLE,IDLE,IDLE,IDLE,IDLE,IDLE,IDLE,IDLE,IDLE,IDLE,IDLE,IDLE,IDLE,IDLE,IDLE,IDLE,IDLE,TOPICKUP,IDLE,IDLE,IDLE,IDLE,IDLE,IDLE,IDLE,IDLE,IDLE,IDLE,IDLE,IDLE,IDLE,IDLE,IDLE,IDLE
96,2024-01-05 00:00:01,0.00,0.00,0,0.0000,0.0000,0.00,0.9998,0.9999,0.9997,0.9997,0.9998,0.9998,0.9998,0.9997,0.9998,0.9998,0.9999,0.9998,0.9998,0.9999,0.9998,0.9999,0.9998,0.9997,0.9998,0.9998,0.9997,0.9998,0.9999,0.9998,0.9998,0.9999,0.9998,0.9998,0.9998,0.9997,0.9998,0.9998,0.9998,0.9998,0.9998,0.9997,0.9997,0.9998,0.9998,0.9998,0.9998,0.9998,0.9998,0.9998,0.9998,0.9997,0.9999,0.9998,0.9998,0.9999,0.1438,0.1191,0.1865,0.1761,0.4729,0.2982,0.1208,0.1891,0.1883,0.1498,0.1848,0.1325,0.1839,0.1449,0.1993,0.1449,0.1958,0.1884,0.1540,0.1514,0.1877,0.1958,0.1692,0.1584,0.1343,0.1244,0.1958,0.1498,0.1568,0.1806,0.1718,0.1162,0.1883,0.3410,0.1321,0.1761,0.1916,0.1162,0.1545,0.1978,0.1208,0.1917,0.1786,0.1584,0.1901,0.1860,0.1881,0.1633,0.1977,0.1843,IDLE,IDLE,IDLE,IDLE,TOPICKUP,IDLE,IDLE,IDLE,IDLE,IDLE,IDLE,IDLE,IDLE,IDLE,IDLE,IDLE,IDLE,IDLE,IDLE,IDLE,IDLE,IDLE,IDLE,IDLE,IDLE,IDLE,IDLE,IDLE,IDLE,IDLE,IDLE,IDLE,IDLE,TOPICKUP,IDLE,IDLE,IDLE,IDLE,IDLE,IDLE,IDLE,IDLE,IDLE,IDLE,IDLE,IDLE,IDLE,IDLE,IDLE,IDLE
97,2024-01-05 01:00:01,0.00,0.00,0,0.0000,0.0000,26.50,0.9998,0.9999,0.9997,0.9997,0.9998,0.9998,0.9998,0.9997,0.9998,0.9998,0.9999,0.9998,0.9998,0.9999,0.9998,0.9999,0.9998,0.9997,0.9998,0.9998,0.9997,0.9998,0.9999,0.9998,0.9998,0.9999,0.9998,0.9998,0.9998,0.9997,0.9998,0.9998,0.9998,0.9998,0.9998,0.9997,0.9997,0.9998,0.9998,0.9998,0.9998,0.9998,0.9998,0.9998,0.9998,0.9997,0.9999,0.9998,0.9998,0.9999,0.1438,0.1191,0.1865,0.1761,0.4729,0.2840,0.1208,0.1891,0.1883,0.1498,0.1848,0.1325,0.1839,0.1449,0.1993,0.1449,0.1958,0.1884,0.1540,0.1514,0.1877,0.1958,0.1692,0.1584,0.1343,0.1244,0.1958,0.1498,0.1568,0.1806,0.1718,0.1162,0.1883,0.3410,0.1321,0.1761,0.1916,0.1162,0.1545,0.1978,0.1208,0.1917,0.1786,0.1584,0.1901,0.1860,0.1881,0.1633,0.1977,0.1843,IDLE,IDLE,IDLE,IDLE,TOPICKUP,ONJOB,IDLE,IDLE,IDLE,IDLE,IDLE,IDLE,IDLE,IDLE,IDLE,IDLE,IDLE,IDLE,IDLE,IDLE,IDLE,IDLE,IDLE,IDLE,IDLE,IDLE,IDLE,IDLE,IDLE,IDLE,IDLE,IDLE,IDLE,TOPICKUP,IDLE,IDLE,IDLE,IDLE,IDLE,IDLE,IDLE,IDLE,IDLE,IDLE,IDLE,IDLE,IDLE,IDLE,IDLE,IDLE
98,2024-01-05 02:00:01,0.00,0.00,0,0.0000,0.0000,0.00,0.9998,0.9999,0.9997,0.9997,0.9998,0.9998,0.9998,0.9997,0.9998,0.9998,0.9999,0.9998,0.9998,0.9999,0.9998,0.9999,0.9998,0.9997,0.9998,0.9998,0.9997,0.9998,0.9999,0.9998,0.9998,0.9999,0.9998,0.9998,0.9998,0.9997,0.9998,0.9998,0.9998,0.9998,0.9998,0.9997,0.9997,0.9998,0.9998,0.9998,0.9998,0.9998,0.9998,0.9998,0.9998,0.9997,0.9999,0.9998,0.9998,0.9999,0.1438,0.1191,0.1865,0.1761,0.4729,0.2785,0.1208,0.1891,0.1883,0.1498,0.1848,0.1325,0.1839,0.1449,0.1993,0.1449,0.1958,0.1884,0.1540,0.1514,0.1877,0.1958,0.1692,0.1584,0.1343,0.1244,0.1958,0.1498,0.1568,0.1806,0.1718,0.1162,0.1883,0.3410,0.1321,0.1761,0.1916,0.1162,0.1545,0.1978,0.1208,0.1917,0.1786,0.1584,0.1901,0.1860,0.1881,0.1633,0.1977,0.1843,IDLE,IDLE,IDLE,IDLE,TOPICKUP,IDLE,IDLE,IDLE,IDLE,IDLE,IDLE,IDLE,IDLE,IDLE,IDLE,IDLE,IDLE,IDLE,IDLE,IDLE,IDLE,IDLE,IDLE,IDLE,IDLE,IDLE,IDLE,IDLE,IDLE,IDLE,IDLE,IDLE,IDLE,TOPICKUP,IDLE,IDLE,IDLE,IDLE,IDLE,IDLE,IDLE,IDLE,IDLE,IDLE,IDLE,IDLE,IDLE,IDLE,IDLE,IDLE
99,2024-01-05 03:00:01,0.00,0.00,0,0.0000,0.0000,12.75,0.9998,0.9999,0.9997,0.9997,0.9998,0.9998,0.9998,0.9997,0.9998,0.9998,0.9999,0.9998,0.9998,0.9999,0.9998,0.9999,0.9998,0.9997,0.9998,0.9998,0.9997,0.9998,0.9999,0.9998,0.9998,0.9999,0.9998,0.9998,0.9998,0.9997,0.9998,0.9998,0.9998,0.9998,0.9998,0.9997,0.9997,0.9998,0.9998,0.9998,0.9998,0.9998,0.9998,0.9998,0.9998,0.9997,0.9999,0.9998,0.9998,0.9999,0.1438,0.1191,0.1865,0.1761,0.4729,0.2690,0.1208,0.1891,0.1883,0.1498,0.1848,0.1325,0.1839,0.1449,0.1993,0.1449,0.1958,0.1884,0.1540,0.1514,0.1877,0.1958,0.1692,0.1584,0.1343,0.1244,0.1958,0.1498,0.1568,0.1806,0.1718,0.1162,0.1883,0.3410,0.1321,0.1761,0.1916,0.1162,0.1545,0.1978,0.1208,0.1917,0.1786,0.1584,0.1901,0.1860,0.1881,0.1633,0.1977,0.1843,IDLE,IDLE,IDLE,IDLE,TOPICKUP,ONJOB,IDLE,IDLE,IDLE,IDLE,IDLE,IDLE,IDLE,IDLE,IDLE,IDLE,IDLE,IDLE,IDLE,IDLE,IDLE,IDLE,IDLE,IDLE,IDLE,IDLE,IDLE,IDLE,IDLE,IDLE,IDLE,IDLE,IDLE,TOPICKUP,IDLE,IDLE,IDLE,IDLE,IDLE,IDLE,IDLE,IDLE,IDLE,IDLE,IDLE,IDLE,IDLE,IDLE,IDLE,IDLE
100,2024-01-05 04:00:01,0.00,0.00,0,0.0000,0.0000,0.00,0.9998,0.9999,0.9997,0.9997,0.9998,0.9998,0.9998,0.9997,0.9998,0.9998,0.9999,0.9998,0.9998,0.9999,0.9998,0.9999,0.9998,0.9997,0.9998,0.9998,0.9997,0.9998,0.9999,0.9998,0.9998,0.9999,0.9998,0.9998,0.9998,0.9997,0.9998,0.9998,0.9998,0.9998,0.9998,0.9997,0.9997,0.9998,0.9998,0.9998,0.9998,0.9998,0.9998,0.9998,0.9998,0.9997,0.9999,0.9998,0.9998,0.9999,0.1438,0.1191,0.1865,0.1761,0.4729,0.2565,0.1208,0.1891,0.1883,0.1498,0.1848,0.1325,0.1839,0.1449,0.1993,0.1449,0.1958,0.1884,0.1540,0.1514,0.1877,0.1958,0.1692,0.1584,0.1343,0.1244,0.1958,0.1498,0.1568,0.1806,0.1718,0.1162,0.1883,0.3410,0.1321,0.1761,0.1916,0.1162,0.1545,0.1978,0.1208,0.1917,0.1786,0.1584,0.1901,0.1860,0.1881,0.1633,0.1977,0.1843,IDLE,IDLE,IDLE,IDLE,TOPICKUP,IDLE,IDLE,IDLE,IDLE,IDLE,IDLE,IDLE,IDLE,IDLE,IDLE,IDLE,IDLE,IDLE,IDLE,IDLE,IDLE,IDLE,IDLE,IDLE,IDLE,IDLE,IDLE,IDLE,IDLE,IDLE,IDLE,IDLE,IDLE,TOPICKUP,IDLE,IDLE,IDLE,IDLE,IDLE,IDLE,IDLE,IDLE,IDLE,IDLE,IDLE,IDLE,IDLE,IDLE,IDLE,IDLE
101,2024-01-05 05:00:01,0.00,0.00,0,0.0000,0.0000,29.00,0.9998,0.9999,0.9997,0.9997,0.9998,0.9998,0.9998,0.9997,0.9998,0.9998,0.9999,0.9998,0.9998,0.9999,0.9998,0.9999,0.9998,0.9997,0.9998,0.9998,0.9997,0.9998,0.9999,0.9998,0.9998,0.9999,0.9998,0.9998,0.9998,0.9997,0.9998,0.9998,0.9998,0.9998,0.9998,0.9997,0.9997,0.9998,0.9998,0.9998,0.9998,0.9998,0.9998,0.9998,0.9998,0.9997,0.9999,0.9998,0.9998,0.9999,0.1438,0.1191,0.1865,0.1761,0.4729,0.2510,0.1208,0.1891,0.1883,0.1498,0.1848,0.1325,0.1839,0.1449,0.1993,0.1449,0.1958,0.1884,0.1540,0.1514,0.1877,0.1958,0.1692,0.1584,0.1343,0.1244,0.1958,0.1498,0.1568,0.1806,0.1718,0.1162,0.1883,0.3410,0.1321,0.1761,0.1916,0.1162,0.1545,0.1978,0.1208,0.1917,0.1786,0.1584,0.1901,0.1860,0.1881,0.1633,0.1977,0.1843,IDLE,IDLE,IDLE,IDLE,TOPICKUP,ONJOB,IDLE,IDLE,IDLE,IDLE,IDLE,IDLE,IDLE,IDLE,IDLE,IDLE,IDLE,IDLE,IDLE,IDLE,IDLE,IDLE,IDLE,IDLE,IDLE,IDLE,IDLE,IDLE,IDLE,IDLE,IDLE,IDLE,IDLE,TOPICKUP,IDLE,IDLE,IDLE,IDLE,IDLE,IDLE,IDLE,IDLE,IDLE,IDLE,IDLE,IDLE,IDLE,IDLE,IDLE,IDLE
102,2024-01-05 06:00:01,0.00,0.00,0,0.0000,0.0000,0.00,0.9998,0.9999,0.9997,0.9997,0.9998,0.9998,0.9998,0.9997,0.9998,0.9998,0.9999,0.9998,0.9998,0.9999,0.9998,0.9999,0.9998,0.9997,0.9998,0.9998,0.9997,0.9998,0.9999,0.9998,0.9998,0.9999,0.9998,0.9998,0.9998,0.9997,0.9998,0.9998,0.9998,0.9998,0.9998,0.9997,0.9997,0.9998,0.9998,0.9998,0.9998,0.9998,0.9998,0.9998,0.9998,0.9997,0.9999,0.9998,0.9998,0.9999,0.1438,0.1191,0.1865,0.1761,0.4729,0.2192,0.1208,0.1891,0.1883,0.1498,0.1848,0.1325,0.1839,0.1449,0.1993,0.1449,0.1958,0.1884,0.1540,0.1514,0.1877,0.1958,0.1692,0.1584,0.1343,0.1244,0.1958,0.1498,0.1568,0.1806,0.1718,0.1162,0.1883,0.3410,0.1321,0.1761,0.1916,0.1162,0.1545,0.1978,0.1208,0.1917,0.1786,0.1584,0.1901,0.1860,0.1881,0.1633,0.1977,0.1843,IDLE,IDLE,IDLE,IDLE,TOPICKUP,IDLE,IDLE,IDLE,IDLE,IDLE,IDLE,IDLE,IDLE,IDLE,IDLE,IDLE,IDLE,IDLE,IDLE,IDLE,IDLE,IDLE,IDLE,IDLE,IDLE,IDLE,IDLE,IDLE,IDLE,IDLE,IDLE,IDLE,IDLE,TOPICKUP,IDLE,IDLE,IDLE,IDLE,IDLE,IDLE,IDLE,IDLE,IDLE,IDLE,IDLE,IDLE,IDLE,IDLE,IDLE,IDLE
103,2024-01-05 07:00:01,0.00,0.00,0,0.0000,0.0000,47.99,0.9998,0.9999,0.9997,0.9997,0.9998,0.9998,0.9998,0.9997,0.9998,0.9998,0.9999,0.9998,0.9998,0.9999,0.9998,0.9999,0.9998,0.9997,0.9998,0.9998,0.9997,0.9998,0.9999,0.9998,0.9998,0.9999,0.9998,0.9998,0.9998,0.9997,0.9998,0.9998,0.9998,0.9998,0.9998,0.9997,0.9997,0.9998,0.9998,0.9998,0.9998,0.9998,0.9998,0.9998,0.9998,0.9997,0.9999,0.9998,0.9998,0.9999,0.1438,0.1191,0.1865,0.1761,0.4729,0.2137,0.1208,0.1891,0.1883,0.1498,0.1848,0.1325,0.1839,0.1449,0.1993,0.1449,0.1958,0.1884,0.1540,0.1514,0.1877,0.1958,0.1692,0.1584,0.1343,0.1244,0.1958,0.1498,0.1568,0.1806,0.1718,0.1162,0.1883,0.3410,0.1321,0.1761,0.1916,0.1162,0.1545,0.1978,0.1208,0.1917,0.1786,0.1584,0.1901,0.1860,0.1881,0.1633,0.1977,0.1843,IDLE,IDLE,IDLE,IDLE,TOPICKUP,ONJOB,IDLE,IDLE,IDLE,IDLE,IDLE,IDLE,IDLE,IDLE,IDLE,IDLE,IDLE,IDLE,IDLE,IDLE,IDLE,IDLE,IDLE,IDLE,IDLE,IDLE,IDLE,IDLE,IDLE,IDLE,IDLE,IDLE,IDLE,TOPICKUP,IDLE,IDLE,IDLE,IDLE,IDLE,IDLE,IDLE,IDLE,IDLE,IDLE,IDLE,IDLE,IDLE,IDLE,IDLE,IDLE
104,2024-01-05 08:00:01,0.00,0.00,0,0.0000,0.0000,0.00,0.9998,0.9999,0.9997,0.9997,0.9998,0.9998,0.9998,0.9997,0.9998,0.9998,0.9999,0.9998,0.9998,0.9999,0.9998,0.9999,0.9998,0.9997,0.9998,0.9998,0.9997,0.9998,0.9999,0.9998,0.9998,0.9999,0.9998,0.9998,0.9998,0.9997,0.9998,0.9998,0.9998,0.9998,0.9998,0.9997,0.9997,0.9998,0.9998,0.9998,0.9998,0.9998,0.9998,0.9998,0.9998,0.9997,0.9999,0.9998,0.9998,0.9999,0.1438,0.1191,0.1865,0.1761,0.4729,0.1870,0.1208,0.1891,0.1883,0.1498,0.1848,0.1325,0.1839,0.1449,0.1993,0.1449,0.1958,0.1884,0.1540,0.1514,0.1877,0.1958,0.1692,0.1584,0.1343,0.1244,0.1958,0.1498,0.1568,0.1806,0.1718,0.1162,0.1883,0.3410,0.1321,0.1761,0.1916,0.1162,0.1545,0.1978,0.1208,0.1917,0.1786,0.1584,0.1901,0.1860,0.1881,0.1633,0.1977,0.1843,IDLE,IDLE,IDLE,IDLE,TOPICKUP,IDLE,IDLE,IDLE,IDLE,IDLE,IDLE,IDLE,IDLE,IDLE,IDLE,IDLE,IDLE,IDLE,IDLE,IDLE,IDLE,IDLE,IDLE,IDLE,IDLE,IDLE,IDLE,IDLE,IDLE,IDLE,IDLE,IDLE,IDLE,TOPICKUP,IDLE,IDLE,IDLE,IDLE,IDLE,IDLE,IDLE,IDLE,IDLE,IDLE,IDLE,IDLE,IDLE,IDLE,IDLE,IDLE
105,2024-01-05 09:00:01,0.00,0.00,0,0.0000,0.0000,0.00,0.9998,0.9999,0.9997,0.9997,0.9998,0.9998,0.9998,0.9997,0.9998,0.9998,0.9999,0.9998,0.9998,0.9999,0.9998,0.9999,0.9998,0.9997,0.9998,0.9998,0.9997,0.9998,0.9999,0.9998,0.9998,0.9999,0.9998,0.9998,0.9998,0.9997,0.9998,0.9998,0.9998,0.9998,0.9998,0.9997,0.9997,0.9998,0.9998,0.9998,0.9998,0.9998,0.9998,0.9998,0.9998,0.9997,0.9999,0.9998,0.9998,0.9999,0.1438,0.1191,0.1865,0.1761,0.4729,0.1870,0.1208,0.1891,0.1883,0.1498,0.1848,0.1325,0.1839,0.1449,0.1993,0.1449,0.1958,0.1884,0.1540,0.1514,0.1877,0.1958,0.1692,0.1584,0.1343,0.1244,0.1958,0.1498,0.1568,0.1806,0.1718,0.1162,0.1883,0.3410,0.1321,0.1761,0.1916,0.1162,0.1545,0.1978,0.1208,0.1917,0.1786,0.1584,0.1901,0.1860,0.1881,0.1633,0.1977,0.1843,IDLE,IDLE,IDLE,IDLE,TOPICKUP,IDLE,IDLE,IDLE,IDLE,IDLE,IDLE,IDLE,IDLE,IDLE,IDLE,IDLE,IDLE,IDLE,IDLE,IDLE,IDLE,IDLE,IDLE,IDLE,IDLE,IDLE,IDLE,IDLE,IDLE,IDLE,IDLE,IDLE,IDLE,TOPICKUP,IDLE,IDLE,IDLE,IDLE,IDLE,IDLE,IDLE,IDLE,IDLE,IDLE,IDLE,IDLE,IDLE,IDLE,IDLE,IDLE
106,2024-01-05 10:00:01,0.00,0.00,0,0.0000,0.0000,0.00,0.9998,0.9999,0.9997,0.9997,0.9998,0.9998,0.9998,0.9997,0.9998,0.9998,0.9999,0.9998,0.9998,0.9999,0.9998,0.9999,0.9998,0.9997,0.9998,0.9998,0.9997,0.9998,0.9999,0.9998,0.9998,0.9999,0.9998,0.9998,0.9998,0.9997,0.9998,0.9998,0.9998,0.9998,0.9998,0.9997,0.9997,0.9998,0.9998,0.9998,0.9998,0.9998,0.9998,0.9998,0.9998,0.9997,0.9999,0.9998,0.9998,0.9999,0.1438,0.1191,0.1865,0.1761,0.4729,0.1870,0.1208,0.1891,0.1883,0.1498,0.1848,0.1325,0.1839,0.1449,0.1993,0.1449,0.1958,0.1884,0.1540,0.1514,0.1877,0.1958,0.1692,0.1584,0.1343,0.1244,0.1958,0.1498,0.1568,0.1806,0.1718,0.1162,0.1883,0.3410,0.1321,0.1761,0.1916,0.1162,0.1545,0.1978,0.1208,0.1917,0.1786,0.1584,0.1901,0.1860,0.1881,0.1633,0.1977,0.1843,IDLE,IDLE,IDLE,IDLE,TOPICKUP,IDLE,IDLE,IDLE,IDLE,IDLE,IDLE,IDLE,IDLE,IDLE,IDLE,IDLE,IDLE,IDLE,IDLE,IDLE,IDLE,IDLE,IDLE,IDLE,IDLE,IDLE,IDLE,IDLE,IDLE,IDLE,IDLE,IDLE,IDLE,TOPICKUP,IDLE,IDLE,IDLE,IDLE,IDLE,IDLE,IDLE,IDLE,IDLE,IDLE,IDLE,IDLE,IDLE,IDLE,IDLE,IDLE
107,2024-01-05 11:00:01,0.00,0.00,0,0.0000,0.0000,0.00,0.9998,0.9999,0.9997,0.9997,0.9998,0.9998,0.9998,0.9997,0.9998,0.9998,0.9999,0.9998,0.9998,0.9999,0.9998,0.9999,0.9998,0.9997,0.9998,0.9998,0.9997,0.9998,0.9999,0.9998,0.9998,0.9999,0.9998,0.9998,0.9998,0.9997,0.9998,0.9998,0.9998,0.9998,0.9998,0.9997,0.9997,0.9998,0.9998,0.9998,0.9998,0.9998,0.9998,0.9998,0.9998,0.9997,0.9999,0.9998,0.9998,0.9999,0.1438,0.1191,0.1865,0.1761,0.4729,0.1870,0.1208,0.1891,0.1883,0.1498,0.1848,0.1325,0.1839,0.1449,0.1993,0.1449,0.1958,0.1884,0.1540,0.1514,0.1877,0.1958,0.1692,0.1584,0.1343,0.1244,0.1958,0.1498,0.1568,0.1806,0.1718,0.1162,0.1883,0.3410,0.1321,0.1761,0.1916,0.1162,0.1545,0.1978,0.1208,0.1917,0.1786,0.1584,0.1901,0.1860,0.1881,0.1633,0.1977,0.1843,IDLE,IDLE,IDLE,IDLE,TOPICKUP,IDLE,IDLE,IDLE,IDLE,IDLE,IDLE,IDLE,IDLE,IDLE,IDLE,IDLE,IDLE,IDLE,IDLE,IDLE,IDLE,IDLE,IDLE,IDLE,IDLE,IDLE,IDLE,IDLE,IDLE,IDLE,IDLE,IDLE,IDLE,TOPICKUP,IDLE,IDLE,IDLE,IDLE,IDLE,IDLE,IDLE,IDLE,IDLE,IDLE,IDLE,IDLE,IDLE,IDLE,IDLE,IDLE
108,2024-01-05 12:00:01,0.00,0.00,0,0.0000,0.0000,0.00,0.9998,0.9999,0.9997,0.9997,0.9998,0.9998,0.9998,0.9997,0.9998,0.9998,0.9999,0.9998,0.9998,0.9999,0.9998,0.9999,0.9998,0.9997,0.9998,0.9998,0.9997,0.9998,0.9999,0.9998,0.9998,0.9999,0.9998,0.9998,0.9998,0.9997,0.9998,0.9998,0.9998,0.9998,0.9998,0.9997,0.9997,0.9998,0.9998,0.9998,0.9998,0.9998,0.9998,0.9998,0.9998,0.9997,0.9999,0.9998,0.9998,0.9999,0.1438,0.1191,0.1865,0.1761,0.4729,0.1870,0.1208,0.1891,0.1883,0.1498,0.1848,0.1325,0.1839,0.1449,0.1993,0.1449,0.1958,0.1884,0.1540,0.1514,0.1877,0.1958,0.1692,0.1584,0.1343,0.1244,0.1958,0.1498,0.1568,0.1806,0.1718,0.1162,0.1883,0.3410,0.1321,0.1761,0.1916,0.1162,0.1545,0.1978,0.1208,0.1917,0.1786,0.1584,0.1901,0.1860,0.1881,0.1633,0.1977,0.1843,IDLE,IDLE,IDLE,IDLE,TOPICKUP,IDLE,IDLE,IDLE,IDLE,IDLE,IDLE,IDLE,IDLE,IDLE,IDLE,IDLE,IDLE,IDLE,IDLE,IDLE,IDLE,IDLE,IDLE,IDLE,IDLE,IDLE,IDLE,IDLE,IDLE,IDLE,IDLE,IDLE,IDLE,TOPICKUP,IDLE,IDLE,IDLE,IDLE,IDLE,IDLE,IDLE,IDLE,IDLE,IDLE,IDLE,IDLE,IDLE,IDLE,IDLE,IDLE
109,2024-01-05 13:00:01,0.00,0.00,0,0.0000,0.0000,31.75,0.9998,0.9999,0.9997,0.9997,0.9998,0.9998,0.9998,0.9997,0.9998,0.9998,0.9999,0.9998,0.9998,0.9999,0.9998,0.9999,0.9998,0.9997,0.9998,0.9998,0.9997,0.9998,0.9999,0.9998,0.9998,0.9999,0.9998,0.9998,0.9998,0.9997,0.9998,0.9998,0.9998,0.9998,0.9998,0.9997,0.9997,0.9998,0.9998,0.9998,0.9998,0.9998,0.9998,0.9998,0.9998,0.9997,0.9999,0.9998,0.9998,0.9999,0.1438,0.1191,0.1865,0.1761,0.4553,0.1870,0.1208,0.1891,0.1883,0.1498,0.1848,0.1325,0.1839,0.1449,0.1993,0.1449,0.1958,0.1884,0.1540,0.1514,0.1877,0.1958,0.1692,0.1584,0.1343,0.1244,0.1958,0.1498,0.1568,0.1806,0.1718,0.1162,0.1883,0.3279,0.1321,0.1761,0.1916,0.1162,0.1545,0.1978,0.1208,0.1917,0.1786,0.1584,0.1901,0.1860,0.1881,0.1633,0.1977,0.1843,IDLE,IDLE,IDLE,IDLE,ONJOB,IDLE,IDLE,IDLE,IDLE,IDLE,IDLE,IDLE,IDLE,IDLE,IDLE,IDLE,IDLE,IDLE,IDLE,IDLE,IDLE,IDLE,IDLE,IDLE,IDLE,IDLE,IDLE,IDLE,IDLE,IDLE,IDLE,IDLE,IDLE,ONJOB,IDLE,IDLE,IDLE,IDLE,IDLE,IDLE,IDLE,IDLE,IDLE,IDLE,IDLE,IDLE,IDLE,IDLE,IDLE,IDLE
110,2024-01-05 14:00:01,0.00,0.00,0,0.0000,0.0000,0.00,0.9998,0.9999,0.9997,0.9997,0.9998,0.9998,0.9998,0.9997,0.9998,0.9998,0.9999,0.9998,0.9998,0.9999,0.9998,0.9999,0.9998,0.9997,0.9998,0.9998,0.9997,0.9998,0.9999,0.9998,0.9998,0.9999,0.9998,0.9998,0.9998,0.9997,0.9998,0.9998,0.9998,0.9998,0.9998,0.9997,0.9997,0.9998,0.9998,0.9998,0.9998,0.9998,0.9998,0.9998,0.9998,0.9997,0.9999,0.9998,0.9998,0.9999,0.1438,0.1191,0.1865,0.1761,0.4175,0.1870,0.1208,0.1891,0.1883,0.1498,0.1848,0.1325,0.1839,0.1449,0.1993,0.1449,0.1958,0.1884,0.1540,0.1514,0.1877,0.1958,0.1692,0.1584,0.1343,0.1244,0.1958,0.1498,0.1568,0.1806,0.1718,0.1162,0.1883,0.2937,0.1321,0.1761,0.1916,0.1162,0.1545,0.1978,0.1208,0.1917,0.1786,0.1584,0.1901,0.1860,0.1881,0.1633,0.1977,0.1843,IDLE,IDLE,IDLE,IDLE,IDLE,IDLE,IDLE,IDLE,IDLE,IDLE,IDLE,IDLE,IDLE,IDLE,IDLE,IDLE,IDLE,IDLE,IDLE,IDLE,IDLE,IDLE,IDLE,IDLE,IDLE,IDLE,IDLE,IDLE,IDLE,IDLE,IDLE,IDLE,IDLE,IDLE,IDLE,IDLE,IDLE,IDLE,IDLE,IDLE,IDLE,IDLE,IDLE,IDLE,IDLE,IDLE,IDLE,IDLE,IDLE,IDLE
111,2024-01-05 15:00:01,0.00,0.00,0,0.0000,0.0000,40.00,0.9998,0.9999,0.9997,0.9997,0.9998,0.9998,0.9998,0.9997,0.9998,0.9998,0.9999,0.9998,0.9998,0.9999,0.9998,0.9999,0.9998,0.9997,0.9998,0.9998,0.9997,0.9998,0.9999,0.9998,0.9998,0.9999,0.9998,0.9998,0.9998,0.9997,0.9998,0.9998,0.9998,0.9998,0.9998,0.9997,0.9997,0.9998,0.9998,0.9998,0.9998,0.9998,0.9998,0.9998,0.9998,0.9997,0.9999,0.9998,0.9998,0.9999,0.1438,0.1191,0.1865,0.1761,0.4070,0.1870,0.1208,0.1891,0.1883,0.1498,0.1848,0.1325,0.1839,0.1449,0.1993,0.1449,0.1958,0.1884,0.1540,0.1514,0.1877,0.1958,0.1692,0.1584,0.1343,0.1244,0.1958,0.1498,0.1568,0.1806,0.1718,0.1162,0.1883,0.2851,0.1321,0.1761,0.1916,0.1162,0.1545,0.1978,0.1208,0.1917,0.1786,0.1584,0.1901,0.1860,0.1881,0.1633,0.1977,0.1843,IDLE,IDLE,IDLE,IDLE,ONJOB,IDLE,IDLE,IDLE,IDLE,IDLE,IDLE,IDLE,IDLE,IDLE,IDLE,IDLE,IDLE,IDLE,IDLE,IDLE,IDLE,IDLE,IDLE,IDLE,IDLE,IDLE,IDLE,IDLE,IDLE,IDLE,IDLE,IDLE,IDLE,ONJOB,IDLE,IDLE,IDLE,IDLE,IDLE,IDLE,IDLE,IDLE,IDLE,IDLE,IDLE,IDLE,IDLE,IDLE,IDLE,IDLE
112,2024-01-05 16:00:01,0.00,0.00,0,0.0000,0.0000,0.00,0.9998,0.9999,0.9997,0.9997,0.9998,0.9998,0.9998,0.9997,0.9998,0.9998,0.9999,0.9998,0.9998,0.9999,0.9998,0.9999,0.9998,0.9997,0.9998,0.9998,0.9997,0.9998,0.9999,0.9998,0.9998,0.9999,0.9998,0.9998,0.9998,0.9997,0.9998,0.9998,0.9998,0.9998,0.9998,0.9997,0.9997,0.9998,0.9998,0.9998,0.9998,0.9998,0.9998,0.9998,0.9998,0.9997,0.9999,0.9998,0.9998,0.9999,0.1438,0.1191,0.1865,0.1761,0.3688,0.1870,0.1208,0.1891,0.1883,0.1498,0.1848,0.1325,0.1839,0.1449,0.1993,0.1449,0.1958,0.1884,0.1540,0.1514,0.1877,0.1958,0.1692,0.1584,0.1343,0.1244,0.1958,0.1498,0.1568,0.1806,0.1718,0.1162,0.1883,0.2445,0.1321,0.1761,0.1916,0.1162,0.1545,0.1978,0.1208,0.1917,0.1786,0.1584,0.1901,0.1860,0.1881,0.1633,0.1977,0.1843,IDLE,IDLE,IDLE,IDLE,IDLE,IDLE,IDLE,IDLE,IDLE,IDLE,IDLE,IDLE,IDLE,IDLE,IDLE,IDLE,IDLE,IDLE,IDLE,IDLE,IDLE,IDLE,IDLE,IDLE,IDLE,IDLE,IDLE,IDLE,IDLE,IDLE,IDLE,IDLE,IDLE,IDLE,IDLE,IDLE,IDLE,IDLE,IDLE,IDLE,IDLE,IDLE,IDLE,IDLE,IDLE,IDLE,IDLE,IDLE,IDLE,IDLE
113,2024-01-05 17:00:01,0.00,0.00,0,0.0000,0.0000,50.75,0.9998,0.9999,0.9997,0.9997,0.9998,0.9998,0.9998,0.9997,0.9998,0.9998,0.9999,0.9998,0.9998,0.9999,0.9998,0.9999,0.9998,0.9997,0.9998,0.9998,0.9997,0.9998,0.9999,0.9998,0.9998,0.9999,0.9998,0.9998,0.9998,0.9997,0.9998,0.9998,0.9998,0.9998,0.9998,0.9997,0.9997,0.9998,0.9998,0.9998,0.9998,0.9998,0.9998,0.9998,0.9998,0.9997,0.9999,0.9998,0.9998,0.9999,0.1438,0.1191,0.1865,0.1761,0.3583,0.1870,0.1208,0.1891,0.1883,0.1498,0.1848,0.1325,0.1839,0.1449,0.1993,0.1449,0.1958,0.1884,0.1540,0.1514,0.1877,0.1958,0.1692,0.1584,0.1343,0.1244,0.1958,0.1498,0.1568,0.1806,0.1718,0.1162,0.1883,0.2359,0.1321,0.1761,0.1916,0.1162,0.1545,0.1978,0.1208,0.1917,0.1786,0.1584,0.1901,0.1860,0.1881,0.1633,0.1977,0.1843,IDLE,IDLE,IDLE,IDLE,ONJOB,IDLE,IDLE,IDLE,IDLE,IDLE,IDLE,IDLE,IDLE,IDLE,IDLE,IDLE,IDLE,IDLE,IDLE,IDLE,IDLE,IDLE,IDLE,IDLE,IDLE,IDLE,IDLE,IDLE,IDLE,IDLE,IDLE,IDLE,IDLE,ONJOB,IDLE,IDLE,IDLE,IDLE,IDLE,IDLE,IDLE,IDLE,IDLE,IDLE,IDLE,IDLE,IDLE,IDLE,IDLE,IDLE
114,2024-01-05 18:00:01,0.00,0.00,0,0.0000,0.0000,0.00,0.9998,0.9999,0.9997,0.9997,0.9998,0.9998,0.9998,0.9997,0.9998,0.9998,0.9999,0.9998,0.9998,0.9999,0.9998,0.9999,0.9998,0.9997,0.9998,0.9998,0.9997,0.9998,0.9999,0.9998,0.9998,0.9999,0.9998,0.9998,0.9998,0.9997,0.9998,0.9998,0.9998,0.9998,0.9998,0.9997,0.9997,0.9998,0.9998,0.9998,0.9998,0.9998,0.9998,0.9998,0.9998,0.9997,0.9999,0.9998,0.9998,0.9999,0.1438,0.1191,0.1865,0.1761,0.3205,0.1870,0.1208,0.1891,0.1883,0.1498,0.1848,0.1325,0.1839,0.1449,0.1993,0.1449,0.1958,0.1884,0.1540,0.1514,0.1877,0.1958,0.1692,0.1584,0.1343,0.1244,0.1958,0.1498,0.1568,0.1806,0.1718,0.1162,0.1883,0.2092,0.1321,0.1761,0.1916,0.1162,0.1545,0.1978,0.1208,0.1917,0.1786,0.1584,0.1901,0.1860,0.1881,0.1633,0.1977,0.1843,IDLE,IDLE,IDLE,IDLE,IDLE,IDLE,IDLE,IDLE,IDLE,IDLE,IDLE,IDLE,IDLE,IDLE,IDLE,IDLE,IDLE,IDLE,IDLE,IDLE,IDLE,IDLE,IDLE,IDLE,IDLE,IDLE,IDLE,IDLE,IDLE,IDLE,IDLE,IDLE,IDLE,IDLE,IDLE,IDLE,IDLE,IDLE,IDLE,IDLE,IDLE,IDLE,IDLE,IDLE,IDLE,IDLE,IDLE,IDLE,IDLE,IDLE
115,2024-01-05 19:00:01,0.00,0.00,0,0.0000,0.0000,87.50,0.9998,0.9999,0.9997,0.9997,0.9998,0.9998,0.9998,0.9997,0.9998,0.9998,0.9999,0.9998,0.9998,0.9999,0.9998,0.9999,0.9998,0.9997,0.9998,0.9998,0.9997,0.9998,0.9999,0.9998,0.9998,0.9999,0.9998,0.9998,0.9998,0.9997,0.9998,0.9998,0.9998,0.9998,0.9998,0.9997,0.9997,0.9998,0.9998,0.9998,0.9998,0.9998,0.9998,0.9998,0.9998,0.9997,0.9999,0.9998,0.9998,0.9999,0.1438,0.1191,0.1865,0.1761,0.3100,0.1870,0.1208,0.1891,0.1883,0.1498,0.1848,0.1325,0.1839,0.1449,0.1993,0.1449,0.1958,0.1884,0.1540,0.1514,0.1877,0.1958,0.1692,0.1584,0.1343,0.1244,0.1958,0.1498,0.1568,0.1806,0.1718,0.1162,0.1883,0.1934,0.1321,0.1761,0.1916,0.1162,0.1545,0.1978,0.1208,0.1917,0.1786,0.1584,0.1901,0.1860,0.1881,0.1633,0.1977,0.1843,IDLE,IDLE,IDLE,IDLE,ONJOB,IDLE,IDLE,IDLE,IDLE,IDLE,IDLE,IDLE,IDLE,IDLE,IDLE,IDLE,IDLE,IDLE,IDLE,IDLE,IDLE,IDLE,IDLE,IDLE,IDLE,IDLE,IDLE,IDLE,IDLE,IDLE,IDLE,IDLE,IDLE,ONJOB,IDLE,IDLE,IDLE,IDLE,IDLE,IDLE,IDLE,IDLE,IDLE,IDLE,IDLE,IDLE,IDLE,IDLE,IDLE,IDLE
116,2024-01-05 20:00:01,0.00,0.00,0,0.0000,0.0000,0.00,0.9998,0.9999,0.9997,0.9997,0.9998,0.9998,0.9998,0.9997,0.9998,0.9998,0.9999,0.9998,0.9998,0.9999,0.9998,0.9999,0.9998,0.9997,0.9998,0.9998,0.9997,0.9998,0.9999,0.9998,0.9998,0.9999,0.9998,0.9998,0.9998,0.9997,0.9998,0.9998,0.9998,0.9998,0.9998,0.9997,0.9997,0.9998,0.9998,0.9998,0.9998,0.9998,0.9998,0.9998,0.9998,0.9997,0.9999,0.9998,0.9998,0.9999,0.1438,0.1191,0.1865,0.1761,0.2632,0.1870,0.1208,0.1891,0.1883,0.1498,0.1848,0.1325,0.1839,0.1449,0.1993,0.1449,0.1958,0.1884,0.1540,0.1514,0.1877,0.1958,0.1692,0.1584,0.1343,0.1244,0.1958,0.1498,0.1568,0.1806,0.1718,0.1162,0.1883,0.1410,0.1321,0.1761,0.1916,0.1162,0.1545,0.1978,0.1208,0.1917,0.1786,0.1584,0.1901,0.1860,0.1881,0.1633,0.1977,0.1843,IDLE,IDLE,IDLE,IDLE,IDLE,IDLE,IDLE,IDLE,IDLE,IDLE,IDLE,IDLE,IDLE,IDLE,IDLE,IDLE,IDLE,IDLE,IDLE,IDLE,IDLE,IDLE,IDLE,IDLE,IDLE,IDLE,IDLE,IDLE,IDLE,IDLE,IDLE,IDLE,IDLE,IDLE,IDLE,IDLE,IDLE,IDLE,IDLE,IDLE,IDLE,IDLE,IDLE,IDLE,IDLE,IDLE,IDLE,IDLE,IDLE,IDLE
117,2024-01-05 21:00:01,0.00,0.00,0,0.0000,0.0000,52.76,0.9998,0.9999,0.9997,0.9997,0.9998,0.9998,0.9998,0.9997,0.9998,0.9998,0.9999,0.9998,0.9998,0.9999,0.9998,0.9999,0.9998,0.9997,0.9998,0.9998,0.9997,0.9998,0.9999,0.9998,0.9998,0.9999,0.9998,0.9998,0.9998,0.9997,0.9998,0.9998,0.9998,0.9998,0.9998,0.9997,0.9997,0.9998,0.9998,0.9998,0.9998,0.9998,0.9998,0.9998,0.9998,0.9997,0.9999,0.9998,0.9998,0.9999,0.1438,0.1191,0.1865,0.1761,0.2523,0.1870,0.1208,0.1891,0.1883,0.1498,0.1848,0.1325,0.1839,0.1449,0.1993,0.1449,0.1958,0.1884,0.1540,0.1514,0.1877,0.1958,0.1692,0.1584,0.1343,0.1244,0.1958,0.1498,0.1568,0.1806,0.1718,0.1162,0.1883,0.1410,0.1321,0.1761,0.1916,0.1162,0.1545,0.1978,0.1208,0.1917,0.1786,0.1584,0.1901,0.1860,0.1881,0.1633,0.1977,0.1843,IDLE,IDLE,IDLE,IDLE,ONJOB,IDLE,IDLE,IDLE,IDLE,IDLE,IDLE,IDLE,IDLE,IDLE,IDLE,IDLE,IDLE,IDLE,IDLE,IDLE,IDLE,IDLE,IDLE,IDLE,IDLE,IDLE,IDLE,IDLE,IDLE,IDLE,IDLE,IDLE,IDLE,IDLE,IDLE,IDLE,IDLE,IDLE,IDLE,IDLE,IDLE,IDLE,IDLE,IDLE,IDLE,IDLE,IDLE,IDLE,IDLE,IDLE
118,2024-01-05 22:00:01,0.00,0.00,0,0.0000,0.0000,0.00,0.9998,0.9999,0.9997,0.9997,0.9998,0.9998,0.9998,0.9997,0.9998,0.9998,0.9999,0.9998,0.9998,0.9999,0.9998,0.9999,0.9998,0.9997,0.9998,0.9998,0.9997,0.9998,0.9999,0.9998,0.9998,0.9999,0.9998,0.9998,0.9998,0.9997,0.9998,0.9998,0.9998,0.9998,0.9998,0.9997,0.9997,0.9998,0.9998,0.9998,0.9998,0.9998,0.9998,0.9998,0.9998,0.9997,0.9999,0.9998,0.9998,0.9999,0.1438,0.1191,0.1865,0.1761,0.2393,0.1870,0.1208,0.1891,0.1883,0.1498,0.1848,0.1325,0.1839,0.1449,0.1993,0.1449,0.1958,0.1884,0.1540,0.1514,0.1877,0.1958,0.1692,0.1584,0.1343,0.1244,0.1958,0.1498,0.1568,0.1806,0.1718,0.1162,0.1883,0.1410,0.1321,0.1761,0.1916,0.1162,0.1545,0.1978,0.1208,0.1917,0.1786,0.1584,0.1901,0.1860,0.1881,0.1633,0.1977,0.1843,IDLE,IDLE,IDLE,IDLE,IDLE,IDLE,IDLE,IDLE,IDLE,IDLE,IDLE,IDLE,IDLE,IDLE,IDLE,IDLE,IDLE,IDLE,IDLE,IDLE,IDLE,IDLE,IDLE,IDLE,IDLE,IDLE,IDLE,IDLE,IDLE,IDLE,IDLE,IDLE,IDLE,IDLE,IDLE,IDLE,IDLE,IDLE,IDLE,IDLE,IDLE,IDLE,IDLE,IDLE,IDLE,IDLE,IDLE,IDLE,IDLE,IDLE
119,2024-01-05 23:00:01,0.00,0.00,0,0.0000,0.0000,28.25,0.9998,0.9999,0.9997,0.9997,0.9998,0.9998,0.9998,0.9997,0.9998,0.9998,0.9999,0.9998,0.9998,0.9999,0.9998,0.9999,0.9998,0.9997,0.9998,0.9998,0.9997,0.9998,0.9999,0.9998,0.9998,0.9999,0.9998,0.9998,0.9998,0.9997,0.9998,0.9998,0.9998,0.9998,0.9998,0.9997,0.9997,0.9998,0.9998,0.9998,0.9998,0.9998,0.9998,0.9998,0.9998,0.9997,0.9999,0.9998,0.9998,0.9999,0.1438,0.1191,0.1865,0.1761,0.2284,0.1870,0.1208,0.1891,0.1883,0.1498,0.1848,0.1325,0.1839,0.1449,0.1993,0.1449,0.1958,0.1884,0.1540,0.1514,0.1877,0.1958,0.1692,0.1584,0.1343,0.1244,0.1958,0.1498,0.1568,0.1806,0.1718,0.1162,0.1883,0.1410,0.1321,0.1761,0.1916,0.1162,0.1545,0.1978,0.1208,0.1917,0.1786,0.1584,0.1901,0.1860,0.1881,0.1633,0.1977,0.1843,IDLE,IDLE,IDLE,IDLE,ONJOB,IDLE,IDLE,IDLE,IDLE,IDLE,IDLE,IDLE,IDLE,IDLE,IDLE,IDLE,IDLE,IDLE,IDLE,IDLE,IDLE,IDLE,IDLE,IDLE,IDLE,IDLE,IDLE,IDLE,IDLE,IDLE,IDLE,IDLE,IDLE,IDLE,IDLE,IDLE,IDLE,IDLE,IDLE,IDLE,IDLE,IDLE,IDLE,IDLE,IDLE,IDLE,IDLE,IDLE,IDLE,IDLE
120,2024-01-06 00:00:01,0.00,0.00,0,0.0000,0.0000,0.00,0.9998,0.9999,0.9997,0.9997,0.9998,0.9998,0.9998,0.9997,0.9998,0.9998,0.9999,0.9998,0.9998,0.9999,0.9998,0.9999,0.9998,0.9997,0.9998,0.9998,0.9997,0.9998,0.9999,0.9998,0.9998,0.9999,0.9998,0.9998,0.9998,0.9997,0.9998,0.9998,0.9998,0.9998,0.9998,0.9997,0.9997,0.9998,0.9998,0.9998,0.9998,0.9998,0.9998,0.9998,0.9998,0.9997,0.9999,0.9998,0.9998,0.9999,0.1438,0.1191,0.1865,0.1761,0.1902,0.1870,0.1208,0.1891,0.1883,0.1498,0.1848,0.1325,0.1839,0.1449,0.1993,0.1449,0.1958,0.1884,0.1540,0.1514,0.1877,0.1958,0.1692,0.1584,0.1343,0.1244,0.1958,0.1498,0.1568,0.1806,0.1718,0.1162,0.1883,0.1410,0.1321,0.1761,0.1916,0.1162,0.1545,0.1978,0.1208,0.1917,0.1786,0.1584,0.1901,0.1860,0.1881,0.1633,0.1977,0.1843,IDLE,IDLE,IDLE,IDLE,IDLE,IDLE,IDLE,IDLE,IDLE,IDLE,IDLE,IDLE,IDLE,IDLE,IDLE,IDLE,IDLE,IDLE,IDLE,IDLE,IDLE,IDLE,IDLE,IDLE,IDLE,IDLE,IDLE,IDLE,IDLE,IDLE,IDLE,IDLE,IDLE,IDLE,IDLE,IDLE,IDLE,IDLE,IDLE,IDLE,IDLE,IDLE,IDLE,IDLE,IDLE,IDLE,IDLE,IDLE,IDLE,IDLE
121,2024-01-06 01:00:01,0.00,0.00,0,0.0000,0.0000,0.00,0.9998,0.9999,0.9997,0.9997,0.9998,0.9998,0.9998,0.9997,0.9998,0.9998,0.9999,0.9998,0.9998,0.9999,0.9998,0.9999,0.9998,0.9997,0.9998,0.9998,0.9997,0.9998,0.9999,0.9998,0.9998,0.9999,0.9998,0.9998,0.9998,0.9997,0.9998,0.9998,0.9998,0.9998,0.9998,0.9997,0.9997,0.9998,0.9998,0.9998,0.9998,0.9998,0.9998,0.9998,0.9998,0.9997,0.9999,0.9998,0.9998,0.9999,0.1438,0.1191,0.1865,0.1761,0.1902,0.1870,0.1208,0.1891,0.1883,0.1498,0.1848,0.1325,0.1839,0.1449,0.1993,0.1449,0.1958,0.1884,0.1540,0.1514,0.1877,0.1958,0.1692,0.1584,0.1343,0.1244,0.1958,0.1498,0.1568,0.1806,0.1718,0.1162,0.1883,0.1410,0.1321,0.1761,0.1916,0.1162,0.1545,0.1978,0.1208,0.1917,0.1786,0.1584,0.1901,0.1860,0.1881,0.1633,0.1977,0.1843,IDLE,IDLE,IDLE,IDLE,IDLE,IDLE,IDLE,IDLE,IDLE,IDLE,IDLE,IDLE,IDLE,IDLE,IDLE,IDLE,IDLE,IDLE,IDLE,IDLE,IDLE,IDLE,IDLE,IDLE,IDLE,IDLE,IDLE,IDLE,IDLE,IDLE,IDLE,IDLE,IDLE,IDLE,IDLE,IDLE,IDLE,IDLE,IDLE,IDLE,IDLE,IDLE,IDLE,IDLE,IDLE,IDLE,IDLE,IDLE,IDLE,IDLE
122,2024-01-06 02:00:01,0.00,0.00,0,0.0000,0.0000,0.00,0.9998,0.9999,0.9997,0.9997,0.9998,0.9998,0.9998,0.9997,0.9998,0.9998,0.9999,0.9998,0.9998,0.9999,0.9998,0.9999,0.9998,0.9997,0.9998,0.9998,0.9997,0.9998,0.9999,0.9998,0.9998,0.9999,0.9998,0.9998,0.9998,0.9997,0.9998,0.9998,0.9998,0.9998,0.9998,0.9997,0.9997,0.9998,0.9998,0.9998,0.9998,0.9998,0.9998,0.9998,0.9998,0.9997,0.9999,0.9998,0.9998,0.9999,0.1438,0.1191,0.1865,0.1761,0.1902,0.1870,0.1208,0.1891,0.1883,0.1498,0.1848,0.1325,0.1839,0.1449,0.1993,0.1449,0.1958,0.1884,0.1540,0.1514,0.1877,0.1958,0.1692,0.1584,0.1343,0.1244,0.1958,0.1498,0.1568,0.1806,0.1718,0.1162,0.1883,0.1410,0.1321,0.1761,0.1916,0.1162,0.1545,0.1978,0.1208,0.1917,0.1786,0.1584,0.1901,0.1860,0.1881,0.1633,0.1977,0.1843,IDLE,IDLE,IDLE,IDLE,IDLE,IDLE,IDLE,IDLE,IDLE,IDLE,IDLE,IDLE,IDLE,IDLE,IDLE,IDLE,IDLE,IDLE,IDLE,IDLE,IDLE,IDLE,IDLE,IDLE,IDLE,IDLE,IDLE,IDLE,IDLE,IDLE,IDLE,IDLE,IDLE,IDLE,IDLE,IDLE,IDLE,IDLE,IDLE,IDLE,IDLE,IDLE,IDLE,IDLE,IDLE,IDLE,IDLE,IDLE,IDLE,IDLE
123,2024-01-06 03:00:01,0.00,0.00,0,0.0000,0.0000,0.00,0.9998,0.9999,0.9997,0.9997,0.9998,0.9998,0.9998,0.9997,0.9998,0.9998,0.9999,0.9998,0.9998,0.9999,0.9998,0.9999,0.9998,0.9997,0.9998,0.9998,0.9997,0.9998,0.9999,0.9998,0.9998,0.9999,0.9998,0.9998,0.9998,0.9997,0.9998,0.9998,0.9998,0.9998,0.9998,0.9997,0.9997,0.9998,0.9998,0.9998,0.9998,0.9998,0.9998,0.9998,0.9998,0.9997,0.9999,0.9998,0.9998,0.9999,0.1438,0.1191,0.1865,0.1761,0.1902,0.1870,0.1208,0.1891,0.1883,0.1498,0.1848,0.1325,0.1839,0.1449,0.1993,0.1449,0.1958,0.1884,0.1540,0.1514,0.1877,0.1958,0.1692,0.1584,0.1343,0.1244,0.1958,0.1498,0.1568,0.1806,0.1718,0.1162,0.1883,0.1410,0.1321,0.1761,0.1916,0.1162,0.1545,0.1978,0.1208,0.1917,0.1786,0.1584,0.1901,0.1860,0.1881,0.1633,0.1977,0.1843,IDLE,IDLE,IDLE,IDLE,IDLE,IDLE,IDLE,IDLE,IDLE,IDLE,IDLE,IDLE,IDLE,IDLE,IDLE,IDLE,IDLE,IDLE,IDLE,IDLE,IDLE,IDLE,IDLE,IDLE,IDLE,IDLE,IDLE,IDLE,IDLE,IDLE,IDLE,IDLE,IDLE,IDLE,IDLE,IDLE,IDLE,IDLE,IDLE,IDLE,IDLE,IDLE,IDLE,IDLE,IDLE,IDLE,IDLE,IDLE,IDLE,IDLE
124,2024-01-06 04:00:01,0.00,0.00,0,0.0000,0.0000,0.00,0.9998,0.9999,0.9997,0.9997,0.9998,0.9998,0.9998,0.9997,0.9998,0.9998,0.9999,0.9998,0.9998,0.9999,0.9998,0.9999,0.9998,0.9997,0.9998,0.9998,0.9997,0.9998,0.9999,0.9998,0.9998,0.9999,0.9998,0.9998,0.9998,0.9997,0.9998,0.9998,0.9998,0.9998,0.9998,0.9997,0.9997,0.9998,0.9998,0.9998,0.9998,0.9998,0.9998,0.9998,0.9998,0.9997,0.9999,0.9998,0.9998,0.9999,0.1438,0.1191,0.1865,0.1761,0.1902,0.1870,0.1208,0.1891,0.1883,0.1498,0.1848,0.1325,0.1839,0.1449,0.1993,0.1449,0.1958,0.1884,0.1540,0.1514,0.1877,0.1958,0.1692,0.1584,0.1343,0.1244,0.1958,0.1498,0.1568,0.1806,0.1718,0.1162,0.1883,0.1410,0.1321,0.1761,0.1916,0.1162,0.1545,0.1978,0.1208,0.1917,0.1786,0.1584,0.1901,0.1860,0.1881,0.1633,0.1977,0.1843,IDLE,IDLE,IDLE,IDLE,IDLE,IDLE,IDLE,IDLE,IDLE,IDLE,IDLE,IDLE,IDLE,IDLE,IDLE,IDLE,IDLE,IDLE,IDLE,IDLE,IDLE,IDLE,IDLE,IDLE,IDLE,IDLE,IDLE,IDLE,IDLE,IDLE,IDLE,IDLE,IDLE,IDLE,IDLE,IDLE,IDLE,IDLE,IDLE,IDLE,IDLE,IDLE,IDLE,IDLE,IDLE,IDLE,IDLE,IDLE,IDLE,IDLE
125,2024-01-06 05:00:01,0.00,0.00,0,0.0000,0.0000,0.00,0.9998,0.9999,0.9997,0.9997,0.9998,0.9998,0.9998,0.9997,0.9998,0.9998,0.9999,0.9998,0.9998,0.9999,0.9998,0.9999,0.9998,0.9997,0.9998,0.9998,0.9997,0.9998,0.9999,0.9998,0.9998,0.9999,0.9998,0.9998,0.9998,0.9997,0.9998,0.9998,0.9998,0.9998,0.9998,0.9997,0.9997,0.9998,0.9998,0.9998,0.9998,0.9998,0.9998,0.9998,0.9998,0.9997,0.9999,0.9998,0.9998,0.9999,0.1438,0.1191,0.1865,0.1761,0.1902,0.1870,0.1208,0.1891,0.1883,0.1498,0.1848,0.1325,0.1839,0.1449,0.1993,0.1449,0.1958,0.1884,0.1540,0.1514,0.1877,0.1958,0.1692,0.1584,0.1343,0.1244,0.1958,0.1498,0.1568,0.1806,0.1718,0.1162,0.1883,0.1410,0.1321,0.1761,0.1916,0.1162,0.1545,0.1978,0.1208,0.1917,0.1786,0.1584,0.1901,0.1860,0.1881,0.1633,0.1977,0.1843,IDLE,IDLE,IDLE,IDLE,IDLE,IDLE,IDLE,IDLE,IDLE,IDLE,IDLE,IDLE,IDLE,IDLE,IDLE,IDLE,IDLE,IDLE,IDLE,IDLE,IDLE,IDLE,IDLE,IDLE,IDLE,IDLE,IDLE,IDLE,IDLE,IDLE,IDLE,IDLE,IDLE,IDLE,IDLE,IDLE,IDLE,IDLE,IDLE,IDLE,IDLE,IDLE,IDLE,IDLE,IDLE,IDLE,IDLE,IDLE,IDLE,IDLE
126,2024-01-06 06:00:01,0.00,0.00,0,0.0000,0.0000,0.00,0.9998,0.9999,0.9997,0.9997,0.9998,0.9998,0.9998,0.9997,0.9998,0.9998,0.9999,0.9998,0.9998,0.9999,0.9998,0.9999,0.9998,0.9997,0.9998,0.9998,0.9997,0.9998,0.9999,0.9998,0.9998,0.9999,0.9998,0.9998,0.9998,0.9997,0.9998,0.9998,0.9998,0.9998,0.9998,0.9997,0.9997,0.9998,0.9998,0.9998,0.9998,0.9998,0.9998,0.9998,0.9998,0.9997,0.9999,0.9998,0.9998,0.9999,0.1438,0.1191,0.1865,0.1761,0.1902,0.1870,0.1208,0.1891,0.1883,0.1498,0.1848,0.1325,0.1839,0.1449,0.1993,0.1449,0.1958,0.1884,0.1540,0.1514,0.1877,0.1958,0.1692,0.1584,0.1343,0.1244,0.1958,0.1498,0.1568,0.1806,0.1718,0.1162,0.1883,0.1410,0.1321,0.1761,0.1916,0.1162,0.1545,0.1978,0.1208,0.1917,0.1786,0.1584,0.1901,0.1860,0.1881,0.1633,0.1977,0.1843,IDLE,IDLE,IDLE,IDLE,IDLE,IDLE,IDLE,IDLE,IDLE,IDLE,IDLE,IDLE,IDLE,IDLE,IDLE,IDLE,IDLE,IDLE,IDLE,IDLE,IDLE,IDLE,IDLE,IDLE,IDLE,IDLE,IDLE,IDLE,IDLE,IDLE,IDLE,IDLE,IDLE,IDLE,IDLE,IDLE,IDLE,IDLE,IDLE,IDLE,IDLE,IDLE,IDLE,IDLE,IDLE,IDLE,IDLE,IDLE,IDLE,IDLE
127,2024-01-06 07:00:01,0.00,0.00,0,0.0000,0.0000,0.00,0.9998,0.9999,0.9997,0.9997,0.9998,0.9998,0.9998,0.9997,0.9998,0.9998,0.9999,0.9998,0.9998,0.9999,0.9998,0.9999,0.9998,0.9997,0.9998,0.9998,0.9997,0.9998,0.9999,0.9998,0.9998,0.9999,0.9998,0.9998,0.9998,0.9997,0.9998,0.9998,0.9998,0.9998,0.9998,0.9997,0.9997,0.9998,0.9998,0.9998,0.9998,0.9998,0.9998,0.9998,0.9998,0.9997,0.9999,0.9998,0.9998,0.9999,0.1438,0.1191,0.1865,0.1761,0.1902,0.1870,0.1208,0.1891,0.1883,0.1498,0.1848,0.1325,0.1839,0.1449,0.1993,0.1449,0.1958,0.1884,0.1540,0.1514,0.1877,0.1958,0.1692,0.1584,0.1343,0.1244,0.1958,0.1498,0.1568,0.1806,0.1718,0.1162,0.1883,0.1410,0.1321,0.1761,0.1916,0.1162,0.1545,0.1978,0.1208,0.1917,0.1786,0.1584,0.1901,0.1860,0.1881,0.1633,0.1977,0.1843,IDLE,IDLE,IDLE,IDLE,IDLE,IDLE,IDLE,IDLE,IDLE,IDLE,IDLE,IDLE,IDLE,IDLE,IDLE,IDLE,IDLE,IDLE,IDLE,IDLE,IDLE,IDLE,IDLE,IDLE,IDLE,IDLE,IDLE,IDLE,IDLE,IDLE,IDLE,IDLE,IDLE,IDLE,IDLE,IDLE,IDLE,IDLE,IDLE,IDLE,IDLE,IDLE,IDLE,IDLE,IDLE,IDLE,IDLE,IDLE,IDLE,IDLE
128,2024-01-06 08:00:01,0.00,0.00,0,0.0000,0.0000,0.00,0.9998,0.9999,0.9997,0.9997,0.9998,0.9998,0.9998,0.9997,0.9998,0.9998,0.9999,0.9998,0.9998,0.9999,0.9998,0.9999,0.9998,0.9997,0.9998,0.9998,0.9997,0.9998,0.9999,0.9998,0.9998,0.9999,0.9998,0.9998,0.9998,0.9997,0.9998,0.9998,0.9998,0.9998,0.9998,0.9997,0.9997,0.9998,0.9998,0.9998,0.9998,0.9998,0.9998,0.9998,0.9998,0.9997,0.9999,0.9998,0.9998,0.9999,0.1438,0.1191,0.1865,0.1761,0.1902,0.1870,0.1208,0.1891,0.1883,0.1498,0.1848,0.1325,0.1839,0.1449,0.1993,0.1449,0.1958,0.1884,0.1540,0.1514,0.1877,0.1958,0.1692,0.1584,0.1343,0.1244,0.1958,0.1498,0.1568,0.1806,0.1718,0.1162,0.1883,0.1410,0.1321,0.1761,0.1916,0.1162,0.1545,0.1978,0.1208,0.1917,0.1786,0.1584,0.1901,0.1860,0.1881,0.1633,0.1977,0.1843,IDLE,IDLE,IDLE,IDLE,IDLE,IDLE,IDLE,IDLE,IDLE,IDLE,IDLE,IDLE,IDLE,IDLE,IDLE,IDLE,IDLE,IDLE,IDLE,IDLE,IDLE,IDLE,IDLE,IDLE,IDLE,IDLE,IDLE,IDLE,IDLE,IDLE,IDLE,IDLE,IDLE,IDLE,IDLE,IDLE,IDLE,IDLE,IDLE,IDLE,IDLE,IDLE,IDLE,IDLE,IDLE,IDLE,IDLE,IDLE,IDLE,IDLE
129,2024-01-06 09:00:01,0.00,0.00,0,0.0000,0.0000,0.00,0.9998,0.9999,0.9997,0.9997,0.9998,0.9998,0.9998,0.9997,0.9998,0.9998,0.9999,0.9998,0.9998,0.9999,0.9998,0.9999,0.9998,0.9997,0.9998,0.9998,0.9997,0.9998,0.9999,0.9998,0.9998,0.9999,0.9998,0.9998,0.9998,0.9997,0.9998,0.9998,0.9998,0.9998,0.9998,0.9997,0.9997,0.9998,0.9998,0.9998,0.9998,0.9998,0.9998,0.9998,0.9998,0.9997,0.9999,0.9998,0.9998,0.9999,0.1438,0.1191,0.1865,0.1761,0.1902,0.1870,0.1208,0.1891,0.1883,0.1498,0.1848,0.1325,0.1839,0.1449,0.1993,0.1449,0.1958,0.1884,0.1540,0.1514,0.1877,0.1958,0.1692,0.1584,0.1343,0.1244,0.1958,0.1498,0.1568,0.1806,0.1718,0.1162,0.1883,0.1410,0.1321,0.1761,0.1916,0.1162,0.1545,0.1978,0.1208,0.1917,0.1786,0.1584,0.1901,0.1860,0.1881,0.1633,0.1977,0.1843,IDLE,IDLE,IDLE,IDLE,IDLE,IDLE,IDLE,IDLE,IDLE,IDLE,IDLE,IDLE,IDLE,IDLE,IDLE,IDLE,IDLE,IDLE,IDLE,IDLE,IDLE,IDLE,IDLE,IDLE,IDLE,IDLE,IDLE,IDLE,IDLE,IDLE,IDLE,IDLE,IDLE,IDLE,IDLE,IDLE,IDLE,IDLE,IDLE,IDLE,IDLE,IDLE,IDLE,IDLE,IDLE,IDLE,IDLE,IDLE,IDLE,IDLE
130,2024-01-06 10:00:01,0.00,0.00,0,0.0000,0.0000,0.00,0.9998,0.9999,0.9997,0.9997,0.9998,0.9998,0.9998,0.9997,0.9998,0.9998,0.9999,0.9998,0.9998,0.9999,0.9998,0.9999,0.9998,0.9997,0.9998,0.9998,0.9997,0.9998,0.9999,0.9998,0.9998,0.9999,0.9998,0.9998,0.9998,0.9997,0.9998,0.9998,0.9998,0.9998,0.9998,0.9997,0.9997,0.9998,0.9998,0.9998,0.9998,0.9998,0.9998,0.9998,0.9998,0.9997,0.9999,0.9998,0.9998,0.9999,0.1438,0.1191,0.1865,0.1761,0.1902,0.1870,0.1208,0.1891,0.1883,0.1498,0.1848,0.1325,0.1839,0.1449,0.1993,0.1449,0.1958,0.1884,0.1540,0.1514,0.1877,0.1958,0.1692,0.1584,0.1343,0.1244,0.1958,0.1498,0.1568,0.1806,0.1718,0.1162,0.1883,0.1410,0.1321,0.1761,0.1916,0.1162,0.1545,0.1978,0.1208,0.1917,0.1786,0.1584,0.1901,0.1860,0.1881,0.1633,0.1977,0.1843,IDLE,IDLE,IDLE,IDLE,IDLE,IDLE,IDLE,IDLE,IDLE,IDLE,IDLE,IDLE,IDLE,IDLE,IDLE,IDLE,IDLE,IDLE,IDLE,IDLE,IDLE,IDLE,IDLE,IDLE,IDLE,IDLE,IDLE,IDLE,IDLE,IDLE,IDLE,IDLE,IDLE,IDLE,IDLE,IDLE,IDLE,IDLE,IDLE,IDLE,IDLE,IDLE,IDLE,IDLE,IDLE,IDLE,IDLE,IDLE,IDLE,IDLE
131,2024-01-06 11:00:01,0.00,0.00,0,0.0000,0.0000,0.00,0.9998,0.9999,0.9997,0.9997,0.9998,0.9998,0.9998,0.9997,0.9998,0.9998,0.9999,0.9998,0.9998,0.9999,0.9998,0.9999,0.9998,0.9997,0.9998,0.9998,0.9997,0.9998,0.9999,0.9998,0.9998,0.9999,0.9998,0.9998,0.9998,0.9997,0.9998,0.9998,0.9998,0.9998,0.9998,0.9997,0.9997,0.9998,0.9998,0.9998,0.9998,0.9998,0.9998,0.9998,0.9998,0.9997,0.9999,0.9998,0.9998,0.9999,0.1438,0.1191,0.1865,0.1761,0.1902,0.1870,0.1208,0.1891,0.1883,0.1498,0.1848,0.1325,0.1839,0.1449,0.1993,0.1449,0.1958,0.1884,0.1540,0.1514,0.1877,0.1958,0.1692,0.1584,0.1343,0.1244,0.1958,0.1498,0.1568,0.1806,0.1718,0.1162,0.1883,0.1410,0.1321,0.1761,0.1916,0.1162,0.1545,0.1978,0.1208,0.1917,0.1786,0.1584,0.1901,0.1860,0.1881,0.1633,0.1977,0.1843,IDLE,IDLE,IDLE,IDLE,IDLE,IDLE,IDLE,IDLE,IDLE,IDLE,IDLE,IDLE,IDLE,IDLE,IDLE,IDLE,IDLE,IDLE,IDLE,IDLE,IDLE,IDLE,IDLE,IDLE,IDLE,IDLE,IDLE,IDLE,IDLE,IDLE,IDLE,IDLE,IDLE,IDLE,IDLE,IDLE,IDLE,IDLE,IDLE,IDLE,IDLE,IDLE,IDLE,IDLE,IDLE,IDLE,IDLE,IDLE,IDLE,IDLE
132,2024-01-06 12:00:01,0.00,0.00,0,0.0000,0.0000,0.00,0.9998,0.9999,0.9997,0.9997,0.9998,0.9998,0.9998,0.9997,0.9998,0.9998,0.9999,0.9998,0.9998,0.9999,0.9998,0.9999,0.9998,0.9997,0.9998,0.9998,0.9997,0.9998,0.9999,0.9998,0.9998,0.9999,0.9998,0.9998,0.9998,0.9997,0.9998,0.9998,0.9998,0.9998,0.9998,0.9997,0.9997,0.9998,0.9998,0.9998,0.9998,0.9998,0.9998,0.9998,0.9998,0.9997,0.9999,0.9998,0.9998,0.9999,0.1438,0.1191,0.1865,0.1761,0.1902,0.1870,0.1208,0.1891,0.1883,0.1498,0.1848,0.1325,0.1839,0.1449,0.1993,0.1449,0.1958,0.1884,0.1540,0.1514,0.1877,0.1958,0.1692,0.1584,0.1343,0.1244,0.1958,0.1498,0.1568,0.1806,0.1718,0.1162,0.1883,0.1410,0.1321,0.1761,0.1916,0.1162,0.1545,0.1978,0.1208,0.1917,0.1786,0.1584,0.1901,0.1860,0.1881,0.1633,0.1977,0.1843,IDLE,IDLE,IDLE,IDLE,IDLE,IDLE,IDLE,IDLE,IDLE,IDLE,IDLE,IDLE,IDLE,IDLE,IDLE,IDLE,IDLE,IDLE,IDLE,IDLE,IDLE,IDLE,IDLE,IDLE,IDLE,IDLE,IDLE,IDLE,IDLE,IDLE,IDLE,IDLE,IDLE,IDLE,IDLE,IDLE,IDLE,IDLE,IDLE,IDLE,IDLE,IDLE,IDLE,IDLE,IDLE,IDLE,IDLE,IDLE,IDLE,IDLE
133,2024-01-06 13:00:01,0.00,0.00,0,0.0000,0.0000,0.00,0.9998,0.9999,0.9997,0.9997,0.9998,0.9998,0.9998,0.9997,0.9998,0.9998,0.9999,0.9998,0.9998,0.9999,0.9998,0.9999,0.9998,0.9997,0.9998,0.9998,0.9997,0.9998,0.9999,0.9998,0.9998,0.9999,0.9998,0.9998,0.9998,0.9997,0.9998,0.9998,0.9998,0.9998,0.9998,0.9997,0.9997,0.9998,0.9998,0.9998,0.9998,0.9998,0.9998,0.9998,0.9998,0.9997,0.9999,0.9998,0.9998,0.9999,0.1438,0.1191,0.1865,0.1761,0.1902,0.1870,0.1208,0.1891,0.1883,0.1498,0.1848,0.1325,0.1839,0.1449,0.1993,0.1449,0.1958,0.1884,0.1540,0.1514,0.1877,0.1958,0.1692,0.1584,0.1343,0.1244,0.1958,0.1498,0.1568,0.1806,0.1718,0.1162,0.1883,0.1410,0.1321,0.1761,0.1916,0.1162,0.1545,0.1978,0.1208,0.1917,0.1786,0.1584,0.1901,0.1860,0.1881,0.1633,0.1977,0.1843,IDLE,IDLE,IDLE,IDLE,IDLE,IDLE,IDLE,IDLE,IDLE,IDLE,IDLE,IDLE,IDLE,IDLE,IDLE,IDLE,IDLE,IDLE,IDLE,IDLE,IDLE,IDLE,IDLE,IDLE,IDLE,IDLE,IDLE,IDLE,IDLE,IDLE,IDLE,IDLE,IDLE,IDLE,IDLE,IDLE,IDLE,IDLE,IDLE,IDLE,IDLE,IDLE,IDLE,IDLE,IDLE,IDLE,IDLE,IDLE,IDLE,IDLE
134,2024-01-06 14:00:01,0.00,0.00,0,0.0000,0.0000,0.00,0.9998,0.9999,0.9997,0.9997,0.9998,0.9998,0.9998,0.9997,0.9998,0.9998,0.9999,0.9998,0.9998,0.9999,0.9998,0.9999,0.9998,0.9997,0.9998,0.9998,0.9997,0.9998,0.9999,0.9998,0.9998,0.9999,0.9998,0.9998,0.9998,0.9997,0.9998,0.9998,0.9998,0.9998,0.9998,0.9997,0.9997,0.9998,0.9998,0.9998,0.9998,0.9998,0.9998,0.9998,0.9998,0.9997,0.9999,0.9998,0.9998,0.9999,0.1438,0.1191,0.1865,0.1761,0.1902,0.1870,0.1208,0.1891,0.1883,0.1498,0.1848,0.1325,0.1839,0.1449,0.1993,0.1449,0.1958,0.1884,0.1540,0.1514,0.1877,0.1958,0.1692,0.1584,0.1343,0.1244,0.1958,0.1498,0.1568,0.1806,0.1718,0.1162,0.1883,0.1410,0.1321,0.1761,0.1916,0.1162,0.1545,0.1978,0.1208,0.1917,0.1786,0.1584,0.1901,0.1860,0.1881,0.1633,0.1977,0.1843,IDLE,IDLE,IDLE,IDLE,IDLE,IDLE,IDLE,IDLE,IDLE,IDLE,IDLE,IDLE,IDLE,IDLE,IDLE,IDLE,IDLE,IDLE,IDLE,IDLE,IDLE,IDLE,IDLE,IDLE,IDLE,IDLE,IDLE,IDLE,IDLE,IDLE,IDLE,IDLE,IDLE,IDLE,IDLE,IDLE,IDLE,IDLE,IDLE,IDLE,IDLE,IDLE,IDLE,IDLE,IDLE,IDLE,IDLE,IDLE,IDLE,IDLE
135,2024-01-06 15:00:01,0.00,0.00,0,0.0000,0.0000,0.00,0.9998,0.9999,0.9997,0.9997,0.9998,0.9998,0.9998,0.9997,0.9998,0.9998,0.9999,0.9998,0.9998,0.9999,0.9998,0.9999,0.9998,0.9997,0.9998,0.9998,0.9997,0.9998,0.9999,0.9998,0.9998,0.9999,0.9998,0.9998,0.9998,0.9997,0.9998,0.9998,0.9998,0.9998,0.9998,0.9997,0.9997,0.9998,0.9998,0.9998,0.9998,0.9998,0.9998,0.9998,0.9998,0.9997,0.9999,0.9998,0.9998,0.9999,0.1438,0.1191,0.1865,0.1761,0.1902,0.1870,0.1208,0.1891,0.1883,0.1498,0.1848,0.1325,0.1839,0.1449,0.1993,0.1449,0.1958,0.1884,0.1540,0.1514,0.1877,0.1958,0.1692,0.1584,0.1343,0.1244,0.1958,0.1498,0.1568,0.1806,0.1718,0.1162,0.1883,0.1410,0.1321,0.1761,0.1916,0.1162,0.1545,0.1978,0.1208,0.1917,0.1786,0.1584,0.1901,0.1860,0.1881,0.1633,0.1977,0.1843,IDLE,IDLE,IDLE,IDLE,IDLE,IDLE,IDLE,IDLE,IDLE,IDLE,IDLE,IDLE,IDLE,IDLE,IDLE,IDLE,IDLE,IDLE,IDLE,IDLE,IDLE,IDLE,IDLE,IDLE,IDLE,IDLE,IDLE,IDLE,IDLE,IDLE,IDLE,IDLE,IDLE,IDLE,IDLE,IDLE,IDLE,IDLE,IDLE,IDLE,IDLE,IDLE,IDLE,IDLE,IDLE,IDLE,IDLE,IDLE,IDLE,IDLE
136,2024-01-06 16:00:01,0.00,0.00,0,0.0000,0.0000,0.00,0.9998,0.9999,0.9997,0.9997,0.9998,0.9998,0.9998,0.9997,0.9998,0.9998,0.9999,0.9998,0.9998,0.9999,0.9998,0.9999,0.9998,0.9997,0.9998,0.9998,0.9997,0.9998,0.9999,0.9998,0.9998,0.9999,0.9998,0.9998,0.9998,0.9997,0.9998,0.9998,0.9998,0.9998,0.9998,0.9997,0.9997,0.9998,0.9998,0.9998,0.9998,0.9998,0.9998,0.9998,0.9998,0.9997,0.9999,0.9998,0.9998,0.9999,0.1438,0.1191,0.1865,0.1761,0.1902,0.1870,0.1208,0.1891,0.1883,0.1498,0.1848,0.1325,0.1839,0.1449,0.1993,0.1449,0.1958,0.1884,0.1540,0.1514,0.1877,0.1958,0.1692,0.1584,0.1343,0.1244,0.1958,0.1498,0.1568,0.1806,0.1718,0.1162,0.1883,0.1410,0.1321,0.1761,0.1916,0.1162,0.1545,0.1978,0.1208,0.1917,0.1786,0.1584,0.1901,0.1860,0.1881,0.1633,0.1977,0.1843,IDLE,IDLE,IDLE,IDLE,IDLE,IDLE,IDLE,IDLE,IDLE,IDLE,IDLE,IDLE,IDLE,IDLE,IDLE,IDLE,IDLE,IDLE,IDLE,IDLE,IDLE,IDLE,IDLE,IDLE,IDLE,IDLE,IDLE,IDLE,IDLE,IDLE,IDLE,IDLE,IDLE,IDLE,IDLE,IDLE,IDLE,IDLE,IDLE,IDLE,IDLE,IDLE,IDLE,IDLE,IDLE,IDLE,IDLE,IDLE,IDLE,IDLE
137,2024-01-06 17:00:01,0.00,0.00,0,0.0000,0.0000,0.00,0.9998,0.9999,0.9997,0.9997,0.9998,0.9998,0.9998,0.9997,0.9998,0.9998,0.9999,0.9998,0.9998,0.9999,0.9998,0.9999,0.9998,0.9997,0.9998,0.9998,0.9997,0.9998,0.9999,0.9998,0.9998,0.9999,0.9998,0.9998,0.9998,0.9997,0.9998,0.9998,0.9998,0.9998,0.9998,0.9997,0.9997,0.9998,0.9998,0.9998,0.9998,0.9998,0.9998,0.9998,0.9998,0.9997,0.9999,0.9998,0.9998,0.9999,0.1438,0.1191,0.1865,0.1761,0.1902,0.1870,0.1208,0.1891,0.1883,0.1498,0.1848,0.1325,0.1839,0.1449,0.1993,0.1449,0.1958,0.1884,0.1540,0.1514,0.1877,0.1958,0.1692,0.1584,0.1343,0.1244,0.1958,0.1498,0.1568,0.1806,0.1718,0.1162,0.1883,0.1410,0.1321,0.1761,0.1916,0.1162,0.1545,0.1978,0.1208,0.1917,0.1786,0.1584,0.1901,0.1860,0.1881,0.1633,0.1977,0.1843,IDLE,IDLE,IDLE,IDLE,IDLE,IDLE,IDLE,IDLE,IDLE,IDLE,IDLE,IDLE,IDLE,IDLE,IDLE,IDLE,IDLE,IDLE,IDLE,IDLE,IDLE,IDLE,IDLE,IDLE,IDLE,IDLE,IDLE,IDLE,IDLE,IDLE,IDLE,IDLE,IDLE,IDLE,IDLE,IDLE,IDLE,IDLE,IDLE,IDLE,IDLE,IDLE,IDLE,IDLE,IDLE,IDLE,IDLE,IDLE,IDLE,IDLE
138,2024-01-06 18:00:01,0.00,0.00,0,0.0000,0.0000,0.00,0.9998,0.9999,0.9997,0.9997,0.9998,0.9998,0.9998,0.9997,0.9998,0.9998,0.9999,0.9998,0.9998,0.9999,0.9998,0.9999,0.9998,0.9997,0.9998,0.9998,0.9997,0.9998,0.9999,0.9998,0.9998,0.9999,0.9998,0.9998,0.9998,0.9997,0.9998,0.9998,0.9998,0.9998,0.9998,0.9997,0.9997,0.9998,0.9998,0.9998,0.9998,0.9998,0.9998,0.9998,0.9998,0.9997,0.9999,0.9998,0.9998,0.9999,0.1438,0.1191,0.1865,0.1761,0.1902,0.1870,0.1208,0.1891,0.1883,0.1498,0.1848,0.1325,0.1839,0.1449,0.1993,0.1449,0.1958,0.1884,0.1540,0.1514,0.1877,0.1958,0.1692,0.1584,0.1343,0.1244,0.1958,0.1498,0.1568,0.1806,0.1718,0.1162,0.1883,0.1410,0.1321,0.1761,0.1916,0.1162,0.1545,0.1978,0.1208,0.1917,0.1786,0.1584,0.1901,0.1860,0.1881,0.1633,0.1977,0.1843,IDLE,IDLE,IDLE,IDLE,IDLE,IDLE,IDLE,IDLE,IDLE,IDLE,IDLE,IDLE,IDLE,IDLE,IDLE,IDLE,IDLE,IDLE,IDLE,IDLE,IDLE,IDLE,IDLE,IDLE,IDLE,IDLE,IDLE,IDLE,IDLE,IDLE,IDLE,IDLE,IDLE,IDLE,IDLE,IDLE,IDLE,IDLE,IDLE,IDLE,IDLE,IDLE,IDLE,IDLE,IDLE,IDLE,IDLE,IDLE,IDLE,IDLE
139,2024-01-06 19:00:01,0.00,0.00,0,0.0000,0.0000,0.00,0.9998,0.9999,0.9997,0.9997,0.9998,0.9998,0.9998,0.9997,0.9998,0.9998,0.9999,0.9998,0.9998,0.9999,0.9998,0.9999,0.9998,0.9997,0.9998,0.9998,0.9997,0.9998,0.9999,0.9998,0.9998,0.9999,0.9998,0.9998,0.9998,0.9997,0.9998,0.9998,0.9998,0.9998,0.9998,0.9997,0.9997,0.9998,0.9998,0.9998,0.9998,0.9998,0.9998,0.9998,0.9998,0.9997,0.9999,0.9998,0.9998,0.9999,0.1438,0.1191,0.1865,0.1761,0.1902,0.1870,0.1208,0.1891,0.1883,0.1498,0.1848,0.1325,0.1839,0.1449,0.1993,0.1449,0.1958,0.1884,0.1540,0.1514,0.1877,0.1958,0.1692,0.1584,0.1343,0.1244,0.1958,0.1498,0.1568,0.1806,0.1718,0.1162,0.1883,0.1410,0.1321,0.1761,0.1916,0.1162,0.1545,0.1978,0.1208,0.1917,0.1786,0.1584,0.1901,0.1860,0.1881,0.1633,0.1977,0.1843,IDLE,IDLE,IDLE,IDLE,IDLE,IDLE,IDLE,IDLE,IDLE,IDLE,IDLE,IDLE,IDLE,IDLE,IDLE,IDLE,IDLE,IDLE,IDLE,IDLE,IDLE,IDLE,IDLE,IDLE,IDLE,IDLE,IDLE,IDLE,IDLE,IDLE,IDLE,IDLE,IDLE,IDLE,IDLE,IDLE,IDLE,IDLE,IDLE,IDLE,IDLE,IDLE,IDLE,IDLE,IDLE,IDLE,IDLE,IDLE,IDLE,IDLE
140,2024-01-06 20:00:01,0.00,0.00,0,0.0000,0.0000,0.00,0.9998,0.9999,0.9997,0.9997,0.9998,0.9998,0.9998,0.9997,0.9998,0.9998,0.9999,0.9998,0.9998,0.9999,0.9998,0.9999,0.9998,0.9997,0.9998,0.9998,0.9997,0.9998,0.9999,0.9998,0.9998,0.9999,0.9998,0.9998,0.9998,0.9997,0.9998,0.9998,0.9998,0.9998,0.9998,0.9997,0.9997,0.9998,0.9998,0.9998,0.9998,0.9998,0.9998,0.9998,0.9998,0.9997,0.9999,0.9998,0.9998,0.9999,0.1438,0.1191,0.1865,0.1761,0.1902,0.1870,0.1208,0.1891,0.1883,0.1498,0.1848,0.1325,0.1839,0.1449,0.1993,0.1449,0.1958,0.1884,0.1540,0.1514,0.1877,0.1958,0.1692,0.1584,0.1343,0.1244,0.1958,0.1498,0.1568,0.1806,0.1718,0.1162,0.1883,0.1410,0.1321,0.1761,0.1916,0.1162,0.1545,0.1978,0.1208,0.1917,0.1786,0.1584,0.1901,0.1860,0.1881,0.1633,0.1977,0.1843,IDLE,IDLE,IDLE,IDLE,IDLE,IDLE,IDLE,IDLE,IDLE,IDLE,IDLE,IDLE,IDLE,IDLE,IDLE,IDLE,IDLE,IDLE,IDLE,IDLE,IDLE,IDLE,IDLE,IDLE,IDLE,IDLE,IDLE,IDLE,IDLE,IDLE,IDLE,IDLE,IDLE,IDLE,IDLE,IDLE,IDLE,IDLE,IDLE,IDLE,IDLE,IDLE,IDLE,IDLE,IDLE,IDLE,IDLE,IDLE,IDLE,IDLE
141,2024-01-06 21:00:01,0.00,0.00,0,0.0000,0.0000,0.00,0.9998,0.9999,0.9997,0.9997,0.9998,0.9998,0.9998,0.9997,0.9998,0.9998,0.9999,0.9998,0.9998,0.9999,0.9998,0.9999,0.9998,0.9997,0.9998,0.9998,0.9997,0.9998,0.9999,0.9998,0.9998,0.9999,0.9998,0.9998,0.9998,0.9997,0.9998,0.9998,0.9998,0.9998,0.9998,0.9997,0.9997,0.9998,0.9998,0.9998,0.9998,0.9998,0.9998,0.9998,0.9998,0.9997,0.9999,0.9998,0.9998,0.9999,0.1438,0.1191,0.1865,0.1761,0.1902,0.1870,0.1208,0.1891,0.1883,0.1498,0.1848,0.1325,0.1839,0.1449,0.1993,0.1449,0.1958,0.1884,0.1540,0.1514,0.1877,0.1958,0.1692,0.1584,0.1343,0.1244,0.1958,0.1498,0.1568,0.1806,0.1718,0.1162,0.1883,0.1410,0.1321,0.1761,0.1916,0.1162,0.1545,0.1978,0.1208,0.1917,0.1786,0.1584,0.1901,0.1860,0.1881,0.1633,0.1977,0.1843,IDLE,IDLE,IDLE,IDLE,IDLE,IDLE,IDLE,IDLE,IDLE,IDLE,IDLE,IDLE,IDLE,IDLE,IDLE,IDLE,IDLE,IDLE,IDLE,IDLE,IDLE,IDLE,IDLE,IDLE,IDLE,IDLE,IDLE,IDLE,IDLE,IDLE,IDLE,IDLE,IDLE,IDLE,IDLE,IDLE,IDLE,IDLE,IDLE,IDLE,IDLE,IDLE,IDLE,IDLE,IDLE,IDLE,IDLE,IDLE,IDLE,IDLE
142,2024-01-06 22:00:01,0.00,0.00,0,0.0000,0.0000,0.00,0.9998,0.9999,0.9997,0.9997,0.9998,0.9998,0.9998,0.9997,0.9998,0.9998,0.9999,0.9998,0.9998,0.9999,0.9998,0.9999,0.9998,0.9997,0.9998,0.9998,0.9997,0.9998,0.9999,0.9998,0.9998,0.9999,0.9998,0.9998,0.9998,0.9997,0.9998,0.9998,0.9998,0.9998,0.9998,0.9997,0.9997,0.9998,0.9998,0.9998,0.9998,0.9998,0.9998,0.9998,0.9998,0.9997,0.9999,0.9998,0.9998,0.9999,0.1438,0.1191,0.1865,0.1761,0.1902,0.1870,0.1208,0.1891,0.1883,0.1498,0.1848,0.1325,0.1839,0.1449,0.1993,0.1449,0.1958,0.1884,0.1540,0.1514,0.1877,0.1958,0.1692,0.1584,0.1343,0.1244,0.1958,0.1498,0.1568,0.1806,0.1718,0.1162,0.1883,0.1410,0.1321,0.1761,0.1916,0.1162,0.1545,0.1978,0.1208,0.1917,0.1786,0.1584,0.1901,0.1860,0.1881,0.1633,0.1977,0.1843,IDLE,IDLE,IDLE,IDLE,IDLE,IDLE,IDLE,IDLE,IDLE,IDLE,IDLE,IDLE,IDLE,IDLE,IDLE,IDLE,IDLE,IDLE,IDLE,IDLE,IDLE,IDLE,IDLE,IDLE,IDLE,IDLE,IDLE,IDLE,IDLE,IDLE,IDLE,IDLE,IDLE,IDLE,IDLE,IDLE,IDLE,IDLE,IDLE,IDLE,IDLE,IDLE,IDLE,IDLE,IDLE,IDLE,IDLE,IDLE,IDLE,IDLE
143,2024-01-06 23:00:01,0.00,0.00,0,0.0000,0.0000,0.00,0.9998,0.9999,0.9997,0.9997,0.9998,0.9998,0.9998,0.9997,0.9998,0.9998,0.9999,0.9998,0.9998,0.9999,0.9998,0.9999,0.9998,0.9997,0.9998,0.9998,0.9997,0.9998,0.9999,0.9998,0.9998,0.9999,0.9998,0.9998,0.9998,0.9997,0.9998,0.9998,0.9998,0.9998,0.9998,0.9997,0.9997,0.9998,0.9998,0.9998,0.9998,0.9998,0.9998,0.9998,0.9998,0.9997,0.9999,0.9998,0.9998,0.9999,0.1438,0.1191,0.1865,0.1761,0.1902,0.1870,0.1208,0.1891,0.1883,0.1498,0.1848,0.1325,0.1839,0.1449,0.1993,0.1449,0.1958,0.1884,0.1540,0.1514,0.1877,0.1958,0.1692,0.1584,0.1343,0.1244,0.1958,0.1498,0.1568,0.1806,0.1718,0.1162,0.1883,0.1410,0.1321,0.1761,0.1916,0.1162,0.1545,0.1978,0.1208,0.1917,0.1786,0.1584,0.1901,0.1860,0.1881,0.1633,0.1977,0.1843,IDLE,IDLE,IDLE,IDLE,IDLE,IDLE,IDLE,IDLE,IDLE,IDLE,IDLE,IDLE,IDLE,IDLE,IDLE,IDLE,IDLE,IDLE,IDLE,IDLE,IDLE,IDLE,IDLE,IDLE,IDLE,IDLE,IDLE,IDLE,IDLE,IDLE,IDLE,IDLE,IDLE,IDLE,IDLE,IDLE,IDLE,IDLE,IDLE,IDLE,IDLE,IDLE,IDLE,IDLE,IDLE,IDLE,IDLE,IDLE,IDLE,IDLE
144,2024-01-07 00:00:01,0.00,0.00,0,0.0000,0.0000,0.00,0.9998,0.9999,0.9997,0.9997,0.9998,0.9998,0.9998,0.9997,0.9998,0.9998,0.9999,0.9998,0.9998,0.9999,0.9998,0.9999,0.9998,0.9997,0.9998,0.9998,0.9997,0.9998,0.9999,0.9998,0.9998,0.9999,0.9998,0.9998,0.9998,0.9997,0.9998,0.9998,0.9998,0.9998,0.9998,0.9997,0.9997,0.9998,0.9998,0.9998,0.9998,0.9998,0.9998,0.9998,0.9998,0.9997,0.9999,0.9998,0.9998,0.9999,0.1438,0.1191,0.1865,0.1761,0.1902,0.1870,0.1208,0.1891,0.1883,0.1498,0.1848,0.1325,0.1839,0.1449,0.1993,0.1449,0.1958,0.1884,0.1540,0.1514,0.1877,0.1958,0.1692,0.1584,0.1343,0.1244,0.1958,0.1498,0.1568,0.1806,0.1718,0.1162,0.1883,0.1410,0.1321,0.1761,0.1916,0.1162,0.1545,0.1978,0.1208,0.1917,0.1786,0.1584,0.1901,0.1860,0.1881,0.1633,0.1977,0.1843,IDLE,IDLE,IDLE,IDLE,IDLE,IDLE,IDLE,IDLE,IDLE,IDLE,IDLE,IDLE,IDLE,IDLE,IDLE,IDLE,IDLE,IDLE,IDLE,IDLE,IDLE,IDLE,IDLE,IDLE,IDLE,IDLE,IDLE,IDLE,IDLE,IDLE,IDLE,IDLE,IDLE,IDLE,IDLE,IDLE,IDLE,IDLE,IDLE,IDLE,IDLE,IDLE,IDLE,IDLE,IDLE,IDLE,IDLE,IDLE,IDLE,IDLE
145,2024-01-07 01:00:01,0.00,0.00,0,0.0000,0.0000,0.00,0.9998,0.9999,0.9997,0.9997,0.9998,0.9998,0.9998,0.9997,0.9998,0.9998,0.9999,0.9998,0.9998,0.9999,0.9998,0.9999,0.9998,0.9997,0.9998,0.9998,0.9997,0.9998,0.9999,0.9998,0.9998,0.9999,0.9998,0.9998,0.9998,0.9997,0.9998,0.9998,0.9998,0.9998,0.9998,0.9997,0.9997,0.9998,0.9998,0.9998,0.9998,0.9998,0.9998,0.9998,0.9998,0.9997,0.9999,0.9998,0.9998,0.9999,0.1438,0.1191,0.1865,0.1761,0.1902,0.1870,0.1208,0.1891,0.1883,0.1498,0.1848,0.1325,0.1839,0.1449,0.1993,0.1449,0.1958,0.1884,0.1540,0.1514,0.1877,0.1958,0.1692,0.1584,0.1343,0.1244,0.1958,0.1498,0.1568,0.1806,0.1718,0.1162,0.1883,0.1410,0.1321,0.1761,0.1916,0.1162,0.1545,0.1978,0.1208,0.1917,0.1786,0.1584,0.1901,0.1860,0.1881,0.1633,0.1977,0.1843,IDLE,IDLE,IDLE,IDLE,IDLE,IDLE,IDLE,IDLE,IDLE,IDLE,IDLE,IDLE,IDLE,IDLE,IDLE,IDLE,IDLE,IDLE,IDLE,IDLE,IDLE,IDLE,IDLE,IDLE,IDLE,IDLE,IDLE,IDLE,IDLE,IDLE,IDLE,IDLE,IDLE,IDLE,IDLE,IDLE,IDLE,IDLE,IDLE,IDLE,IDLE,IDLE,IDLE,IDLE,IDLE,IDLE,IDLE,IDLE,IDLE,IDLE
146,2024-01-07 02:00:01,0.00,0.00,0,0.0000,0.0000,0.00,0.9998,0.9999,0.9997,0.9997,0.9998,0.9998,0.9998,0.9997,0.9998,0.9998,0.9999,0.9998,0.9998,0.9999,0.9998,0.9999,0.9998,0.9997,0.9998,0.9998,0.9997,0.9998,0.9999,0.9998,0.9998,0.9999,0.9998,0.9998,0.9998,0.9997,0.9998,0.9998,0.9998,0.9998,0.9998,0.9997,0.9997,0.9998,0.9998,0.9998,0.9998,0.9998,0.9998,0.9998,0.9998,0.9997,0.9999,0.9998,0.9998,0.9999,0.1438,0.1191,0.1865,0.1761,0.1902,0.1870,0.1208,0.1891,0.1883,0.1498,0.1848,0.1325,0.1839,0.1449,0.1993,0.1449,0.1958,0.1884,0.1540,0.1514,0.1877,0.1958,0.1692,0.1584,0.1343,0.1244,0.1958,0.1498,0.1568,0.1806,0.1718,0.1162,0.1883,0.1410,0.1321,0.1761,0.1916,0.1162,0.1545,0.1978,0.1208,0.1917,0.1786,0.1584,0.1901,0.1860,0.1881,0.1633,0.1977,0.1843,IDLE,IDLE,IDLE,IDLE,IDLE,IDLE,IDLE,IDLE,IDLE,IDLE,IDLE,IDLE,IDLE,IDLE,IDLE,IDLE,IDLE,IDLE,IDLE,IDLE,IDLE,IDLE,IDLE,IDLE,IDLE,IDLE,IDLE,IDLE,IDLE,IDLE,IDLE,IDLE,IDLE,IDLE,IDLE,IDLE,IDLE,IDLE,IDLE,IDLE,IDLE,IDLE,IDLE,IDLE,IDLE,IDLE,IDLE,IDLE,IDLE,IDLE
147,2024-01-07 03:00:01,0.00,0.00,0,0.0000,0.0000,0.00,0.9998,0.9999,0.9997,0.9997,0.9998,0.9998,0.9998,0.9997,0.9998,0.9998,0.9999,0.9998,0.9998,0.9999,0.9998,0.9999,0.9998,0.9997,0.9998,0.9998,0.9997,0.9998,0.9999,0.9998,0.9998,0.9999,0.9998,0.9998,0.9998,0.9997,0.9998,0.9998,0.9998,0.9998,0.9998,0.9997,0.9997,0.9998,0.9998,0.9998,0.9998,0.9998,0.9998,0.9998,0.9998,0.9997,0.9999,0.9998,0.9998,0.9999,0.1438,0.1191,0.1865,0.1761,0.1902,0.1870,0.1208,0.1891,0.1883,0.1498,0.1848,0.1325,0.1839,0.1449,0.1993,0.1449,0.1958,0.1884,0.1540,0.1514,0.1877,0.1958,0.1692,0.1584,0.1343,0.1244,0.1958,0.1498,0.1568,0.1806,0.1718,0.1162,0.1883,0.1410,0.1321,0.1761,0.1916,0.1162,0.1545,0.1978,0.1208,0.1917,0.1786,0.1584,0.1901,0.1860,0.1881,0.1633,0.1977,0.1843,IDLE,IDLE,IDLE,IDLE,IDLE,IDLE,IDLE,IDLE,IDLE,IDLE,IDLE,IDLE,IDLE,IDLE,IDLE,IDLE,IDLE,IDLE,IDLE,IDLE,IDLE,IDLE,IDLE,IDLE,IDLE,IDLE,IDLE,IDLE,IDLE,IDLE,IDLE,IDLE,IDLE,IDLE,IDLE,IDLE,IDLE,IDLE,IDLE,IDLE,IDLE,IDLE,IDLE,IDLE,IDLE,IDLE,IDLE,IDLE,IDLE,IDLE
148,2024-01-07 04:00:01,0.00,0.00,0,0.0000,0.0000,0.00,0.9998,0.9999,0.9997,0.9997,0.9998,0.9998,0.9998,0.9997,0.9998,0.9998,0.9999,0.9998,0.9998,0.9999,0.9998,0.9999,0.9998,0.9997,0.9998,0.9998,0.9997,0.9998,0.9999,0.9998,0.9998,0.9999,0.9998,0.9998,0.9998,0.9997,0.9998,0.9998,0.9998,0.9998,0.9998,0.9997,0.9997,0.9998,0.9998,0.9998,0.9998,0.9998,0.9998,0.9998,0.9998,0.9997,0.9999,0.9998,0.9998,0.9999,0.1438,0.1191,0.1865,0.1761,0.1902,0.1870,0.1208,0.1891,0.1883,0.1498,0.1848,0.1325,0.1839,0.1449,0.1993,0.1449,0.1958,0.1884,0.1540,0.1514,0.1877,0.1958,0.1692,0.1584,0.1343,0.1244,0.1958,0.1498,0.1568,0.1806,0.1718,0.1162,0.1883,0.1410,0.1321,0.1761,0.1916,0.1162,0.1545,0.1978,0.1208,0.1917,0.1786,0.1584,0.1901,0.1860,0.1881,0.1633,0.1977,0.1843,IDLE,IDLE,IDLE,IDLE,IDLE,IDLE,IDLE,IDLE,IDLE,IDLE,IDLE,IDLE,IDLE,IDLE,IDLE,IDLE,IDLE,IDLE,IDLE,IDLE,IDLE,IDLE,IDLE,IDLE,IDLE,IDLE,IDLE,IDLE,IDLE,IDLE,IDLE,IDLE,IDLE,IDLE,IDLE,IDLE,IDLE,IDLE,IDLE,IDLE,IDLE,IDLE,IDLE,IDLE,IDLE,IDLE,IDLE,IDLE,IDLE,IDLE
149,2024-01-07 05:00:01,0.00,0.00,0,0.0000,0.0000,0.00,0.9998,0.9999,0.9997,0.9997,0.9998,0.9998,0.9998,0.9997,0.9998,0.9998,0.9999,0.9998,0.9998,0.9999,0.9998,0.9999,0.9998,0.9997,0.9998,0.9998,0.9997,0.9998,0.9999,0.9998,0.9998,0.9999,0.9998,0.9998,0.9998,0.9997,0.9998,0.9998,0.9998,0.9998,0.9998,0.9997,0.9997,0.9998,0.9998,0.9998,0.9998,0.9998,0.9998,0.9998,0.9998,0.9997,0.9999,0.9998,0.9998,0.9999,0.1438,0.1191,0.1865,0.1761,0.1902,0.1870,0.1208,0.1891,0.1883,0.1498,0.1848,0.1325,0.1839,0.1449,0.1993,0.1449,0.1958,0.1884,0.1540,0.1514,0.1877,0.1958,0.1692,0.1584,0.1343,0.1244,0.1958,0.1498,0.1568,0.1806,0.1718,0.1162,0.1883,0.1410,0.1321,0.1761,0.1916,0.1162,0.1545,0.1978,0.1208,0.1917,0.1786,0.1584,0.1901,0.1860,0.1881,0.1633,0.1977,0.1843,IDLE,IDLE,IDLE,IDLE,IDLE,IDLE,IDLE,IDLE,IDLE,IDLE,IDLE,IDLE,IDLE,IDLE,IDLE,IDLE,IDLE,IDLE,IDLE,IDLE,IDLE,IDLE,IDLE,IDLE,IDLE,IDLE,IDLE,IDLE,IDLE,IDLE,IDLE,IDLE,IDLE,IDLE,IDLE,IDLE,IDLE,IDLE,IDLE,IDLE,IDLE,IDLE,IDLE,IDLE,IDLE,IDLE,IDLE,IDLE,IDLE,IDLE
150,2024-01-07 06:00:01,0.00,0.00,0,0.0000,0.0000,0.00,0.9998,0.9999,0.9997,0.9997,0.9998,0.9998,0.9998,0.9997,0.9998,0.9998,0.9999,0.9998,0.9998,0.9999,0.9998,0.9999,0.9998,0.9997,0.9998,0.9998,0.9997,0.9998,0.9999,0.9998,0.9998,0.9999,0.9998,0.9998,0.9998,0.9997,0.9998,0.9998,0.9998,0.9998,0.9998,0.9997,0.9997,0.9998,0.9998,0.9998,0.9998,0.9998,0.9998,0.9998,0.9998,0.9997,0.9999,0.9998,0.9998,0.9999,0.1438,0.1191,0.1865,0.1761,0.1902,0.1870,0.1208,0.1891,0.1883,0.1498,0.1848,0.1325,0.1839,0.1449,0.1993,0.1449,0.1958,0.1884,0.1540,0.1514,0.1877,0.1958,0.1692,0.1584,0.1343,0.1244,0.1958,0.1498,0.1568,0.1806,0.1718,0.1162,0.1883,0.1410,0.1321,0.1761,0.1916,0.1162,0.1545,0.1978,0.1208,0.1917,0.1786,0.1584,0.1901,0.1860,0.1881,0.1633,0.1977,0.1843,IDLE,IDLE,IDLE,IDLE,IDLE,IDLE,IDLE,IDLE,IDLE,IDLE,IDLE,IDLE,IDLE,IDLE,IDLE,IDLE,IDLE,IDLE,IDLE,IDLE,IDLE,IDLE,IDLE,IDLE,IDLE,IDLE,IDLE,IDLE,IDLE,IDLE,IDLE,IDLE,IDLE,IDLE,IDLE,IDLE,IDLE,IDLE,IDLE,IDLE,IDLE,IDLE,IDLE,IDLE,IDLE,IDLE,IDLE,IDLE,IDLE,IDLE
151,2024-01-07 07:00:01,0.00,0.00,0,0.0000,0.0000,0.00,0.9998,0.9999,0.9997,0.9997,0.9998,0.9998,0.9998,0.9997,0.9998,0.9998,0.9999,0.9998,0.9998,0.9999,0.9998,0.9999,0.9998,0.9997,0.9998,0.9998,0.9997,0.9998,0.9999,0.9998,0.9998,0.9999,0.9998,0.9998,0.9998,0.9997,0.9998,0.9998,0.9998,0.9998,0.9998,0.9997,0.9997,0.9998,0.9998,0.9998,0.9998,0.9998,0.9998,0.9998,0.9998,0.9997,0.9999,0.9998,0.9998,0.9999,0.1438,0.1191,0.1865,0.1761,0.1902,0.1870,0.1208,0.1891,0.1883,0.1498,0.1848,0.1325,0.1839,0.1449,0.1993,0.1449,0.1958,0.1884,0.1540,0.1514,0.1877,0.1958,0.1692,0.1584,0.1343,0.1244,0.1958,0.1498,0.1568,0.1806,0.1718,0.1162,0.1883,0.1410,0.1321,0.1761,0.1916,0.1162,0.1545,0.1978,0.1208,0.1917,0.1786,0.1584,0.1901,0.1860,0.1881,0.1633,0.1977,0.1843,IDLE,IDLE,IDLE,IDLE,IDLE,IDLE,IDLE,IDLE,IDLE,IDLE,IDLE,IDLE,IDLE,IDLE,IDLE,IDLE,IDLE,IDLE,IDLE,IDLE,IDLE,IDLE,IDLE,IDLE,IDLE,IDLE,IDLE,IDLE,IDLE,IDLE,IDLE,IDLE,IDLE,IDLE,IDLE,IDLE,IDLE,IDLE,IDLE,IDLE,IDLE,IDLE,IDLE,IDLE,IDLE,IDLE,IDLE,IDLE,IDLE,IDLE
152,2024-01-07 08:00:01,0.00,0.00,0,0.0000,0.0000,0.00,0.9998,0.9999,0.9997,0.9997,0.9998,0.9998,0.9998,0.9997,0.9998,0.9998,0.9999,0.9998,0.9998,0.9999,0.9998,0.9999,0.9998,0.9997,0.9998,0.9998,0.9997,0.9998,0.9999,0.9998,0.9998,0.9999,0.9998,0.9998,0.9998,0.9997,0.9998,0.9998,0.9998,0.9998,0.9998,0.9997,0.9997,0.9998,0.9998,0.9998,0.9998,0.9998,0.9998,0.9998,0.9998,0.9997,0.9999,0.9998,0.9998,0.9999,0.1438,0.1191,0.1865,0.1761,0.1902,0.1870,0.1208,0.1891,0.1883,0.1498,0.1848,0.1325,0.1839,0.1449,0.1993,0.1449,0.1958,0.1884,0.1540,0.1514,0.1877,0.1958,0.1692,0.1584,0.1343,0.1244,0.1958,0.1498,0.1568,0.1806,0.1718,0.1162,0.1883,0.1410,0.1321,0.1761,0.1916,0.1162,0.1545,0.1978,0.1208,0.1917,0.1786,0.1584,0.1901,0.1860,0.1881,0.1633,0.1977,0.1843,IDLE,IDLE,IDLE,IDLE,IDLE,IDLE,IDLE,IDLE,IDLE,IDLE,IDLE,IDLE,IDLE,IDLE,IDLE,IDLE,IDLE,IDLE,IDLE,IDLE,IDLE,IDLE,IDLE,IDLE,IDLE,IDLE,IDLE,IDLE,IDLE,IDLE,IDLE,IDLE,IDLE,IDLE,IDLE,IDLE,IDLE,IDLE,IDLE,IDLE,IDLE,IDLE,IDLE,IDLE,IDLE,IDLE,IDLE,IDLE,IDLE,IDLE
153,2024-01-07 09:00:01,0.00,0.00,0,0.0000,0.0000,0.00,0.9998,0.9999,0.9997,0.9997,0.9998,0.9998,0.9998,0.9997,0.9998,0.9998,0.9999,0.9998,0.9998,0.9999,0.9998,0.9999,0.9998,0.9997,0.9998,0.9998,0.9997,0.9998,0.9999,0.9998,0.9998,0.9999,0.9998,0.9998,0.9998,0.9997,0.9998,0.9998,0.9998,0.9998,0.9998,0.9997,0.9997,0.9998,0.9998,0.9998,0.9998,0.9998,0.9998,0.9998,0.9998,0.9997,0.9999,0.9998,0.9998,0.9999,0.1438,0.1191,0.1865,0.1761,0.1902,0.1870,0.1208,0.1891,0.1883,0.1498,0.1848,0.1325,0.1839,0.1449,0.1993,0.1449,0.1958,0.1884,0.1540,0.1514,0.1877,0.1958,0.1692,0.1584,0.1343,0.1244,0.1958,0.1498,0.1568,0.1806,0.1718,0.1162,0.1883,0.1410,0.1321,0.1761,0.1916,0.1162,0.1545,0.1978,0.1208,0.1917,0.1786,0.1584,0.1901,0.1860,0.1881,0.1633,0.1977,0.1843,IDLE,IDLE,IDLE,IDLE,IDLE,IDLE,IDLE,IDLE,IDLE,IDLE,IDLE,IDLE,IDLE,IDLE,IDLE,IDLE,IDLE,IDLE,IDLE,IDLE,IDLE,IDLE,IDLE,IDLE,IDLE,IDLE,IDLE,IDLE,IDLE,IDLE,IDLE,IDLE,IDLE,IDLE,IDLE,IDLE,IDLE,IDLE,IDLE,IDLE,IDLE,IDLE,IDLE,IDLE,IDLE,IDLE,IDLE,IDLE,IDLE,IDLE
154,2024-01-07 10:00:01,0.00,0.00,0,0.0000,0.0000,0.00,0.9998,0.9999,0.9997,0.9997,0.9998,0.9998,0.9998,0.9997,0.9998,0.9998,0.9999,0.9998,0.9998,0.9999,0.9998,0.9999,0.9998,0.9997,0.9998,0.9998,0.9997,0.9998,0.9999,0.9998,0.9998,0.9999,0.9998,0.9998,0.9998,0.9997,0.9998,0.9998,0.9998,0.9998,0.9998,0.9997,0.9997,0.9998,0.9998,0.9998,0.9998,0.9998,0.9998,0.9998,0.9998,0.9997,0.9999,0.9998,0.9998,0.9999,0.1438,0.1191,0.1865,0.1761,0.1902,0.1870,0.1208,0.1891,0.1883,0.1498,0.1848,0.1325,0.1839,0.1449,0.1993,0.1449,0.1958,0.1884,0.1540,0.1514,0.1877,0.1958,0.1692,0.1584,0.1343,0.1244,0.1958,0.1498,0.1568,0.1806,0.1718,0.1162,0.1883,0.1410,0.1321,0.1761,0.1916,0.1162,0.1545,0.1978,0.1208,0.1917,0.1786,0.1584,0.1901,0.1860,0.1881,0.1633,0.1977,0.1843,IDLE,IDLE,IDLE,IDLE,IDLE,IDLE,IDLE,IDLE,IDLE,IDLE,IDLE,IDLE,IDLE,IDLE,IDLE,IDLE,IDLE,IDLE,IDLE,IDLE,IDLE,IDLE,IDLE,IDLE,IDLE,IDLE,IDLE,IDLE,IDLE,IDLE,IDLE,IDLE,IDLE,IDLE,IDLE,IDLE,IDLE,IDLE,IDLE,IDLE,IDLE,IDLE,IDLE,IDLE,IDLE,IDLE,IDLE,IDLE,IDLE,IDLE
155,2024-01-07 11:00:01,0.00,0.00,0,0.0000,0.0000,0.00,0.9998,0.9999,0.9997,0.9997,0.9998,0.9998,0.9998,0.9997,0.9998,0.9998,0.9999,0.9998,0.9998,0.9999,0.9998,0.9999,0.9998,0.9997,0.9998,0.9998,0.9997,0.9998,0.9999,0.9998,0.9998,0.9999,0.9998,0.9998,0.9998,0.9997,0.9998,0.9998,0.9998,0.9998,0.9998,0.9997,0.9997,0.9998,0.9998,0.9998,0.9998,0.9998,0.9998,0.9998,0.9998,0.9997,0.9999,0.9998,0.9998,0.9999,0.1438,0.1191,0.1865,0.1761,0.1902,0.1870,0.1208,0.1891,0.1883,0.1498,0.1848,0.1325,0.1839,0.1449,0.1993,0.1449,0.1958,0.1884,0.1540,0.1514,0.1877,0.1958,0.1692,0.1584,0.1343,0.1244,0.1958,0.1498,0.1568,0.1806,0.1718,0.1162,0.1883,0.1410,0.1321,0.1761,0.1916,0.1162,0.1545,0.1978,0.1208,0.1917,0.1786,0.1584,0.1901,0.1860,0.1881,0.1633,0.1977,0.1843,IDLE,IDLE,IDLE,IDLE,IDLE,IDLE,IDLE,IDLE,IDLE,IDLE,IDLE,IDLE,IDLE,IDLE,IDLE,IDLE,IDLE,IDLE,IDLE,IDLE,IDLE,IDLE,IDLE,IDLE,IDLE,IDLE,IDLE,IDLE,IDLE,IDLE,IDLE,IDLE,IDLE,IDLE,IDLE,IDLE,IDLE,IDLE,IDLE,IDLE,IDLE,IDLE,IDLE,IDLE,IDLE,IDLE,IDLE,IDLE,IDLE,IDLE
156,2024-01-07 12:00:01,0.00,0.00,0,0.0000,0.0000,0.00,0.9998,0.9999,0.9997,0.9997,0.9998,0.9998,0.9998,0.9997,0.9998,0.9998,0.9999,0.9998,0.9998,0.9999,0.9998,0.9999,0.9998,0.9997,0.9998,0.9998,0.9997,0.9998,0.9999,0.9998,0.9998,0.9999,0.9998,0.9998,0.9998,0.9997,0.9998,0.9998,0.9998,0.9998,0.9998,0.9997,0.9997,0.9998,0.9998,0.9998,0.9998,0.9998,0.9998,0.9998,0.9998,0.9997,0.9999,0.9998,0.9998,0.9999,0.1438,0.1191,0.1865,0.1761,0.1902,0.1870,0.1208,0.1891,0.1883,0.1498,0.1848,0.1325,0.1839,0.1449,0.1993,0.1449,0.1958,0.1884,0.1540,0.1514,0.1877,0.1958,0.1692,0.1584,0.1343,0.1244,0.1958,0.1498,0.1568,0.1806,0.1718,0.1162,0.1883,0.1410,0.1321,0.1761,0.1916,0.1162,0.1545,0.1978,0.1208,0.1917,0.1786,0.1584,0.1901,0.1860,0.1881,0.1633,0.1977,0.1843,IDLE,IDLE,IDLE,IDLE,IDLE,IDLE,IDLE,IDLE,IDLE,IDLE,IDLE,IDLE,IDLE,IDLE,IDLE,IDLE,IDLE,IDLE,IDLE,IDLE,IDLE,IDLE,IDLE,IDLE,IDLE,IDLE,IDLE,IDLE,IDLE,IDLE,IDLE,IDLE,IDLE,IDLE,IDLE,IDLE,IDLE,IDLE,IDLE,IDLE,IDLE,IDLE,IDLE,IDLE,IDLE,IDLE,IDLE,IDLE,IDLE,IDLE
157,2024-01-07 13:00:01,0.00,0.00,0,0.0000,0.0000,0.00,0.9998,0.9999,0.9997,0.9997,0.9998,0.9998,0.9998,0.9997,0.9998,0.9998,0.9999,0.9998,0.9998,0.9999,0.9998,0.9999,0.9998,0.9997,0.9998,0.9998,0.9997,0.9998,0.9999,0.9998,0.9998,0.9999,0.9998,0.9998,0.9998,0.9997,0.9998,0.9998,0.9998,0.9998,0.9998,0.9997,0.9997,0.9998,0.9998,0.9998,0.9998,0.9998,0.9998,0.9998,0.9998,0.9997,0.9999,0.9998,0.9998,0.9999,0.1438,0.1191,0.1865,0.1761,0.1902,0.1870,0.1208,0.1891,0.1883,0.1498,0.1848,0.1325,0.1839,0.1449,0.1993,0.1449,0.1958,0.1884,0.1540,0.1514,0.1877,0.1958,0.1692,0.1584,0.1343,0.1244,0.1958,0.1498,0.1568,0.1806,0.1718,0.1162,0.1883,0.1410,0.1321,0.1761,0.1916,0.1162,0.1545,0.1978,0.1208,0.1917,0.1786,0.1584,0.1901,0.1860,0.1881,0.1633,0.1977,0.1843,IDLE,IDLE,IDLE,IDLE,IDLE,IDLE,IDLE,IDLE,IDLE,IDLE,IDLE,IDLE,IDLE,IDLE,IDLE,IDLE,IDLE,IDLE,IDLE,IDLE,IDLE,IDLE,IDLE,IDLE,IDLE,IDLE,IDLE,IDLE,IDLE,IDLE,IDLE,IDLE,IDLE,IDLE,IDLE,IDLE,IDLE,IDLE,IDLE,IDLE,IDLE,IDLE,IDLE,IDLE,IDLE,IDLE,IDLE,IDLE,IDLE,IDLE
158,2024-01-07 14:00:01,0.00,0.00,0,0.0000,0.0000,0.00,0.9998,0.9999,0.9997,0.9997,0.9998,0.9998,0.9998,0.9997,0.9998,0.9998,0.9999,0.9998,0.9998,0.9999,0.9998,0.9999,0.9998,0.9997,0.9998,0.9998,0.9997,0.9998,0.9999,0.9998,0.9998,0.9999,0.9998,0.9998,0.9998,0.9997,0.9998,0.9998,0.9998,0.9998,0.9998,0.9997,0.9997,0.9998,0.9998,0.9998,0.9998,0.9998,0.9998,0.9998,0.9998,0.9997,0.9999,0.9998,0.9998,0.9999,0.1438,0.1191,0.1865,0.1761,0.1902,0.1870,0.1208,0.1891,0.1883,0.1498,0.1848,0.1325,0.1839,0.1449,0.1993,0.1449,0.1958,0.1884,0.1540,0.1514,0.1877,0.1958,0.1692,0.1584,0.1343,0.1244,0.1958,0.1498,0.1568,0.1806,0.1718,0.1162,0.1883,0.1410,0.1321,0.1761,0.1916,0.1162,0.1545,0.1978,0.1208,0.1917,0.1786,0.1584,0.1901,0.1860,0.1881,0.1633,0.1977,0.1843,IDLE,IDLE,IDLE,IDLE,IDLE,IDLE,IDLE,IDLE,IDLE,IDLE,IDLE,IDLE,IDLE,IDLE,IDLE,IDLE,IDLE,IDLE,IDLE,IDLE,IDLE,IDLE,IDLE,IDLE,IDLE,IDLE,IDLE,IDLE,IDLE,IDLE,IDLE,IDLE,IDLE,IDLE,IDLE,IDLE,IDLE,IDLE,IDLE,IDLE,IDLE,IDLE,IDLE,IDLE,IDLE,IDLE,IDLE,IDLE,IDLE,IDLE
159,2024-01-07 15:00:01,0.00,0.00,0,0.0000,0.0000,0.00,0.9998,0.9999,0.9997,0.9997,0.9998,0.9998,0.9998,0.9997,0.9998,0.9998,0.9999,0.9998,0.9998,0.9999,0.9998,0.9999,0.9998,0.9997,0.9998,0.9998,0.9997,0.9998,0.9999,0.9998,0.9998,0.9999,0.9998,0.9998,0.9998,0.9997,0.9998,0.9998,0.9998,0.9998,0.9998,0.9997,0.9997,0.9998,0.9998,0.9998,0.9998,0.9998,0.9998,0.9998,0.9998,0.9997,0.9999,0.9998,0.9998,0.9999,0.1438,0.1191,0.1865,0.1761,0.1902,0.1870,0.1208,0.1891,0.1883,0.1498,0.1848,0.1325,0.1839,0.1449,0.1993,0.1449,0.1958,0.1884,0.1540,0.1514,0.1877,0.1958,0.1692,0.1584,0.1343,0.1244,0.1958,0.1498,0.1568,0.1806,0.1718,0.1162,0.1883,0.1410,0.1321,0.1761,0.1916,0.1162,0.1545,0.1978,0.1208,0.1917,0.1786,0.1584,0.1901,0.1860,0.1881,0.1633,0.1977,0.1843,IDLE,IDLE,IDLE,IDLE,IDLE,IDLE,IDLE,IDLE,IDLE,IDLE,IDLE,IDLE,IDLE,IDLE,IDLE,IDLE,IDLE,IDLE,IDLE,IDLE,IDLE,IDLE,IDLE,IDLE,IDLE,IDLE,IDLE,IDLE,IDLE,IDLE,IDLE,IDLE,IDLE,IDLE,IDLE,IDLE,IDLE,IDLE,IDLE,IDLE,IDLE,IDLE,IDLE,IDLE,IDLE,IDLE,IDLE,IDLE,IDLE,IDLE
160,2024-01-07 16:00:01,0.00,0.00,0,0.0000,0.0000,0.00,0.9998,0.9999,0.9997,0.9997,0.9998,0.9998,0.9998,0.9997,0.9998,0.9998,0.9999,0.9998,0.9998,0.9999,0.9998,0.9999,0.9998,0.9997,0.9998,0.9998,0.9997,0.9998,0.9999,0.9998,0.9998,0.9999,0.9998,0.9998,0.9998,0.9997,0.9998,0.9998,0.9998,0.9998,0.9998,0.9997,0.9997,0.9998,0.9998,0.9998,0.9998,0.9998,0.9998,0.9998,0.9998,0.9997,0.9999,0.9998,0.9998,0.9999,0.1438,0.1191,0.1865,0.1761,0.1902,0.1870,0.1208,0.1891,0.1883,0.1498,0.1848,0.1325,0.1839,0.1449,0.1993,0.1449,0.1958,0.1884,0.1540,0.1514,0.1877,0.1958,0.1692,0.1584,0.1343,0.1244,0.1958,0.1498,0.1568,0.1806,0.1718,0.1162,0.1883,0.1410,0.1321,0.1761,0.1916,0.1162,0.1545,0.1978,0.1208,0.1917,0.1786,0.1584,0.1901,0.1860,0.1881,0.1633,0.1977,0.1843,IDLE,IDLE,IDLE,IDLE,IDLE,IDLE,IDLE,IDLE,IDLE,IDLE,IDLE,IDLE,IDLE,IDLE,IDLE,IDLE,IDLE,IDLE,IDLE,IDLE,IDLE,IDLE,IDLE,IDLE,IDLE,IDLE,IDLE,IDLE,IDLE,IDLE,IDLE,IDLE,IDLE,IDLE,IDLE,IDLE,IDLE,IDLE,IDLE,IDLE,IDLE,IDLE,IDLE,IDLE,IDLE,IDLE,IDLE,IDLE,IDLE,IDLE
161,2024-01-07 17:00:01,0.00,0.00,0,0.0000,0.0000,0.00,0.9998,0.9999,0.9997,0.9997,0.9998,0.9998,0.9998,0.9997,0.9998,0.9998,0.9999,0.9998,0.9998,0.9999,0.9998,0.9999,0.9998,0.9997,0.9998,0.9998,0.9997,0.9998,0.9999,0.9998,0.9998,0.9999,0.9998,0.9998,0.9998,0.9997,0.9998,0.9998,0.9998,0.9998,0.9998,0.9997,0.9997,0.9998,0.9998,0.9998,0.9998,0.9998,0.9998,0.9998,0.9998,0.9997,0.9999,0.9998,0.9998,0.9999,0.1438,0.1191,0.1865,0.1761,0.1902,0.1870,0.1208,0.1891,0.1883,0.1498,0.1848,0.1325,0.1839,0.1449,0.1993,0.1449,0.1958,0.1884,0.1540,0.1514,0.1877,0.1958,0.1692,0.1584,0.1343,0.1244,0.1958,0.1498,0.1568,0.1806,0.1718,0.1162,0.1883,0.1410,0.1321,0.1761,0.1916,0.1162,0.1545,0.1978,0.1208,0.1917,0.1786,0.1584,0.1901,0.1860,0.1881,0.1633,0.1977,0.1843,IDLE,IDLE,IDLE,IDLE,IDLE,IDLE,IDLE,IDLE,IDLE,IDLE,IDLE,IDLE,IDLE,IDLE,IDLE,IDLE,IDLE,IDLE,IDLE,IDLE,IDLE,IDLE,IDLE,IDLE,IDLE,IDLE,IDLE,IDLE,IDLE,IDLE,IDLE,IDLE,IDLE,IDLE,IDLE,IDLE,IDLE,IDLE,IDLE,IDLE,IDLE,IDLE,IDLE,IDLE,IDLE,IDLE,IDLE,IDLE,IDLE,IDLE
162,2024-01-07 18:00:01,0.00,0.00,0,0.0000,0.0000,0.00,0.9998,0.9999,0.9997,0.9997,0.9998,0.9998,0.9998,0.9997,0.9998,0.9998,0.9999,0.9998,0.9998,0.9999,0.9998,0.9999,0.9998,0.9997,0.9998,0.9998,0.9997,0.9998,0.9999,0.9998,0.9998,0.9999,0.9998,0.9998,0.9998,0.9997,0.9998,0.9998,0.9998,0.9998,0.9998,0.9997,0.9997,0.9998,0.9998,0.9998,0.9998,0.9998,0.9998,0.9998,0.9998,0.9997,0.9999,0.9998,0.9998,0.9999,0.1438,0.1191,0.1865,0.1761,0.1902,0.1870,0.1208,0.1891,0.1883,0.1498,0.1848,0.1325,0.1839,0.1449,0.1993,0.1449,0.1958,0.1884,0.1540,0.1514,0.1877,0.1958,0.1692,0.1584,0.1343,0.1244,0.1958,0.1498,0.1568,0.1806,0.1718,0.1162,0.1883,0.1410,0.1321,0.1761,0.1916,0.1162,0.1545,0.1978,0.1208,0.1917,0.1786,0.1584,0.1901,0.1860,0.1881,0.1633,0.1977,0.1843,IDLE,IDLE,IDLE,IDLE,IDLE,IDLE,IDLE,IDLE,IDLE,IDLE,IDLE,IDLE,IDLE,IDLE,IDLE,IDLE,IDLE,IDLE,IDLE,IDLE,IDLE,IDLE,IDLE,IDLE,IDLE,IDLE,IDLE,IDLE,IDLE,IDLE,IDLE,IDLE,IDLE,IDLE,IDLE,IDLE,IDLE,IDLE,IDLE,IDLE,IDLE,IDLE,IDLE,IDLE,IDLE,IDLE,IDLE,IDLE,IDLE,IDLE
163,2024-01-07 19:00:01,0.00,0.00,0,0.0000,0.0000,0.00,0.9998,0.9999,0.9997,0.9997,0.9998,0.9998,0.9998,0.9997,0.9998,0.9998,0.9999,0.9998,0.9998,0.9999,0.9998,0.9999,0.9998,0.9997,0.9998,0.9998,0.9997,0.9998,0.9999,0.9998,0.9998,0.9999,0.9998,0.9998,0.9998,0.9997,0.9998,0.9998,0.9998,0.9998,0.9998,0.9997,0.9997,0.9998,0.9998,0.9998,0.9998,0.9998,0.9998,0.9998,0.9998,0.9997,0.9999,0.9998,0.9998,0.9999,0.1438,0.1191,0.1865,0.1761,0.1902,0.1870,0.1208,0.1891,0.1883,0.1498,0.1848,0.1325,0.1839,0.1449,0.1993,0.1449,0.1958,0.1884,0.1540,0.1514,0.1877,0.1958,0.1692,0.1584,0.1343,0.1244,0.1958,0.1498,0.1568,0.1806,0.1718,0.1162,0.1883,0.1410,0.1321,0.1761,0.1916,0.1162,0.1545,0.1978,0.1208,0.1917,0.1786,0.1584,0.1901,0.1860,0.1881,0.1633,0.1977,0.1843,IDLE,IDLE,IDLE,IDLE,IDLE,IDLE,IDLE,IDLE,IDLE,IDLE,IDLE,IDLE,IDLE,IDLE,IDLE,IDLE,IDLE,IDLE,IDLE,IDLE,IDLE,IDLE,IDLE,IDLE,IDLE,IDLE,IDLE,IDLE,IDLE,IDLE,IDLE,IDLE,IDLE,IDLE,IDLE,IDLE,IDLE,IDLE,IDLE,IDLE,IDLE,IDLE,IDLE,IDLE,IDLE,IDLE,IDLE,IDLE,IDLE,IDLE
164,2024-01-07 20:00:01,0.00,0.00,0,0.0000,0.0000,0.00,0.9998,0.9999,0.9997,0.9997,0.9998,0.9998,0.9998,0.9997,0.9998,0.9998,0.9999,0.9998,0.9998,0.9999,0.9998,0.9999,0.9998,0.9997,0.9998,0.9998,0.9997,0.9998,0.9999,0.9998,0.9998,0.9999,0.9998,0.9998,0.9998,0.9997,0.9998,0.9998,0.9998,0.9998,0.9998,0.9997,0.9997,0.9998,0.9998,0.9998,0.9998,0.9998,0.9998,0.9998,0.9998,0.9997,0.9999,0.9998,0.9998,0.9999,0.1438,0.1191,0.1865,0.1761,0.1902,0.1870,0.1208,0.1891,0.1883,0.1498,0.1848,0.1325,0.1839,0.1449,0.1993,0.1449,0.1958,0.1884,0.1540,0.1514,0.1877,0.1958,0.1692,0.1584,0.1343,0.1244,0.1958,0.1498,0.1568,0.1806,0.1718,0.1162,0.1883,0.1410,0.1321,0.1761,0.1916,0.1162,0.1545,0.1978,0.1208,0.1917,0.1786,0.1584,0.1901,0.1860,0.1881,0.1633,0.1977,0.1843,IDLE,IDLE,IDLE,IDLE,IDLE,IDLE,IDLE,IDLE,IDLE,IDLE,IDLE,IDLE,IDLE,IDLE,IDLE,IDLE,IDLE,IDLE,IDLE,IDLE,IDLE,IDLE,IDLE,IDLE,IDLE,IDLE,IDLE,IDLE,IDLE,IDLE,IDLE,IDLE,IDLE,IDLE,IDLE,IDLE,IDLE,IDLE,IDLE,IDLE,IDLE,IDLE,IDLE,IDLE,IDLE,IDLE,IDLE,IDLE,IDLE,IDLE
165,2024-01-07 21:00:01,0.00,0.00,0,0.0000,0.0000,0.00,0.9998,0.9999,0.9997,0.9997,0.9998,0.9998,0.9998,0.9997,0.9998,0.9998,0.9999,0.9998,0.9998,0.9999,0.9998,0.9999,0.9998,0.9997,0.9998,0.9998,0.9997,0.9998,0.9999,0.9998,0.9998,0.9999,0.9998,0.9998,0.9998,0.9997,0.9998,0.9998,0.9998,0.9998,0.9998,0.9997,0.9997,0.9998,0.9998,0.9998,0.9998,0.9998,0.9998,0.9998,0.9998,0.9997,0.9999,0.9998,0.9998,0.9999,0.1438,0.1191,0.1865,0.1761,0.1902,0.1870,0.1208,0.1891,0.1883,0.1498,0.1848,0.1325,0.1839,0.1449,0.1993,0.1449,0.1958,0.1884,0.1540,0.1514,0.1877,0.1958,0.1692,0.1584,0.1343,0.1244,0.1958,0.1498,0.1568,0.1806,0.1718,0.1162,0.1883,0.1410,0.1321,0.1761,0.1916,0.1162,0.1545,0.1978,0.1208,0.1917,0.1786,0.1584,0.1901,0.1860,0.1881,0.1633,0.1977,0.1843,IDLE,IDLE,IDLE,IDLE,IDLE,IDLE,IDLE,IDLE,IDLE,IDLE,IDLE,IDLE,IDLE,IDLE,IDLE,IDLE,IDLE,IDLE,IDLE,IDLE,IDLE,IDLE,IDLE,IDLE,IDLE,IDLE,IDLE,IDLE,IDLE,IDLE,IDLE,IDLE,IDLE,IDLE,IDLE,IDLE,IDLE,IDLE,IDLE,IDLE,IDLE,IDLE,IDLE,IDLE,IDLE,IDLE,IDLE,IDLE,IDLE,IDLE
166,2024-01-07 22:00:01,0.00,0.00,0,0.0000,0.0000,0.00,0.9998,0.9999,0.9997,0.9997,0.9998,0.9998,0.9998,0.9997,0.9998,0.9998,0.9999,0.9998,0.9998,0.9999,0.9998,0.9999,0.9998,0.9997,0.9998,0.9998,0.9997,0.9998,0.9999,0.9998,0.9998,0.9999,0.9998,0.9998,0.9998,0.9997,0.9998,0.9998,0.9998,0.9998,0.9998,0.9997,0.9997,0.9998,0.9998,0.9998,0.9998,0.9998,0.9998,0.9998,0.9998,0.9997,0.9999,0.9998,0.9998,0.9999,0.1438,0.1191,0.1865,0.1761,0.1902,0.1870,0.1208,0.1891,0.1883,0.1498,0.1848,0.1325,0.1839,0.1449,0.1993,0.1449,0.1958,0.1884,0.1540,0.1514,0.1877,0.1958,0.1692,0.1584,0.1343,0.1244,0.1958,0.1498,0.1568,0.1806,0.1718,0.1162,0.1883,0.1410,0.1321,0.1761,0.1916,0.1162,0.1545,0.1978,0.1208,0.1917,0.1786,0.1584,0.1901,0.1860,0.1881,0.1633,0.1977,0.1843,IDLE,IDLE,IDLE,IDLE,IDLE,IDLE,IDLE,IDLE,IDLE,IDLE,IDLE,IDLE,IDLE,IDLE,IDLE,IDLE,IDLE,IDLE,IDLE,IDLE,IDLE,IDLE,IDLE,IDLE,IDLE,IDLE,IDLE,IDLE,IDLE,IDLE,IDLE,IDLE,IDLE,IDLE,IDLE,IDLE,IDLE,IDLE,IDLE,IDLE,IDLE,IDLE,IDLE,IDLE,IDLE,IDLE,IDLE,IDLE,IDLE,IDLE
167,2024-01-07 23:00:01,0.00,0.00,0,0.0000,0.0000,0.00,0.9998,0.9999,0.9997,0.9997,0.9998,0.9998,0.9998,0.9997,0.9998,0.9998,0.9999,0.9998,0.9998,0.9999,0.9998,0.9999,0.9998,0.9997,0.9998,0.9998,0.9997,0.9998,0.9999,0.9998,0.9998,0.9999,0.9998,0.9998,0.9998,0.9997,0.9998,0.9998,0.9998,0.9998,0.9998,0.9997,0.9997,0.9998,0.9998,0.9998,0.9998,0.9998,0.9998,0.9998,0.9998,0.9997,0.9999,0.9998,0.9998,0.9999,0.1438,0.1191,0.1865,0.1761,0.1902,0.1870,0.1208,0.1891,0.1883,0.1498,0.1848,0.1325,0.1839,0.1449,0.1993,0.1449,0.1958,0.1884,0.1540,0.1514,0.1877,0.1958,0.1692,0.1584,0.1343,0.1244,0.1958,0.1498,0.1568,0.1806,0.1718,0.1162,0.1883,0.1410,0.1321,0.1761,0.1916,0.1162,0.1545,0.1978,0.1208,0.1917,0.1786,0.1584,0.1901,0.1860,0.1881,0.1633,0.1977,0.1843,IDLE,IDLE,IDLE,IDLE,IDLE,IDLE,IDLE,IDLE,IDLE,IDLE,IDLE,IDLE,IDLE,IDLE,IDLE,IDLE,IDLE,IDLE,IDLE,IDLE,IDLE,IDLE,IDLE,IDLE,IDLE,IDLE,IDLE,IDLE,IDLE,IDLE,IDLE,IDLE,IDLE,IDLE,IDLE,IDLE,IDLE,IDLE,IDLE,IDLE,IDLE,IDLE,IDLE,IDLE,IDLE,IDLE,IDLE,IDLE,IDLE,IDLE
168,2024-01-08 00:00:01,0.00,0.00,0,0.0000,0.0000,0.00,0.9998,0.9999,0.9997,0.9997,0.9998,0.9998,0.9998,0.9997,0.9998,0.9998,0.9999,0.9998,0.9998,0.9999,0.9998,0.9999,0.9998,0.9997,0.9998,0.9998,0.9997,0.9998,0.9999,0.9998,0.9998,0.9999,0.9998,0.9998,0.9998,0.9997,0.9998,0.9998,0.9998,0.9998,0.9998,0.9997,0.9997,0.9998,0.9998,0.9998,0.9998,0.9998,0.9998,0.9998,0.9998,0.9997,0.9999,0.9998,0.9998,0.9999,0.1438,0.1191,0.1865,0.1761,0.1902,0.1870,0.1208,0.1891,0.1883,0.1498,0.1848,0.1325,0.1839,0.1449,0.1993,0.1449,0.1958,0.1884,0.1540,0.1514,0.1877,0.1958,0.1692,0.1584,0.1343,0.1244,0.1958,0.1498,0.1568,0.1806,0.1718,0.1162,0.1883,0.1410,0.1321,0.1761,0.1916,0.1162,0.1545,0.1978,0.1208,0.1917,0.1786,0.1584,0.1901,0.1860,0.1881,0.1633,0.1977,0.1843,IDLE,IDLE,IDLE,IDLE,IDLE,IDLE,IDLE,IDLE,IDLE,IDLE,IDLE,IDLE,IDLE,IDLE,IDLE,IDLE,IDLE,IDLE,IDLE,IDLE,IDLE,IDLE,IDLE,IDLE,IDLE,IDLE,IDLE,IDLE,IDLE,IDLE,IDLE,IDLE,IDLE,IDLE,IDLE,IDLE,IDLE,IDLE,IDLE,IDLE,IDLE,IDLE,IDLE,IDLE,IDLE,IDLE,IDLE,IDLE,IDLE,IDLE
169,2024-01-08 01:00:01,0.00,0.00,0,0.0000,0.0000,0.00,0.9998,0.9999,0.9997,0.9997,0.9998,0.9998,0.9998,0.9997,0.9998,0.9998,0.9999,0.9998,0.9998,0.9999,0.9998,0.9999,0.9998,0.9997,0.9998,0.9998,0.9997,0.9998,0.9999,0.9998,0.9998,0.9999,0.9998,0.9998,0.9998,0.9997,0.9998,0.9998,0.9998,0.9998,0.9998,0.9997,0.9997,0.9998,0.9998,0.9998,0.9998,0.9998,0.9998,0.9998,0.9998,0.9997,0.9999,0.9998,0.9998,0.9999,0.1438,0.1191,0.1865,0.1761,0.1902,0.1870,0.1208,0.1891,0.1883,0.1498,0.1848,0.1325,0.1839,0.1449,0.1993,0.1449,0.1958,0.1884,0.1540,0.1514,0.1877,0.1958,0.1692,0.1584,0.1343,0.1244,0.1958,0.1498,0.1568,0.1806,0.1718,0.1162,0.1883,0.1410,0.1321,0.1761,0.1916,0.1162,0.1545,0.1978,0.1208,0.1917,0.1786,0.1584,0.1901,0.1860,0.1881,0.1633,0.1977,0.1843,IDLE,IDLE,IDLE,IDLE,IDLE,IDLE,IDLE,IDLE,IDLE,IDLE,IDLE,IDLE,IDLE,IDLE,IDLE,IDLE,IDLE,IDLE,IDLE,IDLE,IDLE,IDLE,IDLE,IDLE,IDLE,IDLE,IDLE,IDLE,IDLE,IDLE,IDLE,IDLE,IDLE,IDLE,IDLE,IDLE,IDLE,IDLE,IDLE,IDLE,IDLE,IDLE,IDLE,IDLE,IDLE,IDLE,IDLE,IDLE,IDLE,IDLE
170,2024-01-08 02:00:01,0.00,0.00,0,0.0000,0.0000,0.00,0.9998,0.9999,0.9997,0.9997,0.9998,0.9998,0.9998,0.9997,0.9998,0.9998,0.9999,0.9998,0.9998,0.9999,0.9998,0.9999,0.9998,0.9997,0.9998,0.9998,0.9997,0.9998,0.9999,0.9998,0.9998,0.9999,0.9998,0.9998,0.9998,0.9997,0.9998,0.9998,0.9998,0.9998,0.9998,0.9997,0.9997,0.9998,0.9998,0.9998,0.9998,0.9998,0.9998,0.9998,0.9998,0.9997,0.9999,0.9998,0.9998,0.9999,0.1438,0.1191,0.1865,0.1761,0.1902,0.1870,0.1208,0.1891,0.1883,0.1498,0.1848,0.1325,0.1839,0.1449,0.1993,0.1449,0.1958,0.1884,0.1540,0.1514,0.1877,0.1958,0.1692,0.1584,0.1343,0.1244,0.1958,0.1498,0.1568,0.1806,0.1718,0.1162,0.1883,0.1410,0.1321,0.1761,0.1916,0.1162,0.1545,0.1978,0.1208,0.1917,0.1786,0.1584,0.1901,0.1860,0.1881,0.1633,0.1977,0.1843,IDLE,IDLE,IDLE,IDLE,IDLE,IDLE,IDLE,IDLE,IDLE,IDLE,IDLE,IDLE,IDLE,IDLE,IDLE,IDLE,IDLE,IDLE,IDLE,IDLE,IDLE,IDLE,IDLE,IDLE,IDLE,IDLE,IDLE,IDLE,IDLE,IDLE,IDLE,IDLE,IDLE,IDLE,IDLE,IDLE,IDLE,IDLE,IDLE,IDLE,IDLE,IDLE,IDLE,IDLE,IDLE,IDLE,IDLE,IDLE,IDLE,IDLE
171,2024-01-08 03:00:01,0.00,0.00,0,0.0000,0.0000,0.00,0.9998,0.9999,0.9997,0.9997,0.9998,0.9998,0.9998,0.9997,0.9998,0.9998,0.9999,0.9998,0.9998,0.9999,0.9998,0.9999,0.9998,0.9997,0.9998,0.9998,0.9997,0.9998,0.9999,0.9998,0.9998,0.9999,0.9998,0.9998,0.9998,0.9997,0.9998,0.9998,0.9998,0.9998,0.9998,0.9997,0.9997,0.9998,0.9998,0.9998,0.9998,0.9998,0.9998,0.9998,0.9998,0.9997,0.9999,0.9998,0.9998,0.9999,0.1438,0.1191,0.1865,0.1761,0.1902,0.1870,0.1208,0.1891,0.1883,0.1498,0.1848,0.1325,0.1839,0.1449,0.1993,0.1449,0.1958,0.1884,0.1540,0.1514,0.1877,0.1958,0.1692,0.1584,0.1343,0.1244,0.1958,0.1498,0.1568,0.1806,0.1718,0.1162,0.1883,0.1410,0.1321,0.1761,0.1916,0.1162,0.1545,0.1978,0.1208,0.1917,0.1786,0.1584,0.1901,0.1860,0.1881,0.1633,0.1977,0.1843,IDLE,IDLE,IDLE,IDLE,IDLE,IDLE,IDLE,IDLE,IDLE,IDLE,IDLE,IDLE,IDLE,IDLE,IDLE,IDLE,IDLE,IDLE,IDLE,IDLE,IDLE,IDLE,IDLE,IDLE,IDLE,IDLE,IDLE,IDLE,IDLE,IDLE,IDLE,IDLE,IDLE,IDLE,IDLE,IDLE,IDLE,IDLE,IDLE,IDLE,IDLE,IDLE,IDLE,IDLE,IDLE,IDLE,IDLE,IDLE,IDLE,IDLE
172,2024-01-08 04:00:01,0.00,0.00,0,0.0000,0.0000,0.00,0.9998,0.9999,0.9997,0.9997,0.9998,0.9998,0.9998,0.9997,0.9998,0.9998,0.9999,0.9998,0.9998,0.9999,0.9998,0.9999,0.9998,0.9997,0.9998,0.9998,0.9997,0.9998,0.9999,0.9998,0.9998,0.9999,0.9998,0.9998,0.9998,0.9997,0.9998,0.9998,0.9998,0.9998,0.9998,0.9997,0.9997,0.9998,0.9998,0.9998,0.9998,0.9998,0.9998,0.9998,0.9998,0.9997,0.9999,0.9998,0.9998,0.9999,0.1438,0.1191,0.1865,0.1761,0.1902,0.1870,0.1208,0.1891,0.1883,0.1498,0.1848,0.1325,0.1839,0.1449,0.1993,0.1449,0.1958,0.1884,0.1540,0.1514,0.1877,0.1958,0.1692,0.1584,0.1343,0.1244,0.1958,0.1498,0.1568,0.1806,0.1718,0.1162,0.1883,0.1410,0.1321,0.1761,0.1916,0.1162,0.1545,0.1978,0.1208,0.1917,0.1786,0.1584,0.1901,0.1860,0.1881,0.1633,0.1977,0.1843,IDLE,IDLE,IDLE,IDLE,IDLE,IDLE,IDLE,IDLE,IDLE,IDLE,IDLE,IDLE,IDLE,IDLE,IDLE,IDLE,IDLE,IDLE,IDLE,IDLE,IDLE,IDLE,IDLE,IDLE,IDLE,IDLE,IDLE,IDLE,IDLE,IDLE,IDLE,IDLE,IDLE,IDLE,IDLE,IDLE,IDLE,IDLE,IDLE,IDLE,IDLE,IDLE,IDLE,IDLE,IDLE,IDLE,IDLE,IDLE,IDLE,IDLE
173,2024-01-08 05:00:01,0.00,0.00,0,0.0000,0.0000,0.00,0.9998,0.9999,0.9997,0.9997,0.9998,0.9998,0.9998,0.9997,0.9998,0.9998,0.9999,0.9998,0.9998,0.9999,0.9998,0.9999,0.9998,0.9997,0.9998,0.9998,0.9997,0.9998,0.9999,0.9998,0.9998,0.9999,0.9998,0.9998,0.9998,0.9997,0.9998,0.9998,0.9998,0.9998,0.9998,0.9997,0.9997,0.9998,0.9998,0.9998,0.9998,0.9998,0.9998,0.9998,0.9998,0.9997,0.9999,0.9998,0.9998,0.9999,0.1438,0.1191,0.1865,0.1761,0.1902,0.1870,0.1208,0.1891,0.1883,0.1498,0.1848,0.1325,0.1839,0.1449,0.1993,0.1449,0.1958,0.1884,0.1540,0.1514,0.1877,0.1958,0.1692,0.1584,0.1343,0.1244,0.1958,0.1498,0.1568,0.1806,0.1718,0.1162,0.1883,0.1410,0.1321,0.1761,0.1916,0.1162,0.1545,0.1978,0.1208,0.1917,0.1786,0.1584,0.1901,0.1860,0.1881,0.1633,0.1977,0.1843,IDLE,IDLE,IDLE,IDLE,IDLE,IDLE,IDLE,IDLE,IDLE,IDLE,IDLE,IDLE,IDLE,IDLE,IDLE,IDLE,IDLE,IDLE,IDLE,IDLE,IDLE,IDLE,IDLE,IDLE,IDLE,IDLE,IDLE,IDLE,IDLE,IDLE,IDLE,IDLE,IDLE,IDLE,IDLE,IDLE,IDLE,IDLE,IDLE,IDLE,IDLE,IDLE,IDLE,IDLE,IDLE,IDLE,IDLE,IDLE,IDLE,IDLE
174,2024-01-08 06:00:01,0.00,0.00,0,0.0000,0.0000,0.00,0.9998,0.9999,0.9997,0.9997,0.9998,0.9998,0.9998,0.9997,0.9998,0.9998,0.9999,0.9998,0.9998,0.9999,0.9998,0.9999,0.9998,0.9997,0.9998,0.9998,0.9997,0.9998,0.9999,0.9998,0.9998,0.9999,0.9998,0.9998,0.9998,0.9997,0.9998,0.9998,0.9998,0.9998,0.9998,0.9997,0.9997,0.9998,0.9998,0.9998,0.9998,0.9998,0.9998,0.9998,0.9998,0.9997,0.9999,0.9998,0.9998,0.9999,0.1438,0.1191,0.1865,0.1761,0.1902,0.1870,0.1208,0.1891,0.1883,0.1498,0.1848,0.1325,0.1839,0.1449,0.1993,0.1449,0.1958,0.1884,0.1540,0.1514,0.1877,0.1958,0.1692,0.1584,0.1343,0.1244,0.1958,0.1498,0.1568,0.1806,0.1718,0.1162,0.1883,0.1410,0.1321,0.1761,0.1916,0.1162,0.1545,0.1978,0.1208,0.1917,0.1786,0.1584,0.1901,0.1860,0.1881,0.1633,0.1977,0.1843,IDLE,IDLE,IDLE,IDLE,IDLE,IDLE,IDLE,IDLE,IDLE,IDLE,IDLE,IDLE,IDLE,IDLE,IDLE,IDLE,IDLE,IDLE,IDLE,IDLE,IDLE,IDLE,IDLE,IDLE,IDLE,IDLE,IDLE,IDLE,IDLE,IDLE,IDLE,IDLE,IDLE,IDLE,IDLE,IDLE,IDLE,IDLE,IDLE,IDLE,IDLE,IDLE,IDLE,IDLE,IDLE,IDLE,IDLE,IDLE,IDLE,IDLE
175,2024-01-08 07:00:01,0.00,0.00,0,0.0000,0.0000,0.00,0.9998,0.9999,0.9997,0.9997,0.9998,0.9998,0.9998,0.9997,0.9998,0.9998,0.9999,0.9998,0.9998,0.9999,0.9998,0.9999,0.9998,0.9997,0.9998,0.9998,0.9997,0.9998,0.9999,0.9998,0.9998,0.9999,0.9998,0.9998,0.9998,0.9997,0.9998,0.9998,0.9998,0.9998,0.9998,0.9997,0.9997,0.9998,0.9998,0.9998,0.9998,0.9998,0.9998,0.9998,0.9998,0.9997,0.9999,0.9998,0.9998,0.9999,0.1438,0.1191,0.1865,0.1761,0.1902,0.1870,0.1208,0.1891,0.1883,0.1498,0.1848,0.1325,0.1839,0.1449,0.1993,0.1449,0.1958,0.1884,0.1540,0.1514,0.1877,0.1958,0.1692,0.1584,0.1343,0.1244,0.1958,0.1498,0.1568,0.1806,0.1718,0.1162,0.1883,0.1410,0.1321,0.1761,0.1916,0.1162,0.1545,0.1978,0.1208,0.1917,0.1786,0.1584,0.1901,0.1860,0.1881,0.1633,0.1977,0.1843,IDLE,IDLE,IDLE,IDLE,IDLE,IDLE,IDLE,IDLE,IDLE,IDLE,IDLE,IDLE,IDLE,IDLE,IDLE,IDLE,IDLE,IDLE,IDLE,IDLE,IDLE,IDLE,IDLE,IDLE,IDLE,IDLE,IDLE,IDLE,IDLE,IDLE,IDLE,IDLE,IDLE,IDLE,IDLE,IDLE,IDLE,IDLE,IDLE,IDLE,IDLE,IDLE,IDLE,IDLE,IDLE,IDLE,IDLE,IDLE,IDLE,IDLE
176,2024-01-08 08:00:01,0.00,0.00,0,0.0000,0.0000,0.00,0.9998,0.9999,0.9997,0.9997,0.9998,0.9998,0.9998,0.9997,0.9998,0.9998,0.9999,0.9998,0.9998,0.9999,0.9998,0.9999,0.9998,0.9997,0.9998,0.9998,0.9997,0.9998,0.9999,0.9998,0.9998,0.9999,0.9998,0.9998,0.9998,0.9997,0.9998,0.9998,0.9998,0.9998,0.9998,0.9997,0.9997,0.9998,0.9998,0.9998,0.9998,0.9998,0.9998,0.9998,0.9998,0.9997,0.9999,0.9998,0.9998,0.9999,0.1438,0.1191,0.1865,0.1761,0.1902,0.1870,0.1208,0.1891,0.1883,0.1498,0.1848,0.1325,0.1839,0.1449,0.1993,0.1449,0.1958,0.1884,0.1540,0.1514,0.1877,0.1958,0.1692,0.1584,0.1343,0.1244,0.1958,0.1498,0.1568,0.1806,0.1718,0.1162,0.1883,0.1410,0.1321,0.1761,0.1916,0.1162,0.1545,0.1978,0.1208,0.1917,0.1786,0.1584,0.1901,0.1860,0.1881,0.1633,0.1977,0.1843,IDLE,IDLE,IDLE,IDLE,IDLE,IDLE,IDLE,IDLE,IDLE,IDLE,IDLE,IDLE,IDLE,IDLE,IDLE,IDLE,IDLE,IDLE,IDLE,IDLE,IDLE,IDLE,IDLE,IDLE,IDLE,IDLE,IDLE,IDLE,IDLE,IDLE,IDLE,IDLE,IDLE,IDLE,IDLE,IDLE,IDLE,IDLE,IDLE,IDLE,IDLE,IDLE,IDLE,IDLE,IDLE,IDLE,IDLE,IDLE,IDLE,IDLE
177,2024-01-08 09:00:01,0.00,0.00,0,0.0000,0.0000,0.00,0.9998,0.9999,0.9997,0.9997,0.9998,0.9998,0.9998,0.9997,0.9998,0.9998,0.9999,0.9998,0.9998,0.9999,0.9998,0.9999,0.9998,0.9997,0.9998,0.9998,0.9997,0.9998,0.9999,0.9998,0.9998,0.9999,0.9998,0.9998,0.9998,0.9997,0.9998,0.9998,0.9998,0.9998,0.9998,0.9997,0.9997,0.9998,0.9998,0.9998,0.9998,0.9998,0.9998,0.9998,0.9998,0.9997,0.9999,0.9998,0.9998,0.9999,0.1438,0.1191,0.1865,0.1761,0.1902,0.1870,0.1208,0.1891,0.1883,0.1498,0.1848,0.1325,0.1839,0.1449,0.1993,0.1449,0.1958,0.1884,0.1540,0.1514,0.1877,0.1958,0.1692,0.1584,0.1343,0.1244,0.1958,0.1498,0.1568,0.1806,0.1718,0.1162,0.1883,0.1410,0.1321,0.1761,0.1916,0.1162,0.1545,0.1978,0.1208,0.1917,0.1786,0.1584,0.1901,0.1860,0.1881,0.1633,0.1977,0.1843,IDLE,IDLE,IDLE,IDLE,IDLE,IDLE,IDLE,IDLE,IDLE,IDLE,IDLE,IDLE,IDLE,IDLE,IDLE,IDLE,IDLE,IDLE,IDLE,IDLE,IDLE,IDLE,IDLE,IDLE,IDLE,IDLE,IDLE,IDLE,IDLE,IDLE,IDLE,IDLE,IDLE,IDLE,IDLE,IDLE,IDLE,IDLE,IDLE,IDLE,IDLE,IDLE,IDLE,IDLE,IDLE,IDLE,IDLE,IDLE,IDLE,IDLE
178,2024-01-08 10:00:01,0.00,0.00,0,0.0000,0.0000,0.00,0.9998,0.9999,0.9997,0.9997,0.9998,0.9998,0.9998,0.9997,0.9998,0.9998,0.9999,0.9998,0.9998,0.9999,0.9998,0.9999,0.9998,0.9997,0.9998,0.9998,0.9997,0.9998,0.9999,0.9998,0.9998,0.9999,0.9998,0.9998,0.9998,0.9997,0.9998,0.9998,0.9998,0.9998,0.9998,0.9997,0.9997,0.9998,0.9998,0.9998,0.9998,0.9998,0.9998,0.9998,0.9998,0.9997,0.9999,0.9998,0.9998,0.9999,0.1438,0.1191,0.1865,0.1761,0.1902,0.1870,0.1208,0.1891,0.1883,0.1498,0.1848,0.1325,0.1839,0.1449,0.1993,0.1449,0.1958,0.1884,0.1540,0.1514,0.1877,0.1958,0.1692,0.1584,0.1343,0.1244,0.1958,0.1498,0.1568,0.1806,0.1718,0.1162,0.1883,0.1410,0.1321,0.1761,0.1916,0.1162,0.1545,0.1978,0.1208,0.1917,0.1786,0.1584,0.1901,0.1860,0.1881,0.1633,0.1977,0.1843,IDLE,IDLE,IDLE,IDLE,IDLE,IDLE,IDLE,IDLE,IDLE,IDLE,IDLE,IDLE,IDLE,IDLE,IDLE,IDLE,IDLE,IDLE,IDLE,IDLE,IDLE,IDLE,IDLE,IDLE,IDLE,IDLE,IDLE,IDLE,IDLE,IDLE,IDLE,IDLE,IDLE,IDLE,IDLE,IDLE,IDLE,IDLE,IDLE,IDLE,IDLE,IDLE,IDLE,IDLE,IDLE,IDLE,IDLE,IDLE,IDLE,IDLE
179,2024-01-08 11:00:01,0.00,0.00,0,0.0000,0.0000,0.00,0.9998,0.9999,0.9997,0.9997,0.9998,0.9998,0.9998,0.9997,0.9998,0.9998,0.9999,0.9998,0.9998,0.9999,0.9998,0.9999,0.9998,0.9997,0.9998,0.9998,0.9997,0.9998,0.9999,0.9998,0.9998,0.9999,0.9998,0.9998,0.9998,0.9997,0.9998,0.9998,0.9998,0.9998,0.9998,0.9997,0.9997,0.9998,0.9998,0.9998,0.9998,0.9998,0.9998,0.9998,0.9998,0.9997,0.9999,0.9998,0.9998,0.9999,0.1438,0.1191,0.1865,0.1761,0.1902,0.1870,0.1208,0.1891,0.1883,0.1498,0.1848,0.1325,0.1839,0.1449,0.1993,0.1449,0.1958,0.1884,0.1540,0.1514,0.1877,0.1958,0.1692,0.1584,0.1343,0.1244,0.1958,0.1498,0.1568,0.1806,0.1718,0.1162,0.1883,0.1410,0.1321,0.1761,0.1916,0.1162,0.1545,0.1978,0.1208,0.1917,0.1786,0.1584,0.1901,0.1860,0.1881,0.1633,0.1977,0.1843,IDLE,IDLE,IDLE,IDLE,IDLE,IDLE,IDLE,IDLE,IDLE,IDLE,IDLE,IDLE,IDLE,IDLE,IDLE,IDLE,IDLE,IDLE,IDLE,IDLE,IDLE,IDLE,IDLE,IDLE,IDLE,IDLE,IDLE,IDLE,IDLE,IDLE,IDLE,IDLE,IDLE,IDLE,IDLE,IDLE,IDLE,IDLE,IDLE,IDLE,IDLE,IDLE,IDLE,IDLE,IDLE,IDLE,IDLE,IDLE,IDLE,IDLE
180,2024-01-08 12:00:01,0.00,0.00,0,0.0000,0.0000,0.00,0.9998,0.9999,0.9997,0.9997,0.9998,0.9998,0.9998,0.9997,0.9998,0.9998,0.9999,0.9998,0.9998,0.9999,0.9998,0.9999,0.9998,0.9997,0.9998,0.9998,0.9997,0.9998,0.9999,0.9998,0.9998,0.9999,0.9998,0.9998,0.9998,0.9997,0.9998,0.9998,0.9998,0.9998,0.9998,0.9997,0.9997,0.9998,0.9998,0.9998,0.9998,0.9998,0.9998,0.9998,0.9998,0.9997,0.9999,0.9998,0.9998,0.9999,0.1438,0.1191,0.1865,0.1761,0.1902,0.1870,0.1208,0.1891,0.1883,0.1498,0.1848,0.1325,0.1839,0.1449,0.1993,0.1449,0.1958,0.1884,0.1540,0.1514,0.1877,0.1958,0.1692,0.1584,0.1343,0.1244,0.1958,0.1498,0.1568,0.1806,0.1718,0.1162,0.1883,0.1410,0.1321,0.1761,0.1916,0.1162,0.1545,0.1978,0.1208,0.1917,0.1786,0.1584,0.1901,0.1860,0.1881,0.1633,0.1977,0.1843,IDLE,IDLE,IDLE,IDLE,IDLE,IDLE,IDLE,IDLE,IDLE,IDLE,IDLE,IDLE,IDLE,IDLE,IDLE,IDLE,IDLE,IDLE,IDLE,IDLE,IDLE,IDLE,IDLE,IDLE,IDLE,IDLE,IDLE,IDLE,IDLE,IDLE,IDLE,IDLE,IDLE,IDLE,IDLE,IDLE,IDLE,IDLE,IDLE,IDLE,IDLE,IDLE,IDLE,IDLE,IDLE,IDLE,IDLE,IDLE,IDLE,IDLE
181,2024-01-08 13:00:01,0.00,0.00,0,0.0000,0.0000,0.00,0.9998,0.9999,0.9997,0.9997,0.9998,0.9998,0.9998,0.9997,0.9998,0.9998,0.9999,0.9998,0.9998,0.9999,0.9998,0.9999,0.9998,0.9997,0.9998,0.9998,0.9997,0.9998,0.9999,0.9998,0.9998,0.9999,0.9998,0.9998,0.9998,0.9997,0.9998,0.9998,0.9998,0.9998,0.9998,0.9997,0.9997,0.9998,0.9998,0.9998,0.9998,0.9998,0.9998,0.9998,0.9998,0.9997,0.9999,0.9998,0.9998,0.9999,0.1438,0.1191,0.1865,0.1761,0.1902,0.1870,0.1208,0.1891,0.1883,0.1498,0.1848,0.1325,0.1839,0.1449,0.1993,0.1449,0.1958,0.1884,0.1540,0.1514,0.1877,0.1958,0.1692,0.1584,0.1343,0.1244,0.1958,0.1498,0.1568,0.1806,0.1718,0.1162,0.1883,0.1410,0.1321,0.1761,0.1916,0.1162,0.1545,0.1978,0.1208,0.1917,0.1786,0.1584,0.1901,0.1860,0.1881,0.1633,0.1977,0.1843,IDLE,IDLE,IDLE,IDLE,IDLE,IDLE,IDLE,IDLE,IDLE,IDLE,IDLE,IDLE,IDLE,IDLE,IDLE,IDLE,IDLE,IDLE,IDLE,IDLE,IDLE,IDLE,IDLE,IDLE,IDLE,IDLE,IDLE,IDLE,IDLE,IDLE,IDLE,IDLE,IDLE,IDLE,IDLE,IDLE,IDLE,IDLE,IDLE,IDLE,IDLE,IDLE,IDLE,IDLE,IDLE,IDLE,IDLE,IDLE,IDLE,IDLE
182,2024-01-08 14:00:01,0.00,0.00,0,0.0000,0.0000,0.00,0.9998,0.9999,0.9997,0.9997,0.9998,0.9998,0.9998,0.9997,0.9998,0.9998,0.9999,0.9998,0.9998,0.9999,0.9998,0.9999,0.9998,0.9997,0.9998,0.9998,0.9997,0.9998,0.9999,0.9998,0.9998,0.9999,0.9998,0.9998,0.9998,0.9997,0.9998,0.9998,0.9998,0.9998,0.9998,0.9997,0.9997,0.9998,0.9998,0.9998,0.9998,0.9998,0.9998,0.9998,0.9998,0.9997,0.9999,0.9998,0.9998,0.9999,0.1438,0.1191,0.1865,0.1761,0.1902,0.1870,0.1208,0.1891,0.1883,0.1498,0.1848,0.1325,0.1839,0.1449,0.1993,0.1449,0.1958,0.1884,0.1540,0.1514,0.1877,0.1958,0.1692,0.1584,0.1343,0.1244,0.1958,0.1498,0.1568,0.1806,0.1718,0.1162,0.1883,0.1410,0.1321,0.1761,0.1916,0.1162,0.1545,0.1978,0.1208,0.1917,0.1786,0.1584,0.1901,0.1860,0.1881,0.1633,0.1977,0.1843,IDLE,IDLE,IDLE,IDLE,IDLE,IDLE,IDLE,IDLE,IDLE,IDLE,IDLE,IDLE,IDLE,IDLE,IDLE,IDLE,IDLE,IDLE,IDLE,IDLE,IDLE,IDLE,IDLE,IDLE,IDLE,IDLE,IDLE,IDLE,IDLE,IDLE,IDLE,IDLE,IDLE,IDLE,IDLE,IDLE,IDLE,IDLE,IDLE,IDLE,IDLE,IDLE,IDLE,IDLE,IDLE,IDLE,IDLE,IDLE,IDLE,IDLE
183,2024-01-08 15:00:01,0.00,0.00,0,0.0000,0.0000,0.00,0.9998,0.9999,0.9997,0.9997,0.9998,0.9998,0.9998,0.9997,0.9998,0.9998,0.9999,0.9998,0.9998,0.9999,0.9998,0.9999,0.9998,0.9997,0.9998,0.9998,0.9997,0.9998,0.9999,0.9998,0.9998,0.9999,0.9998,0.9998,0.9998,0.9997,0.9998,0.9998,0.9998,0.9998,0.9998,0.9997,0.9997,0.9998,0.9998,0.9998,0.9998,0.9998,0.9998,0.9998,0.9998,0.9997,0.9999,0.9998,0.9998,0.9999,0.1438,0.1191,0.1865,0.1761,0.1902,0.1870,0.1208,0.1891,0.1883,0.1498,0.1848,0.1325,0.1839,0.1449,0.1993,0.1449,0.1958,0.1884,0.1540,0.1514,0.1877,0.1958,0.1692,0.1584,0.1343,0.1244,0.1958,0.1498,0.1568,0.1806,0.1718,0.1162,0.1883,0.1410,0.1321,0.1761,0.1916,0.1162,0.1545,0.1978,0.1208,0.1917,0.1786,0.1584,0.1901,0.1860,0.1881,0.1633,0.1977,0.1843,IDLE,IDLE,IDLE,IDLE,IDLE,IDLE,IDLE,IDLE,IDLE,IDLE,IDLE,IDLE,IDLE,IDLE,IDLE,IDLE,IDLE,IDLE,IDLE,IDLE,IDLE,IDLE,IDLE,IDLE,IDLE,IDLE,IDLE,IDLE,IDLE,IDLE,IDLE,IDLE,IDLE,IDLE,IDLE,IDLE,IDLE,IDLE,IDLE,IDLE,IDLE,IDLE,IDLE,IDLE,IDLE,IDLE,IDLE,IDLE,IDLE,IDLE
184,2024-01-08 16:00:01,0.00,0.00,0,0.0000,0.0000,0.00,0.9998,0.9999,0.9997,0.9997,0.9998,0.9998,0.9998,0.9997,0.9998,0.9998,0.9999,0.9998,0.9998,0.9999,0.9998,0.9999,0.9998,0.9997,0.9998,0.9998,0.9997,0.9998,0.9999,0.9998,0.9998,0.9999,0.9998,0.9998,0.9998,0.9997,0.9998,0.9998,0.9998,0.9998,0.9998,0.9997,0.9997,0.9998,0.9998,0.9998,0.9998,0.9998,0.9998,0.9998,0.9998,0.9997,0.9999,0.9998,0.9998,0.9999,0.1438,0.1191,0.1865,0.1761,0.1902,0.1870,0.1208,0.1891,0.1883,0.1498,0.1848,0.1325,0.1839,0.1449,0.1993,0.1449,0.1958,0.1884,0.1540,0.1514,0.1877,0.1958,0.1692,0.1584,0.1343,0.1244,0.1958,0.1498,0.1568,0.1806,0.1718,0.1162,0.1883,0.1410,0.1321,0.1761,0.1916,0.1162,0.1545,0.1978,0.1208,0.1917,0.1786,0.1584,0.1901,0.1860,0.1881,0.1633,0.1977,0.1843,IDLE,IDLE,IDLE,IDLE,IDLE,IDLE,IDLE,IDLE,IDLE,IDLE,IDLE,IDLE,IDLE,IDLE,IDLE,IDLE,IDLE,IDLE,IDLE,IDLE,IDLE,IDLE,IDLE,IDLE,IDLE,IDLE,IDLE,IDLE,IDLE,IDLE,IDLE,IDLE,IDLE,IDLE,IDLE,IDLE,IDLE,IDLE,IDLE,IDLE,IDLE,IDLE,IDLE,IDLE,IDLE,IDLE,IDLE,IDLE,IDLE,IDLE
185,2024-01-08 17:00:01,0.00,0.00,0,0.0000,0.0000,0.00,0.9998,0.9999,0.9997,0.9997,0.9998,0.9998,0.9998,0.9997,0.9998,0.9998,0.9999,0.9998,0.9998,0.9999,0.9998,0.9999,0.9998,0.9997,0.9998,0.9998,0.9997,0.9998,0.9999,0.9998,0.9998,0.9999,0.9998,0.9998,0.9998,0.9997,0.9998,0.9998,0.9998,0.9998,0.9998,0.9997,0.9997,0.9998,0.9998,0.9998,0.9998,0.9998,0.9998,0.9998,0.9998,0.9997,0.9999,0.9998,0.9998,0.9999,0.1438,0.1191,0.1865,0.1761,0.1902,0.1870,0.1208,0.1891,0.1883,0.1498,0.1848,0.1325,0.1839,0.1449,0.1993,0.1449,0.1958,0.1884,0.1540,0.1514,0.1877,0.1958,0.1692,0.1584,0.1343,0.1244,0.1958,0.1498,0.1568,0.1806,0.1718,0.1162,0.1883,0.1410,0.1321,0.1761,0.1916,0.1162,0.1545,0.1978,0.1208,0.1917,0.1786,0.1584,0.1901,0.1860,0.1881,0.1633,0.1977,0.1843,IDLE,IDLE,IDLE,IDLE,IDLE,IDLE,IDLE,IDLE,IDLE,IDLE,IDLE,IDLE,IDLE,IDLE,IDLE,IDLE,IDLE,IDLE,IDLE,IDLE,IDLE,IDLE,IDLE,IDLE,IDLE,IDLE,IDLE,IDLE,IDLE,IDLE,IDLE,IDLE,IDLE,IDLE,IDLE,IDLE,IDLE,IDLE,IDLE,IDLE,IDLE,IDLE,IDLE,IDLE,IDLE,IDLE,IDLE,IDLE,IDLE,IDLE
186,2024-01-08 18:00:01,0.00,0.00,0,0.0000,0.0000,0.00,0.9998,0.9999,0.9997,0.9997,0.9998,0.9998,0.9998,0.9997,0.9998,0.9998,0.9999,0.9998,0.9998,0.9999,0.9998,0.9999,0.9998,0.9997,0.9998,0.9998,0.9997,0.9998,0.9999,0.9998,0.9998,0.9999,0.9998,0.9998,0.9998,0.9997,0.9998,0.9998,0.9998,0.9998,0.9998,0.9997,0.9997,0.9998,0.9998,0.9998,0.9998,0.9998,0.9998,0.9998,0.9998,0.9997,0.9999,0.9998,0.9998,0.9999,0.1438,0.1191,0.1865,0.1761,0.1902,0.1870,0.1208,0.1891,0.1883,0.1498,0.1848,0.1325,0.1839,0.1449,0.1993,0.1449,0.1958,0.1884,0.1540,0.1514,0.1877,0.1958,0.1692,0.1584,0.1343,0.1244,0.1958,0.1498,0.1568,0.1806,0.1718,0.1162,0.1883,0.1410,0.1321,0.1761,0.1916,0.1162,0.1545,0.1978,0.1208,0.1917,0.1786,0.1584,0.1901,0.1860,0.1881,0.1633,0.1977,0.1843,IDLE,IDLE,IDLE,IDLE,IDLE,IDLE,IDLE,IDLE,IDLE,IDLE,IDLE,IDLE,IDLE,IDLE,IDLE,IDLE,IDLE,IDLE,IDLE,IDLE,IDLE,IDLE,IDLE,IDLE,IDLE,IDLE,IDLE,IDLE,IDLE,IDLE,IDLE,IDLE,IDLE,IDLE,IDLE,IDLE,IDLE,IDLE,IDLE,IDLE,IDLE,IDLE,IDLE,IDLE,IDLE,IDLE,IDLE,IDLE,IDLE,IDLE
187,2024-01-08 19:00:01,0.00,0.00,0,0.0000,0.0000,0.00,0.9998,0.9999,0.9997,0.9997,0.9998,0.9998,0.9998,0.9997,0.9998,0.9998,0.9999,0.9998,0.9998,0.9999,0.9998,0.9999,0.9998,0.9997,0.9998,0.9998,0.9997,0.9998,0.9999,0.9998,0.9998,0.9999,0.9998,0.9998,0.9998,0.9997,0.9998,0.9998,0.9998,0.9998,0.9998,0.9997,0.9997,0.9998,0.9998,0.9998,0.9998,0.9998,0.9998,0.9998,0.9998,0.9997,0.9999,0.9998,0.9998,0.9999,0.1438,0.1191,0.1865,0.1761,0.1902,0.1870,0.1208,0.1891,0.1883,0.1498,0.1848,0.1325,0.1839,0.1449,0.1993,0.1449,0.1958,0.1884,0.1540,0.1514,0.1877,0.1958,0.1692,0.1584,0.1343,0.1244,0.1958,0.1498,0.1568,0.1806,0.1718,0.1162,0.1883,0.1410,0.1321,0.1761,0.1916,0.1162,0.1545,0.1978,0.1208,0.1917,0.1786,0.1584,0.1901,0.1860,0.1881,0.1633,0.1977,0.1843,IDLE,IDLE,IDLE,IDLE,IDLE,IDLE,IDLE,IDLE,IDLE,IDLE,IDLE,IDLE,IDLE,IDLE,IDLE,IDLE,IDLE,IDLE,IDLE,IDLE,IDLE,IDLE,IDLE,IDLE,IDLE,IDLE,IDLE,IDLE,IDLE,IDLE,IDLE,IDLE,IDLE,IDLE,IDLE,IDLE,IDLE,IDLE,IDLE,IDLE,IDLE,IDLE,IDLE,IDLE,IDLE,IDLE,IDLE,IDLE,IDLE,IDLE
188,2024-01-08 20:00:01,0.00,0.00,0,0.0000,0.0000,0.00,0.9998,0.9999,0.9997,0.9997,0.9998,0.9998,0.9998,0.9997,0.9998,0.9998,0.9999,0.9998,0.9998,0.9999,0.9998,0.9999,0.9998,0.9997,0.9998,0.9998,0.9997,0.9998,0.9999,0.9998,0.9998,0.9999,0.9998,0.9998,0.9998,0.9997,0.9998,0.9998,0.9998,0.9998,0.9998,0.9997,0.9997,0.9998,0.9998,0.9998,0.9998,0.9998,0.9998,0.9998,0.9998,0.9997,0.9999,0.9998,0.9998,0.9999,0.1438,0.1191,0.1865,0.1761,0.1902,0.1870,0.1208,0.1891,0.1883,0.1498,0.1848,0.1325,0.1839,0.1449,0.1993,0.1449,0.1958,0.1884,0.1540,0.1514,0.1877,0.1958,0.1692,0.1584,0.1343,0.1244,0.1958,0.1498,0.1568,0.1806,0.1718,0.1162,0.1883,0.1410,0.1321,0.1761,0.1916,0.1162,0.1545,0.1978,0.1208,0.1917,0.1786,0.1584,0.1901,0.1860,0.1881,0.1633,0.1977,0.1843,IDLE,IDLE,IDLE,IDLE,IDLE,IDLE,IDLE,IDLE,IDLE,IDLE,IDLE,IDLE,IDLE,IDLE,IDLE,IDLE,IDLE,IDLE,IDLE,IDLE,IDLE,IDLE,IDLE,IDLE,IDLE,IDLE,IDLE,IDLE,IDLE,IDLE,IDLE,IDLE,IDLE,IDLE,IDLE,IDLE,IDLE,IDLE,IDLE,IDLE,IDLE,IDLE,IDLE,IDLE,IDLE,IDLE,IDLE,IDLE,IDLE,IDLE
189,2024-01-08 21:00:01,0.00,0.00,0,0.0000,0.0000,0.00,0.9998,0.9999,0.9997,0.9997,0.9998,0.9998,0.9998,0.9997,0.9998,0.9998,0.9999,0.9998,0.9998,0.9999,0.9998,0.9999,0.9998,0.9997,0.9998,0.9998,0.9997,0.9998,0.9999,0.9998,0.9998,0.9999,0.9998,0.9998,0.9998,0.9997,0.9998,0.9998,0.9998,0.9998,0.9998,0.9997,0.9997,0.9998,0.9998,0.9998,0.9998,0.9998,0.9998,0.9998,0.9998,0.9997,0.9999,0.9998,0.9998,0.9999,0.1438,0.1191,0.1865,0.1761,0.1902,0.1870,0.1208,0.1891,0.1883,0.1498,0.1848,0.1325,0.1839,0.1449,0.1993,0.1449,0.1958,0.1884,0.1540,0.1514,0.1877,0.1958,0.1692,0.1584,0.1343,0.1244,0.1958,0.1498,0.1568,0.1806,0.1718,0.1162,0.1883,0.1410,0.1321,0.1761,0.1916,0.1162,0.1545,0.1978,0.1208,0.1917,0.1786,0.1584,0.1901,0.1860,0.1881,0.1633,0.1977,0.1843,IDLE,IDLE,IDLE,IDLE,IDLE,IDLE,IDLE,IDLE,IDLE,IDLE,IDLE,IDLE,IDLE,IDLE,IDLE,IDLE,IDLE,IDLE,IDLE,IDLE,IDLE,IDLE,IDLE,IDLE,IDLE,IDLE,IDLE,IDLE,IDLE,IDLE,IDLE,IDLE,IDLE,IDLE,IDLE,IDLE,IDLE,IDLE,IDLE,IDLE,IDLE,IDLE,IDLE,IDLE,IDLE,IDLE,IDLE,IDLE,IDLE,IDLE
190,2024-01-08 22:00:01,0.00,0.00,0,0.0000,0.0000,0.00,0.9998,0.9999,0.9997,0.9997,0.9998,0.9998,0.9998,0.9997,0.9998,0.9998,0.9999,0.9998,0.9998,0.9999,0.9998,0.9999,0.9998,0.9997,0.9998,0.9998,0.9997,0.9998,0.9999,0.9998,0.9998,0.9999,0.9998,0.9998,0.9998,0.9997,0.9998,0.9998,0.9998,0.9998,0.9998,0.9997,0.9997,0.9998,0.9998,0.9998,0.9998,0.9998,0.9998,0.9998,0.9998,0.9997,0.9999,0.9998,0.9998,0.9999,0.1438,0.1191,0.1865,0.1761,0.1902,0.1870,0.1208,0.1891,0.1883,0.1498,0.1848,0.1325,0.1839,0.1449,0.1993,0.1449,0.1958,0.1884,0.1540,0.1514,0.1877,0.1958,0.1692,0.1584,0.1343,0.1244,0.1958,0.1498,0.1568,0.1806,0.1718,0.1162,0.1883,0.1410,0.1321,0.1761,0.1916,0.1162,0.1545,0.1978,0.1208,0.1917,0.1786,0.1584,0.1901,0.1860,0.1881,0.1633,0.1977,0.1843,IDLE,IDLE,IDLE,IDLE,IDLE,IDLE,IDLE,IDLE,IDLE,IDLE,IDLE,IDLE,IDLE,IDLE,IDLE,IDLE,IDLE,IDLE,IDLE,IDLE,IDLE,IDLE,IDLE,IDLE,IDLE,IDLE,IDLE,IDLE,IDLE,IDLE,IDLE,IDLE,IDLE,IDLE,IDLE,IDLE,IDLE,IDLE,IDLE,IDLE,IDLE,IDLE,IDLE,IDLE,IDLE,IDLE,IDLE,IDLE,IDLE,IDLE
191,2024-01-08 23:00:01,0.00,0.00,0,0.0000,0.0000,0.00,0.9998,0.9999,0.9997,0.9997,0.9998,0.9998,0.9998,0.9997,0.9998,0.9998,0.9999,0.9998,0.9998,0.9999,0.9998,0.9999,0.9998,0.9997,0.9998,0.9998,0.9997,0.9998,0.9999,0.9998,0.9998,0.9999,0.9998,0.9998,0.9998,0.9997,0.9998,0.9998,0.9998,0.9998,0.9998,0.9997,0.9997,0.9998,0.9998,0.9998,0.9998,0.9998,0.9998,0.9998,0.9998,0.9997,0.9999,0.9998,0.9998,0.9999,0.1438,0.1191,0.1865,0.1761,0.1902,0.1870,0.1208,0.1891,0.1883,0.1498,0.1848,0.1325,0.1839,0.1449,0.1993,0.1449,0.1958,0.1884,0.1540,0.1514,0.1877,0.1958,0.1692,0.1584,0.1343,0.1244,0.1958,0.1498,0.1568,0.1806,0.1718,0.1162,0.1883,0.1410,0.1321,0.1761,0.1916,0.1162,0.1545,0.1978,0.1208,0.1917,0.1786,0.1584,0.1901,0.1860,0.1881,0.1633,0.1977,0.1843,IDLE,IDLE,IDLE,IDLE,IDLE,IDLE,IDLE,IDLE,IDLE,IDLE,IDLE,IDLE,IDLE,IDLE,IDLE,IDLE,IDLE,IDLE,IDLE,IDLE,IDLE,IDLE,IDLE,IDLE,IDLE,IDLE,IDLE,IDLE,IDLE,IDLE,IDLE,IDLE,IDLE,IDLE,IDLE,IDLE,IDLE,IDLE,IDLE,IDLE,IDLE,IDLE,IDLE,IDLE,IDLE,IDLE,IDLE,IDLE,IDLE,IDLE
192,2024-01-09 00:00:01,0.00,0.00,0,0.0000,0.0000,0.00,0.9998,0.9999,0.9997,0.9997,0.9998,0.9998,0.9998,0.9997,0.9998,0.9998,0.9999,0.9998,0.9998,0.9999,0.9998,0.9999,0.9998,0.9997,0.9998,0.9998,0.9997,0.9998,0.9999,0.9998,0.9998,0.9999,0.9998,0.9998,0.9998,0.9997,0.9998,0.9998,0.9998,0.9998,0.9998,0.9997,0.9997,0.9998,0.9998,0.9998,0.9998,0.9998,0.9998,0.9998,0.9998,0.9997,0.9999,0.9998,0.9998,0.9999,0.1438,0.1191,0.1865,0.1761,0.1902,0.1870,0.1208,0.1891,0.1883,0.1498,0.1848,0.1325,0.1839,0.1449,0.1993,0.1449,0.1958,0.1884,0.1540,0.1514,0.1877,0.1958,0.1692,0.1584,0.1343,0.1244,0.1958,0.1498,0.1568,0.1806,0.1718,0.1162,0.1883,0.1410,0.1321,0.1761,0.1916,0.1162,0.1545,0.1978,0.1208,0.1917,0.1786,0.1584,0.1901,0.1860,0.1881,0.1633,0.1977,0.1843,IDLE,IDLE,IDLE,IDLE,IDLE,IDLE,IDLE,IDLE,IDLE,IDLE,IDLE,IDLE,IDLE,IDLE,IDLE,IDLE,IDLE,IDLE,IDLE,IDLE,IDLE,IDLE,IDLE,IDLE,IDLE,IDLE,IDLE,IDLE,IDLE,IDLE,IDLE,IDLE,IDLE,IDLE,IDLE,IDLE,IDLE,IDLE,IDLE,IDLE,IDLE,IDLE,IDLE,IDLE,IDLE,IDLE,IDLE,IDLE,IDLE,IDLE
193,2024-01-09 01:00:01,0.00,0.00,0,0.0000,0.0000,0.00,0.9998,0.9999,0.9997,0.9997,0.9998,0.9998,0.9998,0.9997,0.9998,0.9998,0.9999,0.9998,0.9998,0.9999,0.9998,0.9999,0.9998,0.9997,0.9998,0.9998,0.9997,0.9998,0.9999,0.9998,0.9998,0.9999,0.9998,0.9998,0.9998,0.9997,0.9998,0.9998,0.9998,0.9998,0.9998,0.9997,0.9997,0.9998,0.9998,0.9998,0.9998,0.9998,0.9998,0.9998,0.9998,0.9997,0.9999,0.9998,0.9998,0.9999,0.1438,0.1191,0.1865,0.1761,0.1902,0.1870,0.1208,0.1891,0.1883,0.1498,0.1848,0.1325,0.1839,0.1449,0.1993,0.1449,0.1958,0.1884,0.1540,0.1514,0.1877,0.1958,0.1692,0.1584,0.1343,0.1244,0.1958,0.1498,0.1568,0.1806,0.1718,0.1162,0.1883,0.1410,0.1321,0.1761,0.1916,0.1162,0.1545,0.1978,0.1208,0.1917,0.1786,0.1584,0.1901,0.1860,0.1881,0.1633,0.1977,0.1843,IDLE,IDLE,IDLE,IDLE,IDLE,IDLE,IDLE,IDLE,IDLE,IDLE,IDLE,IDLE,IDLE,IDLE,IDLE,IDLE,IDLE,IDLE,IDLE,IDLE,IDLE,IDLE,IDLE,IDLE,IDLE,IDLE,IDLE,IDLE,IDLE,IDLE,IDLE,IDLE,IDLE,IDLE,IDLE,IDLE,IDLE,IDLE,IDLE,IDLE,IDLE,IDLE,IDLE,IDLE,IDLE,IDLE,IDLE,IDLE,IDLE,IDLE
194,2024-01-09 02:00:01,0.00,0.00,0,0.0000,0.0000,0.00,0.9998,0.9999,0.9997,0.9997,0.9998,0.9998,0.9998,0.9997,0.9998,0.9998,0.9999,0.9998,0.9998,0.9999,0.9998,0.9999,0.9998,0.9997,0.9998,0.9998,0.9997,0.9998,0.9999,0.9998,0.9998,0.9999,0.9998,0.9998,0.9998,0.9997,0.9998,0.9998,0.9998,0.9998,0.9998,0.9997,0.9997,0.9998,0.9998,0.9998,0.9998,0.9998,0.9998,0.9998,0.9998,0.9997,0.9999,0.9998,0.9998,0.9999,0.1438,0.1191,0.1865,0.1761,0.1902,0.1870,0.1208,0.1891,0.1883,0.1498,0.1848,0.1325,0.1839,0.1449,0.1993,0.1449,0.1958,0.1884,0.1540,0.1514,0.1877,0.1958,0.1692,0.1584,0.1343,0.1244,0.1958,0.1498,0.1568,0.1806,0.1718,0.1162,0.1883,0.1410,0.1321,0.1761,0.1916,0.1162,0.1545,0.1978,0.1208,0.1917,0.1786,0.1584,0.1901,0.1860,0.1881,0.1633,0.1977,0.1843,IDLE,IDLE,IDLE,IDLE,IDLE,IDLE,IDLE,IDLE,IDLE,IDLE,IDLE,IDLE,IDLE,IDLE,IDLE,IDLE,IDLE,IDLE,IDLE,IDLE,IDLE,IDLE,IDLE,IDLE,IDLE,IDLE,IDLE,IDLE,IDLE,IDLE,IDLE,IDLE,IDLE,IDLE,IDLE,IDLE,IDLE,IDLE,IDLE,IDLE,IDLE,IDLE,IDLE,IDLE,IDLE,IDLE,IDLE,IDLE,IDLE,IDLE
195,2024-01-09 03:00:01,0.00,0.00,0,0.0000,0.0000,0.00,0.9998,0.9999,0.9997,0.9997,0.9998,0.9998,0.9998,0.9997,0.9998,0.9998,0.9999,0.9998,0.9998,0.9999,0.9998,0.9999,0.9998,0.9997,0.9998,0.9998,0.9997,0.9998,0.9999,0.9998,0.9998,0.9999,0.9998,0.9998,0.9998,0.9997,0.9998,0.9998,0.9998,0.9998,0.9998,0.9997,0.9997,0.9998,0.9998,0.9998,0.9998,0.9998,0.9998,0.9998,0.9998,0.9997,0.9999,0.9998,0.9998,0.9999,0.1438,0.1191,0.1865,0.1761,0.1902,0.1870,0.1208,0.1891,0.1883,0.1498,0.1848,0.1325,0.1839,0.1449,0.1993,0.1449,0.1958,0.1884,0.1540,0.1514,0.1877,0.1958,0.1692,0.1584,0.1343,0.1244,0.1958,0.1498,0.1568,0.1806,0.1718,0.1162,0.1883,0.1410,0.1321,0.1761,0.1916,0.1162,0.1545,0.1978,0.1208,0.1917,0.1786,0.1584,0.1901,0.1860,0.1881,0.1633,0.1977,0.1843,IDLE,IDLE,IDLE,IDLE,IDLE,IDLE,IDLE,IDLE,IDLE,IDLE,IDLE,IDLE,IDLE,IDLE,IDLE,IDLE,IDLE,IDLE,IDLE,IDLE,IDLE,IDLE,IDLE,IDLE,IDLE,IDLE,IDLE,IDLE,IDLE,IDLE,IDLE,IDLE,IDLE,IDLE,IDLE,IDLE,IDLE,IDLE,IDLE,IDLE,IDLE,IDLE,IDLE,IDLE,IDLE,IDLE,IDLE,IDLE,IDLE,IDLE
196,2024-01-09 04:00:01,0.00,0.00,0,0.0000,0.0000,0.00,0.9998,0.9999,0.9997,0.9997,0.9998,0.9998,0.9998,0.9997,0.9998,0.9998,0.9999,0.9998,0.9998,0.9999,0.9998,0.9999,0.9998,0.9997,0.9998,0.9998,0.9997,0.9998,0.9999,0.9998,0.9998,0.9999,0.9998,0.9998,0.9998,0.9997,0.9998,0.9998,0.9998,0.9998,0.9998,0.9997,0.9997,0.9998,0.9998,0.9998,0.9998,0.9998,0.9998,0.9998,0.9998,0.9997,0.9999,0.9998,0.9998,0.9999,0.1438,0.1191,0.1865,0.1761,0.1902,0.1870,0.1208,0.1891,0.1883,0.1498,0.1848,0.1325,0.1839,0.1449,0.1993,0.1449,0.1958,0.1884,0.1540,0.1514,0.1877,0.1958,0.1692,0.1584,0.1343,0.1244,0.1958,0.1498,0.1568,0.1806,0.1718,0.1162,0.1883,0.1410,0.1321,0.1761,0.1916,0.1162,0.1545,0.1978,0.1208,0.1917,0.1786,0.1584,0.1901,0.1860,0.1881,0.1633,0.1977,0.1843,IDLE,IDLE,IDLE,IDLE,IDLE,IDLE,IDLE,IDLE,IDLE,IDLE,IDLE,IDLE,IDLE,IDLE,IDLE,IDLE,IDLE,IDLE,IDLE,IDLE,IDLE,IDLE,IDLE,IDLE,IDLE,IDLE,IDLE,IDLE,IDLE,IDLE,IDLE,IDLE,IDLE,IDLE,IDLE,IDLE,IDLE,IDLE,IDLE,IDLE,IDLE,IDLE,IDLE,IDLE,IDLE,IDLE,IDLE,IDLE,IDLE,IDLE
197,2024-01-09 05:00:01,0.00,0.00,0,0.0000,0.0000,0.00,0.9998,0.9999,0.9997,0.9997,0.9998,0.9998,0.9998,0.9997,0.9998,0.9998,0.9999,0.9998,0.9998,0.9999,0.9998,0.9999,0.9998,0.9997,0.9998,0.9998,0.9997,0.9998,0.9999,0.9998,0.9998,0.9999,0.9998,0.9998,0.9998,0.9997,0.9998,0.9998,0.9998,0.9998,0.9998,0.9997,0.9997,0.9998,0.9998,0.9998,0.9998,0.9998,0.9998,0.9998,0.9998,0.9997,0.9999,0.9998,0.9998,0.9999,0.1438,0.1191,0.1865,0.1761,0.1902,0.1870,0.1208,0.1891,0.1883,0.1498,0.1848,0.1325,0.1839,0.1449,0.1993,0.1449,0.1958,0.1884,0.1540,0.1514,0.1877,0.1958,0.1692,0.1584,0.1343,0.1244,0.1958,0.1498,0.1568,0.1806,0.1718,0.1162,0.1883,0.1410,0.1321,0.1761,0.1916,0.1162,0.1545,0.1978,0.1208,0.1917,0.1786,0.1584,0.1901,0.1860,0.1881,0.1633,0.1977,0.1843,IDLE,IDLE,IDLE,IDLE,IDLE,IDLE,IDLE,IDLE,IDLE,IDLE,IDLE,IDLE,IDLE,IDLE,IDLE,IDLE,IDLE,IDLE,IDLE,IDLE,IDLE,IDLE,IDLE,IDLE,IDLE,IDLE,IDLE,IDLE,IDLE,IDLE,IDLE,IDLE,IDLE,IDLE,IDLE,IDLE,IDLE,IDLE,IDLE,IDLE,IDLE,IDLE,IDLE,IDLE,IDLE,IDLE,IDLE,IDLE,IDLE,IDLE
198,2024-01-09 06:00:01,0.00,0.00,0,0.0000,0.0000,0.00,0.9998,0.9999,0.9997,0.9997,0.9998,0.9998,0.9998,0.9997,0.9998,0.9998,0.9999,0.9998,0.9998,0.9999,0.9998,0.9999,0.9998,0.9997,0.9998,0.9998,0.9997,0.9998,0.9999,0.9998,0.9998,0.9999,0.9998,0.9998,0.9998,0.9997,0.9998,0.9998,0.9998,0.9998,0.9998,0.9997,0.9997,0.9998,0.9998,0.9998,0.9998,0.9998,0.9998,0.9998,0.9998,0.9997,0.9999,0.9998,0.9998,0.9999,0.1438,0.1191,0.1865,0.1761,0.1902,0.1870,0.1208,0.1891,0.1883,0.1498,0.1848,0.1325,0.1839,0.1449,0.1993,0.1449,0.1958,0.1884,0.1540,0.1514,0.1877,0.1958,0.1692,0.1584,0.1343,0.1244,0.1958,0.1498,0.1568,0.1806,0.1718,0.1162,0.1883,0.1410,0.1321,0.1761,0.1916,0.1162,0.1545,0.1978,0.1208,0.1917,0.1786,0.1584,0.1901,0.1860,0.1881,0.1633,0.1977,0.1843,IDLE,IDLE,IDLE,IDLE,IDLE,IDLE,IDLE,IDLE,IDLE,IDLE,IDLE,IDLE,IDLE,IDLE,IDLE,IDLE,IDLE,IDLE,IDLE,IDLE,IDLE,IDLE,IDLE,IDLE,IDLE,IDLE,IDLE,IDLE,IDLE,IDLE,IDLE,IDLE,IDLE,IDLE,IDLE,IDLE,IDLE,IDLE,IDLE,IDLE,IDLE,IDLE,IDLE,IDLE,IDLE,IDLE,IDLE,IDLE,IDLE,IDLE
199,2024-01-09 07:00:01,0.00,0.00,0,0.0000,0.0000,0.00,0.9998,0.9999,0.9997,0.9997,0.9998,0.9998,0.9998,0.9997,0.9998,0.9998,0.9999,0.9998,0.9998,0.9999,0.9998,0.9999,0.9998,0.9997,0.9998,0.9998,0.9997,0.9998,0.9999,0.9998,0.9998,0.9999,0.9998,0.9998,0.9998,0.9997,0.9998,0.9998,0.9998,0.9998,0.9998,0.9997,0.9997,0.9998,0.9998,0.9998,0.9998,0.9998,0.9998,0.9998,0.9998,0.9997,0.9999,0.9998,0.9998,0.9999,0.1438,0.1191,0.1865,0.1761,0.1902,0.1870,0.1208,0.1891,0.1883,0.1498,0.1848,0.1325,0.1839,0.1449,0.1993,0.1449,0.1958,0.1884,0.1540,0.1514,0.1877,0.1958,0.1692,0.1584,0.1343,0.1244,0.1958,0.1498,0.1568,0.1806,0.1718,0.1162,0.1883,0.1410,0.1321,0.1761,0.1916,0.1162,0.1545,0.1978,0.1208,0.1917,0.1786,0.1584,0.1901,0.1860,0.1881,0.1633,0.1977,0.1843,IDLE,IDLE,IDLE,IDLE,IDLE,IDLE,IDLE,IDLE,IDLE,IDLE,IDLE,IDLE,IDLE,IDLE,IDLE,IDLE,IDLE,IDLE,IDLE,IDLE,IDLE,IDLE,IDLE,IDLE,IDLE,IDLE,IDLE,IDLE,IDLE,IDLE,IDLE,IDLE,IDLE,IDLE,IDLE,IDLE,IDLE,IDLE,IDLE,IDLE,IDLE,IDLE,IDLE,IDLE,IDLE,IDLE,IDLE,IDLE,IDLE,IDLE
200,2024-01-09 08:00:01,0.00,0.00,0,0.0000,0.0000,0.00,0.9998,0.9999,0.9997,0.9997,0.9998,0.9998,0.9998,0.9997,0.9998,0.9998,0.9999,0.9998,0.9998,0.9999,0.9998,0.9999,0.9998,0.9997,0.9998,0.9998,0.9997,0.9998,0.9999,0.9998,0.9998,0.9999,0.9998,0.9998,0.9998,0.9997,0.9998,0.9998,0.9998,0.9998,0.9998,0.9997,0.9997,0.9998,0.9998,0.9998,0.9998,0.9998,0.9998,0.9998,0.9998,0.9997,0.9999,0.9998,0.9998,0.9999,0.1438,0.1191,0.1865,0.1761,0.1902,0.1870,0.1208,0.1891,0.1883,0.1498,0.1848,0.1325,0.1839,0.1449,0.1993,0.1449,0.1958,0.1884,0.1540,0.1514,0.1877,0.1958,0.1692,0.1584,0.1343,0.1244,0.1958,0.1498,0.1568,0.1806,0.1718,0.1162,0.1883,0.1410,0.1321,0.1761,0.1916,0.1162,0.1545,0.1978,0.1208,0.1917,0.1786,0.1584,0.1901,0.1860,0.1881,0.1633,0.1977,0.1843,IDLE,IDLE,IDLE,IDLE,IDLE,IDLE,IDLE,IDLE,IDLE,IDLE,IDLE,IDLE,IDLE,IDLE,IDLE,IDLE,IDLE,IDLE,IDLE,IDLE,IDLE,IDLE,IDLE,IDLE,IDLE,IDLE,IDLE,IDLE,IDLE,IDLE,IDLE,IDLE,IDLE,IDLE,IDLE,IDLE,IDLE,IDLE,IDLE,IDLE,IDLE,IDLE,IDLE,IDLE,IDLE,IDLE,IDLE,IDLE,IDLE,IDLE
201,2024-01-09 09:00:01,0.00,0.00,0,0.0000,0.0000,0.00,0.9998,0.9999,0.9997,0.9997,0.9998,0.9998,0.9998,0.9997,0.9998,0.9998,0.9999,0.9998,0.9998,0.9999,0.9998,0.9999,0.9998,0.9997,0.9998,0.9998,0.9997,0.9998,0.9999,0.9998,0.9998,0.9999,0.9998,0.9998,0.9998,0.9997,0.9998,0.9998,0.9998,0.9998,0.9998,0.9997,0.9997,0.9998,0.9998,0.9998,0.9998,0.9998,0.9998,0.9998,0.9998,0.9997,0.9999,0.9998,0.9998,0.9999,0.1438,0.1191,0.1865,0.1761,0.1902,0.1870,0.1208,0.1891,0.1883,0.1498,0.1848,0.1325,0.1839,0.1449,0.1993,0.1449,0.1958,0.1884,0.1540,0.1514,0.1877,0.1958,0.1692,0.1584,0.1343,0.1244,0.1958,0.1498,0.1568,0.1806,0.1718,0.1162,0.1883,0.1410,0.1321,0.1761,0.1916,0.1162,0.1545,0.1978,0.1208,0.1917,0.1786,0.1584,0.1901,0.1860,0.1881,0.1633,0.1977,0.1843,IDLE,IDLE,IDLE,IDLE,IDLE,IDLE,IDLE,IDLE,IDLE,IDLE,IDLE,IDLE,IDLE,IDLE,IDLE,IDLE,IDLE,IDLE,IDLE,IDLE,IDLE,IDLE,IDLE,IDLE,IDLE,IDLE,IDLE,IDLE,IDLE,IDLE,IDLE,IDLE,IDLE,IDLE,IDLE,IDLE,IDLE,IDLE,IDLE,IDLE,IDLE,IDLE,IDLE,IDLE,IDLE,IDLE,IDLE,IDLE,IDLE,IDLE
202,2024-01-09 10:00:01,0.00,0.00,0,0.0000,0.0000,0.00,0.9998,0.9999,0.9997,0.9997,0.9998,0.9998,0.9998,0.9997,0.9998,0.9998,0.9999,0.9998,0.9998,0.9999,0.9998,0.9999,0.9998,0.9997,0.9998,0.9998,0.9997,0.9998,0.9999,0.9998,0.9998,0.9999,0.9998,0.9998,0.9998,0.9997,0.9998,0.9998,0.9998,0.9998,0.9998,0.9997,0.9997,0.9998,0.9998,0.9998,0.9998,0.9998,0.9998,0.9998,0.9998,0.9997,0.9999,0.9998,0.9998,0.9999,0.1438,0.1191,0.1865,0.1761,0.1902,0.1870,0.1208,0.1891,0.1883,0.1498,0.1848,0.1325,0.1839,0.1449,0.1993,0.1449,0.1958,0.1884,0.1540,0.1514,0.1877,0.1958,0.1692,0.1584,0.1343,0.1244,0.1958,0.1498,0.1568,0.1806,0.1718,0.1162,0.1883,0.1410,0.1321,0.1761,0.1916,0.1162,0.1545,0.1978,0.1208,0.1917,0.1786,0.1584,0.1901,0.1860,0.1881,0.1633,0.1977,0.1843,IDLE,IDLE,IDLE,IDLE,IDLE,IDLE,IDLE,IDLE,IDLE,IDLE,IDLE,IDLE,IDLE,IDLE,IDLE,IDLE,IDLE,IDLE,IDLE,IDLE,IDLE,IDLE,IDLE,IDLE,IDLE,IDLE,IDLE,IDLE,IDLE,IDLE,IDLE,IDLE,IDLE,IDLE,IDLE,IDLE,IDLE,IDLE,IDLE,IDLE,IDLE,IDLE,IDLE,IDLE,IDLE,IDLE,IDLE,IDLE,IDLE,IDLE
203,2024-01-09 11:00:01,0.00,0.00,0,0.0000,0.0000,0.00,0.9998,0.9999,0.9997,0.9997,0.9998,0.9998,0.9998,0.9997,0.9998,0.9998,0.9999,0.9998,0.9998,0.9999,0.9998,0.9999,0.9998,0.9997,0.9998,0.9998,0.9997,0.9998,0.9999,0.9998,0.9998,0.9999,0.9998,0.9998,0.9998,0.9997,0.9998,0.9998,0.9998,0.9998,0.9998,0.9997,0.9997,0.9998,0.9998,0.9998,0.9998,0.9998,0.9998,0.9998,0.9998,0.9997,0.9999,0.9998,0.9998,0.9999,0.1438,0.1191,0.1865,0.1761,0.1902,0.1870,0.1208,0.1891,0.1883,0.1498,0.1848,0.1325,0.1839,0.1449,0.1993,0.1449,0.1958,0.1884,0.1540,0.1514,0.1877,0.1958,0.1692,0.1584,0.1343,0.1244,0.1958,0.1498,0.1568,0.1806,0.1718,0.1162,0.1883,0.1410,0.1321,0.1761,0.1916,0.1162,0.1545,0.1978,0.1208,0.1917,0.1786,0.1584,0.1901,0.1860,0.1881,0.1633,0.1977,0.1843,IDLE,IDLE,IDLE,IDLE,IDLE,IDLE,IDLE,IDLE,IDLE,IDLE,IDLE,IDLE,IDLE,IDLE,IDLE,IDLE,IDLE,IDLE,IDLE,IDLE,IDLE,IDLE,IDLE,IDLE,IDLE,IDLE,IDLE,IDLE,IDLE,IDLE,IDLE,IDLE,IDLE,IDLE,IDLE,IDLE,IDLE,IDLE,IDLE,IDLE,IDLE,IDLE,IDLE,IDLE,IDLE,IDLE,IDLE,IDLE,IDLE,IDLE
204,2024-01-09 12:00:01,0.00,0.00,0,0.0000,0.0000,0.00,0.9998,0.9999,0.9997,0.9997,0.9998,0.9998,0.9998,0.9997,0.9998,0.9998,0.9999,0.9998,0.9998,0.9999,0.9998,0.9999,0.9998,0.9997,0.9998,0.9998,0.9997,0.9998,0.9999,0.9998,0.9998,0.9999,0.9998,0.9998,0.9998,0.9997,0.9998,0.9998,0.9998,0.9998,0.9998,0.9997,0.9997,0.9998,0.9998,0.9998,0.9998,0.9998,0.9998,0.9998,0.9998,0.9997,0.9999,0.9998,0.9998,0.9999,0.1438,0.1191,0.1865,0.1761,0.1902,0.1870,0.1208,0.1891,0.1883,0.1498,0.1848,0.1325,0.1839,0.1449,0.1993,0.1449,0.1958,0.1884,0.1540,0.1514,0.1877,0.1958,0.1692,0.1584,0.1343,0.1244,0.1958,0.1498,0.1568,0.1806,0.1718,0.1162,0.1883,0.1410,0.1321,0.1761,0.1916,0.1162,0.1545,0.1978,0.1208,0.1917,0.1786,0.1584,0.1901,0.1860,0.1881,0.1633,0.1977,0.1843,IDLE,IDLE,IDLE,IDLE,IDLE,IDLE,IDLE,IDLE,IDLE,IDLE,IDLE,IDLE,IDLE,IDLE,IDLE,IDLE,IDLE,IDLE,IDLE,IDLE,IDLE,IDLE,IDLE,IDLE,IDLE,IDLE,IDLE,IDLE,IDLE,IDLE,IDLE,IDLE,IDLE,IDLE,IDLE,IDLE,IDLE,IDLE,IDLE,IDLE,IDLE,IDLE,IDLE,IDLE,IDLE,IDLE,IDLE,IDLE,IDLE,IDLE
205,2024-01-09 13:00:01,0.00,0.00,0,0.0000,0.0000,0.00,0.9998,0.9999,0.9997,0.9997,0.9998,0.9998,0.9998,0.9997,0.9998,0.9998,0.9999,0.9998,0.9998,0.9999,0.9998,0.9999,0.9998,0.9997,0.9998,0.9998,0.9997,0.9998,0.9999,0.9998,0.9998,0.9999,0.9998,0.9998,0.9998,0.9997,0.9998,0.9998,0.9998,0.9998,0.9998,0.9997,0.9997,0.9998,0.9998,0.9998,0.9998,0.9998,0.9998,0.9998,0.9998,0.9997,0.9999,0.9998,0.9998,0.9999,0.1438,0.1191,0.1865,0.1761,0.1902,0.1870,0.1208,0.1891,0.1883,0.1498,0.1848,0.1325,0.1839,0.1449,0.1993,0.1449,0.1958,0.1884,0.1540,0.1514,0.1877,0.1958,0.1692,0.1584,0.1343,0.1244,0.1958,0.1498,0.1568,0.1806,0.1718,0.1162,0.1883,0.1410,0.1321,0.1761,0.1916,0.1162,0.1545,0.1978,0.1208,0.1917,0.1786,0.1584,0.1901,0.1860,0.1881,0.1633,0.1977,0.1843,IDLE,IDLE,IDLE,IDLE,IDLE,IDLE,IDLE,IDLE,IDLE,IDLE,IDLE,IDLE,IDLE,IDLE,IDLE,IDLE,IDLE,IDLE,IDLE,IDLE,IDLE,IDLE,IDLE,IDLE,IDLE,IDLE,IDLE,IDLE,IDLE,IDLE,IDLE,IDLE,IDLE,IDLE,IDLE,IDLE,IDLE,IDLE,IDLE,IDLE,IDLE,IDLE,IDLE,IDLE,IDLE,IDLE,IDLE,IDLE,IDLE,IDLE
206,2024-01-09 14:00:01,0.00,0.00,0,0.0000,0.0000,0.00,0.9998,0.9999,0.9997,0.9997,0.9998,0.9998,0.9998,0.9997,0.9998,0.9998,0.9999,0.9998,0.9998,0.9999,0.9998,0.9999,0.9998,0.9997,0.9998,0.9998,0.9997,0.9998,0.9999,0.9998,0.9998,0.9999,0.9998,0.9998,0.9998,0.9997,0.9998,0.9998,0.9998,0.9998,0.9998,0.9997,0.9997,0.9998,0.9998,0.9998,0.9998,0.9998,0.9998,0.9998,0.9998,0.9997,0.9999,0.9998,0.9998,0.9999,0.1438,0.1191,0.1865,0.1761,0.1902,0.1870,0.1208,0.1891,0.1883,0.1498,0.1848,0.1325,0.1839,0.1449,0.1993,0.1449,0.1958,0.1884,0.1540,0.1514,0.1877,0.1958,0.1692,0.1584,0.1343,0.1244,0.1958,0.1498,0.1568,0.1806,0.1718,0.1162,0.1883,0.1410,0.1321,0.1761,0.1916,0.1162,0.1545,0.1978,0.1208,0.1917,0.1786,0.1584,0.1901,0.1860,0.1881,0.1633,0.1977,0.1843,IDLE,IDLE,IDLE,IDLE,IDLE,IDLE,IDLE,IDLE,IDLE,IDLE,IDLE,IDLE,IDLE,IDLE,IDLE,IDLE,IDLE,IDLE,IDLE,IDLE,IDLE,IDLE,IDLE,IDLE,IDLE,IDLE,IDLE,IDLE,IDLE,IDLE,IDLE,IDLE,IDLE,IDLE,IDLE,IDLE,IDLE,IDLE,IDLE,IDLE,IDLE,IDLE,IDLE,IDLE,IDLE,IDLE,IDLE,IDLE,IDLE,IDLE
207,2024-01-09 15:00:01,0.00,0.00,0,0.0000,0.0000,0.00,0.9998,0.9999,0.9997,0.9997,0.9998,0.9998,0.9998,0.9997,0.9998,0.9998,0.9999,0.9998,0.9998,0.9999,0.9998,0.9999,0.9998,0.9997,0.9998,0.9998,0.9997,0.9998,0.9999,0.9998,0.9998,0.9999,0.9998,0.9998,0.9998,0.9997,0.9998,0.9998,0.9998,0.9998,0.9998,0.9997,0.9997,0.9998,0.9998,0.9998,0.9998,0.9998,0.9998,0.9998,0.9998,0.9997,0.9999,0.9998,0.9998,0.9999,0.1438,0.1191,0.1865,0.1761,0.1902,0.1870,0.1208,0.1891,0.1883,0.1498,0.1848,0.1325,0.1839,0.1449,0.1993,0.1449,0.1958,0.1884,0.1540,0.1514,0.1877,0.1958,0.1692,0.1584,0.1343,0.1244,0.1958,0.1498,0.1568,0.1806,0.1718,0.1162,0.1883,0.1410,0.1321,0.1761,0.1916,0.1162,0.1545,0.1978,0.1208,0.1917,0.1786,0.1584,0.1901,0.1860,0.1881,0.1633,0.1977,0.1843,IDLE,IDLE,IDLE,IDLE,IDLE,IDLE,IDLE,IDLE,IDLE,IDLE,IDLE,IDLE,IDLE,IDLE,IDLE,IDLE,IDLE,IDLE,IDLE,IDLE,IDLE,IDLE,IDLE,IDLE,IDLE,IDLE,IDLE,IDLE,IDLE,IDLE,IDLE,IDLE,IDLE,IDLE,IDLE,IDLE,IDLE,IDLE,IDLE,IDLE,IDLE,IDLE,IDLE,IDLE,IDLE,IDLE,IDLE,IDLE,IDLE,IDLE
208,2024-01-09 16:00:01,0.00,0.00,0,0.0000,0.0000,0.00,0.9998,0.9999,0.9997,0.9997,0.9998,0.9998,0.9998,0.9997,0.9998,0.9998,0.9999,0.9998,0.9998,0.9999,0.9998,0.9999,0.9998,0.9997,0.9998,0.9998,0.9997,0.9998,0.9999,0.9998,0.9998,0.9999,0.9998,0.9998,0.9998,0.9997,0.9998,0.9998,0.9998,0.9998,0.9998,0.9997,0.9997,0.9998,0.9998,0.9998,0.9998,0.9998,0.9998,0.9998,0.9998,0.9997,0.9999,0.9998,0.9998,0.9999,0.1438,0.1191,0.1865,0.1761,0.1902,0.1870,0.1208,0.1891,0.1883,0.1498,0.1848,0.1325,0.1839,0.1449,0.1993,0.1449,0.1958,0.1884,0.1540,0.1514,0.1877,0.1958,0.1692,0.1584,0.1343,0.1244,0.1958,0.1498,0.1568,0.1806,0.1718,0.1162,0.1883,0.1410,0.1321,0.1761,0.1916,0.1162,0.1545,0.1978,0.1208,0.1917,0.1786,0.1584,0.1901,0.1860,0.1881,0.1633,0.1977,0.1843,IDLE,IDLE,IDLE,IDLE,IDLE,IDLE,IDLE,IDLE,IDLE,IDLE,IDLE,IDLE,IDLE,IDLE,IDLE,IDLE,IDLE,IDLE,IDLE,IDLE,IDLE,IDLE,IDLE,IDLE,IDLE,IDLE,IDLE,IDLE,IDLE,IDLE,IDLE,IDLE,IDLE,IDLE,IDLE,IDLE,IDLE,IDLE,IDLE,IDLE,IDLE,IDLE,IDLE,IDLE,IDLE,IDLE,IDLE,IDLE,IDLE,IDLE
209,2024-01-09 17:00:01,0.00,0.00,0,0.0000,0.0000,0.00,0.9998,0.9999,0.9997,0.9997,0.9998,0.9998,0.9998,0.9997,0.9998,0.9998,0.9999,0.9998,0.9998,0.9999,0.9998,0.9999,0.9998,0.9997,0.9998,0.9998,0.9997,0.9998,0.9999,0.9998,0.9998,0.9999,0.9998,0.9998,0.9998,0.9997,0.9998,0.9998,0.9998,0.9998,0.9998,0.9997,0.9997,0.9998,0.9998,0.9998,0.9998,0.9998,0.9998,0.9998,0.9998,0.9997,0.9999,0.9998,0.9998,0.9999,0.1438,0.1191,0.1865,0.1761,0.1902,0.1870,0.1208,0.1891,0.1883,0.1498,0.1848,0.1325,0.1839,0.1449,0.1993,0.1449,0.1958,0.1884,0.1540,0.1514,0.1877,0.1958,0.1692,0.1584,0.1343,0.1244,0.1958,0.1498,0.1568,0.1806,0.1718,0.1162,0.1883,0.1410,0.1321,0.1761,0.1916,0.1162,0.1545,0.1978,0.1208,0.1917,0.1786,0.1584,0.1901,0.1860,0.1881,0.1633,0.1977,0.1843,IDLE,IDLE,IDLE,IDLE,IDLE,IDLE,IDLE,IDLE,IDLE,IDLE,IDLE,IDLE,IDLE,IDLE,IDLE,IDLE,IDLE,IDLE,IDLE,IDLE,IDLE,IDLE,IDLE,IDLE,IDLE,IDLE,IDLE,IDLE,IDLE,IDLE,IDLE,IDLE,IDLE,IDLE,IDLE,IDLE,IDLE,IDLE,IDLE,IDLE,IDLE,IDLE,IDLE,IDLE,IDLE,IDLE,IDLE,IDLE,IDLE,IDLE
210,2024-01-09 18:00:01,0.00,0.00,0,0.0000,0.0000,0.00,0.9998,0.9999,0.9997,0.9997,0.9998,0.9998,0.9998,0.9997,0.9998,0.9998,0.9999,0.9998,0.9998,0.9999,0.9998,0.9999,0.9998,0.9997,0.9998,0.9998,0.9997,0.9998,0.9999,0.9998,0.9998,0.9999,0.9998,0.9998,0.9998,0.9997,0.9998,0.9998,0.9998,0.9998,0.9998,0.9997,0.9997,0.9998,0.9998,0.9998,0.9998,0.9998,0.9998,0.9998,0.9998,0.9997,0.9999,0.9998,0.9998,0.9999,0.1438,0.1191,0.1865,0.1761,0.1902,0.1870,0.1208,0.1891,0.1883,0.1498,0.1848,0.1325,0.1839,0.1449,0.1993,0.1449,0.1958,0.1884,0.1540,0.1514,0.1877,0.1958,0.1692,0.1584,0.1343,0.1244,0.1958,0.1498,0.1568,0.1806,0.1718,0.1162,0.1883,0.1410,0.1321,0.1761,0.1916,0.1162,0.1545,0.1978,0.1208,0.1917,0.1786,0.1584,0.1901,0.1860,0.1881,0.1633,0.1977,0.1843,IDLE,IDLE,IDLE,IDLE,IDLE,IDLE,IDLE,IDLE,IDLE,IDLE,IDLE,IDLE,IDLE,IDLE,IDLE,IDLE,IDLE,IDLE,IDLE,IDLE,IDLE,IDLE,IDLE,IDLE,IDLE,IDLE,IDLE,IDLE,IDLE,IDLE,IDLE,IDLE,IDLE,IDLE,IDLE,IDLE,IDLE,IDLE,IDLE,IDLE,IDLE,IDLE,IDLE,IDLE,IDLE,IDLE,IDLE,IDLE,IDLE,IDLE
211,2024-01-09 19:00:01,0.00,0.00,0,0.0000,0.0000,0.00,0.9998,0.9999,0.9997,0.9997,0.9998,0.9998,0.9998,0.9997,0.9998,0.9998,0.9999,0.9998,0.9998,0.9999,0.9998,0.9999,0.9998,0.9997,0.9998,0.9998,0.9997,0.9998,0.9999,0.9998,0.9998,0.9999,0.9998,0.9998,0.9998,0.9997,0.9998,0.9998,0.9998,0.9998,0.9998,0.9997,0.9997,0.9998,0.9998,0.9998,0.9998,0.9998,0.9998,0.9998,0.9998,0.9997,0.9999,0.9998,0.9998,0.9999,0.1438,0.1191,0.1865,0.1761,0.1902,0.1870,0.1208,0.1891,0.1883,0.1498,0.1848,0.1325,0.1839,0.1449,0.1993,0.1449,0.1958,0.1884,0.1540,0.1514,0.1877,0.1958,0.1692,0.1584,0.1343,0.1244,0.1958,0.1498,0.1568,0.1806,0.1718,0.1162,0.1883,0.1410,0.1321,0.1761,0.1916,0.1162,0.1545,0.1978,0.1208,0.1917,0.1786,0.1584,0.1901,0.1860,0.1881,0.1633,0.1977,0.1843,IDLE,IDLE,IDLE,IDLE,IDLE,IDLE,IDLE,IDLE,IDLE,IDLE,IDLE,IDLE,IDLE,IDLE,IDLE,IDLE,IDLE,IDLE,IDLE,IDLE,IDLE,IDLE,IDLE,IDLE,IDLE,IDLE,IDLE,IDLE,IDLE,IDLE,IDLE,IDLE,IDLE,IDLE,IDLE,IDLE,IDLE,IDLE,IDLE,IDLE,IDLE,IDLE,IDLE,IDLE,IDLE,IDLE,IDLE,IDLE,IDLE,IDLE
212,2024-01-09 20:00:01,0.00,0.00,0,0.0000,0.0000,0.00,0.9998,0.9999,0.9997,0.9997,0.9998,0.9998,0.9998,0.9997,0.9998,0.9998,0.9999,0.9998,0.9998,0.9999,0.9998,0.9999,0.9998,0.9997,0.9998,0.9998,0.9997,0.9998,0.9999,0.9998,0.9998,0.9999,0.9998,0.9998,0.9998,0.9997,0.9998,0.9998,0.9998,0.9998,0.9998,0.9997,0.9997,0.9998,0.9998,0.9998,0.9998,0.9998,0.9998,0.9998,0.9998,0.9997,0.9999,0.9998,0.9998,0.9999,0.1438,0.1191,0.1865,0.1761,0.1902,0.1870,0.1208,0.1891,0.1883,0.1498,0.1848,0.1325,0.1839,0.1449,0.1993,0.1449,0.1958,0.1884,0.1540,0.1514,0.1877,0.1958,0.1692,0.1584,0.1343,0.1244,0.1958,0.1498,0.1568,0.1806,0.1718,0.1162,0.1883,0.1410,0.1321,0.1761,0.1916,0.1162,0.1545,0.1978,0.1208,0.1917,0.1786,0.1584,0.1901,0.1860,0.1881,0.1633,0.1977,0.1843,IDLE,IDLE,IDLE,IDLE,IDLE,IDLE,IDLE,IDLE,IDLE,IDLE,IDLE,IDLE,IDLE,IDLE,IDLE,IDLE,IDLE,IDLE,IDLE,IDLE,IDLE,IDLE,IDLE,IDLE,IDLE,IDLE,IDLE,IDLE,IDLE,IDLE,IDLE,IDLE,IDLE,IDLE,IDLE,IDLE,IDLE,IDLE,IDLE,IDLE,IDLE,IDLE,IDLE,IDLE,IDLE,IDLE,IDLE,IDLE,IDLE,IDLE
213,2024-01-09 21:00:01,0.00,0.00,0,0.0000,0.0000,0.00,0.9998,0.9999,0.9997,0.9997,0.9998,0.9998,0.9998,0.9997,0.9998,0.9998,0.9999,0.9998,0.9998,0.9999,0.9998,0.9999,0.9998,0.9997,0.9998,0.9998,0.9997,0.9998,0.9999,0.9998,0.9998,0.9999,0.9998,0.9998,0.9998,0.9997,0.9998,0.9998,0.9998,0.9998,0.9998,0.9997,0.9997,0.9998,0.9998,0.9998,0.9998,0.9998,0.9998,0.9998,0.9998,0.9997,0.9999,0.9998,0.9998,0.9999,0.1438,0.1191,0.1865,0.1761,0.1902,0.1870,0.1208,0.1891,0.1883,0.1498,0.1848,0.1325,0.1839,0.1449,0.1993,0.1449,0.1958,0.1884,0.1540,0.1514,0.1877,0.1958,0.1692,0.1584,0.1343,0.1244,0.1958,0.1498,0.1568,0.1806,0.1718,0.1162,0.1883,0.1410,0.1321,0.1761,0.1916,0.1162,0.1545,0.1978,0.1208,0.1917,0.1786,0.1584,0.1901,0.1860,0.1881,0.1633,0.1977,0.1843,IDLE,IDLE,IDLE,IDLE,IDLE,IDLE,IDLE,IDLE,IDLE,IDLE,IDLE,IDLE,IDLE,IDLE,IDLE,IDLE,IDLE,IDLE,IDLE,IDLE,IDLE,IDLE,IDLE,IDLE,IDLE,IDLE,IDLE,IDLE,IDLE,IDLE,IDLE,IDLE,IDLE,IDLE,IDLE,IDLE,IDLE,IDLE,IDLE,IDLE,IDLE,IDLE,IDLE,IDLE,IDLE,IDLE,IDLE,IDLE,IDLE,IDLE
214,2024-01-09 22:00:01,0.00,0.00,0,0.0000,0.0000,0.00,0.9998,0.9999,0.9997,0.9997,0.9998,0.9998,0.9998,0.9997,0.9998,0.9998,0.9999,0.9998,0.9998,0.9999,0.9998,0.9999,0.9998,0.9997,0.9998,0.9998,0.9997,0.9998,0.9999,0.9998,0.9998,0.9999,0.9998,0.9998,0.9998,0.9997,0.9998,0.9998,0.9998,0.9998,0.9998,0.9997,0.9997,0.9998,0.9998,0.9998,0.9998,0.9998,0.9998,0.9998,0.9998,0.9997,0.9999,0.9998,0.9998,0.9999,0.1438,0.1191,0.1865,0.1761,0.1902,0.1870,0.1208,0.1891,0.1883,0.1498,0.1848,0.1325,0.1839,0.1449,0.1993,0.1449,0.1958,0.1884,0.1540,0.1514,0.1877,0.1958,0.1692,0.1584,0.1343,0.1244,0.1958,0.1498,0.1568,0.1806,0.1718,0.1162,0.1883,0.1410,0.1321,0.1761,0.1916,0.1162,0.1545,0.1978,0.1208,0.1917,0.1786,0.1584,0.1901,0.1860,0.1881,0.1633,0.1977,0.1843,IDLE,IDLE,IDLE,IDLE,IDLE,IDLE,IDLE,IDLE,IDLE,IDLE,IDLE,IDLE,IDLE,IDLE,IDLE,IDLE,IDLE,IDLE,IDLE,IDLE,IDLE,IDLE,IDLE,IDLE,IDLE,IDLE,IDLE,IDLE,IDLE,IDLE,IDLE,IDLE,IDLE,IDLE,IDLE,IDLE,IDLE,IDLE,IDLE,IDLE,IDLE,IDLE,IDLE,IDLE,IDLE,IDLE,IDLE,IDLE,IDLE,IDLE
215,2024-01-09 23:00:01,0.00,0.00,0,0.0000,0.0000,0.00,0.9998,0.9999,0.9997,0.9997,0.9998,0.9998,0.9998,0.9997,0.9998,0.9998,0.9999,0.9998,0.9998,0.9999,0.9998,0.9999,0.9998,0.9997,0.9998,0.9998,0.9997,0.9998,0.9999,0.9998,0.9998,0.9999,0.9998,0.9998,0.9998,0.9997,0.9998,0.9998,0.9998,0.9998,0.9998,0.9997,0.9997,0.9998,0.9998,0.9998,0.9998,0.9998,0.9998,0.9998,0.9998,0.9997,0.9999,0.9998,0.9998,0.9999,0.1438,0.1191,0.1865,0.1761,0.1902,0.1870,0.1208,0.1891,0.1883,0.1498,0.1848,0.1325,0.1839,0.1449,0.1993,0.1449,0.1958,0.1884,0.1540,0.1514,0.1877,0.1958,0.1692,0.1584,0.1343,0.1244,0.1958,0.1498,0.1568,0.1806,0.1718,0.1162,0.1883,0.1410,0.1321,0.1761,0.1916,0.1162,0.1545,0.1978,0.1208,0.1917,0.1786,0.1584,0.1901,0.1860,0.1881,0.1633,0.1977,0.1843,IDLE,IDLE,IDLE,IDLE,IDLE,IDLE,IDLE,IDLE,IDLE,IDLE,IDLE,IDLE,IDLE,IDLE,IDLE,IDLE,IDLE,IDLE,IDLE,IDLE,IDLE,IDLE,IDLE,IDLE,IDLE,IDLE,IDLE,IDLE,IDLE,IDLE,IDLE,IDLE,IDLE,IDLE,IDLE,IDLE,IDLE,IDLE,IDLE,IDLE,IDLE,IDLE,IDLE,IDLE,IDLE,IDLE,IDLE,IDLE,IDLE,IDLE
216,2024-01-10 00:00:01,0.00,0.00,0,0.0000,0.0000,0.00,0.9998,0.9999,0.9997,0.9997,0.9998,0.9998,0.9998,0.9997,0.9998,0.9998,0.9999,0.9998,0.9998,0.9999,0.9998,0.9999,0.9998,0.9997,0.9998,0.9998,0.9997,0.9998,0.9999,0.9998,0.9998,0.9999,0.9998,0.9998,0.9998,0.9997,0.9998,0.9998,0.9998,0.9998,0.9998,0.9997,0.9997,0.9998,0.9998,0.9998,0.9998,0.9998,0.9998,0.9998,0.9998,0.9997,0.9999,0.9998,0.9998,0.9999,0.1438,0.1191,0.1865,0.1761,0.1902,0.1870,0.1208,0.1891,0.1883,0.1498,0.1848,0.1325,0.1839,0.1449,0.1993,0.1449,0.1958,0.1884,0.1540,0.1514,0.1877,0.1958,0.1692,0.1584,0.1343,0.1244,0.1958,0.1498,0.1568,0.1806,0.1718,0.1162,0.1883,0.1410,0.1321,0.1761,0.1916,0.1162,0.1545,0.1978,0.1208,0.1917,0.1786,0.1584,0.1901,0.1860,0.1881,0.1633,0.1977,0.1843,IDLE,IDLE,IDLE,IDLE,IDLE,IDLE,IDLE,IDLE,IDLE,IDLE,IDLE,IDLE,IDLE,IDLE,IDLE,IDLE,IDLE,IDLE,IDLE,IDLE,IDLE,IDLE,IDLE,IDLE,IDLE,IDLE,IDLE,IDLE,IDLE,IDLE,IDLE,IDLE,IDLE,IDLE,IDLE,IDLE,IDLE,IDLE,IDLE,IDLE,IDLE,IDLE,IDLE,IDLE,IDLE,IDLE,IDLE,IDLE,IDLE,IDLE
217,2024-01-10 01:00:01,0.00,0.00,0,0.0000,0.0000,0.00,0.9998,0.9999,0.9997,0.9997,0.9998,0.9998,0.9998,0.9997,0.9998,0.9998,0.9999,0.9998,0.9998,0.9999,0.9998,0.9999,0.9998,0.9997,0.9998,0.9998,0.9997,0.9998,0.9999,0.9998,0.9998,0.9999,0.9998,0.9998,0.9998,0.9997,0.9998,0.9998,0.9998,0.9998,0.9998,0.9997,0.9997,0.9998,0.9998,0.9998,0.9998,0.9998,0.9998,0.9998,0.9998,0.9997,0.9999,0.9998,0.9998,0.9999,0.1438,0.1191,0.1865,0.1761,0.1902,0.1870,0.1208,0.1891,0.1883,0.1498,0.1848,0.1325,0.1839,0.1449,0.1993,0.1449,0.1958,0.1884,0.1540,0.1514,0.1877,0.1958,0.1692,0.1584,0.1343,0.1244,0.1958,0.1498,0.1568,0.1806,0.1718,0.1162,0.1883,0.1410,0.1321,0.1761,0.1916,0.1162,0.1545,0.1978,0.1208,0.1917,0.1786,0.1584,0.1901,0.1860,0.1881,0.1633,0.1977,0.1843,IDLE,IDLE,IDLE,IDLE,IDLE,IDLE,IDLE,IDLE,IDLE,IDLE,IDLE,IDLE,IDLE,IDLE,IDLE,IDLE,IDLE,IDLE,IDLE,IDLE,IDLE,IDLE,IDLE,IDLE,IDLE,IDLE,IDLE,IDLE,IDLE,IDLE,IDLE,IDLE,IDLE,IDLE,IDLE,IDLE,IDLE,IDLE,IDLE,IDLE,IDLE,IDLE,IDLE,IDLE,IDLE,IDLE,IDLE,IDLE,IDLE,IDLE
218,2024-01-10 02:00:01,0.00,0.00,0,0.0000,0.0000,0.00,0.9998,0.9999,0.9997,0.9997,0.9998,0.9998,0.9998,0.9997,0.9998,0.9998,0.9999,0.9998,0.9998,0.9999,0.9998,0.9999,0.9998,0.9997,0.9998,0.9998,0.9997,0.9998,0.9999,0.9998,0.9998,0.9999,0.9998,0.9998,0.9998,0.9997,0.9998,0.9998,0.9998,0.9998,0.9998,0.9997,0.9997,0.9998,0.9998,0.9998,0.9998,0.9998,0.9998,0.9998,0.9998,0.9997,0.9999,0.9998,0.9998,0.9999,0.1438,0.1191,0.1865,0.1761,0.1902,0.1870,0.1208,0.1891,0.1883,0.1498,0.1848,0.1325,0.1839,0.1449,0.1993,0.1449,0.1958,0.1884,0.1540,0.1514,0.1877,0.1958,0.1692,0.1584,0.1343,0.1244,0.1958,0.1498,0.1568,0.1806,0.1718,0.1162,0.1883,0.1410,0.1321,0.1761,0.1916,0.1162,0.1545,0.1978,0.1208,0.1917,0.1786,0.1584,0.1901,0.1860,0.1881,0.1633,0.1977,0.1843,IDLE,IDLE,IDLE,IDLE,IDLE,IDLE,IDLE,IDLE,IDLE,IDLE,IDLE,IDLE,IDLE,IDLE,IDLE,IDLE,IDLE,IDLE,IDLE,IDLE,IDLE,IDLE,IDLE,IDLE,IDLE,IDLE,IDLE,IDLE,IDLE,IDLE,IDLE,IDLE,IDLE,IDLE,IDLE,IDLE,IDLE,IDLE,IDLE,IDLE,IDLE,IDLE,IDLE,IDLE,IDLE,IDLE,IDLE,IDLE,IDLE,IDLE
219,2024-01-10 03:00:01,0.00,0.00,0,0.0000,0.0000,0.00,0.9998,0.9999,0.9997,0.9997,0.9998,0.9998,0.9998,0.9997,0.9998,0.9998,0.9999,0.9998,0.9998,0.9999,0.9998,0.9999,0.9998,0.9997,0.9998,0.9998,0.9997,0.9998,0.9999,0.9998,0.9998,0.9999,0.9998,0.9998,0.9998,0.9997,0.9998,0.9998,0.9998,0.9998,0.9998,0.9997,0.9997,0.9998,0.9998,0.9998,0.9998,0.9998,0.9998,0.9998,0.9998,0.9997,0.9999,0.9998,0.9998,0.9999,0.1438,0.1191,0.1865,0.1761,0.1902,0.1870,0.1208,0.1891,0.1883,0.1498,0.1848,0.1325,0.1839,0.1449,0.1993,0.1449,0.1958,0.1884,0.1540,0.1514,0.1877,0.1958,0.1692,0.1584,0.1343,0.1244,0.1958,0.1498,0.1568,0.1806,0.1718,0.1162,0.1883,0.1410,0.1321,0.1761,0.1916,0.1162,0.1545,0.1978,0.1208,0.1917,0.1786,0.1584,0.1901,0.1860,0.1881,0.1633,0.1977,0.1843,IDLE,IDLE,IDLE,IDLE,IDLE,IDLE,IDLE,IDLE,IDLE,IDLE,IDLE,IDLE,IDLE,IDLE,IDLE,IDLE,IDLE,IDLE,IDLE,IDLE,IDLE,IDLE,IDLE,IDLE,IDLE,IDLE,IDLE,IDLE,IDLE,IDLE,IDLE,IDLE,IDLE,IDLE,IDLE,IDLE,IDLE,IDLE,IDLE,IDLE,IDLE,IDLE,IDLE,IDLE,IDLE,IDLE,IDLE,IDLE,IDLE,IDLE
220,2024-01-10 04:00:01,0.00,0.00,0,0.0000,0.0000,0.00,0.9998,0.9999,0.9997,0.9997,0.9998,0.9998,0.9998,0.9997,0.9998,0.9998,0.9999,0.9998,0.9998,0.9999,0.9998,0.9999,0.9998,0.9997,0.9998,0.9998,0.9997,0.9998,0.9999,0.9998,0.9998,0.9999,0.9998,0.9998,0.9998,0.9997,0.9998,0.9998,0.9998,0.9998,0.9998,0.9997,0.9997,0.9998,0.9998,0.9998,0.9998,0.9998,0.9998,0.9998,0.9998,0.9997,0.9999,0.9998,0.9998,0.9999,0.1438,0.1191,0.1865,0.1761,0.1902,0.1870,0.1208,0.1891,0.1883,0.1498,0.1848,0.1325,0.1839,0.1449,0.1993,0.1449,0.1958,0.1884,0.1540,0.1514,0.1877,0.1958,0.1692,0.1584,0.1343,0.1244,0.1958,0.1498,0.1568,0.1806,0.1718,0.1162,0.1883,0.1410,0.1321,0.1761,0.1916,0.1162,0.1545,0.1978,0.1208,0.1917,0.1786,0.1584,0.1901,0.1860,0.1881,0.1633,0.1977,0.1843,IDLE,IDLE,IDLE,IDLE,IDLE,IDLE,IDLE,IDLE,IDLE,IDLE,IDLE,IDLE,IDLE,IDLE,IDLE,IDLE,IDLE,IDLE,IDLE,IDLE,IDLE,IDLE,IDLE,IDLE,IDLE,IDLE,IDLE,IDLE,IDLE,IDLE,IDLE,IDLE,IDLE,IDLE,IDLE,IDLE,IDLE,IDLE,IDLE,IDLE,IDLE,IDLE,IDLE,IDLE,IDLE,IDLE,IDLE,IDLE,IDLE,IDLE
221,2024-01-10 05:00:01,0.00,0.00,0,0.0000,0.0000,0.00,0.9998,0.9999,0.9997,0.9997,0.9998,0.9998,0.9998,0.9997,0.9998,0.9998,0.9999,0.9998,0.9998,0.9999,0.9998,0.9999,0.9998,0.9997,0.9998,0.9998,0.9997,0.9998,0.9999,0.9998,0.9998,0.9999,0.9998,0.9998,0.9998,0.9997,0.9998,0.9998,0.9998,0.9998,0.9998,0.9997,0.9997,0.9998,0.9998,0.9998,0.9998,0.9998,0.9998,0.9998,0.9998,0.9997,0.9999,0.9998,0.9998,0.9999,0.1438,0.1191,0.1865,0.1761,0.1902,0.1870,0.1208,0.1891,0.1883,0.1498,0.1848,0.1325,0.1839,0.1449,0.1993,0.1449,0.1958,0.1884,0.1540,0.1514,0.1877,0.1958,0.1692,0.1584,0.1343,0.1244,0.1958,0.1498,0.1568,0.1806,0.1718,0.1162,0.1883,0.1410,0.1321,0.1761,0.1916,0.1162,0.1545,0.1978,0.1208,0.1917,0.1786,0.1584,0.1901,0.1860,0.1881,0.1633,0.1977,0.1843,IDLE,IDLE,IDLE,IDLE,IDLE,IDLE,IDLE,IDLE,IDLE,IDLE,IDLE,IDLE,IDLE,IDLE,IDLE,IDLE,IDLE,IDLE,IDLE,IDLE,IDLE,IDLE,IDLE,IDLE,IDLE,IDLE,IDLE,IDLE,IDLE,IDLE,IDLE,IDLE,IDLE,IDLE,IDLE,IDLE,IDLE,IDLE,IDLE,IDLE,IDLE,IDLE,IDLE,IDLE,IDLE,IDLE,IDLE,IDLE,IDLE,IDLE
222,2024-01-10 06:00:01,0.00,0.00,0,0.0000,0.0000,0.00,0.9998,0.9999,0.9997,0.9997,0.9998,0.9998,0.9998,0.9997,0.9998,0.9998,0.9999,0.9998,0.9998,0.9999,0.9998,0.9999,0.9998,0.9997,0.9998,0.9998,0.9997,0.9998,0.9999,0.9998,0.9998,0.9999,0.9998,0.9998,0.9998,0.9997,0.9998,0.9998,0.9998,0.9998,0.9998,0.9997,0.9997,0.9998,0.9998,0.9998,0.9998,0.9998,0.9998,0.9998,0.9998,0.9997,0.9999,0.9998,0.9998,0.9999,0.1438,0.1191,0.1865,0.1761,0.1902,0.1870,0.1208,0.1891,0.1883,0.1498,0.1848,0.1325,0.1839,0.1449,0.1993,0.1449,0.1958,0.1884,0.1540,0.1514,0.1877,0.1958,0.1692,0.1584,0.1343,0.1244,0.1958,0.1498,0.1568,0.1806,0.1718,0.1162,0.1883,0.1410,0.1321,0.1761,0.1916,0.1162,0.1545,0.1978,0.1208,0.1917,0.1786,0.1584,0.1901,0.1860,0.1881,0.1633,0.1977,0.1843,IDLE,IDLE,IDLE,IDLE,IDLE,IDLE,IDLE,IDLE,IDLE,IDLE,IDLE,IDLE,IDLE,IDLE,IDLE,IDLE,IDLE,IDLE,IDLE,IDLE,IDLE,IDLE,IDLE,IDLE,IDLE,IDLE,IDLE,IDLE,IDLE,IDLE,IDLE,IDLE,IDLE,IDLE,IDLE,IDLE,IDLE,IDLE,IDLE,IDLE,IDLE,IDLE,IDLE,IDLE,IDLE,IDLE,IDLE,IDLE,IDLE,IDLE
223,2024-01-10 07:00:01,0.00,0.00,0,0.0000,0.0000,0.00,0.9998,0.9999,0.9997,0.9997,0.9998,0.9998,0.9998,0.9997,0.9998,0.9998,0.9999,0.9998,0.9998,0.9999,0.9998,0.9999,0.9998,0.9997,0.9998,0.9998,0.9997,0.9998,0.9999,0.9998,0.9998,0.9999,0.9998,0.9998,0.9998,0.9997,0.9998,0.9998,0.9998,0.9998,0.9998,0.9997,0.9997,0.9998,0.9998,0.9998,0.9998,0.9998,0.9998,0.9998,0.9998,0.9997,0.9999,0.9998,0.9998,0.9999,0.1438,0.1191,0.1865,0.1761,0.1902,0.1870,0.1208,0.1891,0.1883,0.1498,0.1848,0.1325,0.1839,0.1449,0.1993,0.1449,0.1958,0.1884,0.1540,0.1514,0.1877,0.1958,0.1692,0.1584,0.1343,0.1244,0.1958,0.1498,0.1568,0.1806,0.1718,0.1162,0.1883,0.1410,0.1321,0.1761,0.1916,0.1162,0.1545,0.1978,0.1208,0.1917,0.1786,0.1584,0.1901,0.1860,0.1881,0.1633,0.1977,0.1843,IDLE,IDLE,IDLE,IDLE,IDLE,IDLE,IDLE,IDLE,IDLE,IDLE,IDLE,IDLE,IDLE,IDLE,IDLE,IDLE,IDLE,IDLE,IDLE,IDLE,IDLE,IDLE,IDLE,IDLE,IDLE,IDLE,IDLE,IDLE,IDLE,IDLE,IDLE,IDLE,IDLE,IDLE,IDLE,IDLE,IDLE,IDLE,IDLE,IDLE,IDLE,IDLE,IDLE,IDLE,IDLE,IDLE,IDLE,IDLE,IDLE,IDLE
224,2024-01-10 08:00:01,0.00,0.00,0,0.0000,0.0000,0.00,0.9998,0.9999,0.9997,0.9997,0.9998,0.9998,0.9998,0.9997,0.9998,0.9998,0.9999,0.9998,0.9998,0.9999,0.9998,0.9999,0.9998,0.9997,0.9998,0.9998,0.9997,0.9998,0.9999,0.9998,0.9998,0.9999,0.9998,0.9998,0.9998,0.9997,0.9998,0.9998,0.9998,0.9998,0.9998,0.9997,0.9997,0.9998,0.9998,0.9998,0.9998,0.9998,0.9998,0.9998,0.9998,0.9997,0.9999,0.9998,0.9998,0.9999,0.1438,0.1191,0.1865,0.1761,0.1902,0.1870,0.1208,0.1891,0.1883,0.1498,0.1848,0.1325,0.1839,0.1449,0.1993,0.1449,0.1958,0.1884,0.1540,0.1514,0.1877,0.1958,0.1692,0.1584,0.1343,0.1244,0.1958,0.1498,0.1568,0.1806,0.1718,0.1162,0.1883,0.1410,0.1321,0.1761,0.1916,0.1162,0.1545,0.1978,0.1208,0.1917,0.1786,0.1584,0.1901,0.1860,0.1881,0.1633,0.1977,0.1843,IDLE,IDLE,IDLE,IDLE,IDLE,IDLE,IDLE,IDLE,IDLE,IDLE,IDLE,IDLE,IDLE,IDLE,IDLE,IDLE,IDLE,IDLE,IDLE,IDLE,IDLE,IDLE,IDLE,IDLE,IDLE,IDLE,IDLE,IDLE,IDLE,IDLE,IDLE,IDLE,IDLE,IDLE,IDLE,IDLE,IDLE,IDLE,IDLE,IDLE,IDLE,IDLE,IDLE,IDLE,IDLE,IDLE,IDLE,IDLE,IDLE,IDLE
225,2024-01-10 09:00:01,0.00,0.00,0,0.0000,0.0000,0.00,0.9998,0.9999,0.9997,0.9997,0.9998,0.9998,0.9998,0.9997,0.9998,0.9998,0.9999,0.9998,0.9998,0.9999,0.9998,0.9999,0.9998,0.9997,0.9998,0.9998,0.9997,0.9998,0.9999,0.9998,0.9998,0.9999,0.9998,0.9998,0.9998,0.9997,0.9998,0.9998,0.9998,0.9998,0.9998,0.9997,0.9997,0.9998,0.9998,0.9998,0.9998,0.9998,0.9998,0.9998,0.9998,0.9997,0.9999,0.9998,0.9998,0.9999,0.1438,0.1191,0.1865,0.1761,0.1902,0.1870,0.1208,0.1891,0.1883,0.1498,0.1848,0.1325,0.1839,0.1449,0.1993,0.1449,0.1958,0.1884,0.1540,0.1514,0.1877,0.1958,0.1692,0.1584,0.1343,0.1244,0.1958,0.1498,0.1568,0.1806,0.1718,0.1162,0.1883,0.1410,0.1321,0.1761,0.1916,0.1162,0.1545,0.1978,0.1208,0.1917,0.1786,0.1584,0.1901,0.1860,0.1881,0.1633,0.1977,0.1843,IDLE,IDLE,IDLE,IDLE,IDLE,IDLE,IDLE,IDLE,IDLE,IDLE,IDLE,IDLE,IDLE,IDLE,IDLE,IDLE,IDLE,IDLE,IDLE,IDLE,IDLE,IDLE,IDLE,IDLE,IDLE,IDLE,IDLE,IDLE,IDLE,IDLE,IDLE,IDLE,IDLE,IDLE,IDLE,IDLE,IDLE,IDLE,IDLE,IDLE,IDLE,IDLE,IDLE,IDLE,IDLE,IDLE,IDLE,IDLE,IDLE,IDLE
226,2024-01-10 10:00:01,0.00,0.00,0,0.0000,0.0000,0.00,0.9998,0.9999,0.9997,0.9997,0.9998,0.9998,0.9998,0.9997,0.9998,0.9998,0.9999,0.9998,0.9998,0.9999,0.9998,0.9999,0.9998,0.9997,0.9998,0.9998,0.9997,0.9998,0.9999,0.9998,0.9998,0.9999,0.9998,0.9998,0.9998,0.9997,0.9998,0.9998,0.9998,0.9998,0.9998,0.9997,0.9997,0.9998,0.9998,0.9998,0.9998,0.9998,0.9998,0.9998,0.9998,0.9997,0.9999,0.9998,0.9998,0.9999,0.1438,0.1191,0.1865,0.1761,0.1902,0.1870,0.1208,0.1891,0.1883,0.1498,0.1848,0.1325,0.1839,0.1449,0.1993,0.1449,0.1958,0.1884,0.1540,0.1514,0.1877,0.1958,0.1692,0.1584,0.1343,0.1244,0.1958,0.1498,0.1568,0.1806,0.1718,0.1162,0.1883,0.1410,0.1321,0.1761,0.1916,0.1162,0.1545,0.1978,0.1208,0.1917,0.1786,0.1584,0.1901,0.1860,0.1881,0.1633,0.1977,0.1843,IDLE,IDLE,IDLE,IDLE,IDLE,IDLE,IDLE,IDLE,IDLE,IDLE,IDLE,IDLE,IDLE,IDLE,IDLE,IDLE,IDLE,IDLE,IDLE,IDLE,IDLE,IDLE,IDLE,IDLE,IDLE,IDLE,IDLE,IDLE,IDLE,IDLE,IDLE,IDLE,IDLE,IDLE,IDLE,IDLE,IDLE,IDLE,IDLE,IDLE,IDLE,IDLE,IDLE,IDLE,IDLE,IDLE,IDLE,IDLE,IDLE,IDLE
227,2024-01-10 11:00:01,0.00,0.00,0,0.0000,0.0000,0.00,0.9998,0.9999,0.9997,0.9997,0.9998,0.9998,0.9998,0.9997,0.9998,0.9998,0.9999,0.9998,0.9998,0.9999,0.9998,0.9999,0.9998,0.9997,0.9998,0.9998,0.9997,0.9998,0.9999,0.9998,0.9998,0.9999,0.9998,0.9998,0.9998,0.9997,0.9998,0.9998,0.9998,0.9998,0.9998,0.9997,0.9997,0.9998,0.9998,0.9998,0.9998,0.9998,0.9998,0.9998,0.9998,0.9997,0.9999,0.9998,0.9998,0.9999,0.1438,0.1191,0.1865,0.1761,0.1902,0.1870,0.1208,0.1891,0.1883,0.1498,0.1848,0.1325,0.1839,0.1449,0.1993,0.1449,0.1958,0.1884,0.1540,0.1514,0.1877,0.1958,0.1692,0.1584,0.1343,0.1244,0.1958,0.1498,0.1568,0.1806,0.1718,0.1162,0.1883,0.1410,0.1321,0.1761,0.1916,0.1162,0.1545,0.1978,0.1208,0.1917,0.1786,0.1584,0.1901,0.1860,0.1881,0.1633,0.1977,0.1843,IDLE,IDLE,IDLE,IDLE,IDLE,IDLE,IDLE,IDLE,IDLE,IDLE,IDLE,IDLE,IDLE,IDLE,IDLE,IDLE,IDLE,IDLE,IDLE,IDLE,IDLE,IDLE,IDLE,IDLE,IDLE,IDLE,IDLE,IDLE,IDLE,IDLE,IDLE,IDLE,IDLE,IDLE,IDLE,IDLE,IDLE,IDLE,IDLE,IDLE,IDLE,IDLE,IDLE,IDLE,IDLE,IDLE,IDLE,IDLE,IDLE,IDLE
228,2024-01-10 12:00:01,0.00,0.00,0,0.0000,0.0000,0.00,0.9998,0.9999,0.9997,0.9997,0.9998,0.9998,0.9998,0.9997,0.9998,0.9998,0.9999,0.9998,0.9998,0.9999,0.9998,0.9999,0.9998,0.9997,0.9998,0.9998,0.9997,0.9998,0.9999,0.9998,0.9998,0.9999,0.9998,0.9998,0.9998,0.9997,0.9998,0.9998,0.9998,0.9998,0.9998,0.9997,0.9997,0.9998,0.9998,0.9998,0.9998,0.9998,0.9998,0.9998,0.9998,0.9997,0.9999,0.9998,0.9998,0.9999,0.1438,0.1191,0.1865,0.1761,0.1902,0.1870,0.1208,0.1891,0.1883,0.1498,0.1848,0.1325,0.1839,0.1449,0.1993,0.1449,0.1958,0.1884,0.1540,0.1514,0.1877,0.1958,0.1692,0.1584,0.1343,0.1244,0.1958,0.1498,0.1568,0.1806,0.1718,0.1162,0.1883,0.1410,0.1321,0.1761,0.1916,0.1162,0.1545,0.1978,0.1208,0.1917,0.1786,0.1584,0.1901,0.1860,0.1881,0.1633,0.1977,0.1843,IDLE,IDLE,IDLE,IDLE,IDLE,IDLE,IDLE,IDLE,IDLE,IDLE,IDLE,IDLE,IDLE,IDLE,IDLE,IDLE,IDLE,IDLE,IDLE,IDLE,IDLE,IDLE,IDLE,IDLE,IDLE,IDLE,IDLE,IDLE,IDLE,IDLE,IDLE,IDLE,IDLE,IDLE,IDLE,IDLE,IDLE,IDLE,IDLE,IDLE,IDLE,IDLE,IDLE,IDLE,IDLE,IDLE,IDLE,IDLE,IDLE,IDLE
229,2024-01-10 13:00:01,0.00,0.00,0,0.0000,0.0000,0.00,0.9998,0.9999,0.9997,0.9997,0.9998,0.9998,0.9998,0.9997,0.9998,0.9998,0.9999,0.9998,0.9998,0.9999,0.9998,0.9999,0.9998,0.9997,0.9998,0.9998,0.9997,0.9998,0.9999,0.9998,0.9998,0.9999,0.9998,0.9998,0.9998,0.9997,0.9998,0.9998,0.9998,0.9998,0.9998,0.9997,0.9997,0.9998,0.9998,0.9998,0.9998,0.9998,0.9998,0.9998,0.9998,0.9997,0.9999,0.9998,0.9998,0.9999,0.1438,0.1191,0.1865,0.1761,0.1902,0.1870,0.1208,0.1891,0.1883,0.1498,0.1848,0.1325,0.1839,0.1449,0.1993,0.1449,0.1958,0.1884,0.1540,0.1514,0.1877,0.1958,0.1692,0.1584,0.1343,0.1244,0.1958,0.1498,0.1568,0.1806,0.1718,0.1162,0.1883,0.1410,0.1321,0.1761,0.1916,0.1162,0.1545,0.1978,0.1208,0.1917,0.1786,0.1584,0.1901,0.1860,0.1881,0.1633,0.1977,0.1843,IDLE,IDLE,IDLE,IDLE,IDLE,IDLE,IDLE,IDLE,IDLE,IDLE,IDLE,IDLE,IDLE,IDLE,IDLE,IDLE,IDLE,IDLE,IDLE,IDLE,IDLE,IDLE,IDLE,IDLE,IDLE,IDLE,IDLE,IDLE,IDLE,IDLE,IDLE,IDLE,IDLE,IDLE,IDLE,IDLE,IDLE,IDLE,IDLE,IDLE,IDLE,IDLE,IDLE,IDLE,IDLE,IDLE,IDLE,IDLE,IDLE,IDLE
230,2024-01-10 14:00:01,0.00,0.00,0,0.0000,0.0000,0.00,0.9998,0.9999,0.9997,0.9997,0.9998,0.9998,0.9998,0.9997,0.9998,0.9998,0.9999,0.9998,0.9998,0.9999,0.9998,0.9999,0.9998,0.9997,0.9998,0.9998,0.9997,0.9998,0.9999,0.9998,0.9998,0.9999,0.9998,0.9998,0.9998,0.9997,0.9998,0.9998,0.9998,0.9998,0.9998,0.9997,0.9997,0.9998,0.9998,0.9998,0.9998,0.9998,0.9998,0.9998,0.9998,0.9997,0.9999,0.9998,0.9998,0.9999,0.1438,0.1191,0.1865,0.1761,0.1902,0.1870,0.1208,0.1891,0.1883,0.1498,0.1848,0.1325,0.1839,0.1449,0.1993,0.1449,0.1958,0.1884,0.1540,0.1514,0.1877,0.1958,0.1692,0.1584,0.1343,0.1244,0.1958,0.1498,0.1568,0.1806,0.1718,0.1162,0.1883,0.1410,0.1321,0.1761,0.1916,0.1162,0.1545,0.1978,0.1208,0.1917,0.1786,0.1584,0.1901,0.1860,0.1881,0.1633,0.1977,0.1843,IDLE,IDLE,IDLE,IDLE,IDLE,IDLE,IDLE,IDLE,IDLE,IDLE,IDLE,IDLE,IDLE,IDLE,IDLE,IDLE,IDLE,IDLE,IDLE,IDLE,IDLE,IDLE,IDLE,IDLE,IDLE,IDLE,IDLE,IDLE,IDLE,IDLE,IDLE,IDLE,IDLE,IDLE,IDLE,IDLE,IDLE,IDLE,IDLE,IDLE,IDLE,IDLE,IDLE,IDLE,IDLE,IDLE,IDLE,IDLE,IDLE,IDLE
231,2024-01-10 15:00:01,0.00,0.00,0,0.0000,0.0000,0.00,0.9998,0.9999,0.9997,0.9997,0.9998,0.9998,0.9998,0.9997,0.9998,0.9998,0.9999,0.9998,0.9998,0.9999,0.9998,0.9999,0.9998,0.9997,0.9998,0.9998,0.9997,0.9998,0.9999,0.9998,0.9998,0.9999,0.9998,0.9998,0.9998,0.9997,0.9998,0.9998,0.9998,0.9998,0.9998,0.9997,0.9997,0.9998,0.9998,0.9998,0.9998,0.9998,0.9998,0.9998,0.9998,0.9997,0.9999,0.9998,0.9998,0.9999,0.1438,0.1191,0.1865,0.1761,0.1902,0.1870,0.1208,0.1891,0.1883,0.1498,0.1848,0.1325,0.1839,0.1449,0.1993,0.1449,0.1958,0.1884,0.1540,0.1514,0.1877,0.1958,0.1692,0.1584,0.1343,0.1244,0.1958,0.1498,0.1568,0.1806,0.1718,0.1162,0.1883,0.1410,0.1321,0.1761,0.1916,0.1162,0.1545,0.1978,0.1208,0.1917,0.1786,0.1584,0.1901,0.1860,0.1881,0.1633,0.1977,0.1843,IDLE,IDLE,IDLE,IDLE,IDLE,IDLE,IDLE,IDLE,IDLE,IDLE,IDLE,IDLE,IDLE,IDLE,IDLE,IDLE,IDLE,IDLE,IDLE,IDLE,IDLE,IDLE,IDLE,IDLE,IDLE,IDLE,IDLE,IDLE,IDLE,IDLE,IDLE,IDLE,IDLE,IDLE,IDLE,IDLE,IDLE,IDLE,IDLE,IDLE,IDLE,IDLE,IDLE,IDLE,IDLE,IDLE,IDLE,IDLE,IDLE,IDLE
232,2024-01-10 16:00:01,0.00,0.00,0,0.0000,0.0000,0.00,0.9998,0.9999,0.9997,0.9997,0.9998,0.9998,0.9998,0.9997,0.9998,0.9998,0.9999,0.9998,0.9998,0.9999,0.9998,0.9999,0.9998,0.9997,0.9998,0.9998,0.9997,0.9998,0.9999,0.9998,0.9998,0.9999,0.9998,0.9998,0.9998,0.9997,0.9998,0.9998,0.9998,0.9998,0.9998,0.9997,0.9997,0.9998,0.9998,0.9998,0.9998,0.9998,0.9998,0.9998,0.9998,0.9997,0.9999,0.9998,0.9998,0.9999,0.1438,0.1191,0.1865,0.1761,0.1902,0.1870,0.1208,0.1891,0.1883,0.1498,0.1848,0.1325,0.1839,0.1449,0.1993,0.1449,0.1958,0.1884,0.1540,0.1514,0.1877,0.1958,0.1692,0.1584,0.1343,0.1244,0.1958,0.1498,0.1568,0.1806,0.1718,0.1162,0.1883,0.1410,0.1321,0.1761,0.1916,0.1162,0.1545,0.1978,0.1208,0.1917,0.1786,0.1584,0.1901,0.1860,0.1881,0.1633,0.1977,0.1843,IDLE,IDLE,IDLE,IDLE,IDLE,IDLE,IDLE,IDLE,IDLE,IDLE,IDLE,IDLE,IDLE,IDLE,IDLE,IDLE,IDLE,IDLE,IDLE,IDLE,IDLE,IDLE,IDLE,IDLE,IDLE,IDLE,IDLE,IDLE,IDLE,IDLE,IDLE,IDLE,IDLE,IDLE,IDLE,IDLE,IDLE,IDLE,IDLE,IDLE,IDLE,IDLE,IDLE,IDLE,IDLE,IDLE,IDLE,IDLE,IDLE,IDLE
233,2024-01-10 17:00:01,0.00,0.00,0,0.0000,0.0000,0.00,0.9998,0.9999,0.9997,0.9997,0.9998,0.9998,0.9998,0.9997,0.9998,0.9998,0.9999,0.9998,0.9998,0.9999,0.9998,0.9999,0.9998,0.9997,0.9998,0.9998,0.9997,0.9998,0.9999,0.9998,0.9998,0.9999,0.9998,0.9998,0.9998,0.9997,0.9998,0.9998,0.9998,0.9998,0.9998,0.9997,0.9997,0.9998,0.9998,0.9998,0.9998,0.9998,0.9998,0.9998,0.9998,0.9997,0.9999,0.9998,0.9998,0.9999,0.1438,0.1191,0.1865,0.1761,0.1902,0.1870,0.1208,0.1891,0.1883,0.1498,0.1848,0.1325,0.1839,0.1449,0.1993,0.1449,0.1958,0.1884,0.1540,0.1514,0.1877,0.1958,0.1692,0.1584,0.1343,0.1244,0.1958,0.1498,0.1568,0.1806,0.1718,0.1162,0.1883,0.1410,0.1321,0.1761,0.1916,0.1162,0.1545,0.1978,0.1208,0.1917,0.1786,0.1584,0.1901,0.1860,0.1881,0.1633,0.1977,0.1843,IDLE,IDLE,IDLE,IDLE,IDLE,IDLE,IDLE,IDLE,IDLE,IDLE,IDLE,IDLE,IDLE,IDLE,IDLE,IDLE,IDLE,IDLE,IDLE,IDLE,IDLE,IDLE,IDLE,IDLE,IDLE,IDLE,IDLE,IDLE,IDLE,IDLE,IDLE,IDLE,IDLE,IDLE,IDLE,IDLE,IDLE,IDLE,IDLE,IDLE,IDLE,IDLE,IDLE,IDLE,IDLE,IDLE,IDLE,IDLE,IDLE,IDLE
234,2024-01-10 18:00:01,0.00,0.00,0,0.0000,0.0000,0.00,0.9998,0.9999,0.9997,0.9997,0.9998,0.9998,0.9998,0.9997,0.9998,0.9998,0.9999,0.9998,0.9998,0.9999,0.9998,0.9999,0.9998,0.9997,0.9998,0.9998,0.9997,0.9998,0.9999,0.9998,0.9998,0.9999,0.9998,0.9998,0.9998,0.9997,0.9998,0.9998,0.9998,0.9998,0.9998,0.9997,0.9997,0.9998,0.9998,0.9998,0.9998,0.9998,0.9998,0.9998,0.9998,0.9997,0.9999,0.9998,0.9998,0.9999,0.1438,0.1191,0.1865,0.1761,0.1902,0.1870,0.1208,0.1891,0.1883,0.1498,0.1848,0.1325,0.1839,0.1449,0.1993,0.1449,0.1958,0.1884,0.1540,0.1514,0.1877,0.1958,0.1692,0.1584,0.1343,0.1244,0.1958,0.1498,0.1568,0.1806,0.1718,0.1162,0.1883,0.1410,0.1321,0.1761,0.1916,0.1162,0.1545,0.1978,0.1208,0.1917,0.1786,0.1584,0.1901,0.1860,0.1881,0.1633,0.1977,0.1843,IDLE,IDLE,IDLE,IDLE,IDLE,IDLE,IDLE,IDLE,IDLE,IDLE,IDLE,IDLE,IDLE,IDLE,IDLE,IDLE,IDLE,IDLE,IDLE,IDLE,IDLE,IDLE,IDLE,IDLE,IDLE,IDLE,IDLE,IDLE,IDLE,IDLE,IDLE,IDLE,IDLE,IDLE,IDLE,IDLE,IDLE,IDLE,IDLE,IDLE,IDLE,IDLE,IDLE,IDLE,IDLE,IDLE,IDLE,IDLE,IDLE,IDLE
235,2024-01-10 19:00:01,0.00,0.00,0,0.0000,0.0000,0.00,0.9998,0.9999,0.9997,0.9997,0.9998,0.9998,0.9998,0.9997,0.9998,0.9998,0.9999,0.9998,0.9998,0.9999,0.9998,0.9999,0.9998,0.9997,0.9998,0.9998,0.9997,0.9998,0.9999,0.9998,0.9998,0.9999,0.9998,0.9998,0.9998,0.9997,0.9998,0.9998,0.9998,0.9998,0.9998,0.9997,0.9997,0.9998,0.9998,0.9998,0.9998,0.9998,0.9998,0.9998,0.9998,0.9997,0.9999,0.9998,0.9998,0.9999,0.1438,0.1191,0.1865,0.1761,0.1902,0.1870,0.1208,0.1891,0.1883,0.1498,0.1848,0.1325,0.1839,0.1449,0.1993,0.1449,0.1958,0.1884,0.1540,0.1514,0.1877,0.1958,0.1692,0.1584,0.1343,0.1244,0.1958,0.1498,0.1568,0.1806,0.1718,0.1162,0.1883,0.1410,0.1321,0.1761,0.1916,0.1162,0.1545,0.1978,0.1208,0.1917,0.1786,0.1584,0.1901,0.1860,0.1881,0.1633,0.1977,0.1843,IDLE,IDLE,IDLE,IDLE,IDLE,IDLE,IDLE,IDLE,IDLE,IDLE,IDLE,IDLE,IDLE,IDLE,IDLE,IDLE,IDLE,IDLE,IDLE,IDLE,IDLE,IDLE,IDLE,IDLE,IDLE,IDLE,IDLE,IDLE,IDLE,IDLE,IDLE,IDLE,IDLE,IDLE,IDLE,IDLE,IDLE,IDLE,IDLE,IDLE,IDLE,IDLE,IDLE,IDLE,IDLE,IDLE,IDLE,IDLE,IDLE,IDLE
236,2024-01-10 20:00:01,0.00,0.00,0,0.0000,0.0000,0.00,0.9998,0.9999,0.9997,0.9997,0.9998,0.9998,0.9998,0.9997,0.9998,0.9998,0.9999,0.9998,0.9998,0.9999,0.9998,0.9999,0.9998,0.9997,0.9998,0.9998,0.9997,0.9998,0.9999,0.9998,0.9998,0.9999,0.9998,0.9998,0.9998,0.9997,0.9998,0.9998,0.9998,0.9998,0.9998,0.9997,0.9997,0.9998,0.9998,0.9998,0.9998,0.9998,0.9998,0.9998,0.9998,0.9997,0.9999,0.9998,0.9998,0.9999,0.1438,0.1191,0.1865,0.1761,0.1902,0.1870,0.1208,0.1891,0.1883,0.1498,0.1848,0.1325,0.1839,0.1449,0.1993,0.1449,0.1958,0.1884,0.1540,0.1514,0.1877,0.1958,0.1692,0.1584,0.1343,0.1244,0.1958,0.1498,0.1568,0.1806,0.1718,0.1162,0.1883,0.1410,0.1321,0.1761,0.1916,0.1162,0.1545,0.1978,0.1208,0.1917,0.1786,0.1584,0.1901,0.1860,0.1881,0.1633,0.1977,0.1843,IDLE,IDLE,IDLE,IDLE,IDLE,IDLE,IDLE,IDLE,IDLE,IDLE,IDLE,IDLE,IDLE,IDLE,IDLE,IDLE,IDLE,IDLE,IDLE,IDLE,IDLE,IDLE,IDLE,IDLE,IDLE,IDLE,IDLE,IDLE,IDLE,IDLE,IDLE,IDLE,IDLE,IDLE,IDLE,IDLE,IDLE,IDLE,IDLE,IDLE,IDLE,IDLE,IDLE,IDLE,IDLE,IDLE,IDLE,IDLE,IDLE,IDLE
237,2024-01-10 21:00:01,0.00,0.00,0,0.0000,0.0000,0.00,0.9998,0.9999,0.9997,0.9997,0.9998,0.9998,0.9998,0.9997,0.9998,0.9998,0.9999,0.9998,0.9998,0.9999,0.9998,0.9999,0.9998,0.9997,0.9998,0.9998,0.9997,0.9998,0.9999,0.9998,0.9998,0.9999,0.9998,0.9998,0.9998,0.9997,0.9998,0.9998,0.9998,0.9998,0.9998,0.9997,0.9997,0.9998,0.9998,0.9998,0.9998,0.9998,0.9998,0.9998,0.9998,0.9997,0.9999,0.9998,0.9998,0.9999,0.1438,0.1191,0.1865,0.1761,0.1902,0.1870,0.1208,0.1891,0.1883,0.1498,0.1848,0.1325,0.1839,0.1449,0.1993,0.1449,0.1958,0.1884,0.1540,0.1514,0.1877,0.1958,0.1692,0.1584,0.1343,0.1244,0.1958,0.1498,0.1568,0.1806,0.1718,0.1162,0.1883,0.1410,0.1321,0.1761,0.1916,0.1162,0.1545,0.1978,0.1208,0.1917,0.1786,0.1584,0.1901,0.1860,0.1881,0.1633,0.1977,0.1843,IDLE,IDLE,IDLE,IDLE,IDLE,IDLE,IDLE,IDLE,IDLE,IDLE,IDLE,IDLE,IDLE,IDLE,IDLE,IDLE,IDLE,IDLE,IDLE,IDLE,IDLE,IDLE,IDLE,IDLE,IDLE,IDLE,IDLE,IDLE,IDLE,IDLE,IDLE,IDLE,IDLE,IDLE,IDLE,IDLE,IDLE,IDLE,IDLE,IDLE,IDLE,IDLE,IDLE,IDLE,IDLE,IDLE,IDLE,IDLE,IDLE,IDLE
238,2024-01-10 22:00:01,0.00,0.00,0,0.0000,0.0000,0.00,0.9998,0.9999,0.9997,0.9997,0.9998,0.9998,0.9998,0.9997,0.9998,0.9998,0.9999,0.9998,0.9998,0.9999,0.9998,0.9999,0.9998,0.9997,0.9998,0.9998,0.9997,0.9998,0.9999,0.9998,0.9998,0.9999,0.9998,0.9998,0.9998,0.9997,0.9998,0.9998,0.9998,0.9998,0.9998,0.9997,0.9997,0.9998,0.9998,0.9998,0.9998,0.9998,0.9998,0.9998,0.9998,0.9997,0.9999,0.9998,0.9998,0.9999,0.1438,0.1191,0.1865,0.1761,0.1902,0.1870,0.1208,0.1891,0.1883,0.1498,0.1848,0.1325,0.1839,0.1449,0.1993,0.1449,0.1958,0.1884,0.1540,0.1514,0.1877,0.1958,0.1692,0.1584,0.1343,0.1244,0.1958,0.1498,0.1568,0.1806,0.1718,0.1162,0.1883,0.1410,0.1321,0.1761,0.1916,0.1162,0.1545,0.1978,0.1208,0.1917,0.1786,0.1584,0.1901,0.1860,0.1881,0.1633,0.1977,0.1843,IDLE,IDLE,IDLE,IDLE,IDLE,IDLE,IDLE,IDLE,IDLE,IDLE,IDLE,IDLE,IDLE,IDLE,IDLE,IDLE,IDLE,IDLE,IDLE,IDLE,IDLE,IDLE,IDLE,IDLE,IDLE,IDLE,IDLE,IDLE,IDLE,IDLE,IDLE,IDLE,IDLE,IDLE,IDLE,IDLE,IDLE,IDLE,IDLE,IDLE,IDLE,IDLE,IDLE,IDLE,IDLE,IDLE,IDLE,IDLE,IDLE,IDLE
239,2024-01-10 23:00:01,0.00,0.00,0,0.0000,0.0000,0.00,0.9998,0.9999,0.9997,0.9997,0.9998,0.9998,0.9998,0.9997,0.9998,0.9998,0.9999,0.9998,0.9998,0.9999,0.9998,0.9999,0.9998,0.9997,0.9998,0.9998,0.9997,0.9998,0.9999,0.9998,0.9998,0.9999,0.9998,0.9998,0.9998,0.9997,0.9998,0.9998,0.9998,0.9998,0.9998,0.9997,0.9997,0.9998,0.9998,0.9998,0.9998,0.9998,0.9998,0.9998,0.9998,0.9997,0.9999,0.9998,0.9998,0.9999,0.1438,0.1191,0.1865,0.1761,0.1902,0.1870,0.1208,0.1891,0.1883,0.1498,0.1848,0.1325,0.1839,0.1449,0.1993,0.1449,0.1958,0.1884,0.1540,0.1514,0.1877,0.1958,0.1692,0.1584,0.1343,0.1244,0.1958,0.1498,0.1568,0.1806,0.1718,0.1162,0.1883,0.1410,0.1321,0.1761,0.1916,0.1162,0.1545,0.1978,0.1208,0.1917,0.1786,0.1584,0.1901,0.1860,0.1881,0.1633,0.1977,0.1843,IDLE,IDLE,IDLE,IDLE,IDLE,IDLE,IDLE,IDLE,IDLE,IDLE,IDLE,IDLE,IDLE,IDLE,IDLE,IDLE,IDLE,IDLE,IDLE,IDLE,IDLE,IDLE,IDLE,IDLE,IDLE,IDLE,IDLE,IDLE,IDLE,IDLE,IDLE,IDLE,IDLE,IDLE,IDLE,IDLE,IDLE,IDLE,IDLE,IDLE,IDLE,IDLE,IDLE,IDLE,IDLE,IDLE,IDLE,IDLE,IDLE,IDLE
240,2024-01-11 00:00:01,0.00,0.00,0,0.0000,0.0000,0.00,0.9998,0.9999,0.9997,0.9997,0.9998,0.9998,0.9998,0.9997,0.9998,0.9998,0.9999,0.9998,0.9998,0.9999,0.9998,0.9999,0.9998,0.9997,0.9998,0.9998,0.9997,0.9998,0.9999,0.9998,0.9998,0.9999,0.9998,0.9998,0.9998,0.9997,0.9998,0.9998,0.9998,0.9998,0.9998,0.9997,0.9997,0.9998,0.9998,0.9998,0.9998,0.9998,0.9998,0.9998,0.9998,0.9997,0.9999,0.9998,0.9998,0.9999,0.1438,0.1191,0.1865,0.1761,0.1902,0.1870,0.1208,0.1891,0.1883,0.1498,0.1848,0.1325,0.1839,0.1449,0.1993,0.1449,0.1958,0.1884,0.1540,0.1514,0.1877,0.1958,0.1692,0.1584,0.1343,0.1244,0.1958,0.1498,0.1568,0.1806,0.1718,0.1162,0.1883,0.1410,0.1321,0.1761,0.1916,0.1162,0.1545,0.1978,0.1208,0.1917,0.1786,0.1584,0.1901,0.1860,0.1881,0.1633,0.1977,0.1843,IDLE,IDLE,IDLE,IDLE,IDLE,IDLE,IDLE,IDLE,IDLE,IDLE,IDLE,IDLE,IDLE,IDLE,IDLE,IDLE,IDLE,IDLE,IDLE,IDLE,IDLE,IDLE,IDLE,IDLE,IDLE,IDLE,IDLE,IDLE,IDLE,IDLE,IDLE,IDLE,IDLE,IDLE,IDLE,IDLE,IDLE,IDLE,IDLE,IDLE,IDLE,IDLE,IDLE,IDLE,IDLE,IDLE,IDLE,IDLE,IDLE,IDLE
241,2024-01-11 01:00:01,0.00,0.00,0,0.0000,0.0000,0.00,0.9998,0.9999,0.9997,0.9997,0.9998,0.9998,0.9998,0.9997,0.9998,0.9998,0.9999,0.9998,0.9998,0.9999,0.9998,0.9999,0.9998,0.9997,0.9998,0.9998,0.9997,0.9998,0.9999,0.9998,0.9998,0.9999,0.9998,0.9998,0.9998,0.9997,0.9998,0.9998,0.9998,0.9998,0.9998,0.9997,0.9997,0.9998,0.9998,0.9998,0.9998,0.9998,0.9998,0.9998,0.9998,0.9997,0.9999,0.9998,0.9998,0.9999,0.1438,0.1191,0.1865,0.1761,0.1902,0.1870,0.1208,0.1891,0.1883,0.1498,0.1848,0.1325,0.1839,0.1449,0.1993,0.1449,0.1958,0.1884,0.1540,0.1514,0.1877,0.1958,0.1692,0.1584,0.1343,0.1244,0.1958,0.1498,0.1568,0.1806,0.1718,0.1162,0.1883,0.1410,0.1321,0.1761,0.1916,0.1162,0.1545,0.1978,0.1208,0.1917,0.1786,0.1584,0.1901,0.1860,0.1881,0.1633,0.1977,0.1843,IDLE,IDLE,IDLE,IDLE,IDLE,IDLE,IDLE,IDLE,IDLE,IDLE,IDLE,IDLE,IDLE,IDLE,IDLE,IDLE,IDLE,IDLE,IDLE,IDLE,IDLE,IDLE,IDLE,IDLE,IDLE,IDLE,IDLE,IDLE,IDLE,IDLE,IDLE,IDLE,IDLE,IDLE,IDLE,IDLE,IDLE,IDLE,IDLE,IDLE,IDLE,IDLE,IDLE,IDLE,IDLE,IDLE,IDLE,IDLE,IDLE,IDLE
242,2024-01-11 02:00:01,0.00,0.00,0,0.0000,0.0000,0.00,0.9998,0.9999,0.9997,0.9997,0.9998,0.9998,0.9998,0.9997,0.9998,0.9998,0.9999,0.9998,0.9998,0.9999,0.9998,0.9999,0.9998,0.9997,0.9998,0.9998,0.9997,0.9998,0.9999,0.9998,0.9998,0.9999,0.9998,0.9998,0.9998,0.9997,0.9998,0.9998,0.9998,0.9998,0.9998,0.9997,0.9997,0.9998,0.9998,0.9998,0.9998,0.9998,0.9998,0.9998,0.9998,0.9997,0.9999,0.9998,0.9998,0.9999,0.1438,0.1191,0.1865,0.1761,0.1902,0.1870,0.1208,0.1891,0.1883,0.1498,0.1848,0.1325,0.1839,0.1449,0.1993,0.1449,0.1958,0.1884,0.1540,0.1514,0.1877,0.1958,0.1692,0.1584,0.1343,0.1244,0.1958,0.1498,0.1568,0.1806,0.1718,0.1162,0.1883,0.1410,0.1321,0.1761,0.1916,0.1162,0.1545,0.1978,0.1208,0.1917,0.1786,0.1584,0.1901,0.1860,0.1881,0.1633,0.1977,0.1843,IDLE,IDLE,IDLE,IDLE,IDLE,IDLE,IDLE,IDLE,IDLE,IDLE,IDLE,IDLE,IDLE,IDLE,IDLE,IDLE,IDLE,IDLE,IDLE,IDLE,IDLE,IDLE,IDLE,IDLE,IDLE,IDLE,IDLE,IDLE,IDLE,IDLE,IDLE,IDLE,IDLE,IDLE,IDLE,IDLE,IDLE,IDLE,IDLE,IDLE,IDLE,IDLE,IDLE,IDLE,IDLE,IDLE,IDLE,IDLE,IDLE,IDLE
243,2024-01-11 03:00:01,0.00,0.00,0,0.0000,0.0000,0.00,0.9998,0.9999,0.9997,0.9997,0.9998,0.9998,0.9998,0.9997,0.9998,0.9998,0.9999,0.9998,0.9998,0.9999,0.9998,0.9999,0.9998,0.9997,0.9998,0.9998,0.9997,0.9998,0.9999,0.9998,0.9998,0.9999,0.9998,0.9998,0.9998,0.9997,0.9998,0.9998,0.9998,0.9998,0.9998,0.9997,0.9997,0.9998,0.9998,0.9998,0.9998,0.9998,0.9998,0.9998,0.9998,0.9997,0.9999,0.9998,0.9998,0.9999,0.1438,0.1191,0.1865,0.1761,0.1902,0.1870,0.1208,0.1891,0.1883,0.1498,0.1848,0.1325,0.1839,0.1449,0.1993,0.1449,0.1958,0.1884,0.1540,0.1514,0.1877,0.1958,0.1692,0.1584,0.1343,0.1244,0.1958,0.1498,0.1568,0.1806,0.1718,0.1162,0.1883,0.1410,0.1321,0.1761,0.1916,0.1162,0.1545,0.1978,0.1208,0.1917,0.1786,0.1584,0.1901,0.1860,0.1881,0.1633,0.1977,0.1843,IDLE,IDLE,IDLE,IDLE,IDLE,IDLE,IDLE,IDLE,IDLE,IDLE,IDLE,IDLE,IDLE,IDLE,IDLE,IDLE,IDLE,IDLE,IDLE,IDLE,IDLE,IDLE,IDLE,IDLE,IDLE,IDLE,IDLE,IDLE,IDLE,IDLE,IDLE,IDLE,IDLE,IDLE,IDLE,IDLE,IDLE,IDLE,IDLE,IDLE,IDLE,IDLE,IDLE,IDLE,IDLE,IDLE,IDLE,IDLE,IDLE,IDLE
244,2024-01-11 04:00:01,0.00,0.00,0,0.0000,0.0000,0.00,0.9998,0.9999,0.9997,0.9997,0.9998,0.9998,0.9998,0.9997,0.9998,0.9998,0.9999,0.9998,0.9998,0.9999,0.9998,0.9999,0.9998,0.9997,0.9998,0.9998,0.9997,0.9998,0.9999,0.9998,0.9998,0.9999,0.9998,0.9998,0.9998,0.9997,0.9998,0.9998,0.9998,0.9998,0.9998,0.9997,0.9997,0.9998,0.9998,0.9998,0.9998,0.9998,0.9998,0.9998,0.9998,0.9997,0.9999,0.9998,0.9998,0.9999,0.1438,0.1191,0.1865,0.1761,0.1902,0.1870,0.1208,0.1891,0.1883,0.1498,0.1848,0.1325,0.1839,0.1449,0.1993,0.1449,0.1958,0.1884,0.1540,0.1514,0.1877,0.1958,0.1692,0.1584,0.1343,0.1244,0.1958,0.1498,0.1568,0.1806,0.1718,0.1162,0.1883,0.1410,0.1321,0.1761,0.1916,0.1162,0.1545,0.1978,0.1208,0.1917,0.1786,0.1584,0.1901,0.1860,0.1881,0.1633,0.1977,0.1843,IDLE,IDLE,IDLE,IDLE,IDLE,IDLE,IDLE,IDLE,IDLE,IDLE,IDLE,IDLE,IDLE,IDLE,IDLE,IDLE,IDLE,IDLE,IDLE,IDLE,IDLE,IDLE,IDLE,IDLE,IDLE,IDLE,IDLE,IDLE,IDLE,IDLE,IDLE,IDLE,IDLE,IDLE,IDLE,IDLE,IDLE,IDLE,IDLE,IDLE,IDLE,IDLE,IDLE,IDLE,IDLE,IDLE,IDLE,IDLE,IDLE,IDLE
245,2024-01-11 05:00:01,0.00,0.00,0,0.0000,0.0000,0.00,0.9998,0.9999,0.9997,0.9997,0.9998,0.9998,0.9998,0.9997,0.9998,0.9998,0.9999,0.9998,0.9998,0.9999,0.9998,0.9999,0.9998,0.9997,0.9998,0.9998,0.9997,0.9998,0.9999,0.9998,0.9998,0.9999,0.9998,0.9998,0.9998,0.9997,0.9998,0.9998,0.9998,0.9998,0.9998,0.9997,0.9997,0.9998,0.9998,0.9998,0.9998,0.9998,0.9998,0.9998,0.9998,0.9997,0.9999,0.9998,0.9998,0.9999,0.1438,0.1191,0.1865,0.1761,0.1902,0.1870,0.1208,0.1891,0.1883,0.1498,0.1848,0.1325,0.1839,0.1449,0.1993,0.1449,0.1958,0.1884,0.1540,0.1514,0.1877,0.1958,0.1692,0.1584,0.1343,0.1244,0.1958,0.1498,0.1568,0.1806,0.1718,0.1162,0.1883,0.1410,0.1321,0.1761,0.1916,0.1162,0.1545,0.1978,0.1208,0.1917,0.1786,0.1584,0.1901,0.1860,0.1881,0.1633,0.1977,0.1843,IDLE,IDLE,IDLE,IDLE,IDLE,IDLE,IDLE,IDLE,IDLE,IDLE,IDLE,IDLE,IDLE,IDLE,IDLE,IDLE,IDLE,IDLE,IDLE,IDLE,IDLE,IDLE,IDLE,IDLE,IDLE,IDLE,IDLE,IDLE,IDLE,IDLE,IDLE,IDLE,IDLE,IDLE,IDLE,IDLE,IDLE,IDLE,IDLE,IDLE,IDLE,IDLE,IDLE,IDLE,IDLE,IDLE,IDLE,IDLE,IDLE,IDLE
246,2024-01-11 06:00:01,0.00,0.00,0,0.0000,0.0000,0.00,0.9998,0.9999,0.9997,0.9997,0.9998,0.9998,0.9998,0.9997,0.9998,0.9998,0.9999,0.9998,0.9998,0.9999,0.9998,0.9999,0.9998,0.9997,0.9998,0.9998,0.9997,0.9998,0.9999,0.9998,0.9998,0.9999,0.9998,0.9998,0.9998,0.9997,0.9998,0.9998,0.9998,0.9998,0.9998,0.9997,0.9997,0.9998,0.9998,0.9998,0.9998,0.9998,0.9998,0.9998,0.9998,0.9997,0.9999,0.9998,0.9998,0.9999,0.1438,0.1191,0.1865,0.1761,0.1902,0.1870,0.1208,0.1891,0.1883,0.1498,0.1848,0.1325,0.1839,0.1449,0.1993,0.1449,0.1958,0.1884,0.1540,0.1514,0.1877,0.1958,0.1692,0.1584,0.1343,0.1244,0.1958,0.1498,0.1568,0.1806,0.1718,0.1162,0.1883,0.1410,0.1321,0.1761,0.1916,0.1162,0.1545,0.1978,0.1208,0.1917,0.1786,0.1584,0.1901,0.1860,0.1881,0.1633,0.1977,0.1843,IDLE,IDLE,IDLE,IDLE,IDLE,IDLE,IDLE,IDLE,IDLE,IDLE,IDLE,IDLE,IDLE,IDLE,IDLE,IDLE,IDLE,IDLE,IDLE,IDLE,IDLE,IDLE,IDLE,IDLE,IDLE,IDLE,IDLE,IDLE,IDLE,IDLE,IDLE,IDLE,IDLE,IDLE,IDLE,IDLE,IDLE,IDLE,IDLE,IDLE,IDLE,IDLE,IDLE,IDLE,IDLE,IDLE,IDLE,IDLE,IDLE,IDLE
247,2024-01-11 07:00:01,0.00,0.00,0,0.0000,0.0000,0.00,0.9998,0.9999,0.9997,0.9997,0.9998,0.9998,0.9998,0.9997,0.9998,0.9998,0.9999,0.9998,0.9998,0.9999,0.9998,0.9999,0.9998,0.9997,0.9998,0.9998,0.9997,0.9998,0.9999,0.9998,0.9998,0.9999,0.9998,0.9998,0.9998,0.9997,0.9998,0.9998,0.9998,0.9998,0.9998,0.9997,0.9997,0.9998,0.9998,0.9998,0.9998,0.9998,0.9998,0.9998,0.9998,0.9997,0.9999,0.9998,0.9998,0.9999,0.1438,0.1191,0.1865,0.1761,0.1902,0.1870,0.1208,0.1891,0.1883,0.1498,0.1848,0.1325,0.1839,0.1449,0.1993,0.1449,0.1958,0.1884,0.1540,0.1514,0.1877,0.1958,0.1692,0.1584,0.1343,0.1244,0.1958,0.1498,0.1568,0.1806,0.1718,0.1162,0.1883,0.1410,0.1321,0.1761,0.1916,0.1162,0.1545,0.1978,0.1208,0.1917,0.1786,0.1584,0.1901,0.1860,0.1881,0.1633,0.1977,0.1843,IDLE,IDLE,IDLE,IDLE,IDLE,IDLE,IDLE,IDLE,IDLE,IDLE,IDLE,IDLE,IDLE,IDLE,IDLE,IDLE,IDLE,IDLE,IDLE,IDLE,IDLE,IDLE,IDLE,IDLE,IDLE,IDLE,IDLE,IDLE,IDLE,IDLE,IDLE,IDLE,IDLE,IDLE,IDLE,IDLE,IDLE,IDLE,IDLE,IDLE,IDLE,IDLE,IDLE,IDLE,IDLE,IDLE,IDLE,IDLE,IDLE,IDLE
248,2024-01-11 08:00:01,0.00,0.00,0,0.0000,0.0000,0.00,0.9998,0.9999,0.9997,0.9997,0.9998,0.9998,0.9998,0.9997,0.9998,0.9998,0.9999,0.9998,0.9998,0.9999,0.9998,0.9999,0.9998,0.9997,0.9998,0.9998,0.9997,0.9998,0.9999,0.9998,0.9998,0.9999,0.9998,0.9998,0.9998,0.9997,0.9998,0.9998,0.9998,0.9998,0.9998,0.9997,0.9997,0.9998,0.9998,0.9998,0.9998,0.9998,0.9998,0.9998,0.9998,0.9997,0.9999,0.9998,0.9998,0.9999,0.1438,0.1191,0.1865,0.1761,0.1902,0.1870,0.1208,0.1891,0.1883,0.1498,0.1848,0.1325,0.1839,0.1449,0.1993,0.1449,0.1958,0.1884,0.1540,0.1514,0.1877,0.1958,0.1692,0.1584,0.1343,0.1244,0.1958,0.1498,0.1568,0.1806,0.1718,0.1162,0.1883,0.1410,0.1321,0.1761,0.1916,0.1162,0.1545,0.1978,0.1208,0.1917,0.1786,0.1584,0.1901,0.1860,0.1881,0.1633,0.1977,0.1843,IDLE,IDLE,IDLE,IDLE,IDLE,IDLE,IDLE,IDLE,IDLE,IDLE,IDLE,IDLE,IDLE,IDLE,IDLE,IDLE,IDLE,IDLE,IDLE,IDLE,IDLE,IDLE,IDLE,IDLE,IDLE,IDLE,IDLE,IDLE,IDLE,IDLE,IDLE,IDLE,IDLE,IDLE,IDLE,IDLE,IDLE,IDLE,IDLE,IDLE,IDLE,IDLE,IDLE,IDLE,IDLE,IDLE,IDLE,IDLE,IDLE,IDLE
249,2024-01-11 09:00:01,0.00,0.00,0,0.0000,0.0000,0.00,0.9998,0.9999,0.9997,0.9997,0.9998,0.9998,0.9998,0.9997,0.9998,0.9998,0.9999,0.9998,0.9998,0.9999,0.9998,0.9999,0.9998,0.9997,0.9998,0.9998,0.9997,0.9998,0.9999,0.9998,0.9998,0.9999,0.9998,0.9998,0.9998,0.9997,0.9998,0.9998,0.9998,0.9998,0.9998,0.9997,0.9997,0.9998,0.9998,0.9998,0.9998,0.9998,0.9998,0.9998,0.9998,0.9997,0.9999,0.9998,0.9998,0.9999,0.1438,0.1191,0.1865,0.1761,0.1902,0.1870,0.1208,0.1891,0.1883,0.1498,0.1848,0.1325,0.1839,0.1449,0.1993,0.1449,0.1958,0.1884,0.1540,0.1514,0.1877,0.1958,0.1692,0.1584,0.1343,0.1244,0.1958,0.1498,0.1568,0.1806,0.1718,0.1162,0.1883,0.1410,0.1321,0.1761,0.1916,0.1162,0.1545,0.1978,0.1208,0.1917,0.1786,0.1584,0.1901,0.1860,0.1881,0.1633,0.1977,0.1843,IDLE,IDLE,IDLE,IDLE,IDLE,IDLE,IDLE,IDLE,IDLE,IDLE,IDLE,IDLE,IDLE,IDLE,IDLE,IDLE,IDLE,IDLE,IDLE,IDLE,IDLE,IDLE,IDLE,IDLE,IDLE,IDLE,IDLE,IDLE,IDLE,IDLE,IDLE,IDLE,IDLE,IDLE,IDLE,IDLE,IDLE,IDLE,IDLE,IDLE,IDLE,IDLE,IDLE,IDLE,IDLE,IDLE,IDLE,IDLE,IDLE,IDLE
250,2024-01-11 10:00:01,0.00,0.00,0,0.0000,0.0000,0.00,0.9998,0.9999,0.9997,0.9997,0.9998,0.9998,0.9998,0.9997,0.9998,0.9998,0.9999,0.9998,0.9998,0.9999,0.9998,0.9999,0.9998,0.9997,0.9998,0.9998,0.9997,0.9998,0.9999,0.9998,0.9998,0.9999,0.9998,0.9998,0.9998,0.9997,0.9998,0.9998,0.9998,0.9998,0.9998,0.9997,0.9997,0.9998,0.9998,0.9998,0.9998,0.9998,0.9998,0.9998,0.9998,0.9997,0.9999,0.9998,0.9998,0.9999,0.1438,0.1191,0.1865,0.1761,0.1902,0.1870,0.1208,0.1891,0.1883,0.1498,0.1848,0.1325,0.1839,0.1449,0.1993,0.1449,0.1958,0.1884,0.1540,0.1514,0.1877,0.1958,0.1692,0.1584,0.1343,0.1244,0.1958,0.1498,0.1568,0.1806,0.1718,0.1162,0.1883,0.1410,0.1321,0.1761,0.1916,0.1162,0.1545,0.1978,0.1208,0.1917,0.1786,0.1584,0.1901,0.1860,0.1881,0.1633,0.1977,0.1843,IDLE,IDLE,IDLE,IDLE,IDLE,IDLE,IDLE,IDLE,IDLE,IDLE,IDLE,IDLE,IDLE,IDLE,IDLE,IDLE,IDLE,IDLE,IDLE,IDLE,IDLE,IDLE,IDLE,IDLE,IDLE,IDLE,IDLE,IDLE,IDLE,IDLE,IDLE,IDLE,IDLE,IDLE,IDLE,IDLE,IDLE,IDLE,IDLE,IDLE,IDLE,IDLE,IDLE,IDLE,IDLE,IDLE,IDLE,IDLE,IDLE,IDLE
251,2024-01-11 11:00:01,0.00,0.00,0,0.0000,0.0000,0.00,0.9998,0.9999,0.9997,0.9997,0.9998,0.9998,0.9998,0.9997,0.9998,0.9998,0.9999,0.9998,0.9998,0.9999,0.9998,0.9999,0.9998,0.9997,0.9998,0.9998,0.9997,0.9998,0.9999,0.9998,0.9998,0.9999,0.9998,0.9998,0.9998,0.9997,0.9998,0.9998,0.9998,0.9998,0.9998,0.9997,0.9997,0.9998,0.9998,0.9998,0.9998,0.9998,0.9998,0.9998,0.9998,0.9997,0.9999,0.9998,0.9998,0.9999,0.1438,0.1191,0.1865,0.1761,0.1902,0.1870,0.1208,0.1891,0.1883,0.1498,0.1848,0.1325,0.1839,0.1449,0.1993,0.1449,0.1958,0.1884,0.1540,0.1514,0.1877,0.1958,0.1692,0.1584,0.1343,0.1244,0.1958,0.1498,0.1568,0.1806,0.1718,0.1162,0.1883,0.1410,0.1321,0.1761,0.1916,0.1162,0.1545,0.1978,0.1208,0.1917,0.1786,0.1584,0.1901,0.1860,0.1881,0.1633,0.1977,0.1843,IDLE,IDLE,IDLE,IDLE,IDLE,IDLE,IDLE,IDLE,IDLE,IDLE,IDLE,IDLE,IDLE,IDLE,IDLE,IDLE,IDLE,IDLE,IDLE,IDLE,IDLE,IDLE,IDLE,IDLE,IDLE,IDLE,IDLE,IDLE,IDLE,IDLE,IDLE,IDLE,IDLE,IDLE,IDLE,IDLE,IDLE,IDLE,IDLE,IDLE,IDLE,IDLE,IDLE,IDLE,IDLE,IDLE,IDLE,IDLE,IDLE,IDLE
252,2024-01-11 12:00:01,0.00,0.00,0,0.0000,0.0000,0.00,0.9998,0.9999,0.9997,0.9997,0.9998,0.9998,0.9998,0.9997,0.9998,0.9998,0.9999,0.9998,0.9998,0.9999,0.9998,0.9999,0.9998,0.9997,0.9998,0.9998,0.9997,0.9998,0.9999,0.9998,0.9998,0.9999,0.9998,0.9998,0.9998,0.9997,0.9998,0.9998,0.9998,0.9998,0.9998,0.9997,0.9997,0.9998,0.9998,0.9998,0.9998,0.9998,0.9998,0.9998,0.9998,0.9997,0.9999,0.9998,0.9998,0.9999,0.1438,0.1191,0.1865,0.1761,0.1902,0.1870,0.1208,0.1891,0.1883,0.1498,0.1848,0.1325,0.1839,0.1449,0.1993,0.1449,0.1958,0.1884,0.1540,0.1514,0.1877,0.1958,0.1692,0.1584,0.1343,0.1244,0.1958,0.1498,0.1568,0.1806,0.1718,0.1162,0.1883,0.1410,0.1321,0.1761,0.1916,0.1162,0.1545,0.1978,0.1208,0.1917,0.1786,0.1584,0.1901,0.1860,0.1881,0.1633,0.1977,0.1843,IDLE,IDLE,IDLE,IDLE,IDLE,IDLE,IDLE,IDLE,IDLE,IDLE,IDLE,IDLE,IDLE,IDLE,IDLE,IDLE,IDLE,IDLE,IDLE,IDLE,IDLE,IDLE,IDLE,IDLE,IDLE,IDLE,IDLE,IDLE,IDLE,IDLE,IDLE,IDLE,IDLE,IDLE,IDLE,IDLE,IDLE,IDLE,IDLE,IDLE,IDLE,IDLE,IDLE,IDLE,IDLE,IDLE,IDLE,IDLE,IDLE,IDLE
253,2024-01-11 13:00:01,0.00,0.00,0,0.0000,0.0000,0.00,0.9998,0.9999,0.9997,0.9997,0.9998,0.9998,0.9998,0.9997,0.9998,0.9998,0.9999,0.9998,0.9998,0.9999,0.9998,0.9999,0.9998,0.9997,0.9998,0.9998,0.9997,0.9998,0.9999,0.9998,0.9998,0.9999,0.9998,0.9998,0.9998,0.9997,0.9998,0.9998,0.9998,0.9998,0.9998,0.9997,0.9997,0.9998,0.9998,0.9998,0.9998,0.9998,0.9998,0.9998,0.9998,0.9997,0.9999,0.9998,0.9998,0.9999,0.1438,0.1191,0.1865,0.1761,0.1902,0.1870,0.1208,0.1891,0.1883,0.1498,0.1848,0.1325,0.1839,0.1449,0.1993,0.1449,0.1958,0.1884,0.1540,0.1514,0.1877,0.1958,0.1692,0.1584,0.1343,0.1244,0.1958,0.1498,0.1568,0.1806,0.1718,0.1162,0.1883,0.1410,0.1321,0.1761,0.1916,0.1162,0.1545,0.1978,0.1208,0.1917,0.1786,0.1584,0.1901,0.1860,0.1881,0.1633,0.1977,0.1843,IDLE,IDLE,IDLE,IDLE,IDLE,IDLE,IDLE,IDLE,IDLE,IDLE,IDLE,IDLE,IDLE,IDLE,IDLE,IDLE,IDLE,IDLE,IDLE,IDLE,IDLE,IDLE,IDLE,IDLE,IDLE,IDLE,IDLE,IDLE,IDLE,IDLE,IDLE,IDLE,IDLE,IDLE,IDLE,IDLE,IDLE,IDLE,IDLE,IDLE,IDLE,IDLE,IDLE,IDLE,IDLE,IDLE,IDLE,IDLE,IDLE,IDLE
254,2024-01-11 14:00:01,0.00,0.00,0,0.0000,0.0000,0.00,0.9998,0.9999,0.9997,0.9997,0.9998,0.9998,0.9998,0.9997,0.9998,0.9998,0.9999,0.9998,0.9998,0.9999,0.9998,0.9999,0.9998,0.9997,0.9998,0.9998,0.9997,0.9998,0.9999,0.9998,0.9998,0.9999,0.9998,0.9998,0.9998,0.9997,0.9998,0.9998,0.9998,0.9998,0.9998,0.9997,0.9997,0.9998,0.9998,0.9998,0.9998,0.9998,0.9998,0.9998,0.9998,0.9997,0.9999,0.9998,0.9998,0.9999,0.1438,0.1191,0.1865,0.1761,0.1902,0.1870,0.1208,0.1891,0.1883,0.1498,0.1848,0.1325,0.1839,0.1449,0.1993,0.1449,0.1958,0.1884,0.1540,0.1514,0.1877,0.1958,0.1692,0.1584,0.1343,0.1244,0.1958,0.1498,0.1568,0.1806,0.1718,0.1162,0.1883,0.1410,0.1321,0.1761,0.1916,0.1162,0.1545,0.1978,0.1208,0.1917,0.1786,0.1584,0.1901,0.1860,0.1881,0.1633,0.1977,0.1843,IDLE,IDLE,IDLE,IDLE,IDLE,IDLE,IDLE,IDLE,IDLE,IDLE,IDLE,IDLE,IDLE,IDLE,IDLE,IDLE,IDLE,IDLE,IDLE,IDLE,IDLE,IDLE,IDLE,IDLE,IDLE,IDLE,IDLE,IDLE,IDLE,IDLE,IDLE,IDLE,IDLE,IDLE,IDLE,IDLE,IDLE,IDLE,IDLE,IDLE,IDLE,IDLE,IDLE,IDLE,IDLE,IDLE,IDLE,IDLE,IDLE,IDLE
255,2024-01-11 15:00:01,0.00,0.00,0,0.0000,0.0000,0.00,0.9998,0.9999,0.9997,0.9997,0.9998,0.9998,0.9998,0.9997,0.9998,0.9998,0.9999,0.9998,0.9998,0.9999,0.9998,0.9999,0.9998,0.9997,0.9998,0.9998,0.9997,0.9998,0.9999,0.9998,0.9998,0.9999,0.9998,0.9998,0.9998,0.9997,0.9998,0.9998,0.9998,0.9998,0.9998,0.9997,0.9997,0.9998,0.9998,0.9998,0.9998,0.9998,0.9998,0.9998,0.9998,0.9997,0.9999,0.9998,0.9998,0.9999,0.1438,0.1191,0.1865,0.1761,0.1902,0.1870,0.1208,0.1891,0.1883,0.1498,0.1848,0.1325,0.1839,0.1449,0.1993,0.1449,0.1958,0.1884,0.1540,0.1514,0.1877,0.1958,0.1692,0.1584,0.1343,0.1244,0.1958,0.1498,0.1568,0.1806,0.1718,0.1162,0.1883,0.1410,0.1321,0.1761,0.1916,0.1162,0.1545,0.1978,0.1208,0.1917,0.1786,0.1584,0.1901,0.1860,0.1881,0.1633,0.1977,0.1843,IDLE,IDLE,IDLE,IDLE,IDLE,IDLE,IDLE,IDLE,IDLE,IDLE,IDLE,IDLE,IDLE,IDLE,IDLE,IDLE,IDLE,IDLE,IDLE,IDLE,IDLE,IDLE,IDLE,IDLE,IDLE,IDLE,IDLE,IDLE,IDLE,IDLE,IDLE,IDLE,IDLE,IDLE,IDLE,IDLE,IDLE,IDLE,IDLE,IDLE,IDLE,IDLE,IDLE,IDLE,IDLE,IDLE,IDLE,IDLE,IDLE,IDLE
256,2024-01-11 16:00:01,0.00,0.00,0,0.0000,0.0000,0.00,0.9998,0.9999,0.9997,0.9997,0.9998,0.9998,0.9998,0.9997,0.9998,0.9998,0.9999,0.9998,0.9998,0.9999,0.9998,0.9999,0.9998,0.9997,0.9998,0.9998,0.9997,0.9998,0.9999,0.9998,0.9998,0.9999,0.9998,0.9998,0.9998,0.9997,0.9998,0.9998,0.9998,0.9998,0.9998,0.9997,0.9997,0.9998,0.9998,0.9998,0.9998,0.9998,0.9998,0.9998,0.9998,0.9997,0.9999,0.9998,0.9998,0.9999,0.1438,0.1191,0.1865,0.1761,0.1902,0.1870,0.1208,0.1891,0.1883,0.1498,0.1848,0.1325,0.1839,0.1449,0.1993,0.1449,0.1958,0.1884,0.1540,0.1514,0.1877,0.1958,0.1692,0.1584,0.1343,0.1244,0.1958,0.1498,0.1568,0.1806,0.1718,0.1162,0.1883,0.1410,0.1321,0.1761,0.1916,0.1162,0.1545,0.1978,0.1208,0.1917,0.1786,0.1584,0.1901,0.1860,0.1881,0.1633,0.1977,0.1843,IDLE,IDLE,IDLE,IDLE,IDLE,IDLE,IDLE,IDLE,IDLE,IDLE,IDLE,IDLE,IDLE,IDLE,IDLE,IDLE,IDLE,IDLE,IDLE,IDLE,IDLE,IDLE,IDLE,IDLE,IDLE,IDLE,IDLE,IDLE,IDLE,IDLE,IDLE,IDLE,IDLE,IDLE,IDLE,IDLE,IDLE,IDLE,IDLE,IDLE,IDLE,IDLE,IDLE,IDLE,IDLE,IDLE,IDLE,IDLE,IDLE,IDLE
257,2024-01-11 17:00:01,0.00,0.00,0,0.0000,0.0000,0.00,0.9998,0.9999,0.9997,0.9997,0.9998,0.9998,0.9998,0.9997,0.9998,0.9998,0.9999,0.9998,0.9998,0.9999,0.9998,0.9999,0.9998,0.9997,0.9998,0.9998,0.9997,0.9998,0.9999,0.9998,0.9998,0.9999,0.9998,0.9998,0.9998,0.9997,0.9998,0.9998,0.9998,0.9998,0.9998,0.9997,0.9997,0.9998,0.9998,0.9998,0.9998,0.9998,0.9998,0.9998,0.9998,0.9997,0.9999,0.9998,0.9998,0.9999,0.1438,0.1191,0.1865,0.1761,0.1902,0.1870,0.1208,0.1891,0.1883,0.1498,0.1848,0.1325,0.1839,0.1449,0.1993,0.1449,0.1958,0.1884,0.1540,0.1514,0.1877,0.1958,0.1692,0.1584,0.1343,0.1244,0.1958,0.1498,0.1568,0.1806,0.1718,0.1162,0.1883,0.1410,0.1321,0.1761,0.1916,0.1162,0.1545,0.1978,0.1208,0.1917,0.1786,0.1584,0.1901,0.1860,0.1881,0.1633,0.1977,0.1843,IDLE,IDLE,IDLE,IDLE,IDLE,IDLE,IDLE,IDLE,IDLE,IDLE,IDLE,IDLE,IDLE,IDLE,IDLE,IDLE,IDLE,IDLE,IDLE,IDLE,IDLE,IDLE,IDLE,IDLE,IDLE,IDLE,IDLE,IDLE,IDLE,IDLE,IDLE,IDLE,IDLE,IDLE,IDLE,IDLE,IDLE,IDLE,IDLE,IDLE,IDLE,IDLE,IDLE,IDLE,IDLE,IDLE,IDLE,IDLE,IDLE,IDLE
258,2024-01-11 18:00:01,0.00,0.00,0,0.0000,0.0000,0.00,0.9998,0.9999,0.9997,0.9997,0.9998,0.9998,0.9998,0.9997,0.9998,0.9998,0.9999,0.9998,0.9998,0.9999,0.9998,0.9999,0.9998,0.9997,0.9998,0.9998,0.9997,0.9998,0.9999,0.9998,0.9998,0.9999,0.9998,0.9998,0.9998,0.9997,0.9998,0.9998,0.9998,0.9998,0.9998,0.9997,0.9997,0.9998,0.9998,0.9998,0.9998,0.9998,0.9998,0.9998,0.9998,0.9997,0.9999,0.9998,0.9998,0.9999,0.1438,0.1191,0.1865,0.1761,0.1902,0.1870,0.1208,0.1891,0.1883,0.1498,0.1848,0.1325,0.1839,0.1449,0.1993,0.1449,0.1958,0.1884,0.1540,0.1514,0.1877,0.1958,0.1692,0.1584,0.1343,0.1244,0.1958,0.1498,0.1568,0.1806,0.1718,0.1162,0.1883,0.1410,0.1321,0.1761,0.1916,0.1162,0.1545,0.1978,0.1208,0.1917,0.1786,0.1584,0.1901,0.1860,0.1881,0.1633,0.1977,0.1843,IDLE,IDLE,IDLE,IDLE,IDLE,IDLE,IDLE,IDLE,IDLE,IDLE,IDLE,IDLE,IDLE,IDLE,IDLE,IDLE,IDLE,IDLE,IDLE,IDLE,IDLE,IDLE,IDLE,IDLE,IDLE,IDLE,IDLE,IDLE,IDLE,IDLE,IDLE,IDLE,IDLE,IDLE,IDLE,IDLE,IDLE,IDLE,IDLE,IDLE,IDLE,IDLE,IDLE,IDLE,IDLE,IDLE,IDLE,IDLE,IDLE,IDLE
259,2024-01-11 19:00:01,0.00,0.00,0,0.0000,0.0000,0.00,0.9998,0.9999,0.9997,0.9997,0.9998,0.9998,0.9998,0.9997,0.9998,0.9998,0.9999,0.9998,0.9998,0.9999,0.9998,0.9999,0.9998,0.9997,0.9998,0.9998,0.9997,0.9998,0.9999,0.9998,0.9998,0.9999,0.9998,0.9998,0.9998,0.9997,0.9998,0.9998,0.9998,0.9998,0.9998,0.9997,0.9997,0.9998,0.9998,0.9998,0.9998,0.9998,0.9998,0.9998,0.9998,0.9997,0.9999,0.9998,0.9998,0.9999,0.1438,0.1191,0.1865,0.1761,0.1902,0.1870,0.1208,0.1891,0.1883,0.1498,0.1848,0.1325,0.1839,0.1449,0.1993,0.1449,0.1958,0.1884,0.1540,0.1514,0.1877,0.1958,0.1692,0.1584,0.1343,0.1244,0.1958,0.1498,0.1568,0.1806,0.1718,0.1162,0.1883,0.1410,0.1321,0.1761,0.1916,0.1162,0.1545,0.1978,0.1208,0.1917,0.1786,0.1584,0.1901,0.1860,0.1881,0.1633,0.1977,0.1843,IDLE,IDLE,IDLE,IDLE,IDLE,IDLE,IDLE,IDLE,IDLE,IDLE,IDLE,IDLE,IDLE,IDLE,IDLE,IDLE,IDLE,IDLE,IDLE,IDLE,IDLE,IDLE,IDLE,IDLE,IDLE,IDLE,IDLE,IDLE,IDLE,IDLE,IDLE,IDLE,IDLE,IDLE,IDLE,IDLE,IDLE,IDLE,IDLE,IDLE,IDLE,IDLE,IDLE,IDLE,IDLE,IDLE,IDLE,IDLE,IDLE,IDLE
260,2024-01-11 20:00:01,0.00,0.00,0,0.0000,0.0000,0.00,0.9998,0.9999,0.9997,0.9997,0.9998,0.9998,0.9998,0.9997,0.9998,0.9998,0.9999,0.9998,0.9998,0.9999,0.9998,0.9999,0.9998,0.9997,0.9998,0.9998,0.9997,0.9998,0.9999,0.9998,0.9998,0.9999,0.9998,0.9998,0.9998,0.9997,0.9998,0.9998,0.9998,0.9998,0.9998,0.9997,0.9997,0.9998,0.9998,0.9998,0.9998,0.9998,0.9998,0.9998,0.9998,0.9997,0.9999,0.9998,0.9998,0.9999,0.1438,0.1191,0.1865,0.1761,0.1902,0.1870,0.1208,0.1891,0.1883,0.1498,0.1848,0.1325,0.1839,0.1449,0.1993,0.1449,0.1958,0.1884,0.1540,0.1514,0.1877,0.1958,0.1692,0.1584,0.1343,0.1244,0.1958,0.1498,0.1568,0.1806,0.1718,0.1162,0.1883,0.1410,0.1321,0.1761,0.1916,0.1162,0.1545,0.1978,0.1208,0.1917,0.1786,0.1584,0.1901,0.1860,0.1881,0.1633,0.1977,0.1843,IDLE,IDLE,IDLE,IDLE,IDLE,IDLE,IDLE,IDLE,IDLE,IDLE,IDLE,IDLE,IDLE,IDLE,IDLE,IDLE,IDLE,IDLE,IDLE,IDLE,IDLE,IDLE,IDLE,IDLE,IDLE,IDLE,IDLE,IDLE,IDLE,IDLE,IDLE,IDLE,IDLE,IDLE,IDLE,IDLE,IDLE,IDLE,IDLE,IDLE,IDLE,IDLE,IDLE,IDLE,IDLE,IDLE,IDLE,IDLE,IDLE,IDLE
261,2024-01-11 21:00:01,0.00,0.00,0,0.0000,0.0000,0.00,0.9998,0.9999,0.9997,0.9997,0.9998,0.9998,0.9998,0.9997,0.9998,0.9998,0.9999,0.9998,0.9998,0.9999,0.9998,0.9999,0.9998,0.9997,0.9998,0.9998,0.9997,0.9998,0.9999,0.9998,0.9998,0.9999,0.9998,0.9998,0.9998,0.9997,0.9998,0.9998,0.9998,0.9998,0.9998,0.9997,0.9997,0.9998,0.9998,0.9998,0.9998,0.9998,0.9998,0.9998,0.9998,0.9997,0.9999,0.9998,0.9998,0.9999,0.1438,0.1191,0.1865,0.1761,0.1902,0.1870,0.1208,0.1891,0.1883,0.1498,0.1848,0.1325,0.1839,0.1449,0.1993,0.1449,0.1958,0.1884,0.1540,0.1514,0.1877,0.1958,0.1692,0.1584,0.1343,0.1244,0.1958,0.1498,0.1568,0.1806,0.1718,0.1162,0.1883,0.1410,0.1321,0.1761,0.1916,0.1162,0.1545,0.1978,0.1208,0.1917,0.1786,0.1584,0.1901,0.1860,0.1881,0.1633,0.1977,0.1843,IDLE,IDLE,IDLE,IDLE,IDLE,IDLE,IDLE,IDLE,IDLE,IDLE,IDLE,IDLE,IDLE,IDLE,IDLE,IDLE,IDLE,IDLE,IDLE,IDLE,IDLE,IDLE,IDLE,IDLE,IDLE,IDLE,IDLE,IDLE,IDLE,IDLE,IDLE,IDLE,IDLE,IDLE,IDLE,IDLE,IDLE,IDLE,IDLE,IDLE,IDLE,IDLE,IDLE,IDLE,IDLE,IDLE,IDLE,IDLE,IDLE,IDLE
262,2024-01-11 22:00:01,0.00,0.00,0,0.0000,0.0000,0.00,0.9998,0.9999,0.9997,0.9997,0.9998,0.9998,0.9998,0.9997,0.9998,0.9998,0.9999,0.9998,0.9998,0.9999,0.9998,0.9999,0.9998,0.9997,0.9998,0.9998,0.9997,0.9998,0.9999,0.9998,0.9998,0.9999,0.9998,0.9998,0.9998,0.9997,0.9998,0.9998,0.9998,0.9998,0.9998,0.9997,0.9997,0.9998,0.9998,0.9998,0.9998,0.9998,0.9998,0.9998,0.9998,0.9997,0.9999,0.9998,0.9998,0.9999,0.1438,0.1191,0.1865,0.1761,0.1902,0.1870,0.1208,0.1891,0.1883,0.1498,0.1848,0.1325,0.1839,0.1449,0.1993,0.1449,0.1958,0.1884,0.1540,0.1514,0.1877,0.1958,0.1692,0.1584,0.1343,0.1244,0.1958,0.1498,0.1568,0.1806,0.1718,0.1162,0.1883,0.1410,0.1321,0.1761,0.1916,0.1162,0.1545,0.1978,0.1208,0.1917,0.1786,0.1584,0.1901,0.1860,0.1881,0.1633,0.1977,0.1843,IDLE,IDLE,IDLE,IDLE,IDLE,IDLE,IDLE,IDLE,IDLE,IDLE,IDLE,IDLE,IDLE,IDLE,IDLE,IDLE,IDLE,IDLE,IDLE,IDLE,IDLE,IDLE,IDLE,IDLE,IDLE,IDLE,IDLE,IDLE,IDLE,IDLE,IDLE,IDLE,IDLE,IDLE,IDLE,IDLE,IDLE,IDLE,IDLE,IDLE,IDLE,IDLE,IDLE,IDLE,IDLE,IDLE,IDLE,IDLE,IDLE,IDLE
263,2024-01-11 23:00:01,0.00,0.00,0,0.0000,0.0000,0.00,0.9998,0.9999,0.9997,0.9997,0.9998,0.9998,0.9998,0.9997,0.9998,0.9998,0.9999,0.9998,0.9998,0.9999,0.9998,0.9999,0.9998,0.9997,0.9998,0.9998,0.9997,0.9998,0.9999,0.9998,0.9998,0.9999,0.9998,0.9998,0.9998,0.9997,0.9998,0.9998,0.9998,0.9998,0.9998,0.9997,0.9997,0.9998,0.9998,0.9998,0.9998,0.9998,0.9998,0.9998,0.9998,0.9997,0.9999,0.9998,0.9998,0.9999,0.1438,0.1191,0.1865,0.1761,0.1902,0.1870,0.1208,0.1891,0.1883,0.1498,0.1848,0.1325,0.1839,0.1449,0.1993,0.1449,0.1958,0.1884,0.1540,0.1514,0.1877,0.1958,0.1692,0.1584,0.1343,0.1244,0.1958,0.1498,0.1568,0.1806,0.1718,0.1162,0.1883,0.1410,0.1321,0.1761,0.1916,0.1162,0.1545,0.1978,0.1208,0.1917,0.1786,0.1584,0.1901,0.1860,0.1881,0.1633,0.1977,0.1843,IDLE,IDLE,IDLE,IDLE,IDLE,IDLE,IDLE,IDLE,IDLE,IDLE,IDLE,IDLE,IDLE,IDLE,IDLE,IDLE,IDLE,IDLE,IDLE,IDLE,IDLE,IDLE,IDLE,IDLE,IDLE,IDLE,IDLE,IDLE,IDLE,IDLE,IDLE,IDLE,IDLE,IDLE,IDLE,IDLE,IDLE,IDLE,IDLE,IDLE,IDLE,IDLE,IDLE,IDLE,IDLE,IDLE,IDLE,IDLE,IDLE,IDLE
264,2024-01-12 00:00:01,0.00,0.00,0,0.0000,0.0000,0.00,0.9998,0.9999,0.9997,0.9997,0.9998,0.9998,0.9998,0.9997,0.9998,0.9998,0.9999,0.9998,0.9998,0.9999,0.9998,0.9999,0.9998,0.9997,0.9998,0.9998,0.9997,0.9998,0.9999,0.9998,0.9998,0.9999,0.9998,0.9998,0.9998,0.9997,0.9998,0.9998,0.9998,0.9998,0.9998,0.9997,0.9997,0.9998,0.9998,0.9998,0.9998,0.9998,0.9998,0.9998,0.9998,0.9997,0.9999,0.9998,0.9998,0.9999,0.1438,0.1191,0.1865,0.1761,0.1902,0.1870,0.1208,0.1891,0.1883,0.1498,0.1848,0.1325,0.1839,0.1449,0.1993,0.1449,0.1958,0.1884,0.1540,0.1514,0.1877,0.1958,0.1692,0.1584,0.1343,0.1244,0.1958,0.1498,0.1568,0.1806,0.1718,0.1162,0.1883,0.1410,0.1321,0.1761,0.1916,0.1162,0.1545,0.1978,0.1208,0.1917,0.1786,0.1584,0.1901,0.1860,0.1881,0.1633,0.1977,0.1843,IDLE,IDLE,IDLE,IDLE,IDLE,IDLE,IDLE,IDLE,IDLE,IDLE,IDLE,IDLE,IDLE,IDLE,IDLE,IDLE,IDLE,IDLE,IDLE,IDLE,IDLE,IDLE,IDLE,IDLE,IDLE,IDLE,IDLE,IDLE,IDLE,IDLE,IDLE,IDLE,IDLE,IDLE,IDLE,IDLE,IDLE,IDLE,IDLE,IDLE,IDLE,IDLE,IDLE,IDLE,IDLE,IDLE,IDLE,IDLE,IDLE,IDLE
265,2024-01-12 01:00:01,0.00,0.00,0,0.0000,0.0000,0.00,0.9998,0.9999,0.9997,0.9997,0.9998,0.9998,0.9998,0.9997,0.9998,0.9998,0.9999,0.9998,0.9998,0.9999,0.9998,0.9999,0.9998,0.9997,0.9998,0.9998,0.9997,0.9998,0.9999,0.9998,0.9998,0.9999,0.9998,0.9998,0.9998,0.9997,0.9998,0.9998,0.9998,0.9998,0.9998,0.9997,0.9997,0.9998,0.9998,0.9998,0.9998,0.9998,0.9998,0.9998,0.9998,0.9997,0.9999,0.9998,0.9998,0.9999,0.1438,0.1191,0.1865,0.1761,0.1902,0.1870,0.1208,0.1891,0.1883,0.1498,0.1848,0.1325,0.1839,0.1449,0.1993,0.1449,0.1958,0.1884,0.1540,0.1514,0.1877,0.1958,0.1692,0.1584,0.1343,0.1244,0.1958,0.1498,0.1568,0.1806,0.1718,0.1162,0.1883,0.1410,0.1321,0.1761,0.1916,0.1162,0.1545,0.1978,0.1208,0.1917,0.1786,0.1584,0.1901,0.1860,0.1881,0.1633,0.1977,0.1843,IDLE,IDLE,IDLE,IDLE,IDLE,IDLE,IDLE,IDLE,IDLE,IDLE,IDLE,IDLE,IDLE,IDLE,IDLE,IDLE,IDLE,IDLE,IDLE,IDLE,IDLE,IDLE,IDLE,IDLE,IDLE,IDLE,IDLE,IDLE,IDLE,IDLE,IDLE,IDLE,IDLE,IDLE,IDLE,IDLE,IDLE,IDLE,IDLE,IDLE,IDLE,IDLE,IDLE,IDLE,IDLE,IDLE,IDLE,IDLE,IDLE,IDLE
266,2024-01-12 02:00:01,0.00,0.00,0,0.0000,0.0000,0.00,0.9998,0.9999,0.9997,0.9997,0.9998,0.9998,0.9998,0.9997,0.9998,0.9998,0.9999,0.9998,0.9998,0.9999,0.9998,0.9999,0.9998,0.9997,0.9998,0.9998,0.9997,0.9998,0.9999,0.9998,0.9998,0.9999,0.9998,0.9998,0.9998,0.9997,0.9998,0.9998,0.9998,0.9998,0.9998,0.9997,0.9997,0.9998,0.9998,0.9998,0.9998,0.9998,0.9998,0.9998,0.9998,0.9997,0.9999,0.9998,0.9998,0.9999,0.1438,0.1191,0.1865,0.1761,0.1902,0.1870,0.1208,0.1891,0.1883,0.1498,0.1848,0.1325,0.1839,0.1449,0.1993,0.1449,0.1958,0.1884,0.1540,0.1514,0.1877,0.1958,0.1692,0.1584,0.1343,0.1244,0.1958,0.1498,0.1568,0.1806,0.1718,0.1162,0.1883,0.1410,0.1321,0.1761,0.1916,0.1162,0.1545,0.1978,0.1208,0.1917,0.1786,0.1584,0.1901,0.1860,0.1881,0.1633,0.1977,0.1843,IDLE,IDLE,IDLE,IDLE,IDLE,IDLE,IDLE,IDLE,IDLE,IDLE,IDLE,IDLE,IDLE,IDLE,IDLE,IDLE,IDLE,IDLE,IDLE,IDLE,IDLE,IDLE,IDLE,IDLE,IDLE,IDLE,IDLE,IDLE,IDLE,IDLE,IDLE,IDLE,IDLE,IDLE,IDLE,IDLE,IDLE,IDLE,IDLE,IDLE,IDLE,IDLE,IDLE,IDLE,IDLE,IDLE,IDLE,IDLE,IDLE,IDLE
267,2024-01-12 03:00:01,0.00,0.00,0,0.0000,0.0000,0.00,0.9998,0.9999,0.9997,0.9997,0.9998,0.9998,0.9998,0.9997,0.9998,0.9998,0.9999,0.9998,0.9998,0.9999,0.9998,0.9999,0.9998,0.9997,0.9998,0.9998,0.9997,0.9998,0.9999,0.9998,0.9998,0.9999,0.9998,0.9998,0.9998,0.9997,0.9998,0.9998,0.9998,0.9998,0.9998,0.9997,0.9997,0.9998,0.9998,0.9998,0.9998,0.9998,0.9998,0.9998,0.9998,0.9997,0.9999,0.9998,0.9998,0.9999,0.1438,0.1191,0.1865,0.1761,0.1902,0.1870,0.1208,0.1891,0.1883,0.1498,0.1848,0.1325,0.1839,0.1449,0.1993,0.1449,0.1958,0.1884,0.1540,0.1514,0.1877,0.1958,0.1692,0.1584,0.1343,0.1244,0.1958,0.1498,0.1568,0.1806,0.1718,0.1162,0.1883,0.1410,0.1321,0.1761,0.1916,0.1162,0.1545,0.1978,0.1208,0.1917,0.1786,0.1584,0.1901,0.1860,0.1881,0.1633,0.1977,0.1843,IDLE,IDLE,IDLE,IDLE,IDLE,IDLE,IDLE,IDLE,IDLE,IDLE,IDLE,IDLE,IDLE,IDLE,IDLE,IDLE,IDLE,IDLE,IDLE,IDLE,IDLE,IDLE,IDLE,IDLE,IDLE,IDLE,IDLE,IDLE,IDLE,IDLE,IDLE,IDLE,IDLE,IDLE,IDLE,IDLE,IDLE,IDLE,IDLE,IDLE,IDLE,IDLE,IDLE,IDLE,IDLE,IDLE,IDLE,IDLE,IDLE,IDLE
268,2024-01-12 04:00:01,0.00,0.00,0,0.0000,0.0000,0.00,0.9998,0.9999,0.9997,0.9997,0.9998,0.9998,0.9998,0.9997,0.9998,0.9998,0.9999,0.9998,0.9998,0.9999,0.9998,0.9999,0.9998,0.9997,0.9998,0.9998,0.9997,0.9998,0.9999,0.9998,0.9998,0.9999,0.9998,0.9998,0.9998,0.9997,0.9998,0.9998,0.9998,0.9998,0.9998,0.9997,0.9997,0.9998,0.9998,0.9998,0.9998,0.9998,0.9998,0.9998,0.9998,0.9997,0.9999,0.9998,0.9998,0.9999,0.1438,0.1191,0.1865,0.1761,0.1902,0.1870,0.1208,0.1891,0.1883,0.1498,0.1848,0.1325,0.1839,0.1449,0.1993,0.1449,0.1958,0.1884,0.1540,0.1514,0.1877,0.1958,0.1692,0.1584,0.1343,0.1244,0.1958,0.1498,0.1568,0.1806,0.1718,0.1162,0.1883,0.1410,0.1321,0.1761,0.1916,0.1162,0.1545,0.1978,0.1208,0.1917,0.1786,0.1584,0.1901,0.1860,0.1881,0.1633,0.1977,0.1843,IDLE,IDLE,IDLE,IDLE,IDLE,IDLE,IDLE,IDLE,IDLE,IDLE,IDLE,IDLE,IDLE,IDLE,IDLE,IDLE,IDLE,IDLE,IDLE,IDLE,IDLE,IDLE,IDLE,IDLE,IDLE,IDLE,IDLE,IDLE,IDLE,IDLE,IDLE,IDLE,IDLE,IDLE,IDLE,IDLE,IDLE,IDLE,IDLE,IDLE,IDLE,IDLE,IDLE,IDLE,IDLE,IDLE,IDLE,IDLE,IDLE,IDLE
269,2024-01-12 05:00:01,0.00,0.00,0,0.0000,0.0000,0.00,0.9998,0.9999,0.9997,0.9997,0.9998,0.9998,0.9998,0.9997,0.9998,0.9998,0.9999,0.9998,0.9998,0.9999,0.9998,0.9999,0.9998,0.9997,0.9998,0.9998,0.9997,0.9998,0.9999,0.9998,0.9998,0.9999,0.9998,0.9998,0.9998,0.9997,0.9998,0.9998,0.9998,0.9998,0.9998,0.9997,0.9997,0.9998,0.9998,0.9998,0.9998,0.9998,0.9998,0.9998,0.9998,0.9997,0.9999,0.9998,0.9998,0.9999,0.1438,0.1191,0.1865,0.1761,0.1902,0.1870,0.1208,0.1891,0.1883,0.1498,0.1848,0.1325,0.1839,0.1449,0.1993,0.1449,0.1958,0.1884,0.1540,0.1514,0.1877,0.1958,0.1692,0.1584,0.1343,0.1244,0.1958,0.1498,0.1568,0.1806,0.1718,0.1162,0.1883,0.1410,0.1321,0.1761,0.1916,0.1162,0.1545,0.1978,0.1208,0.1917,0.1786,0.1584,0.1901,0.1860,0.1881,0.1633,0.1977,0.1843,IDLE,IDLE,IDLE,IDLE,IDLE,IDLE,IDLE,IDLE,IDLE,IDLE,IDLE,IDLE,IDLE,IDLE,IDLE,IDLE,IDLE,IDLE,IDLE,IDLE,IDLE,IDLE,IDLE,IDLE,IDLE,IDLE,IDLE,IDLE,IDLE,IDLE,IDLE,IDLE,IDLE,IDLE,IDLE,IDLE,IDLE,IDLE,IDLE,IDLE,IDLE,IDLE,IDLE,IDLE,IDLE,IDLE,IDLE,IDLE,IDLE,IDLE
270,2024-01-12 06:00:01,0.00,0.00,0,0.0000,0.0000,0.00,0.9998,0.9999,0.9997,0.9997,0.9998,0.9998,0.9998,0.9997,0.9998,0.9998,0.9999,0.9998,0.9998,0.9999,0.9998,0.9999,0.9998,0.9997,0.9998,0.9998,0.9997,0.9998,0.9999,0.9998,0.9998,0.9999,0.9998,0.9998,0.9998,0.9997,0.9998,0.9998,0.9998,0.9998,0.9998,0.9997,0.9997,0.9998,0.9998,0.9998,0.9998,0.9998,0.9998,0.9998,0.9998,0.9997,0.9999,0.9998,0.9998,0.9999,0.1438,0.1191,0.1865,0.1761,0.1902,0.1870,0.1208,0.1891,0.1883,0.1498,0.1848,0.1325,0.1839,0.1449,0.1993,0.1449,0.1958,0.1884,0.1540,0.1514,0.1877,0.1958,0.1692,0.1584,0.1343,0.1244,0.1958,0.1498,0.1568,0.1806,0.1718,0.1162,0.1883,0.1410,0.1321,0.1761,0.1916,0.1162,0.1545,0.1978,0.1208,0.1917,0.1786,0.1584,0.1901,0.1860,0.1881,0.1633,0.1977,0.1843,IDLE,IDLE,IDLE,IDLE,IDLE,IDLE,IDLE,IDLE,IDLE,IDLE,IDLE,IDLE,IDLE,IDLE,IDLE,IDLE,IDLE,IDLE,IDLE,IDLE,IDLE,IDLE,IDLE,IDLE,IDLE,IDLE,IDLE,IDLE,IDLE,IDLE,IDLE,IDLE,IDLE,IDLE,IDLE,IDLE,IDLE,IDLE,IDLE,IDLE,IDLE,IDLE,IDLE,IDLE,IDLE,IDLE,IDLE,IDLE,IDLE,IDLE
271,2024-01-12 07:00:01,0.00,0.00,0,0.0000,0.0000,0.00,0.9998,0.9999,0.9997,0.9997,0.9998,0.9998,0.9998,0.9997,0.9998,0.9998,0.9999,0.9998,0.9998,0.9999,0.9998,0.9999,0.9998,0.9997,0.9998,0.9998,0.9997,0.9998,0.9999,0.9998,0.9998,0.9999,0.9998,0.9998,0.9998,0.9997,0.9998,0.9998,0.9998,0.9998,0.9998,0.9997,0.9997,0.9998,0.9998,0.9998,0.9998,0.9998,0.9998,0.9998,0.9998,0.9997,0.9999,0.9998,0.9998,0.9999,0.1438,0.1191,0.1865,0.1761,0.1902,0.1870,0.1208,0.1891,0.1883,0.1498,0.1848,0.1325,0.1839,0.1449,0.1993,0.1449,0.1958,0.1884,0.1540,0.1514,0.1877,0.1958,0.1692,0.1584,0.1343,0.1244,0.1958,0.1498,0.1568,0.1806,0.1718,0.1162,0.1883,0.1410,0.1321,0.1761,0.1916,0.1162,0.1545,0.1978,0.1208,0.1917,0.1786,0.1584,0.1901,0.1860,0.1881,0.1633,0.1977,0.1843,IDLE,IDLE,IDLE,IDLE,IDLE,IDLE,IDLE,IDLE,IDLE,IDLE,IDLE,IDLE,IDLE,IDLE,IDLE,IDLE,IDLE,IDLE,IDLE,IDLE,IDLE,IDLE,IDLE,IDLE,IDLE,IDLE,IDLE,IDLE,IDLE,IDLE,IDLE,IDLE,IDLE,IDLE,IDLE,IDLE,IDLE,IDLE,IDLE,IDLE,IDLE,IDLE,IDLE,IDLE,IDLE,IDLE,IDLE,IDLE,IDLE,IDLE
272,2024-01-12 08:00:01,0.00,0.00,0,0.0000,0.0000,0.00,0.9998,0.9999,0.9997,0.9997,0.9998,0.9998,0.9998,0.9997,0.9998,0.9998,0.9999,0.9998,0.9998,0.9999,0.9998,0.9999,0.9998,0.9997,0.9998,0.9998,0.9997,0.9998,0.9999,0.9998,0.9998,0.9999,0.9998,0.9998,0.9998,0.9997,0.9998,0.9998,0.9998,0.9998,0.9998,0.9997,0.9997,0.9998,0.9998,0.9998,0.9998,0.9998,0.9998,0.9998,0.9998,0.9997,0.9999,0.9998,0.9998,0.9999,0.1438,0.1191,0.1865,0.1761,0.1902,0.1870,0.1208,0.1891,0.1883,0.1498,0.1848,0.1325,0.1839,0.1449,0.1993,0.1449,0.1958,0.1884,0.1540,0.1514,0.1877,0.1958,0.1692,0.1584,0.1343,0.1244,0.1958,0.1498,0.1568,0.1806,0.1718,0.1162,0.1883,0.1410,0.1321,0.1761,0.1916,0.1162,0.1545,0.1978,0.1208,0.1917,0.1786,0.1584,0.1901,0.1860,0.1881,0.1633,0.1977,0.1843,IDLE,IDLE,IDLE,IDLE,IDLE,IDLE,IDLE,IDLE,IDLE,IDLE,IDLE,IDLE,IDLE,IDLE,IDLE,IDLE,IDLE,IDLE,IDLE,IDLE,IDLE,IDLE,IDLE,IDLE,IDLE,IDLE,IDLE,IDLE,IDLE,IDLE,IDLE,IDLE,IDLE,IDLE,IDLE,IDLE,IDLE,IDLE,IDLE,IDLE,IDLE,IDLE,IDLE,IDLE,IDLE,IDLE,IDLE,IDLE,IDLE,IDLE
273,2024-01-12 09:00:01,0.00,0.00,0,0.0000,0.0000,0.00,0.9998,0.9999,0.9997,0.9997,0.9998,0.9998,0.9998,0.9997,0.9998,0.9998,0.9999,0.9998,0.9998,0.9999,0.9998,0.9999,0.9998,0.9997,0.9998,0.9998,0.9997,0.9998,0.9999,0.9998,0.9998,0.9999,0.9998,0.9998,0.9998,0.9997,0.9998,0.9998,0.9998,0.9998,0.9998,0.9997,0.9997,0.9998,0.9998,0.9998,0.9998,0.9998,0.9998,0.9998,0.9998,0.9997,0.9999,0.9998,0.9998,0.9999,0.1438,0.1191,0.1865,0.1761,0.1902,0.1870,0.1208,0.1891,0.1883,0.1498,0.1848,0.1325,0.1839,0.1449,0.1993,0.1449,0.1958,0.1884,0.1540,0.1514,0.1877,0.1958,0.1692,0.1584,0.1343,0.1244,0.1958,0.1498,0.1568,0.1806,0.1718,0.1162,0.1883,0.1410,0.1321,0.1761,0.1916,0.1162,0.1545,0.1978,0.1208,0.1917,0.1786,0.1584,0.1901,0.1860,0.1881,0.1633,0.1977,0.1843,IDLE,IDLE,IDLE,IDLE,IDLE,IDLE,IDLE,IDLE,IDLE,IDLE,IDLE,IDLE,IDLE,IDLE,IDLE,IDLE,IDLE,IDLE,IDLE,IDLE,IDLE,IDLE,IDLE,IDLE,IDLE,IDLE,IDLE,IDLE,IDLE,IDLE,IDLE,IDLE,IDLE,IDLE,IDLE,IDLE,IDLE,IDLE,IDLE,IDLE,IDLE,IDLE,IDLE,IDLE,IDLE,IDLE,IDLE,IDLE,IDLE,IDLE
274,2024-01-12 10:00:01,0.00,0.00,0,0.0000,0.0000,0.00,0.9998,0.9999,0.9997,0.9997,0.9998,0.9998,0.9998,0.9997,0.9998,0.9998,0.9999,0.9998,0.9998,0.9999,0.9998,0.9999,0.9998,0.9997,0.9998,0.9998,0.9997,0.9998,0.9999,0.9998,0.9998,0.9999,0.9998,0.9998,0.9998,0.9997,0.9998,0.9998,0.9998,0.9998,0.9998,0.9997,0.9997,0.9998,0.9998,0.9998,0.9998,0.9998,0.9998,0.9998,0.9998,0.9997,0.9999,0.9998,0.9998,0.9999,0.1438,0.1191,0.1865,0.1761,0.1902,0.1870,0.1208,0.1891,0.1883,0.1498,0.1848,0.1325,0.1839,0.1449,0.1993,0.1449,0.1958,0.1884,0.1540,0.1514,0.1877,0.1958,0.1692,0.1584,0.1343,0.1244,0.1958,0.1498,0.1568,0.1806,0.1718,0.1162,0.1883,0.1410,0.1321,0.1761,0.1916,0.1162,0.1545,0.1978,0.1208,0.1917,0.1786,0.1584,0.1901,0.1860,0.1881,0.1633,0.1977,0.1843,IDLE,IDLE,IDLE,IDLE,IDLE,IDLE,IDLE,IDLE,IDLE,IDLE,IDLE,IDLE,IDLE,IDLE,IDLE,IDLE,IDLE,IDLE,IDLE,IDLE,IDLE,IDLE,IDLE,IDLE,IDLE,IDLE,IDLE,IDLE,IDLE,IDLE,IDLE,IDLE,IDLE,IDLE,IDLE,IDLE,IDLE,IDLE,IDLE,IDLE,IDLE,IDLE,IDLE,IDLE,IDLE,IDLE,IDLE,IDLE,IDLE,IDLE
275,2024-01-12 11:00:01,0.00,0.00,0,0.0000,0.0000,0.00,0.9998,0.9999,0.9997,0.9997,0.9998,0.9998,0.9998,0.9997,0.9998,0.9998,0.9999,0.9998,0.9998,0.9999,0.9998,0.9999,0.9998,0.9997,0.9998,0.9998,0.9997,0.9998,0.9999,0.9998,0.9998,0.9999,0.9998,0.9998,0.9998,0.9997,0.9998,0.9998,0.9998,0.9998,0.9998,0.9997,0.9997,0.9998,0.9998,0.9998,0.9998,0.9998,0.9998,0.9998,0.9998,0.9997,0.9999,0.9998,0.9998,0.9999,0.1438,0.1191,0.1865,0.1761,0.1902,0.1870,0.1208,0.1891,0.1883,0.1498,0.1848,0.1325,0.1839,0.1449,0.1993,0.1449,0.1958,0.1884,0.1540,0.1514,0.1877,0.1958,0.1692,0.1584,0.1343,0.1244,0.1958,0.1498,0.1568,0.1806,0.1718,0.1162,0.1883,0.1410,0.1321,0.1761,0.1916,0.1162,0.1545,0.1978,0.1208,0.1917,0.1786,0.1584,0.1901,0.1860,0.1881,0.1633,0.1977,0.1843,IDLE,IDLE,IDLE,IDLE,IDLE,IDLE,IDLE,IDLE,IDLE,IDLE,IDLE,IDLE,IDLE,IDLE,IDLE,IDLE,IDLE,IDLE,IDLE,IDLE,IDLE,IDLE,IDLE,IDLE,IDLE,IDLE,IDLE,IDLE,IDLE,IDLE,IDLE,IDLE,IDLE,IDLE,IDLE,IDLE,IDLE,IDLE,IDLE,IDLE,IDLE,IDLE,IDLE,IDLE,IDLE,IDLE,IDLE,IDLE,IDLE,IDLE
276,2024-01-12 12:00:01,0.00,0.00,0,0.0000,0.0000,0.00,0.9998,0.9999,0.9997,0.9997,0.9998,0.9998,0.9998,0.9997,0.9998,0.9998,0.9999,0.9998,0.9998,0.9999,0.9998,0.9999,0.9998,0.9997,0.9998,0.9998,0.9997,0.9998,0.9999,0.9998,0.9998,0.9999,0.9998,0.9998,0.9998,0.9997,0.9998,0.9998,0.9998,0.9998,0.9998,0.9997,0.9997,0.9998,0.9998,0.9998,0.9998,0.9998,0.9998,0.9998,0.9998,0.9997,0.9999,0.9998,0.9998,0.9999,0.1438,0.1191,0.1865,0.1761,0.1902,0.1870,0.1208,0.1891,0.1883,0.1498,0.1848,0.1325,0.1839,0.1449,0.1993,0.1449,0.1958,0.1884,0.1540,0.1514,0.1877,0.1958,0.1692,0.1584,0.1343,0.1244,0.1958,0.1498,0.1568,0.1806,0.1718,0.1162,0.1883,0.1410,0.1321,0.1761,0.1916,0.1162,0.1545,0.1978,0.1208,0.1917,0.1786,0.1584,0.1901,0.1860,0.1881,0.1633,0.1977,0.1843,IDLE,IDLE,IDLE,IDLE,IDLE,IDLE,IDLE,IDLE,IDLE,IDLE,IDLE,IDLE,IDLE,IDLE,IDLE,IDLE,IDLE,IDLE,IDLE,IDLE,IDLE,IDLE,IDLE,IDLE,IDLE,IDLE,IDLE,IDLE,IDLE,IDLE,IDLE,IDLE,IDLE,IDLE,IDLE,IDLE,IDLE,IDLE,IDLE,IDLE,IDLE,IDLE,IDLE,IDLE,IDLE,IDLE,IDLE,IDLE,IDLE,IDLE
277,2024-01-12 13:00:01,0.00,0.00,0,0.0000,0.0000,0.00,0.9998,0.9999,0.9997,0.9997,0.9998,0.9998,0.9998,0.9997,0.9998,0.9998,0.9999,0.9998,0.9998,0.9999,0.9998,0.9999,0.9998,0.9997,0.9998,0.9998,0.9997,0.9998,0.9999,0.9998,0.9998,0.9999,0.9998,0.9998,0.9998,0.9997,0.9998,0.9998,0.9998,0.9998,0.9998,0.9997,0.9997,0.9998,0.9998,0.9998,0.9998,0.9998,0.9998,0.9998,0.9998,0.9997,0.9999,0.9998,0.9998,0.9999,0.1438,0.1191,0.1865,0.1761,0.1902,0.1870,0.1208,0.1891,0.1883,0.1498,0.1848,0.1325,0.1839,0.1449,0.1993,0.1449,0.1958,0.1884,0.1540,0.1514,0.1877,0.1958,0.1692,0.1584,0.1343,0.1244,0.1958,0.1498,0.1568,0.1806,0.1718,0.1162,0.1883,0.1410,0.1321,0.1761,0.1916,0.1162,0.1545,0.1978,0.1208,0.1917,0.1786,0.1584,0.1901,0.1860,0.1881,0.1633,0.1977,0.1843,IDLE,IDLE,IDLE,IDLE,IDLE,IDLE,IDLE,IDLE,IDLE,IDLE,IDLE,IDLE,IDLE,IDLE,IDLE,IDLE,IDLE,IDLE,IDLE,IDLE,IDLE,IDLE,IDLE,IDLE,IDLE,IDLE,IDLE,IDLE,IDLE,IDLE,IDLE,IDLE,IDLE,IDLE,IDLE,IDLE,IDLE,IDLE,IDLE,IDLE,IDLE,IDLE,IDLE,IDLE,IDLE,IDLE,IDLE,IDLE,IDLE,IDLE
278,2024-01-12 14:00:01,0.00,0.00,0,0.0000,0.0000,0.00,0.9998,0.9999,0.9997,0.9997,0.9998,0.9998,0.9998,0.9997,0.9998,0.9998,0.9999,0.9998,0.9998,0.9999,0.9998,0.9999,0.9998,0.9997,0.9998,0.9998,0.9997,0.9998,0.9999,0.9998,0.9998,0.9999,0.9998,0.9998,0.9998,0.9997,0.9998,0.9998,0.9998,0.9998,0.9998,0.9997,0.9997,0.9998,0.9998,0.9998,0.9998,0.9998,0.9998,0.9998,0.9998,0.9997,0.9999,0.9998,0.9998,0.9999,0.1438,0.1191,0.1865,0.1761,0.1902,0.1870,0.1208,0.1891,0.1883,0.1498,0.1848,0.1325,0.1839,0.1449,0.1993,0.1449,0.1958,0.1884,0.1540,0.1514,0.1877,0.1958,0.1692,0.1584,0.1343,0.1244,0.1958,0.1498,0.1568,0.1806,0.1718,0.1162,0.1883,0.1410,0.1321,0.1761,0.1916,0.1162,0.1545,0.1978,0.1208,0.1917,0.1786,0.1584,0.1901,0.1860,0.1881,0.1633,0.1977,0.1843,IDLE,IDLE,IDLE,IDLE,IDLE,IDLE,IDLE,IDLE,IDLE,IDLE,IDLE,IDLE,IDLE,IDLE,IDLE,IDLE,IDLE,IDLE,IDLE,IDLE,IDLE,IDLE,IDLE,IDLE,IDLE,IDLE,IDLE,IDLE,IDLE,IDLE,IDLE,IDLE,IDLE,IDLE,IDLE,IDLE,IDLE,IDLE,IDLE,IDLE,IDLE,IDLE,IDLE,IDLE,IDLE,IDLE,IDLE,IDLE,IDLE,IDLE
279,2024-01-12 15:00:01,0.00,0.00,0,0.0000,0.0000,0.00,0.9998,0.9999,0.9997,0.9997,0.9998,0.9998,0.9998,0.9997,0.9998,0.9998,0.9999,0.9998,0.9998,0.9999,0.9998,0.9999,0.9998,0.9997,0.9998,0.9998,0.9997,0.9998,0.9999,0.9998,0.9998,0.9999,0.9998,0.9998,0.9998,0.9997,0.9998,0.9998,0.9998,0.9998,0.9998,0.9997,0.9997,0.9998,0.9998,0.9998,0.9998,0.9998,0.9998,0.9998,0.9998,0.9997,0.9999,0.9998,0.9998,0.9999,0.1438,0.1191,0.1865,0.1761,0.1902,0.1870,0.1208,0.1891,0.1883,0.1498,0.1848,0.1325,0.1839,0.1449,0.1993,0.1449,0.1958,0.1884,0.1540,0.1514,0.1877,0.1958,0.1692,0.1584,0.1343,0.1244,0.1958,0.1498,0.1568,0.1806,0.1718,0.1162,0.1883,0.1410,0.1321,0.1761,0.1916,0.1162,0.1545,0.1978,0.1208,0.1917,0.1786,0.1584,0.1901,0.1860,0.1881,0.1633,0.1977,0.1843,IDLE,IDLE,IDLE,IDLE,IDLE,IDLE,IDLE,IDLE,IDLE,IDLE,IDLE,IDLE,IDLE,IDLE,IDLE,IDLE,IDLE,IDLE,IDLE,IDLE,IDLE,IDLE,IDLE,IDLE,IDLE,IDLE,IDLE,IDLE,IDLE,IDLE,IDLE,IDLE,IDLE,IDLE,IDLE,IDLE,IDLE,IDLE,IDLE,IDLE,IDLE,IDLE,IDLE,IDLE,IDLE,IDLE,IDLE,IDLE,IDLE,IDLE
280,2024-01-12 16:00:01,0.00,0.00,0,0.0000,0.0000,0.00,0.9998,0.9999,0.9997,0.9997,0.9998,0.9998,0.9998,0.9997,0.9998,0.9998,0.9999,0.9998,0.9998,0.9999,0.9998,0.9999,0.9998,0.9997,0.9998,0.9998,0.9997,0.9998,0.9999,0.9998,0.9998,0.9999,0.9998,0.9998,0.9998,0.9997,0.9998,0.9998,0.9998,0.9998,0.9998,0.9997,0.9997,0.9998,0.9998,0.9998,0.9998,0.9998,0.9998,0.9998,0.9998,0.9997,0.9999,0.9998,0.9998,0.9999,0.1438,0.1191,0.1865,0.1761,0.1902,0.1870,0.1208,0.1891,0.1883,0.1498,0.1848,0.1325,0.1839,0.1449,0.1993,0.1449,0.1958,0.1884,0.1540,0.1514,0.1877,0.1958,0.1692,0.1584,0.1343,0.1244,0.1958,0.1498,0.1568,0.1806,0.1718,0.1162,0.1883,0.1410,0.1321,0.1761,0.1916,0.1162,0.1545,0.1978,0.1208,0.1917,0.1786,0.1584,0.1901,0.1860,0.1881,0.1633,0.1977,0.1843,IDLE,IDLE,IDLE,IDLE,IDLE,IDLE,IDLE,IDLE,IDLE,IDLE,IDLE,IDLE,IDLE,IDLE,IDLE,IDLE,IDLE,IDLE,IDLE,IDLE,IDLE,IDLE,IDLE,IDLE,IDLE,IDLE,IDLE,IDLE,IDLE,IDLE,IDLE,IDLE,IDLE,IDLE,IDLE,IDLE,IDLE,IDLE,IDLE,IDLE,IDLE,IDLE,IDLE,IDLE,IDLE,IDLE,IDLE,IDLE,IDLE,IDLE
281,2024-01-12 17:00:01,0.00,0.00,0,0.0000,0.0000,0.00,0.9998,0.9999,0.9997,0.9997,0.9998,0.9998,0.9998,0.9997,0.9998,0.9998,0.9999,0.9998,0.9998,0.9999,0.9998,0.9999,0.9998,0.9997,0.9998,0.9998,0.9997,0.9998,0.9999,0.9998,0.9998,0.9999,0.9998,0.9998,0.9998,0.9997,0.9998,0.9998,0.9998,0.9998,0.9998,0.9997,0.9997,0.9998,0.9998,0.9998,0.9998,0.9998,0.9998,0.9998,0.9998,0.9997,0.9999,0.9998,0.9998,0.9999,0.1438,0.1191,0.1865,0.1761,0.1902,0.1870,0.1208,0.1891,0.1883,0.1498,0.1848,0.1325,0.1839,0.1449,0.1993,0.1449,0.1958,0.1884,0.1540,0.1514,0.1877,0.1958,0.1692,0.1584,0.1343,0.1244,0.1958,0.1498,0.1568,0.1806,0.1718,0.1162,0.1883,0.1410,0.1321,0.1761,0.1916,0.1162,0.1545,0.1978,0.1208,0.1917,0.1786,0.1584,0.1901,0.1860,0.1881,0.1633,0.1977,0.1843,IDLE,IDLE,IDLE,IDLE,IDLE,IDLE,IDLE,IDLE,IDLE,IDLE,IDLE,IDLE,IDLE,IDLE,IDLE,IDLE,IDLE,IDLE,IDLE,IDLE,IDLE,IDLE,IDLE,IDLE,IDLE,IDLE,IDLE,IDLE,IDLE,IDLE,IDLE,IDLE,IDLE,IDLE,IDLE,IDLE,IDLE,IDLE,IDLE,IDLE,IDLE,IDLE,IDLE,IDLE,IDLE,IDLE,IDLE,IDLE,IDLE,IDLE
282,2024-01-12 18:00:01,0.00,0.00,0,0.0000,0.0000,0.00,0.9998,0.9999,0.9997,0.9997,0.9998,0.9998,0.9998,0.9997,0.9998,0.9998,0.9999,0.9998,0.9998,0.9999,0.9998,0.9999,0.9998,0.9997,0.9998,0.9998,0.9997,0.9998,0.9999,0.9998,0.9998,0.9999,0.9998,0.9998,0.9998,0.9997,0.9998,0.9998,0.9998,0.9998,0.9998,0.9997,0.9997,0.9998,0.9998,0.9998,0.9998,0.9998,0.9998,0.9998,0.9998,0.9997,0.9999,0.9998,0.9998,0.9999,0.1438,0.1191,0.1865,0.1761,0.1902,0.1870,0.1208,0.1891,0.1883,0.1498,0.1848,0.1325,0.1839,0.1449,0.1993,0.1449,0.1958,0.1884,0.1540,0.1514,0.1877,0.1958,0.1692,0.1584,0.1343,0.1244,0.1958,0.1498,0.1568,0.1806,0.1718,0.1162,0.1883,0.1410,0.1321,0.1761,0.1916,0.1162,0.1545,0.1978,0.1208,0.1917,0.1786,0.1584,0.1901,0.1860,0.1881,0.1633,0.1977,0.1843,IDLE,IDLE,IDLE,IDLE,IDLE,IDLE,IDLE,IDLE,IDLE,IDLE,IDLE,IDLE,IDLE,IDLE,IDLE,IDLE,IDLE,IDLE,IDLE,IDLE,IDLE,IDLE,IDLE,IDLE,IDLE,IDLE,IDLE,IDLE,IDLE,IDLE,IDLE,IDLE,IDLE,IDLE,IDLE,IDLE,IDLE,IDLE,IDLE,IDLE,IDLE,IDLE,IDLE,IDLE,IDLE,IDLE,IDLE,IDLE,IDLE,IDLE
283,2024-01-12 19:00:01,0.00,0.00,0,0.0000,0.0000,0.00,0.9998,0.9999,0.9997,0.9997,0.9998,0.9998,0.9998,0.9997,0.9998,0.9998,0.9999,0.9998,0.9998,0.9999,0.9998,0.9999,0.9998,0.9997,0.9998,0.9998,0.9997,0.9998,0.9999,0.9998,0.9998,0.9999,0.9998,0.9998,0.9998,0.9997,0.9998,0.9998,0.9998,0.9998,0.9998,0.9997,0.9997,0.9998,0.9998,0.9998,0.9998,0.9998,0.9998,0.9998,0.9998,0.9997,0.9999,0.9998,0.9998,0.9999,0.1438,0.1191,0.1865,0.1761,0.1902,0.1870,0.1208,0.1891,0.1883,0.1498,0.1848,0.1325,0.1839,0.1449,0.1993,0.1449,0.1958,0.1884,0.1540,0.1514,0.1877,0.1958,0.1692,0.1584,0.1343,0.1244,0.1958,0.1498,0.1568,0.1806,0.1718,0.1162,0.1883,0.1410,0.1321,0.1761,0.1916,0.1162,0.1545,0.1978,0.1208,0.1917,0.1786,0.1584,0.1901,0.1860,0.1881,0.1633,0.1977,0.1843,IDLE,IDLE,IDLE,IDLE,IDLE,IDLE,IDLE,IDLE,IDLE,IDLE,IDLE,IDLE,IDLE,IDLE,IDLE,IDLE,IDLE,IDLE,IDLE,IDLE,IDLE,IDLE,IDLE,IDLE,IDLE,IDLE,IDLE,IDLE,IDLE,IDLE,IDLE,IDLE,IDLE,IDLE,IDLE,IDLE,IDLE,IDLE,IDLE,IDLE,IDLE,IDLE,IDLE,IDLE,IDLE,IDLE,IDLE,IDLE,IDLE,IDLE
284,2024-01-12 20:00:01,0.00,0.00,0,0.0000,0.0000,0.00,0.9998,0.9999,0.9997,0.9997,0.9998,0.9998,0.9998,0.9997,0.9998,0.9998,0.9999,0.9998,0.9998,0.9999,0.9998,0.9999,0.9998,0.9997,0.9998,0.9998,0.9997,0.9998,0.9999,0.9998,0.9998,0.9999,0.9998,0.9998,0.9998,0.9997,0.9998,0.9998,0.9998,0.9998,0.9998,0.9997,0.9997,0.9998,0.9998,0.9998,0.9998,0.9998,0.9998,0.9998,0.9998,0.9997,0.9999,0.9998,0.9998,0.9999,0.1438,0.1191,0.1865,0.1761,0.1902,0.1870,0.1208,0.1891,0.1883,0.1498,0.1848,0.1325,0.1839,0.1449,0.1993,0.1449,0.1958,0.1884,0.1540,0.1514,0.1877,0.1958,0.1692,0.1584,0.1343,0.1244,0.1958,0.1498,0.1568,0.1806,0.1718,0.1162,0.1883,0.1410,0.1321,0.1761,0.1916,0.1162,0.1545,0.1978,0.1208,0.1917,0.1786,0.1584,0.1901,0.1860,0.1881,0.1633,0.1977,0.1843,IDLE,IDLE,IDLE,IDLE,IDLE,IDLE,IDLE,IDLE,IDLE,IDLE,IDLE,IDLE,IDLE,IDLE,IDLE,IDLE,IDLE,IDLE,IDLE,IDLE,IDLE,IDLE,IDLE,IDLE,IDLE,IDLE,IDLE,IDLE,IDLE,IDLE,IDLE,IDLE,IDLE,IDLE,IDLE,IDLE,IDLE,IDLE,IDLE,IDLE,IDLE,IDLE,IDLE,IDLE,IDLE,IDLE,IDLE,IDLE,IDLE,IDLE
285,2024-01-12 21:00:01,0.00,0.00,0,0.0000,0.0000,0.00,0.9998,0.9999,0.9997,0.9997,0.9998,0.9998,0.9998,0.9997,0.9998,0.9998,0.9999,0.9998,0.9998,0.9999,0.9998,0.9999,0.9998,0.9997,0.9998,0.9998,0.9997,0.9998,0.9999,0.9998,0.9998,0.9999,0.9998,0.9998,0.9998,0.9997,0.9998,0.9998,0.9998,0.9998,0.9998,0.9997,0.9997,0.9998,0.9998,0.9998,0.9998,0.9998,0.9998,0.9998,0.9998,0.9997,0.9999,0.9998,0.9998,0.9999,0.1438,0.1191,0.1865,0.1761,0.1902,0.1870,0.1208,0.1891,0.1883,0.1498,0.1848,0.1325,0.1839,0.1449,0.1993,0.1449,0.1958,0.1884,0.1540,0.1514,0.1877,0.1958,0.1692,0.1584,0.1343,0.1244,0.1958,0.1498,0.1568,0.1806,0.1718,0.1162,0.1883,0.1410,0.1321,0.1761,0.1916,0.1162,0.1545,0.1978,0.1208,0.1917,0.1786,0.1584,0.1901,0.1860,0.1881,0.1633,0.1977,0.1843,IDLE,IDLE,IDLE,IDLE,IDLE,IDLE,IDLE,IDLE,IDLE,IDLE,IDLE,IDLE,IDLE,IDLE,IDLE,IDLE,IDLE,IDLE,IDLE,IDLE,IDLE,IDLE,IDLE,IDLE,IDLE,IDLE,IDLE,IDLE,IDLE,IDLE,IDLE,IDLE,IDLE,IDLE,IDLE,IDLE,IDLE,IDLE,IDLE,IDLE,IDLE,IDLE,IDLE,IDLE,IDLE,IDLE,IDLE,IDLE,IDLE,IDLE
286,2024-01-12 22:00:01,0.00,0.00,0,0.0000,0.0000,0.00,0.9998,0.9999,0.9997,0.9997,0.9998,0.9998,0.9998,0.9997,0.9998,0.9998,0.9999,0.9998,0.9998,0.9999,0.9998,0.9999,0.9998,0.9997,0.9998,0.9998,0.9997,0.9998,0.9999,0.9998,0.9998,0.9999,0.9998,0.9998,0.9998,0.9997,0.9998,0.9998,0.9998,0.9998,0.9998,0.9997,0.9997,0.9998,0.9998,0.9998,0.9998,0.9998,0.9998,0.9998,0.9998,0.9997,0.9999,0.9998,0.9998,0.9999,0.1438,0.1191,0.1865,0.1761,0.1902,0.1870,0.1208,0.1891,0.1883,0.1498,0.1848,0.1325,0.1839,0.1449,0.1993,0.1449,0.1958,0.1884,0.1540,0.1514,0.1877,0.1958,0.1692,0.1584,0.1343,0.1244,0.1958,0.1498,0.1568,0.1806,0.1718,0.1162,0.1883,0.1410,0.1321,0.1761,0.1916,0.1162,0.1545,0.1978,0.1208,0.1917,0.1786,0.1584,0.1901,0.1860,0.1881,0.1633,0.1977,0.1843,IDLE,IDLE,IDLE,IDLE,IDLE,IDLE,IDLE,IDLE,IDLE,IDLE,IDLE,IDLE,IDLE,IDLE,IDLE,IDLE,IDLE,IDLE,IDLE,IDLE,IDLE,IDLE,IDLE,IDLE,IDLE,IDLE,IDLE,IDLE,IDLE,IDLE,IDLE,IDLE,IDLE,IDLE,IDLE,IDLE,IDLE,IDLE,IDLE,IDLE,IDLE,IDLE,IDLE,IDLE,IDLE,IDLE,IDLE,IDLE,IDLE,IDLE
287,2024-01-12 23:00:01,0.00,0.00,0,0.0000,0.0000,0.00,0.9998,0.9999,0.9997,0.9997,0.9998,0.9998,0.9998,0.9997,0.9998,0.9998,0.9999,0.9998,0.9998,0.9999,0.9998,0.9999,0.9998,0.9997,0.9998,0.9998,0.9997,0.9998,0.9999,0.9998,0.9998,0.9999,0.9998,0.9998,0.9998,0.9997,0.9998,0.9998,0.9998,0.9998,0.9998,0.9997,0.9997,0.9998,0.9998,0.9998,0.9998,0.9998,0.9998,0.9998,0.9998,0.9997,0.9999,0.9998,0.9998,0.9999,0.1438,0.1191,0.1865,0.1761,0.1902,0.1870,0.1208,0.1891,0.1883,0.1498,0.1848,0.1325,0.1839,0.1449,0.1993,0.1449,0.1958,0.1884,0.1540,0.1514,0.1877,0.1958,0.1692,0.1584,0.1343,0.1244,0.1958,0.1498,0.1568,0.1806,0.1718,0.1162,0.1883,0.1410,0.1321,0.1761,0.1916,0.1162,0.1545,0.1978,0.1208,0.1917,0.1786,0.1584,0.1901,0.1860,0.1881,0.1633,0.1977,0.1843,IDLE,IDLE,IDLE,IDLE,IDLE,IDLE,IDLE,IDLE,IDLE,IDLE,IDLE,IDLE,IDLE,IDLE,IDLE,IDLE,IDLE,IDLE,IDLE,IDLE,IDLE,IDLE,IDLE,IDLE,IDLE,IDLE,IDLE,IDLE,IDLE,IDLE,IDLE,IDLE,IDLE,IDLE,IDLE,IDLE,IDLE,IDLE,IDLE,IDLE,IDLE,IDLE,IDLE,IDLE,IDLE,IDLE,IDLE,IDLE,IDLE,IDLE
288,2024-01-13 00:00:01,0.00,0.00,0,0.0000,0.0000,0.00,0.9998,0.9999,0.9997,0.9997,0.9998,0.9998,0.9998,0.9997,0.9998,0.9998,0.9999,0.9998,0.9998,0.9999,0.9998,0.9999,0.9998,0.9997,0.9998,0.9998,0.9997,0.9998,0.9999,0.9998,0.9998,0.9999,0.9998,0.9998,0.9998,0.9997,0.9998,0.9998,0.9998,0.9998,0.9998,0.9997,0.9997,0.9998,0.9998,0.9998,0.9998,0.9998,0.9998,0.9998,0.9998,0.9997,0.9999,0.9998,0.9998,0.9999,0.1438,0.1191,0.1865,0.1761,0.1902,0.1870,0.1208,0.1891,0.1883,0.1498,0.1848,0.1325,0.1839,0.1449,0.1993,0.1449,0.1958,0.1884,0.1540,0.1514,0.1877,0.1958,0.1692,0.1584,0.1343,0.1244,0.1958,0.1498,0.1568,0.1806,0.1718,0.1162,0.1883,0.1410,0.1321,0.1761,0.1916,0.1162,0.1545,0.1978,0.1208,0.1917,0.1786,0.1584,0.1901,0.1860,0.1881,0.1633,0.1977,0.1843,IDLE,IDLE,IDLE,IDLE,IDLE,IDLE,IDLE,IDLE,IDLE,IDLE,IDLE,IDLE,IDLE,IDLE,IDLE,IDLE,IDLE,IDLE,IDLE,IDLE,IDLE,IDLE,IDLE,IDLE,IDLE,IDLE,IDLE,IDLE,IDLE,IDLE,IDLE,IDLE,IDLE,IDLE,IDLE,IDLE,IDLE,IDLE,IDLE,IDLE,IDLE,IDLE,IDLE,IDLE,IDLE,IDLE,IDLE,IDLE,IDLE,IDLE
289,2024-01-13 01:00:01,0.00,0.00,0,0.0000,0.0000,0.00,0.9998,0.9999,0.9997,0.9997,0.9998,0.9998,0.9998,0.9997,0.9998,0.9998,0.9999,0.9998,0.9998,0.9999,0.9998,0.9999,0.9998,0.9997,0.9998,0.9998,0.9997,0.9998,0.9999,0.9998,0.9998,0.9999,0.9998,0.9998,0.9998,0.9997,0.9998,0.9998,0.9998,0.9998,0.9998,0.9997,0.9997,0.9998,0.9998,0.9998,0.9998,0.9998,0.9998,0.9998,0.9998,0.9997,0.9999,0.9998,0.9998,0.9999,0.1438,0.1191,0.1865,0.1761,0.1902,0.1870,0.1208,0.1891,0.1883,0.1498,0.1848,0.1325,0.1839,0.1449,0.1993,0.1449,0.1958,0.1884,0.1540,0.1514,0.1877,0.1958,0.1692,0.1584,0.1343,0.1244,0.1958,0.1498,0.1568,0.1806,0.1718,0.1162,0.1883,0.1410,0.1321,0.1761,0.1916,0.1162,0.1545,0.1978,0.1208,0.1917,0.1786,0.1584,0.1901,0.1860,0.1881,0.1633,0.1977,0.1843,IDLE,IDLE,IDLE,IDLE,IDLE,IDLE,IDLE,IDLE,IDLE,IDLE,IDLE,IDLE,IDLE,IDLE,IDLE,IDLE,IDLE,IDLE,IDLE,IDLE,IDLE,IDLE,IDLE,IDLE,IDLE,IDLE,IDLE,IDLE,IDLE,IDLE,IDLE,IDLE,IDLE,IDLE,IDLE,IDLE,IDLE,IDLE,IDLE,IDLE,IDLE,IDLE,IDLE,IDLE,IDLE,IDLE,IDLE,IDLE,IDLE,IDLE
290,2024-01-13 02:00:01,0.00,0.00,0,0.0000,0.0000,0.00,0.9998,0.9999,0.9997,0.9997,0.9998,0.9998,0.9998,0.9997,0.9998,0.9998,0.9999,0.9998,0.9998,0.9999,0.9998,0.9999,0.9998,0.9997,0.9998,0.9998,0.9997,0.9998,0.9999,0.9998,0.9998,0.9999,0.9998,0.9998,0.9998,0.9997,0.9998,0.9998,0.9998,0.9998,0.9998,0.9997,0.9997,0.9998,0.9998,0.9998,0.9998,0.9998,0.9998,0.9998,0.9998,0.9997,0.9999,0.9998,0.9998,0.9999,0.1438,0.1191,0.1865,0.1761,0.1902,0.1870,0.1208,0.1891,0.1883,0.1498,0.1848,0.1325,0.1839,0.1449,0.1993,0.1449,0.1958,0.1884,0.1540,0.1514,0.1877,0.1958,0.1692,0.1584,0.1343,0.1244,0.1958,0.1498,0.1568,0.1806,0.1718,0.1162,0.1883,0.1410,0.1321,0.1761,0.1916,0.1162,0.1545,0.1978,0.1208,0.1917,0.1786,0.1584,0.1901,0.1860,0.1881,0.1633,0.1977,0.1843,IDLE,IDLE,IDLE,IDLE,IDLE,IDLE,IDLE,IDLE,IDLE,IDLE,IDLE,IDLE,IDLE,IDLE,IDLE,IDLE,IDLE,IDLE,IDLE,IDLE,IDLE,IDLE,IDLE,IDLE,IDLE,IDLE,IDLE,IDLE,IDLE,IDLE,IDLE,IDLE,IDLE,IDLE,IDLE,IDLE,IDLE,IDLE,IDLE,IDLE,IDLE,IDLE,IDLE,IDLE,IDLE,IDLE,IDLE,IDLE,IDLE,IDLE
291,2024-01-13 03:00:01,0.00,0.00,0,0.0000,0.0000,0.00,0.9998,0.9999,0.9997,0.9997,0.9998,0.9998,0.9998,0.9997,0.9998,0.9998,0.9999,0.9998,0.9998,0.9999,0.9998,0.9999,0.9998,0.9997,0.9998,0.9998,0.9997,0.9998,0.9999,0.9998,0.9998,0.9999,0.9998,0.9998,0.9998,0.9997,0.9998,0.9998,0.9998,0.9998,0.9998,0.9997,0.9997,0.9998,0.9998,0.9998,0.9998,0.9998,0.9998,0.9998,0.9998,0.9997,0.9999,0.9998,0.9998,0.9999,0.1438,0.1191,0.1865,0.1761,0.1902,0.1870,0.1208,0.1891,0.1883,0.1498,0.1848,0.1325,0.1839,0.1449,0.1993,0.1449,0.1958,0.1884,0.1540,0.1514,0.1877,0.1958,0.1692,0.1584,0.1343,0.1244,0.1958,0.1498,0.1568,0.1806,0.1718,0.1162,0.1883,0.1410,0.1321,0.1761,0.1916,0.1162,0.1545,0.1978,0.1208,0.1917,0.1786,0.1584,0.1901,0.1860,0.1881,0.1633,0.1977,0.1843,IDLE,IDLE,IDLE,IDLE,IDLE,IDLE,IDLE,IDLE,IDLE,IDLE,IDLE,IDLE,IDLE,IDLE,IDLE,IDLE,IDLE,IDLE,IDLE,IDLE,IDLE,IDLE,IDLE,IDLE,IDLE,IDLE,IDLE,IDLE,IDLE,IDLE,IDLE,IDLE,IDLE,IDLE,IDLE,IDLE,IDLE,IDLE,IDLE,IDLE,IDLE,IDLE,IDLE,IDLE,IDLE,IDLE,IDLE,IDLE,IDLE,IDLE
292,2024-01-13 04:00:01,0.00,0.00,0,0.0000,0.0000,0.00,0.9998,0.9999,0.9997,0.9997,0.9998,0.9998,0.9998,0.9997,0.9998,0.9998,0.9999,0.9998,0.9998,0.9999,0.9998,0.9999,0.9998,0.9997,0.9998,0.9998,0.9997,0.9998,0.9999,0.9998,0.9998,0.9999,0.9998,0.9998,0.9998,0.9997,0.9998,0.9998,0.9998,0.9998,0.9998,0.9997,0.9997,0.9998,0.9998,0.9998,0.9998,0.9998,0.9998,0.9998,0.9998,0.9997,0.9999,0.9998,0.9998,0.9999,0.1438,0.1191,0.1865,0.1761,0.1902,0.1870,0.1208,0.1891,0.1883,0.1498,0.1848,0.1325,0.1839,0.1449,0.1993,0.1449,0.1958,0.1884,0.1540,0.1514,0.1877,0.1958,0.1692,0.1584,0.1343,0.1244,0.1958,0.1498,0.1568,0.1806,0.1718,0.1162,0.1883,0.1410,0.1321,0.1761,0.1916,0.1162,0.1545,0.1978,0.1208,0.1917,0.1786,0.1584,0.1901,0.1860,0.1881,0.1633,0.1977,0.1843,IDLE,IDLE,IDLE,IDLE,IDLE,IDLE,IDLE,IDLE,IDLE,IDLE,IDLE,IDLE,IDLE,IDLE,IDLE,IDLE,IDLE,IDLE,IDLE,IDLE,IDLE,IDLE,IDLE,IDLE,IDLE,IDLE,IDLE,IDLE,IDLE,IDLE,IDLE,IDLE,IDLE,IDLE,IDLE,IDLE,IDLE,IDLE,IDLE,IDLE,IDLE,IDLE,IDLE,IDLE,IDLE,IDLE,IDLE,IDLE,IDLE,IDLE
293,2024-01-13 05:00:01,0.00,0.00,0,0.0000,0.0000,0.00,0.9998,0.9999,0.9997,0.9997,0.9998,0.9998,0.9998,0.9997,0.9998,0.9998,0.9999,0.9998,0.9998,0.9999,0.9998,0.9999,0.9998,0.9997,0.9998,0.9998,0.9997,0.9998,0.9999,0.9998,0.9998,0.9999,0.9998,0.9998,0.9998,0.9997,0.9998,0.9998,0.9998,0.9998,0.9998,0.9997,0.9997,0.9998,0.9998,0.9998,0.9998,0.9998,0.9998,0.9998,0.9998,0.9997,0.9999,0.9998,0.9998,0.9999,0.1438,0.1191,0.1865,0.1761,0.1902,0.1870,0.1208,0.1891,0.1883,0.1498,0.1848,0.1325,0.1839,0.1449,0.1993,0.1449,0.1958,0.1884,0.1540,0.1514,0.1877,0.1958,0.1692,0.1584,0.1343,0.1244,0.1958,0.1498,0.1568,0.1806,0.1718,0.1162,0.1883,0.1410,0.1321,0.1761,0.1916,0.1162,0.1545,0.1978,0.1208,0.1917,0.1786,0.1584,0.1901,0.1860,0.1881,0.1633,0.1977,0.1843,IDLE,IDLE,IDLE,IDLE,IDLE,IDLE,IDLE,IDLE,IDLE,IDLE,IDLE,IDLE,IDLE,IDLE,IDLE,IDLE,IDLE,IDLE,IDLE,IDLE,IDLE,IDLE,IDLE,IDLE,IDLE,IDLE,IDLE,IDLE,IDLE,IDLE,IDLE,IDLE,IDLE,IDLE,IDLE,IDLE,IDLE,IDLE,IDLE,IDLE,IDLE,IDLE,IDLE,IDLE,IDLE,IDLE,IDLE,IDLE,IDLE,IDLE
294,2024-01-13 06:00:01,0.00,0.00,0,0.0000,0.0000,0.00,0.9998,0.9999,0.9997,0.9997,0.9998,0.9998,0.9998,0.9997,0.9998,0.9998,0.9999,0.9998,0.9998,0.9999,0.9998,0.9999,0.9998,0.9997,0.9998,0.9998,0.9997,0.9998,0.9999,0.9998,0.9998,0.9999,0.9998,0.9998,0.9998,0.9997,0.9998,0.9998,0.9998,0.9998,0.9998,0.9997,0.9997,0.9998,0.9998,0.9998,0.9998,0.9998,0.9998,0.9998,0.9998,0.9997,0.9999,0.9998,0.9998,0.9999,0.1438,0.1191,0.1865,0.1761,0.1902,0.1870,0.1208,0.1891,0.1883,0.1498,0.1848,0.1325,0.1839,0.1449,0.1993,0.1449,0.1958,0.1884,0.1540,0.1514,0.1877,0.1958,0.1692,0.1584,0.1343,0.1244,0.1958,0.1498,0.1568,0.1806,0.1718,0.1162,0.1883,0.1410,0.1321,0.1761,0.1916,0.1162,0.1545,0.1978,0.1208,0.1917,0.1786,0.1584,0.1901,0.1860,0.1881,0.1633,0.1977,0.1843,IDLE,IDLE,IDLE,IDLE,IDLE,IDLE,IDLE,IDLE,IDLE,IDLE,IDLE,IDLE,IDLE,IDLE,IDLE,IDLE,IDLE,IDLE,IDLE,IDLE,IDLE,IDLE,IDLE,IDLE,IDLE,IDLE,IDLE,IDLE,IDLE,IDLE,IDLE,IDLE,IDLE,IDLE,IDLE,IDLE,IDLE,IDLE,IDLE,IDLE,IDLE,IDLE,IDLE,IDLE,IDLE,IDLE,IDLE,IDLE,IDLE,IDLE
295,2024-01-13 07:00:01,0.00,0.00,0,0.0000,0.0000,0.00,0.9998,0.9999,0.9997,0.9997,0.9998,0.9998,0.9998,0.9997,0.9998,0.9998,0.9999,0.9998,0.9998,0.9999,0.9998,0.9999,0.9998,0.9997,0.9998,0.9998,0.9997,0.9998,0.9999,0.9998,0.9998,0.9999,0.9998,0.9998,0.9998,0.9997,0.9998,0.9998,0.9998,0.9998,0.9998,0.9997,0.9997,0.9998,0.9998,0.9998,0.9998,0.9998,0.9998,0.9998,0.9998,0.9997,0.9999,0.9998,0.9998,0.9999,0.1438,0.1191,0.1865,0.1761,0.1902,0.1870,0.1208,0.1891,0.1883,0.1498,0.1848,0.1325,0.1839,0.1449,0.1993,0.1449,0.1958,0.1884,0.1540,0.1514,0.1877,0.1958,0.1692,0.1584,0.1343,0.1244,0.1958,0.1498,0.1568,0.1806,0.1718,0.1162,0.1883,0.1410,0.1321,0.1761,0.1916,0.1162,0.1545,0.1978,0.1208,0.1917,0.1786,0.1584,0.1901,0.1860,0.1881,0.1633,0.1977,0.1843,IDLE,IDLE,IDLE,IDLE,IDLE,IDLE,IDLE,IDLE,IDLE,IDLE,IDLE,IDLE,IDLE,IDLE,IDLE,IDLE,IDLE,IDLE,IDLE,IDLE,IDLE,IDLE,IDLE,IDLE,IDLE,IDLE,IDLE,IDLE,IDLE,IDLE,IDLE,IDLE,IDLE,IDLE,IDLE,IDLE,IDLE,IDLE,IDLE,IDLE,IDLE,IDLE,IDLE,IDLE,IDLE,IDLE,IDLE,IDLE,IDLE,IDLE
296,2024-01-13 08:00:01,0.00,0.00,0,0.0000,0.0000,0.00,0.9998,0.9999,0.9997,0.9997,0.9998,0.9998,0.9998,0.9997,0.9998,0.9998,0.9999,0.9998,0.9998,0.9999,0.9998,0.9999,0.9998,0.9997,0.9998,0.9998,0.9997,0.9998,0.9999,0.9998,0.9998,0.9999,0.9998,0.9998,0.9998,0.9997,0.9998,0.9998,0.9998,0.9998,0.9998,0.9997,0.9997,0.9998,0.9998,0.9998,0.9998,0.9998,0.9998,0.9998,0.9998,0.9997,0.9999,0.9998,0.9998,0.9999,0.1438,0.1191,0.1865,0.1761,0.1902,0.1870,0.1208,0.1891,0.1883,0.1498,0.1848,0.1325,0.1839,0.1449,0.1993,0.1449,0.1958,0.1884,0.1540,0.1514,0.1877,0.1958,0.1692,0.1584,0.1343,0.1244,0.1958,0.1498,0.1568,0.1806,0.1718,0.1162,0.1883,0.1410,0.1321,0.1761,0.1916,0.1162,0.1545,0.1978,0.1208,0.1917,0.1786,0.1584,0.1901,0.1860,0.1881,0.1633,0.1977,0.1843,IDLE,IDLE,IDLE,IDLE,IDLE,IDLE,IDLE,IDLE,IDLE,IDLE,IDLE,IDLE,IDLE,IDLE,IDLE,IDLE,IDLE,IDLE,IDLE,IDLE,IDLE,IDLE,IDLE,IDLE,IDLE,IDLE,IDLE,IDLE,IDLE,IDLE,IDLE,IDLE,IDLE,IDLE,IDLE,IDLE,IDLE,IDLE,IDLE,IDLE,IDLE,IDLE,IDLE,IDLE,IDLE,IDLE,IDLE,IDLE,IDLE,IDLE
297,2024-01-13 09:00:01,0.00,0.00,0,0.0000,0.0000,0.00,0.9998,0.9999,0.9997,0.9997,0.9998,0.9998,0.9998,0.9997,0.9998,0.9998,0.9999,0.9998,0.9998,0.9999,0.9998,0.9999,0.9998,0.9997,0.9998,0.9998,0.9997,0.9998,0.9999,0.9998,0.9998,0.9999,0.9998,0.9998,0.9998,0.9997,0.9998,0.9998,0.9998,0.9998,0.9998,0.9997,0.9997,0.9998,0.9998,0.9998,0.9998,0.9998,0.9998,0.9998,0.9998,0.9997,0.9999,0.9998,0.9998,0.9999,0.1438,0.1191,0.1865,0.1761,0.1902,0.1870,0.1208,0.1891,0.1883,0.1498,0.1848,0.1325,0.1839,0.1449,0.1993,0.1449,0.1958,0.1884,0.1540,0.1514,0.1877,0.1958,0.1692,0.1584,0.1343,0.1244,0.1958,0.1498,0.1568,0.1806,0.1718,0.1162,0.1883,0.1410,0.1321,0.1761,0.1916,0.1162,0.1545,0.1978,0.1208,0.1917,0.1786,0.1584,0.1901,0.1860,0.1881,0.1633,0.1977,0.1843,IDLE,IDLE,IDLE,IDLE,IDLE,IDLE,IDLE,IDLE,IDLE,IDLE,IDLE,IDLE,IDLE,IDLE,IDLE,IDLE,IDLE,IDLE,IDLE,IDLE,IDLE,IDLE,IDLE,IDLE,IDLE,IDLE,IDLE,IDLE,IDLE,IDLE,IDLE,IDLE,IDLE,IDLE,IDLE,IDLE,IDLE,IDLE,IDLE,IDLE,IDLE,IDLE,IDLE,IDLE,IDLE,IDLE,IDLE,IDLE,IDLE,IDLE
298,2024-01-13 10:00:01,0.00,0.00,0,0.0000,0.0000,0.00,0.9998,0.9999,0.9997,0.9997,0.9998,0.9998,0.9998,0.9997,0.9998,0.9998,0.9999,0.9998,0.9998,0.9999,0.9998,0.9999,0.9998,0.9997,0.9998,0.9998,0.9997,0.9998,0.9999,0.9998,0.9998,0.9999,0.9998,0.9998,0.9998,0.9997,0.9998,0.9998,0.9998,0.9998,0.9998,0.9997,0.9997,0.9998,0.9998,0.9998,0.9998,0.9998,0.9998,0.9998,0.9998,0.9997,0.9999,0.9998,0.9998,0.9999,0.1438,0.1191,0.1865,0.1761,0.1902,0.1870,0.1208,0.1891,0.1883,0.1498,0.1848,0.1325,0.1839,0.1449,0.1993,0.1449,0.1958,0.1884,0.1540,0.1514,0.1877,0.1958,0.1692,0.1584,0.1343,0.1244,0.1958,0.1498,0.1568,0.1806,0.1718,0.1162,0.1883,0.1410,0.1321,0.1761,0.1916,0.1162,0.1545,0.1978,0.1208,0.1917,0.1786,0.1584,0.1901,0.1860,0.1881,0.1633,0.1977,0.1843,IDLE,IDLE,IDLE,IDLE,IDLE,IDLE,IDLE,IDLE,IDLE,IDLE,IDLE,IDLE,IDLE,IDLE,IDLE,IDLE,IDLE,IDLE,IDLE,IDLE,IDLE,IDLE,IDLE,IDLE,IDLE,IDLE,IDLE,IDLE,IDLE,IDLE,IDLE,IDLE,IDLE,IDLE,IDLE,IDLE,IDLE,IDLE,IDLE,IDLE,IDLE,IDLE,IDLE,IDLE,IDLE,IDLE,IDLE,IDLE,IDLE,IDLE
299,2024-01-13 11:00:01,0.00,0.00,0,0.0000,0.0000,0.00,0.9998,0.9999,0.9997,0.9997,0.9998,0.9998,0.9998,0.9997,0.9998,0.9998,0.9999,0.9998,0.9998,0.9999,0.9998,0.9999,0.9998,0.9997,0.9998,0.9998,0.9997,0.9998,0.9999,0.9998,0.9998,0.9999,0.9998,0.9998,0.9998,0.9997,0.9998,0.9998,0.9998,0.9998,0.9998,0.9997,0.9997,0.9998,0.9998,0.9998,0.9998,0.9998,0.9998,0.9998,0.9998,0.9997,0.9999,0.9998,0.9998,0.9999,0.1438,0.1191,0.1865,0.1761,0.1902,0.1870,0.1208,0.1891,0.1883,0.1498,0.1848,0.1325,0.1839,0.1449,0.1993,0.1449,0.1958,0.1884,0.1540,0.1514,0.1877,0.1958,0.1692,0.1584,0.1343,0.1244,0.1958,0.1498,0.1568,0.1806,0.1718,0.1162,0.1883,0.1410,0.1321,0.1761,0.1916,0.1162,0.1545,0.1978,0.1208,0.1917,0.1786,0.1584,0.1901,0.1860,0.1881,0.1633,0.1977,0.1843,IDLE,IDLE,IDLE,IDLE,IDLE,IDLE,IDLE,IDLE,IDLE,IDLE,IDLE,IDLE,IDLE,IDLE,IDLE,IDLE,IDLE,IDLE,IDLE,IDLE,IDLE,IDLE,IDLE,IDLE,IDLE,IDLE,IDLE,IDLE,IDLE,IDLE,IDLE,IDLE,IDLE,IDLE,IDLE,IDLE,IDLE,IDLE,IDLE,IDLE,IDLE,IDLE,IDLE,IDLE,IDLE,IDLE,IDLE,IDLE,IDLE,IDLE
300,2024-01-13 12:00:01,0.00,0.00,0,0.0000,0.0000,0.00,0.9998,0.9999,0.9997,0.9997,0.9998,0.9998,0.9998,0.9997,0.9998,0.9998,0.9999,0.9998,0.9998,0.9999,0.9998,0.9999,0.9998,0.9997,0.9998,0.9998,0.9997,0.9998,0.9999,0.9998,0.9998,0.9999,0.9998,0.9998,0.9998,0.9997,0.9998,0.9998,0.9998,0.9998,0.9998,0.9997,0.9997,0.9998,0.9998,0.9998,0.9998,0.9998,0.9998,0.9998,0.9998,0.9997,0.9999,0.9998,0.9998,0.9999,0.1438,0.1191,0.1865,0.1761,0.1902,0.1870,0.1208,0.1891,0.1883,0.1498,0.1848,0.1325,0.1839,0.1449,0.1993,0.1449,0.1958,0.1884,0.1540,0.1514,0.1877,0.1958,0.1692,0.1584,0.1343,0.1244,0.1958,0.1498,0.1568,0.1806,0.1718,0.1162,0.1883,0.1410,0.1321,0.1761,0.1916,0.1162,0.1545,0.1978,0.1208,0.1917,0.1786,0.1584,0.1901,0.1860,0.1881,0.1633,0.1977,0.1843,IDLE,IDLE,IDLE,IDLE,IDLE,IDLE,IDLE,IDLE,IDLE,IDLE,IDLE,IDLE,IDLE,IDLE,IDLE,IDLE,IDLE,IDLE,IDLE,IDLE,IDLE,IDLE,IDLE,IDLE,IDLE,IDLE,IDLE,IDLE,IDLE,IDLE,IDLE,IDLE,IDLE,IDLE,IDLE,IDLE,IDLE,IDLE,IDLE,IDLE,IDLE,IDLE,IDLE,IDLE,IDLE,IDLE,IDLE,IDLE,IDLE,IDLE
301,2024-01-13 13:00:01,0.00,0.00,0,0.0000,0.0000,0.00,0.9998,0.9999,0.9997,0.9997,0.9998,0.9998,0.9998,0.9997,0.9998,0.9998,0.9999,0.9998,0.9998,0.9999,0.9998,0.9999,0.9998,0.9997,0.9998,0.9998,0.9997,0.9998,0.9999,0.9998,0.9998,0.9999,0.9998,0.9998,0.9998,0.9997,0.9998,0.9998,0.9998,0.9998,0.9998,0.9997,0.9997,0.9998,0.9998,0.9998,0.9998,0.9998,0.9998,0.9998,0.9998,0.9997,0.9999,0.9998,0.9998,0.9999,0.1438,0.1191,0.1865,0.1761,0.1902,0.1870,0.1208,0.1891,0.1883,0.1498,0.1848,0.1325,0.1839,0.1449,0.1993,0.1449,0.1958,0.1884,0.1540,0.1514,0.1877,0.1958,0.1692,0.1584,0.1343,0.1244,0.1958,0.1498,0.1568,0.1806,0.1718,0.1162,0.1883,0.1410,0.1321,0.1761,0.1916,0.1162,0.1545,0.1978,0.1208,0.1917,0.1786,0.1584,0.1901,0.1860,0.1881,0.1633,0.1977,0.1843,IDLE,IDLE,IDLE,IDLE,IDLE,IDLE,IDLE,IDLE,IDLE,IDLE,IDLE,IDLE,IDLE,IDLE,IDLE,IDLE,IDLE,IDLE,IDLE,IDLE,IDLE,IDLE,IDLE,IDLE,IDLE,IDLE,IDLE,IDLE,IDLE,IDLE,IDLE,IDLE,IDLE,IDLE,IDLE,IDLE,IDLE,IDLE,IDLE,IDLE,IDLE,IDLE,IDLE,IDLE,IDLE,IDLE,IDLE,IDLE,IDLE,IDLE
302,2024-01-13 14:00:01,0.00,0.00,0,0.0000,0.0000,0.00,0.9998,0.9999,0.9997,0.9997,0.9998,0.9998,0.9998,0.9997,0.9998,0.9998,0.9999,0.9998,0.9998,0.9999,0.9998,0.9999,0.9998,0.9997,0.9998,0.9998,0.9997,0.9998,0.9999,0.9998,0.9998,0.9999,0.9998,0.9998,0.9998,0.9997,0.9998,0.9998,0.9998,0.9998,0.9998,0.9997,0.9997,0.9998,0.9998,0.9998,0.9998,0.9998,0.9998,0.9998,0.9998,0.9997,0.9999,0.9998,0.9998,0.9999,0.1438,0.1191,0.1865,0.1761,0.1902,0.1870,0.1208,0.1891,0.1883,0.1498,0.1848,0.1325,0.1839,0.1449,0.1993,0.1449,0.1958,0.1884,0.1540,0.1514,0.1877,0.1958,0.1692,0.1584,0.1343,0.1244,0.1958,0.1498,0.1568,0.1806,0.1718,0.1162,0.1883,0.1410,0.1321,0.1761,0.1916,0.1162,0.1545,0.1978,0.1208,0.1917,0.1786,0.1584,0.1901,0.1860,0.1881,0.1633,0.1977,0.1843,IDLE,IDLE,IDLE,IDLE,IDLE,IDLE,IDLE,IDLE,IDLE,IDLE,IDLE,IDLE,IDLE,IDLE,IDLE,IDLE,IDLE,IDLE,IDLE,IDLE,IDLE,IDLE,IDLE,IDLE,IDLE,IDLE,IDLE,IDLE,IDLE,IDLE,IDLE,IDLE,IDLE,IDLE,IDLE,IDLE,IDLE,IDLE,IDLE,IDLE,IDLE,IDLE,IDLE,IDLE,IDLE,IDLE,IDLE,IDLE,IDLE,IDLE
303,2024-01-13 15:00:01,0.00,0.00,0,0.0000,0.0000,0.00,0.9998,0.9999,0.9997,0.9997,0.9998,0.9998,0.9998,0.9997,0.9998,0.9998,0.9999,0.9998,0.9998,0.9999,0.9998,0.9999,0.9998,0.9997,0.9998,0.9998,0.9997,0.9998,0.9999,0.9998,0.9998,0.9999,0.9998,0.9998,0.9998,0.9997,0.9998,0.9998,0.9998,0.9998,0.9998,0.9997,0.9997,0.9998,0.9998,0.9998,0.9998,0.9998,0.9998,0.9998,0.9998,0.9997,0.9999,0.9998,0.9998,0.9999,0.1438,0.1191,0.1865,0.1761,0.1902,0.1870,0.1208,0.1891,0.1883,0.1498,0.1848,0.1325,0.1839,0.1449,0.1993,0.1449,0.1958,0.1884,0.1540,0.1514,0.1877,0.1958,0.1692,0.1584,0.1343,0.1244,0.1958,0.1498,0.1568,0.1806,0.1718,0.1162,0.1883,0.1410,0.1321,0.1761,0.1916,0.1162,0.1545,0.1978,0.1208,0.1917,0.1786,0.1584,0.1901,0.1860,0.1881,0.1633,0.1977,0.1843,IDLE,IDLE,IDLE,IDLE,IDLE,IDLE,IDLE,IDLE,IDLE,IDLE,IDLE,IDLE,IDLE,IDLE,IDLE,IDLE,IDLE,IDLE,IDLE,IDLE,IDLE,IDLE,IDLE,IDLE,IDLE,IDLE,IDLE,IDLE,IDLE,IDLE,IDLE,IDLE,IDLE,IDLE,IDLE,IDLE,IDLE,IDLE,IDLE,IDLE,IDLE,IDLE,IDLE,IDLE,IDLE,IDLE,IDLE,IDLE,IDLE,IDLE
304,2024-01-13 16:00:01,0.00,0.00,0,0.0000,0.0000,0.00,0.9998,0.9999,0.9997,0.9997,0.9998,0.9998,0.9998,0.9997,0.9998,0.9998,0.9999,0.9998,0.9998,0.9999,0.9998,0.9999,0.9998,0.9997,0.9998,0.9998,0.9997,0.9998,0.9999,0.9998,0.9998,0.9999,0.9998,0.9998,0.9998,0.9997,0.9998,0.9998,0.9998,0.9998,0.9998,0.9997,0.9997,0.9998,0.9998,0.9998,0.9998,0.9998,0.9998,0.9998,0.9998,0.9997,0.9999,0.9998,0.9998,0.9999,0.1438,0.1191,0.1865,0.1761,0.1902,0.1870,0.1208,0.1891,0.1883,0.1498,0.1848,0.1325,0.1839,0.1449,0.1993,0.1449,0.1958,0.1884,0.1540,0.1514,0.1877,0.1958,0.1692,0.1584,0.1343,0.1244,0.1958,0.1498,0.1568,0.1806,0.1718,0.1162,0.1883,0.1410,0.1321,0.1761,0.1916,0.1162,0.1545,0.1978,0.1208,0.1917,0.1786,0.1584,0.1901,0.1860,0.1881,0.1633,0.1977,0.1843,IDLE,IDLE,IDLE,IDLE,IDLE,IDLE,IDLE,IDLE,IDLE,IDLE,IDLE,IDLE,IDLE,IDLE,IDLE,IDLE,IDLE,IDLE,IDLE,IDLE,IDLE,IDLE,IDLE,IDLE,IDLE,IDLE,IDLE,IDLE,IDLE,IDLE,IDLE,IDLE,IDLE,IDLE,IDLE,IDLE,IDLE,IDLE,IDLE,IDLE,IDLE,IDLE,IDLE,IDLE,IDLE,IDLE,IDLE,IDLE,IDLE,IDLE
305,2024-01-13 17:00:01,0.00,0.00,0,0.0000,0.0000,0.00,0.9998,0.9999,0.9997,0.9997,0.9998,0.9998,0.9998,0.9997,0.9998,0.9998,0.9999,0.9998,0.9998,0.9999,0.9998,0.9999,0.9998,0.9997,0.9998,0.9998,0.9997,0.9998,0.9999,0.9998,0.9998,0.9999,0.9998,0.9998,0.9998,0.9997,0.9998,0.9998,0.9998,0.9998,0.9998,0.9997,0.9997,0.9998,0.9998,0.9998,0.9998,0.9998,0.9998,0.9998,0.9998,0.9997,0.9999,0.9998,0.9998,0.9999,0.1438,0.1191,0.1865,0.1761,0.1902,0.1870,0.1208,0.1891,0.1883,0.1498,0.1848,0.1325,0.1839,0.1449,0.1993,0.1449,0.1958,0.1884,0.1540,0.1514,0.1877,0.1958,0.1692,0.1584,0.1343,0.1244,0.1958,0.1498,0.1568,0.1806,0.1718,0.1162,0.1883,0.1410,0.1321,0.1761,0.1916,0.1162,0.1545,0.1978,0.1208,0.1917,0.1786,0.1584,0.1901,0.1860,0.1881,0.1633,0.1977,0.1843,IDLE,IDLE,IDLE,IDLE,IDLE,IDLE,IDLE,IDLE,IDLE,IDLE,IDLE,IDLE,IDLE,IDLE,IDLE,IDLE,IDLE,IDLE,IDLE,IDLE,IDLE,IDLE,IDLE,IDLE,IDLE,IDLE,IDLE,IDLE,IDLE,IDLE,IDLE,IDLE,IDLE,IDLE,IDLE,IDLE,IDLE,IDLE,IDLE,IDLE,IDLE,IDLE,IDLE,IDLE,IDLE,IDLE,IDLE,IDLE,IDLE,IDLE
306,2024-01-13 18:00:01,0.00,0.00,0,0.0000,0.0000,0.00,0.9998,0.9999,0.9997,0.9997,0.9998,0.9998,0.9998,0.9997,0.9998,0.9998,0.9999,0.9998,0.9998,0.9999,0.9998,0.9999,0.9998,0.9997,0.9998,0.9998,0.9997,0.9998,0.9999,0.9998,0.9998,0.9999,0.9998,0.9998,0.9998,0.9997,0.9998,0.9998,0.9998,0.9998,0.9998,0.9997,0.9997,0.9998,0.9998,0.9998,0.9998,0.9998,0.9998,0.9998,0.9998,0.9997,0.9999,0.9998,0.9998,0.9999,0.1438,0.1191,0.1865,0.1761,0.1902,0.1870,0.1208,0.1891,0.1883,0.1498,0.1848,0.1325,0.1839,0.1449,0.1993,0.1449,0.1958,0.1884,0.1540,0.1514,0.1877,0.1958,0.1692,0.1584,0.1343,0.1244,0.1958,0.1498,0.1568,0.1806,0.1718,0.1162,0.1883,0.1410,0.1321,0.1761,0.1916,0.1162,0.1545,0.1978,0.1208,0.1917,0.1786,0.1584,0.1901,0.1860,0.1881,0.1633,0.1977,0.1843,IDLE,IDLE,IDLE,IDLE,IDLE,IDLE,IDLE,IDLE,IDLE,IDLE,IDLE,IDLE,IDLE,IDLE,IDLE,IDLE,IDLE,IDLE,IDLE,IDLE,IDLE,IDLE,IDLE,IDLE,IDLE,IDLE,IDLE,IDLE,IDLE,IDLE,IDLE,IDLE,IDLE,IDLE,IDLE,IDLE,IDLE,IDLE,IDLE,IDLE,IDLE,IDLE,IDLE,IDLE,IDLE,IDLE,IDLE,IDLE,IDLE,IDLE
307,2024-01-13 19:00:01,0.00,0.00,0,0.0000,0.0000,0.00,0.9998,0.9999,0.9997,0.9997,0.9998,0.9998,0.9998,0.9997,0.9998,0.9998,0.9999,0.9998,0.9998,0.9999,0.9998,0.9999,0.9998,0.9997,0.9998,0.9998,0.9997,0.9998,0.9999,0.9998,0.9998,0.9999,0.9998,0.9998,0.9998,0.9997,0.9998,0.9998,0.9998,0.9998,0.9998,0.9997,0.9997,0.9998,0.9998,0.9998,0.9998,0.9998,0.9998,0.9998,0.9998,0.9997,0.9999,0.9998,0.9998,0.9999,0.1438,0.1191,0.1865,0.1761,0.1902,0.1870,0.1208,0.1891,0.1883,0.1498,0.1848,0.1325,0.1839,0.1449,0.1993,0.1449,0.1958,0.1884,0.1540,0.1514,0.1877,0.1958,0.1692,0.1584,0.1343,0.1244,0.1958,0.1498,0.1568,0.1806,0.1718,0.1162,0.1883,0.1410,0.1321,0.1761,0.1916,0.1162,0.1545,0.1978,0.1208,0.1917,0.1786,0.1584,0.1901,0.1860,0.1881,0.1633,0.1977,0.1843,IDLE,IDLE,IDLE,IDLE,IDLE,IDLE,IDLE,IDLE,IDLE,IDLE,IDLE,IDLE,IDLE,IDLE,IDLE,IDLE,IDLE,IDLE,IDLE,IDLE,IDLE,IDLE,IDLE,IDLE,IDLE,IDLE,IDLE,IDLE,IDLE,IDLE,IDLE,IDLE,IDLE,IDLE,IDLE,IDLE,IDLE,IDLE,IDLE,IDLE,IDLE,IDLE,IDLE,IDLE,IDLE,IDLE,IDLE,IDLE,IDLE,IDLE
308,2024-01-13 20:00:01,0.00,0.00,0,0.0000,0.0000,0.00,0.9998,0.9999,0.9997,0.9997,0.9998,0.9998,0.9998,0.9997,0.9998,0.9998,0.9999,0.9998,0.9998,0.9999,0.9998,0.9999,0.9998,0.9997,0.9998,0.9998,0.9997,0.9998,0.9999,0.9998,0.9998,0.9999,0.9998,0.9998,0.9998,0.9997,0.9998,0.9998,0.9998,0.9998,0.9998,0.9997,0.9997,0.9998,0.9998,0.9998,0.9998,0.9998,0.9998,0.9998,0.9998,0.9997,0.9999,0.9998,0.9998,0.9999,0.1438,0.1191,0.1865,0.1761,0.1902,0.1870,0.1208,0.1891,0.1883,0.1498,0.1848,0.1325,0.1839,0.1449,0.1993,0.1449,0.1958,0.1884,0.1540,0.1514,0.1877,0.1958,0.1692,0.1584,0.1343,0.1244,0.1958,0.1498,0.1568,0.1806,0.1718,0.1162,0.1883,0.1410,0.1321,0.1761,0.1916,0.1162,0.1545,0.1978,0.1208,0.1917,0.1786,0.1584,0.1901,0.1860,0.1881,0.1633,0.1977,0.1843,IDLE,IDLE,IDLE,IDLE,IDLE,IDLE,IDLE,IDLE,IDLE,IDLE,IDLE,IDLE,IDLE,IDLE,IDLE,IDLE,IDLE,IDLE,IDLE,IDLE,IDLE,IDLE,IDLE,IDLE,IDLE,IDLE,IDLE,IDLE,IDLE,IDLE,IDLE,IDLE,IDLE,IDLE,IDLE,IDLE,IDLE,IDLE,IDLE,IDLE,IDLE,IDLE,IDLE,IDLE,IDLE,IDLE,IDLE,IDLE,IDLE,IDLE
309,2024-01-13 21:00:01,0.00,0.00,0,0.0000,0.0000,0.00,0.9998,0.9999,0.9997,0.9997,0.9998,0.9998,0.9998,0.9997,0.9998,0.9998,0.9999,0.9998,0.9998,0.9999,0.9998,0.9999,0.9998,0.9997,0.9998,0.9998,0.9997,0.9998,0.9999,0.9998,0.9998,0.9999,0.9998,0.9998,0.9998,0.9997,0.9998,0.9998,0.9998,0.9998,0.9998,0.9997,0.9997,0.9998,0.9998,0.9998,0.9998,0.9998,0.9998,0.9998,0.9998,0.9997,0.9999,0.9998,0.9998,0.9999,0.1438,0.1191,0.1865,0.1761,0.1902,0.1870,0.1208,0.1891,0.1883,0.1498,0.1848,0.1325,0.1839,0.1449,0.1993,0.1449,0.1958,0.1884,0.1540,0.1514,0.1877,0.1958,0.1692,0.1584,0.1343,0.1244,0.1958,0.1498,0.1568,0.1806,0.1718,0.1162,0.1883,0.1410,0.1321,0.1761,0.1916,0.1162,0.1545,0.1978,0.1208,0.1917,0.1786,0.1584,0.1901,0.1860,0.1881,0.1633,0.1977,0.1843,IDLE,IDLE,IDLE,IDLE,IDLE,IDLE,IDLE,IDLE,IDLE,IDLE,IDLE,IDLE,IDLE,IDLE,IDLE,IDLE,IDLE,IDLE,IDLE,IDLE,IDLE,IDLE,IDLE,IDLE,IDLE,IDLE,IDLE,IDLE,IDLE,IDLE,IDLE,IDLE,IDLE,IDLE,IDLE,IDLE,IDLE,IDLE,IDLE,IDLE,IDLE,IDLE,IDLE,IDLE,IDLE,IDLE,IDLE,IDLE,IDLE,IDLE
310,2024-01-13 22:00:01,0.00,0.00,0,0.0000,0.0000,0.00,0.9998,0.9999,0.9997,0.9997,0.9998,0.9998,0.9998,0.9997,0.9998,0.9998,0.9999,0.9998,0.9998,0.9999,0.9998,0.9999,0.9998,0.9997,0.9998,0.9998,0.9997,0.9998,0.9999,0.9998,0.9998,0.9999,0.9998,0.9998,0.9998,0.9997,0.9998,0.9998,0.9998,0.9998,0.9998,0.9997,0.9997,0.9998,0.9998,0.9998,0.9998,0.9998,0.9998,0.9998,0.9998,0.9997,0.9999,0.9998,0.9998,0.9999,0.1438,0.1191,0.1865,0.1761,0.1902,0.1870,0.1208,0.1891,0.1883,0.1498,0.1848,0.1325,0.1839,0.1449,0.1993,0.1449,0.1958,0.1884,0.1540,0.1514,0.1877,0.1958,0.1692,0.1584,0.1343,0.1244,0.1958,0.1498,0.1568,0.1806,0.1718,0.1162,0.1883,0.1410,0.1321,0.1761,0.1916,0.1162,0.1545,0.1978,0.1208,0.1917,0.1786,0.1584,0.1901,0.1860,0.1881,0.1633,0.1977,0.1843,IDLE,IDLE,IDLE,IDLE,IDLE,IDLE,IDLE,IDLE,IDLE,IDLE,IDLE,IDLE,IDLE,IDLE,IDLE,IDLE,IDLE,IDLE,IDLE,IDLE,IDLE,IDLE,IDLE,IDLE,IDLE,IDLE,IDLE,IDLE,IDLE,IDLE,IDLE,IDLE,IDLE,IDLE,IDLE,IDLE,IDLE,IDLE,IDLE,IDLE,IDLE,IDLE,IDLE,IDLE,IDLE,IDLE,IDLE,IDLE,IDLE,IDLE
311,2024-01-13 23:00:01,0.00,0.00,0,0.0000,0.0000,0.00,0.9998,0.9999,0.9997,0.9997,0.9998,0.9998,0.9998,0.9997,0.9998,0.9998,0.9999,0.9998,0.9998,0.9999,0.9998,0.9999,0.9998,0.9997,0.9998,0.9998,0.9997,0.9998,0.9999,0.9998,0.9998,0.9999,0.9998,0.9998,0.9998,0.9997,0.9998,0.9998,0.9998,0.9998,0.9998,0.9997,0.9997,0.9998,0.9998,0.9998,0.9998,0.9998,0.9998,0.9998,0.9998,0.9997,0.9999,0.9998,0.9998,0.9999,0.1438,0.1191,0.1865,0.1761,0.1902,0.1870,0.1208,0.1891,0.1883,0.1498,0.1848,0.1325,0.1839,0.1449,0.1993,0.1449,0.1958,0.1884,0.1540,0.1514,0.1877,0.1958,0.1692,0.1584,0.1343,0.1244,0.1958,0.1498,0.1568,0.1806,0.1718,0.1162,0.1883,0.1410,0.1321,0.1761,0.1916,0.1162,0.1545,0.1978,0.1208,0.1917,0.1786,0.1584,0.1901,0.1860,0.1881,0.1633,0.1977,0.1843,IDLE,IDLE,IDLE,IDLE,IDLE,IDLE,IDLE,IDLE,IDLE,IDLE,IDLE,IDLE,IDLE,IDLE,IDLE,IDLE,IDLE,IDLE,IDLE,IDLE,IDLE,IDLE,IDLE,IDLE,IDLE,IDLE,IDLE,IDLE,IDLE,IDLE,IDLE,IDLE,IDLE,IDLE,IDLE,IDLE,IDLE,IDLE,IDLE,IDLE,IDLE,IDLE,IDLE,IDLE,IDLE,IDLE,IDLE,IDLE,IDLE,IDLE
312,2024-01-14 00:00:01,0.00,0.00,0,0.0000,0.0000,0.00,0.9998,0.9999,0.9997,0.9997,0.9998,0.9998,0.9998,0.9997,0.9998,0.9998,0.9999,0.9998,0.9998,0.9999,0.9998,0.9999,0.9998,0.9997,0.9998,0.9998,0.9997,0.9998,0.9999,0.9998,0.9998,0.9999,0.9998,0.9998,0.9998,0.9997,0.9998,0.9998,0.9998,0.9998,0.9998,0.9997,0.9997,0.9998,0.9998,0.9998,0.9998,0.9998,0.9998,0.9998,0.9998,0.9997,0.9999,0.9998,0.9998,0.9999,0.1438,0.1191,0.1865,0.1761,0.1902,0.1870,0.1208,0.1891,0.1883,0.1498,0.1848,0.1325,0.1839,0.1449,0.1993,0.1449,0.1958,0.1884,0.1540,0.1514,0.1877,0.1958,0.1692,0.1584,0.1343,0.1244,0.1958,0.1498,0.1568,0.1806,0.1718,0.1162,0.1883,0.1410,0.1321,0.1761,0.1916,0.1162,0.1545,0.1978,0.1208,0.1917,0.1786,0.1584,0.1901,0.1860,0.1881,0.1633,0.1977,0.1843,IDLE,IDLE,IDLE,IDLE,IDLE,IDLE,IDLE,IDLE,IDLE,IDLE,IDLE,IDLE,IDLE,IDLE,IDLE,IDLE,IDLE,IDLE,IDLE,IDLE,IDLE,IDLE,IDLE,IDLE,IDLE,IDLE,IDLE,IDLE,IDLE,IDLE,IDLE,IDLE,IDLE,IDLE,IDLE,IDLE,IDLE,IDLE,IDLE,IDLE,IDLE,IDLE,IDLE,IDLE,IDLE,IDLE,IDLE,IDLE,IDLE,IDLE
313,2024-01-14 01:00:01,0.00,0.00,0,0.0000,0.0000,0.00,0.9998,0.9999,0.9997,0.9997,0.9998,0.9998,0.9998,0.9997,0.9998,0.9998,0.9999,0.9998,0.9998,0.9999,0.9998,0.9999,0.9998,0.9997,0.9998,0.9998,0.9997,0.9998,0.9999,0.9998,0.9998,0.9999,0.9998,0.9998,0.9998,0.9997,0.9998,0.9998,0.9998,0.9998,0.9998,0.9997,0.9997,0.9998,0.9998,0.9998,0.9998,0.9998,0.9998,0.9998,0.9998,0.9997,0.9999,0.9998,0.9998,0.9999,0.1438,0.1191,0.1865,0.1761,0.1902,0.1870,0.1208,0.1891,0.1883,0.1498,0.1848,0.1325,0.1839,0.1449,0.1993,0.1449,0.1958,0.1884,0.1540,0.1514,0.1877,0.1958,0.1692,0.1584,0.1343,0.1244,0.1958,0.1498,0.1568,0.1806,0.1718,0.1162,0.1883,0.1410,0.1321,0.1761,0.1916,0.1162,0.1545,0.1978,0.1208,0.1917,0.1786,0.1584,0.1901,0.1860,0.1881,0.1633,0.1977,0.1843,IDLE,IDLE,IDLE,IDLE,IDLE,IDLE,IDLE,IDLE,IDLE,IDLE,IDLE,IDLE,IDLE,IDLE,IDLE,IDLE,IDLE,IDLE,IDLE,IDLE,IDLE,IDLE,IDLE,IDLE,IDLE,IDLE,IDLE,IDLE,IDLE,IDLE,IDLE,IDLE,IDLE,IDLE,IDLE,IDLE,IDLE,IDLE,IDLE,IDLE,IDLE,IDLE,IDLE,IDLE,IDLE,IDLE,IDLE,IDLE,IDLE,IDLE
314,2024-01-14 02:00:01,0.00,0.00,0,0.0000,0.0000,0.00,0.9998,0.9999,0.9997,0.9997,0.9998,0.9998,0.9998,0.9997,0.9998,0.9998,0.9999,0.9998,0.9998,0.9999,0.9998,0.9999,0.9998,0.9997,0.9998,0.9998,0.9997,0.9998,0.9999,0.9998,0.9998,0.9999,0.9998,0.9998,0.9998,0.9997,0.9998,0.9998,0.9998,0.9998,0.9998,0.9997,0.9997,0.9998,0.9998,0.9998,0.9998,0.9998,0.9998,0.9998,0.9998,0.9997,0.9999,0.9998,0.9998,0.9999,0.1438,0.1191,0.1865,0.1761,0.1902,0.1870,0.1208,0.1891,0.1883,0.1498,0.1848,0.1325,0.1839,0.1449,0.1993,0.1449,0.1958,0.1884,0.1540,0.1514,0.1877,0.1958,0.1692,0.1584,0.1343,0.1244,0.1958,0.1498,0.1568,0.1806,0.1718,0.1162,0.1883,0.1410,0.1321,0.1761,0.1916,0.1162,0.1545,0.1978,0.1208,0.1917,0.1786,0.1584,0.1901,0.1860,0.1881,0.1633,0.1977,0.1843,IDLE,IDLE,IDLE,IDLE,IDLE,IDLE,IDLE,IDLE,IDLE,IDLE,IDLE,IDLE,IDLE,IDLE,IDLE,IDLE,IDLE,IDLE,IDLE,IDLE,IDLE,IDLE,IDLE,IDLE,IDLE,IDLE,IDLE,IDLE,IDLE,IDLE,IDLE,IDLE,IDLE,IDLE,IDLE,IDLE,IDLE,IDLE,IDLE,IDLE,IDLE,IDLE,IDLE,IDLE,IDLE,IDLE,IDLE,IDLE,IDLE,IDLE
315,2024-01-14 03:00:01,0.00,0.00,0,0.0000,0.0000,0.00,0.9998,0.9999,0.9997,0.9997,0.9998,0.9998,0.9998,0.9997,0.9998,0.9998,0.9999,0.9998,0.9998,0.9999,0.9998,0.9999,0.9998,0.9997,0.9998,0.9998,0.9997,0.9998,0.9999,0.9998,0.9998,0.9999,0.9998,0.9998,0.9998,0.9997,0.9998,0.9998,0.9998,0.9998,0.9998,0.9997,0.9997,0.9998,0.9998,0.9998,0.9998,0.9998,0.9998,0.9998,0.9998,0.9997,0.9999,0.9998,0.9998,0.9999,0.1438,0.1191,0.1865,0.1761,0.1902,0.1870,0.1208,0.1891,0.1883,0.1498,0.1848,0.1325,0.1839,0.1449,0.1993,0.1449,0.1958,0.1884,0.1540,0.1514,0.1877,0.1958,0.1692,0.1584,0.1343,0.1244,0.1958,0.1498,0.1568,0.1806,0.1718,0.1162,0.1883,0.1410,0.1321,0.1761,0.1916,0.1162,0.1545,0.1978,0.1208,0.1917,0.1786,0.1584,0.1901,0.1860,0.1881,0.1633,0.1977,0.1843,IDLE,IDLE,IDLE,IDLE,IDLE,IDLE,IDLE,IDLE,IDLE,IDLE,IDLE,IDLE,IDLE,IDLE,IDLE,IDLE,IDLE,IDLE,IDLE,IDLE,IDLE,IDLE,IDLE,IDLE,IDLE,IDLE,IDLE,IDLE,IDLE,IDLE,IDLE,IDLE,IDLE,IDLE,IDLE,IDLE,IDLE,IDLE,IDLE,IDLE,IDLE,IDLE,IDLE,IDLE,IDLE,IDLE,IDLE,IDLE,IDLE,IDLE
316,2024-01-14 04:00:01,0.00,0.00,0,0.0000,0.0000,0.00,0.9998,0.9999,0.9997,0.9997,0.9998,0.9998,0.9998,0.9997,0.9998,0.9998,0.9999,0.9998,0.9998,0.9999,0.9998,0.9999,0.9998,0.9997,0.9998,0.9998,0.9997,0.9998,0.9999,0.9998,0.9998,0.9999,0.9998,0.9998,0.9998,0.9997,0.9998,0.9998,0.9998,0.9998,0.9998,0.9997,0.9997,0.9998,0.9998,0.9998,0.9998,0.9998,0.9998,0.9998,0.9998,0.9997,0.9999,0.9998,0.9998,0.9999,0.1438,0.1191,0.1865,0.1761,0.1902,0.1870,0.1208,0.1891,0.1883,0.1498,0.1848,0.1325,0.1839,0.1449,0.1993,0.1449,0.1958,0.1884,0.1540,0.1514,0.1877,0.1958,0.1692,0.1584,0.1343,0.1244,0.1958,0.1498,0.1568,0.1806,0.1718,0.1162,0.1883,0.1410,0.1321,0.1761,0.1916,0.1162,0.1545,0.1978,0.1208,0.1917,0.1786,0.1584,0.1901,0.1860,0.1881,0.1633,0.1977,0.1843,IDLE,IDLE,IDLE,IDLE,IDLE,IDLE,IDLE,IDLE,IDLE,IDLE,IDLE,IDLE,IDLE,IDLE,IDLE,IDLE,IDLE,IDLE,IDLE,IDLE,IDLE,IDLE,IDLE,IDLE,IDLE,IDLE,IDLE,IDLE,IDLE,IDLE,IDLE,IDLE,IDLE,IDLE,IDLE,IDLE,IDLE,IDLE,IDLE,IDLE,IDLE,IDLE,IDLE,IDLE,IDLE,IDLE,IDLE,IDLE,IDLE,IDLE
317,2024-01-14 05:00:01,0.00,0.00,0,0.0000,0.0000,0.00,0.9998,0.9999,0.9997,0.9997,0.9998,0.9998,0.9998,0.9997,0.9998,0.9998,0.9999,0.9998,0.9998,0.9999,0.9998,0.9999,0.9998,0.9997,0.9998,0.9998,0.9997,0.9998,0.9999,0.9998,0.9998,0.9999,0.9998,0.9998,0.9998,0.9997,0.9998,0.9998,0.9998,0.9998,0.9998,0.9997,0.9997,0.9998,0.9998,0.9998,0.9998,0.9998,0.9998,0.9998,0.9998,0.9997,0.9999,0.9998,0.9998,0.9999,0.1438,0.1191,0.1865,0.1761,0.1902,0.1870,0.1208,0.1891,0.1883,0.1498,0.1848,0.1325,0.1839,0.1449,0.1993,0.1449,0.1958,0.1884,0.1540,0.1514,0.1877,0.1958,0.1692,0.1584,0.1343,0.1244,0.1958,0.1498,0.1568,0.1806,0.1718,0.1162,0.1883,0.1410,0.1321,0.1761,0.1916,0.1162,0.1545,0.1978,0.1208,0.1917,0.1786,0.1584,0.1901,0.1860,0.1881,0.1633,0.1977,0.1843,IDLE,IDLE,IDLE,IDLE,IDLE,IDLE,IDLE,IDLE,IDLE,IDLE,IDLE,IDLE,IDLE,IDLE,IDLE,IDLE,IDLE,IDLE,IDLE,IDLE,IDLE,IDLE,IDLE,IDLE,IDLE,IDLE,IDLE,IDLE,IDLE,IDLE,IDLE,IDLE,IDLE,IDLE,IDLE,IDLE,IDLE,IDLE,IDLE,IDLE,IDLE,IDLE,IDLE,IDLE,IDLE,IDLE,IDLE,IDLE,IDLE,IDLE
318,2024-01-14 06:00:01,0.00,0.00,0,0.0000,0.0000,0.00,0.9998,0.9999,0.9997,0.9997,0.9998,0.9998,0.9998,0.9997,0.9998,0.9998,0.9999,0.9998,0.9998,0.9999,0.9998,0.9999,0.9998,0.9997,0.9998,0.9998,0.9997,0.9998,0.9999,0.9998,0.9998,0.9999,0.9998,0.9998,0.9998,0.9997,0.9998,0.9998,0.9998,0.9998,0.9998,0.9997,0.9997,0.9998,0.9998,0.9998,0.9998,0.9998,0.9998,0.9998,0.9998,0.9997,0.9999,0.9998,0.9998,0.9999,0.1438,0.1191,0.1865,0.1761,0.1902,0.1870,0.1208,0.1891,0.1883,0.1498,0.1848,0.1325,0.1839,0.1449,0.1993,0.1449,0.1958,0.1884,0.1540,0.1514,0.1877,0.1958,0.1692,0.1584,0.1343,0.1244,0.1958,0.1498,0.1568,0.1806,0.1718,0.1162,0.1883,0.1410,0.1321,0.1761,0.1916,0.1162,0.1545,0.1978,0.1208,0.1917,0.1786,0.1584,0.1901,0.1860,0.1881,0.1633,0.1977,0.1843,IDLE,IDLE,IDLE,IDLE,IDLE,IDLE,IDLE,IDLE,IDLE,IDLE,IDLE,IDLE,IDLE,IDLE,IDLE,IDLE,IDLE,IDLE,IDLE,IDLE,IDLE,IDLE,IDLE,IDLE,IDLE,IDLE,IDLE,IDLE,IDLE,IDLE,IDLE,IDLE,IDLE,IDLE,IDLE,IDLE,IDLE,IDLE,IDLE,IDLE,IDLE,IDLE,IDLE,IDLE,IDLE,IDLE,IDLE,IDLE,IDLE,IDLE
319,2024-01-14 07:00:01,0.00,0.00,0,0.0000,0.0000,0.00,0.9998,0.9999,0.9997,0.9997,0.9998,0.9998,0.9998,0.9997,0.9998,0.9998,0.9999,0.9998,0.9998,0.9999,0.9998,0.9999,0.9998,0.9997,0.9998,0.9998,0.9997,0.9998,0.9999,0.9998,0.9998,0.9999,0.9998,0.9998,0.9998,0.9997,0.9998,0.9998,0.9998,0.9998,0.9998,0.9997,0.9997,0.9998,0.9998,0.9998,0.9998,0.9998,0.9998,0.9998,0.9998,0.9997,0.9999,0.9998,0.9998,0.9999,0.1438,0.1191,0.1865,0.1761,0.1902,0.1870,0.1208,0.1891,0.1883,0.1498,0.1848,0.1325,0.1839,0.1449,0.1993,0.1449,0.1958,0.1884,0.1540,0.1514,0.1877,0.1958,0.1692,0.1584,0.1343,0.1244,0.1958,0.1498,0.1568,0.1806,0.1718,0.1162,0.1883,0.1410,0.1321,0.1761,0.1916,0.1162,0.1545,0.1978,0.1208,0.1917,0.1786,0.1584,0.1901,0.1860,0.1881,0.1633,0.1977,0.1843,IDLE,IDLE,IDLE,IDLE,IDLE,IDLE,IDLE,IDLE,IDLE,IDLE,IDLE,IDLE,IDLE,IDLE,IDLE,IDLE,IDLE,IDLE,IDLE,IDLE,IDLE,IDLE,IDLE,IDLE,IDLE,IDLE,IDLE,IDLE,IDLE,IDLE,IDLE,IDLE,IDLE,IDLE,IDLE,IDLE,IDLE,IDLE,IDLE,IDLE,IDLE,IDLE,IDLE,IDLE,IDLE,IDLE,IDLE,IDLE,IDLE,IDLE
320,2024-01-14 08:00:01,0.00,0.00,0,0.0000,0.0000,0.00,0.9998,0.9999,0.9997,0.9997,0.9998,0.9998,0.9998,0.9997,0.9998,0.9998,0.9999,0.9998,0.9998,0.9999,0.9998,0.9999,0.9998,0.9997,0.9998,0.9998,0.9997,0.9998,0.9999,0.9998,0.9998,0.9999,0.9998,0.9998,0.9998,0.9997,0.9998,0.9998,0.9998,0.9998,0.9998,0.9997,0.9997,0.9998,0.9998,0.9998,0.9998,0.9998,0.9998,0.9998,0.9998,0.9997,0.9999,0.9998,0.9998,0.9999,0.1438,0.1191,0.1865,0.1761,0.1902,0.1870,0.1208,0.1891,0.1883,0.1498,0.1848,0.1325,0.1839,0.1449,0.1993,0.1449,0.1958,0.1884,0.1540,0.1514,0.1877,0.1958,0.1692,0.1584,0.1343,0.1244,0.1958,0.1498,0.1568,0.1806,0.1718,0.1162,0.1883,0.1410,0.1321,0.1761,0.1916,0.1162,0.1545,0.1978,0.1208,0.1917,0.1786,0.1584,0.1901,0.1860,0.1881,0.1633,0.1977,0.1843,IDLE,IDLE,IDLE,IDLE,IDLE,IDLE,IDLE,IDLE,IDLE,IDLE,IDLE,IDLE,IDLE,IDLE,IDLE,IDLE,IDLE,IDLE,IDLE,IDLE,IDLE,IDLE,IDLE,IDLE,IDLE,IDLE,IDLE,IDLE,IDLE,IDLE,IDLE,IDLE,IDLE,IDLE,IDLE,IDLE,IDLE,IDLE,IDLE,IDLE,IDLE,IDLE,IDLE,IDLE,IDLE,IDLE,IDLE,IDLE,IDLE,IDLE
321,2024-01-14 09:00:01,0.00,0.00,0,0.0000,0.0000,0.00,0.9998,0.9999,0.9997,0.9997,0.9998,0.9998,0.9998,0.9997,0.9998,0.9998,0.9999,0.9998,0.9998,0.9999,0.9998,0.9999,0.9998,0.9997,0.9998,0.9998,0.9997,0.9998,0.9999,0.9998,0.9998,0.9999,0.9998,0.9998,0.9998,0.9997,0.9998,0.9998,0.9998,0.9998,0.9998,0.9997,0.9997,0.9998,0.9998,0.9998,0.9998,0.9998,0.9998,0.9998,0.9998,0.9997,0.9999,0.9998,0.9998,0.9999,0.1438,0.1191,0.1865,0.1761,0.1902,0.1870,0.1208,0.1891,0.1883,0.1498,0.1848,0.1325,0.1839,0.1449,0.1993,0.1449,0.1958,0.1884,0.1540,0.1514,0.1877,0.1958,0.1692,0.1584,0.1343,0.1244,0.1958,0.1498,0.1568,0.1806,0.1718,0.1162,0.1883,0.1410,0.1321,0.1761,0.1916,0.1162,0.1545,0.1978,0.1208,0.1917,0.1786,0.1584,0.1901,0.1860,0.1881,0.1633,0.1977,0.1843,IDLE,IDLE,IDLE,IDLE,IDLE,IDLE,IDLE,IDLE,IDLE,IDLE,IDLE,IDLE,IDLE,IDLE,IDLE,IDLE,IDLE,IDLE,IDLE,IDLE,IDLE,IDLE,IDLE,IDLE,IDLE,IDLE,IDLE,IDLE,IDLE,IDLE,IDLE,IDLE,IDLE,IDLE,IDLE,IDLE,IDLE,IDLE,IDLE,IDLE,IDLE,IDLE,IDLE,IDLE,IDLE,IDLE,IDLE,IDLE,IDLE,IDLE
322,2024-01-14 10:00:01,0.00,0.00,0,0.0000,0.0000,0.00,0.9998,0.9999,0.9997,0.9997,0.9998,0.9998,0.9998,0.9997,0.9998,0.9998,0.9999,0.9998,0.9998,0.9999,0.9998,0.9999,0.9998,0.9997,0.9998,0.9998,0.9997,0.9998,0.9999,0.9998,0.9998,0.9999,0.9998,0.9998,0.9998,0.9997,0.9998,0.9998,0.9998,0.9998,0.9998,0.9997,0.9997,0.9998,0.9998,0.9998,0.9998,0.9998,0.9998,0.9998,0.9998,0.9997,0.9999,0.9998,0.9998,0.9999,0.1438,0.1191,0.1865,0.1761,0.1902,0.1870,0.1208,0.1891,0.1883,0.1498,0.1848,0.1325,0.1839,0.1449,0.1993,0.1449,0.1958,0.1884,0.1540,0.1514,0.1877,0.1958,0.1692,0.1584,0.1343,0.1244,0.1958,0.1498,0.1568,0.1806,0.1718,0.1162,0.1883,0.1410,0.1321,0.1761,0.1916,0.1162,0.1545,0.1978,0.1208,0.1917,0.1786,0.1584,0.1901,0.1860,0.1881,0.1633,0.1977,0.1843,IDLE,IDLE,IDLE,IDLE,IDLE,IDLE,IDLE,IDLE,IDLE,IDLE,IDLE,IDLE,IDLE,IDLE,IDLE,IDLE,IDLE,IDLE,IDLE,IDLE,IDLE,IDLE,IDLE,IDLE,IDLE,IDLE,IDLE,IDLE,IDLE,IDLE,IDLE,IDLE,IDLE,IDLE,IDLE,IDLE,IDLE,IDLE,IDLE,IDLE,IDLE,IDLE,IDLE,IDLE,IDLE,IDLE,IDLE,IDLE,IDLE,IDLE
323,2024-01-14 11:00:01,0.00,0.00,0,0.0000,0.0000,0.00,0.9998,0.9999,0.9997,0.9997,0.9998,0.9998,0.9998,0.9997,0.9998,0.9998,0.9999,0.9998,0.9998,0.9999,0.9998,0.9999,0.9998,0.9997,0.9998,0.9998,0.9997,0.9998,0.9999,0.9998,0.9998,0.9999,0.9998,0.9998,0.9998,0.9997,0.9998,0.9998,0.9998,0.9998,0.9998,0.9997,0.9997,0.9998,0.9998,0.9998,0.9998,0.9998,0.9998,0.9998,0.9998,0.9997,0.9999,0.9998,0.9998,0.9999,0.1438,0.1191,0.1865,0.1761,0.1902,0.1870,0.1208,0.1891,0.1883,0.1498,0.1848,0.1325,0.1839,0.1449,0.1993,0.1449,0.1958,0.1884,0.1540,0.1514,0.1877,0.1958,0.1692,0.1584,0.1343,0.1244,0.1958,0.1498,0.1568,0.1806,0.1718,0.1162,0.1883,0.1410,0.1321,0.1761,0.1916,0.1162,0.1545,0.1978,0.1208,0.1917,0.1786,0.1584,0.1901,0.1860,0.1881,0.1633,0.1977,0.1843,IDLE,IDLE,IDLE,IDLE,IDLE,IDLE,IDLE,IDLE,IDLE,IDLE,IDLE,IDLE,IDLE,IDLE,IDLE,IDLE,IDLE,IDLE,IDLE,IDLE,IDLE,IDLE,IDLE,IDLE,IDLE,IDLE,IDLE,IDLE,IDLE,IDLE,IDLE,IDLE,IDLE,IDLE,IDLE,IDLE,IDLE,IDLE,IDLE,IDLE,IDLE,IDLE,IDLE,IDLE,IDLE,IDLE,IDLE,IDLE,IDLE,IDLE
324,2024-01-14 12:00:01,0.00,0.00,0,0.0000,0.0000,0.00,0.9998,0.9999,0.9997,0.9997,0.9998,0.9998,0.9998,0.9997,0.9998,0.9998,0.9999,0.9998,0.9998,0.9999,0.9998,0.9999,0.9998,0.9997,0.9998,0.9998,0.9997,0.9998,0.9999,0.9998,0.9998,0.9999,0.9998,0.9998,0.9998,0.9997,0.9998,0.9998,0.9998,0.9998,0.9998,0.9997,0.9997,0.9998,0.9998,0.9998,0.9998,0.9998,0.9998,0.9998,0.9998,0.9997,0.9999,0.9998,0.9998,0.9999,0.1438,0.1191,0.1865,0.1761,0.1902,0.1870,0.1208,0.1891,0.1883,0.1498,0.1848,0.1325,0.1839,0.1449,0.1993,0.1449,0.1958,0.1884,0.1540,0.1514,0.1877,0.1958,0.1692,0.1584,0.1343,0.1244,0.1958,0.1498,0.1568,0.1806,0.1718,0.1162,0.1883,0.1410,0.1321,0.1761,0.1916,0.1162,0.1545,0.1978,0.1208,0.1917,0.1786,0.1584,0.1901,0.1860,0.1881,0.1633,0.1977,0.1843,IDLE,IDLE,IDLE,IDLE,IDLE,IDLE,IDLE,IDLE,IDLE,IDLE,IDLE,IDLE,IDLE,IDLE,IDLE,IDLE,IDLE,IDLE,IDLE,IDLE,IDLE,IDLE,IDLE,IDLE,IDLE,IDLE,IDLE,IDLE,IDLE,IDLE,IDLE,IDLE,IDLE,IDLE,IDLE,IDLE,IDLE,IDLE,IDLE,IDLE,IDLE,IDLE,IDLE,IDLE,IDLE,IDLE,IDLE,IDLE,IDLE,IDLE
325,2024-01-14 13:00:01,0.00,0.00,0,0.0000,0.0000,0.00,0.9998,0.9999,0.9997,0.9997,0.9998,0.9998,0.9998,0.9997,0.9998,0.9998,0.9999,0.9998,0.9998,0.9999,0.9998,0.9999,0.9998,0.9997,0.9998,0.9998,0.9997,0.9998,0.9999,0.9998,0.9998,0.9999,0.9998,0.9998,0.9998,0.9997,0.9998,0.9998,0.9998,0.9998,0.9998,0.9997,0.9997,0.9998,0.9998,0.9998,0.9998,0.9998,0.9998,0.9998,0.9998,0.9997,0.9999,0.9998,0.9998,0.9999,0.1438,0.1191,0.1865,0.1761,0.1902,0.1870,0.1208,0.1891,0.1883,0.1498,0.1848,0.1325,0.1839,0.1449,0.1993,0.1449,0.1958,0.1884,0.1540,0.1514,0.1877,0.1958,0.1692,0.1584,0.1343,0.1244,0.1958,0.1498,0.1568,0.1806,0.1718,0.1162,0.1883,0.1410,0.1321,0.1761,0.1916,0.1162,0.1545,0.1978,0.1208,0.1917,0.1786,0.1584,0.1901,0.1860,0.1881,0.1633,0.1977,0.1843,IDLE,IDLE,IDLE,IDLE,IDLE,IDLE,IDLE,IDLE,IDLE,IDLE,IDLE,IDLE,IDLE,IDLE,IDLE,IDLE,IDLE,IDLE,IDLE,IDLE,IDLE,IDLE,IDLE,IDLE,IDLE,IDLE,IDLE,IDLE,IDLE,IDLE,IDLE,IDLE,IDLE,IDLE,IDLE,IDLE,IDLE,IDLE,IDLE,IDLE,IDLE,IDLE,IDLE,IDLE,IDLE,IDLE,IDLE,IDLE,IDLE,IDLE
326,2024-01-14 14:00:01,0.00,0.00,0,0.0000,0.0000,0.00,0.9998,0.9999,0.9997,0.9997,0.9998,0.9998,0.9998,0.9997,0.9998,0.9998,0.9999,0.9998,0.9998,0.9999,0.9998,0.9999,0.9998,0.9997,0.9998,0.9998,0.9997,0.9998,0.9999,0.9998,0.9998,0.9999,0.9998,0.9998,0.9998,0.9997,0.9998,0.9998,0.9998,0.9998,0.9998,0.9997,0.9997,0.9998,0.9998,0.9998,0.9998,0.9998,0.9998,0.9998,0.9998,0.9997,0.9999,0.9998,0.9998,0.9999,0.1438,0.1191,0.1865,0.1761,0.1902,0.1870,0.1208,0.1891,0.1883,0.1498,0.1848,0.1325,0.1839,0.1449,0.1993,0.1449,0.1958,0.1884,0.1540,0.1514,0.1877,0.1958,0.1692,0.1584,0.1343,0.1244,0.1958,0.1498,0.1568,0.1806,0.1718,0.1162,0.1883,0.1410,0.1321,0.1761,0.1916,0.1162,0.1545,0.1978,0.1208,0.1917,0.1786,0.1584,0.1901,0.1860,0.1881,0.1633,0.1977,0.1843,IDLE,IDLE,IDLE,IDLE,IDLE,IDLE,IDLE,IDLE,IDLE,IDLE,IDLE,IDLE,IDLE,IDLE,IDLE,IDLE,IDLE,IDLE,IDLE,IDLE,IDLE,IDLE,IDLE,IDLE,IDLE,IDLE,IDLE,IDLE,IDLE,IDLE,IDLE,IDLE,IDLE,IDLE,IDLE,IDLE,IDLE,IDLE,IDLE,IDLE,IDLE,IDLE,IDLE,IDLE,IDLE,IDLE,IDLE,IDLE,IDLE,IDLE
327,2024-01-14 15:00:01,0.00,0.00,0,0.0000,0.0000,0.00,0.9998,0.9999,0.9997,0.9997,0.9998,0.9998,0.9998,0.9997,0.9998,0.9998,0.9999,0.9998,0.9998,0.9999,0.9998,0.9999,0.9998,0.9997,0.9998,0.9998,0.9997,0.9998,0.9999,0.9998,0.9998,0.9999,0.9998,0.9998,0.9998,0.9997,0.9998,0.9998,0.9998,0.9998,0.9998,0.9997,0.9997,0.9998,0.9998,0.9998,0.9998,0.9998,0.9998,0.9998,0.9998,0.9997,0.9999,0.9998,0.9998,0.9999,0.1438,0.1191,0.1865,0.1761,0.1902,0.1870,0.1208,0.1891,0.1883,0.1498,0.1848,0.1325,0.1839,0.1449,0.1993,0.1449,0.1958,0.1884,0.1540,0.1514,0.1877,0.1958,0.1692,0.1584,0.1343,0.1244,0.1958,0.1498,0.1568,0.1806,0.1718,0.1162,0.1883,0.1410,0.1321,0.1761,0.1916,0.1162,0.1545,0.1978,0.1208,0.1917,0.1786,0.1584,0.1901,0.1860,0.1881,0.1633,0.1977,0.1843,IDLE,IDLE,IDLE,IDLE,IDLE,IDLE,IDLE,IDLE,IDLE,IDLE,IDLE,IDLE,IDLE,IDLE,IDLE,IDLE,IDLE,IDLE,IDLE,IDLE,IDLE,IDLE,IDLE,IDLE,IDLE,IDLE,IDLE,IDLE,IDLE,IDLE,IDLE,IDLE,IDLE,IDLE,IDLE,IDLE,IDLE,IDLE,IDLE,IDLE,IDLE,IDLE,IDLE,IDLE,IDLE,IDLE,IDLE,IDLE,IDLE,IDLE
328,2024-01-14 16:00:01,0.00,0.00,0,0.0000,0.0000,0.00,0.9998,0.9999,0.9997,0.9997,0.9998,0.9998,0.9998,0.9997,0.9998,0.9998,0.9999,0.9998,0.9998,0.9999,0.9998,0.9999,0.9998,0.9997,0.9998,0.9998,0.9997,0.9998,0.9999,0.9998,0.9998,0.9999,0.9998,0.9998,0.9998,0.9997,0.9998,0.9998,0.9998,0.9998,0.9998,0.9997,0.9997,0.9998,0.9998,0.9998,0.9998,0.9998,0.9998,0.9998,0.9998,0.9997,0.9999,0.9998,0.9998,0.9999,0.1438,0.1191,0.1865,0.1761,0.1902,0.1870,0.1208,0.1891,0.1883,0.1498,0.1848,0.1325,0.1839,0.1449,0.1993,0.1449,0.1958,0.1884,0.1540,0.1514,0.1877,0.1958,0.1692,0.1584,0.1343,0.1244,0.1958,0.1498,0.1568,0.1806,0.1718,0.1162,0.1883,0.1410,0.1321,0.1761,0.1916,0.1162,0.1545,0.1978,0.1208,0.1917,0.1786,0.1584,0.1901,0.1860,0.1881,0.1633,0.1977,0.1843,IDLE,IDLE,IDLE,IDLE,IDLE,IDLE,IDLE,IDLE,IDLE,IDLE,IDLE,IDLE,IDLE,IDLE,IDLE,IDLE,IDLE,IDLE,IDLE,IDLE,IDLE,IDLE,IDLE,IDLE,IDLE,IDLE,IDLE,IDLE,IDLE,IDLE,IDLE,IDLE,IDLE,IDLE,IDLE,IDLE,IDLE,IDLE,IDLE,IDLE,IDLE,IDLE,IDLE,IDLE,IDLE,IDLE,IDLE,IDLE,IDLE,IDLE
329,2024-01-14 17:00:01,0.00,0.00,0,0.0000,0.0000,0.00,0.9998,0.9999,0.9997,0.9997,0.9998,0.9998,0.9998,0.9997,0.9998,0.9998,0.9999,0.9998,0.9998,0.9999,0.9998,0.9999,0.9998,0.9997,0.9998,0.9998,0.9997,0.9998,0.9999,0.9998,0.9998,0.9999,0.9998,0.9998,0.9998,0.9997,0.9998,0.9998,0.9998,0.9998,0.9998,0.9997,0.9997,0.9998,0.9998,0.9998,0.9998,0.9998,0.9998,0.9998,0.9998,0.9997,0.9999,0.9998,0.9998,0.9999,0.1438,0.1191,0.1865,0.1761,0.1902,0.1870,0.1208,0.1891,0.1883,0.1498,0.1848,0.1325,0.1839,0.1449,0.1993,0.1449,0.1958,0.1884,0.1540,0.1514,0.1877,0.1958,0.1692,0.1584,0.1343,0.1244,0.1958,0.1498,0.1568,0.1806,0.1718,0.1162,0.1883,0.1410,0.1321,0.1761,0.1916,0.1162,0.1545,0.1978,0.1208,0.1917,0.1786,0.1584,0.1901,0.1860,0.1881,0.1633,0.1977,0.1843,IDLE,IDLE,IDLE,IDLE,IDLE,IDLE,IDLE,IDLE,IDLE,IDLE,IDLE,IDLE,IDLE,IDLE,IDLE,IDLE,IDLE,IDLE,IDLE,IDLE,IDLE,IDLE,IDLE,IDLE,IDLE,IDLE,IDLE,IDLE,IDLE,IDLE,IDLE,IDLE,IDLE,IDLE,IDLE,IDLE,IDLE,IDLE,IDLE,IDLE,IDLE,IDLE,IDLE,IDLE,IDLE,IDLE,IDLE,IDLE,IDLE,IDLE
330,2024-01-14 18:00:01,0.00,0.00,0,0.0000,0.0000,0.00,0.9998,0.9999,0.9997,0.9997,0.9998,0.9998,0.9998,0.9997,0.9998,0.9998,0.9999,0.9998,0.9998,0.9999,0.9998,0.9999,0.9998,0.9997,0.9998,0.9998,0.9997,0.9998,0.9999,0.9998,0.9998,0.9999,0.9998,0.9998,0.9998,0.9997,0.9998,0.9998,0.9998,0.9998,0.9998,0.9997,0.9997,0.9998,0.9998,0.9998,0.9998,0.9998,0.9998,0.9998,0.9998,0.9997,0.9999,0.9998,0.9998,0.9999,0.1438,0.1191,0.1865,0.1761,0.1902,0.1870,0.1208,0.1891,0.1883,0.1498,0.1848,0.1325,0.1839,0.1449,0.1993,0.1449,0.1958,0.1884,0.1540,0.1514,0.1877,0.1958,0.1692,0.1584,0.1343,0.1244,0.1958,0.1498,0.1568,0.1806,0.1718,0.1162,0.1883,0.1410,0.1321,0.1761,0.1916,0.1162,0.1545,0.1978,0.1208,0.1917,0.1786,0.1584,0.1901,0.1860,0.1881,0.1633,0.1977,0.1843,IDLE,IDLE,IDLE,IDLE,IDLE,IDLE,IDLE,IDLE,IDLE,IDLE,IDLE,IDLE,IDLE,IDLE,IDLE,IDLE,IDLE,IDLE,IDLE,IDLE,IDLE,IDLE,IDLE,IDLE,IDLE,IDLE,IDLE,IDLE,IDLE,IDLE,IDLE,IDLE,IDLE,IDLE,IDLE,IDLE,IDLE,IDLE,IDLE,IDLE,IDLE,IDLE,IDLE,IDLE,IDLE,IDLE,IDLE,IDLE,IDLE,IDLE
331,2024-01-14 19:00:01,0.00,0.00,0,0.0000,0.0000,0.00,0.9998,0.9999,0.9997,0.9997,0.9998,0.9998,0.9998,0.9997,0.9998,0.9998,0.9999,0.9998,0.9998,0.9999,0.9998,0.9999,0.9998,0.9997,0.9998,0.9998,0.9997,0.9998,0.9999,0.9998,0.9998,0.9999,0.9998,0.9998,0.9998,0.9997,0.9998,0.9998,0.9998,0.9998,0.9998,0.9997,0.9997,0.9998,0.9998,0.9998,0.9998,0.9998,0.9998,0.9998,0.9998,0.9997,0.9999,0.9998,0.9998,0.9999,0.1438,0.1191,0.1865,0.1761,0.1902,0.1870,0.1208,0.1891,0.1883,0.1498,0.1848,0.1325,0.1839,0.1449,0.1993,0.1449,0.1958,0.1884,0.1540,0.1514,0.1877,0.1958,0.1692,0.1584,0.1343,0.1244,0.1958,0.1498,0.1568,0.1806,0.1718,0.1162,0.1883,0.1410,0.1321,0.1761,0.1916,0.1162,0.1545,0.1978,0.1208,0.1917,0.1786,0.1584,0.1901,0.1860,0.1881,0.1633,0.1977,0.1843,IDLE,IDLE,IDLE,IDLE,IDLE,IDLE,IDLE,IDLE,IDLE,IDLE,IDLE,IDLE,IDLE,IDLE,IDLE,IDLE,IDLE,IDLE,IDLE,IDLE,IDLE,IDLE,IDLE,IDLE,IDLE,IDLE,IDLE,IDLE,IDLE,IDLE,IDLE,IDLE,IDLE,IDLE,IDLE,IDLE,IDLE,IDLE,IDLE,IDLE,IDLE,IDLE,IDLE,IDLE,IDLE,IDLE,IDLE,IDLE,IDLE,IDLE
332,2024-01-14 20:00:01,0.00,0.00,0,0.0000,0.0000,0.00,0.9998,0.9999,0.9997,0.9997,0.9998,0.9998,0.9998,0.9997,0.9998,0.9998,0.9999,0.9998,0.9998,0.9999,0.9998,0.9999,0.9998,0.9997,0.9998,0.9998,0.9997,0.9998,0.9999,0.9998,0.9998,0.9999,0.9998,0.9998,0.9998,0.9997,0.9998,0.9998,0.9998,0.9998,0.9998,0.9997,0.9997,0.9998,0.9998,0.9998,0.9998,0.9998,0.9998,0.9998,0.9998,0.9997,0.9999,0.9998,0.9998,0.9999,0.1438,0.1191,0.1865,0.1761,0.1902,0.1870,0.1208,0.1891,0.1883,0.1498,0.1848,0.1325,0.1839,0.1449,0.1993,0.1449,0.1958,0.1884,0.1540,0.1514,0.1877,0.1958,0.1692,0.1584,0.1343,0.1244,0.1958,0.1498,0.1568,0.1806,0.1718,0.1162,0.1883,0.1410,0.1321,0.1761,0.1916,0.1162,0.1545,0.1978,0.1208,0.1917,0.1786,0.1584,0.1901,0.1860,0.1881,0.1633,0.1977,0.1843,IDLE,IDLE,IDLE,IDLE,IDLE,IDLE,IDLE,IDLE,IDLE,IDLE,IDLE,IDLE,IDLE,IDLE,IDLE,IDLE,IDLE,IDLE,IDLE,IDLE,IDLE,IDLE,IDLE,IDLE,IDLE,IDLE,IDLE,IDLE,IDLE,IDLE,IDLE,IDLE,IDLE,IDLE,IDLE,IDLE,IDLE,IDLE,IDLE,IDLE,IDLE,IDLE,IDLE,IDLE,IDLE,IDLE,IDLE,IDLE,IDLE,IDLE
333,2024-01-14 21:00:01,0.00,0.00,0,0.0000,0.0000,0.00,0.9998,0.9999,0.9997,0.9997,0.9998,0.9998,0.9998,0.9997,0.9998,0.9998,0.9999,0.9998,0.9998,0.9999,0.9998,0.9999,0.9998,0.9997,0.9998,0.9998,0.9997,0.9998,0.9999,0.9998,0.9998,0.9999,0.9998,0.9998,0.9998,0.9997,0.9998,0.9998,0.9998,0.9998,0.9998,0.9997,0.9997,0.9998,0.9998,0.9998,0.9998,0.9998,0.9998,0.9998,0.9998,0.9997,0.9999,0.9998,0.9998,0.9999,0.1438,0.1191,0.1865,0.1761,0.1902,0.1870,0.1208,0.1891,0.1883,0.1498,0.1848,0.1325,0.1839,0.1449,0.1993,0.1449,0.1958,0.1884,0.1540,0.1514,0.1877,0.1958,0.1692,0.1584,0.1343,0.1244,0.1958,0.1498,0.1568,0.1806,0.1718,0.1162,0.1883,0.1410,0.1321,0.1761,0.1916,0.1162,0.1545,0.1978,0.1208,0.1917,0.1786,0.1584,0.1901,0.1860,0.1881,0.1633,0.1977,0.1843,IDLE,IDLE,IDLE,IDLE,IDLE,IDLE,IDLE,IDLE,IDLE,IDLE,IDLE,IDLE,IDLE,IDLE,IDLE,IDLE,IDLE,IDLE,IDLE,IDLE,IDLE,IDLE,IDLE,IDLE,IDLE,IDLE,IDLE,IDLE,IDLE,IDLE,IDLE,IDLE,IDLE,IDLE,IDLE,IDLE,IDLE,IDLE,IDLE,IDLE,IDLE,IDLE,IDLE,IDLE,IDLE,IDLE,IDLE,IDLE,IDLE,IDLE
334,2024-01-14 22:00:01,0.00,0.00,0,0.0000,0.0000,0.00,0.9998,0.9999,0.9997,0.9997,0.9998,0.9998,0.9998,0.9997,0.9998,0.9998,0.9999,0.9998,0.9998,0.9999,0.9998,0.9999,0.9998,0.9997,0.9998,0.9998,0.9997,0.9998,0.9999,0.9998,0.9998,0.9999,0.9998,0.9998,0.9998,0.9997,0.9998,0.9998,0.9998,0.9998,0.9998,0.9997,0.9997,0.9998,0.9998,0.9998,0.9998,0.9998,0.9998,0.9998,0.9998,0.9997,0.9999,0.9998,0.9998,0.9999,0.1438,0.1191,0.1865,0.1761,0.1902,0.1870,0.1208,0.1891,0.1883,0.1498,0.1848,0.1325,0.1839,0.1449,0.1993,0.1449,0.1958,0.1884,0.1540,0.1514,0.1877,0.1958,0.1692,0.1584,0.1343,0.1244,0.1958,0.1498,0.1568,0.1806,0.1718,0.1162,0.1883,0.1410,0.1321,0.1761,0.1916,0.1162,0.1545,0.1978,0.1208,0.1917,0.1786,0.1584,0.1901,0.1860,0.1881,0.1633,0.1977,0.1843,IDLE,IDLE,IDLE,IDLE,IDLE,IDLE,IDLE,IDLE,IDLE,IDLE,IDLE,IDLE,IDLE,IDLE,IDLE,IDLE,IDLE,IDLE,IDLE,IDLE,IDLE,IDLE,IDLE,IDLE,IDLE,IDLE,IDLE,IDLE,IDLE,IDLE,IDLE,IDLE,IDLE,IDLE,IDLE,IDLE,IDLE,IDLE,IDLE,IDLE,IDLE,IDLE,IDLE,IDLE,IDLE,IDLE,IDLE,IDLE,IDLE,IDLE
335,2024-01-14 23:00:01,0.00,0.00,0,0.0000,0.0000,0.00,0.9998,0.9999,0.9997,0.9997,0.9998,0.9998,0.9998,0.9997,0.9998,0.9998,0.9999,0.9998,0.9998,0.9999,0.9998,0.9999,0.9998,0.9997,0.9998,0.9998,0.9997,0.9998,0.9999,0.9998,0.9998,0.9999,0.9998,0.9998,0.9998,0.9997,0.9998,0.9998,0.9998,0.9998,0.9998,0.9997,0.9997,0.9998,0.9998,0.9998,0.9998,0.9998,0.9998,0.9998,0.9998,0.9997,0.9999,0.9998,0.9998,0.9999,0.1438,0.1191,0.1865,0.1761,0.1902,0.1870,0.1208,0.1891,0.1883,0.1498,0.1848,0.1325,0.1839,0.1449,0.1993,0.1449,0.1958,0.1884,0.1540,0.1514,0.1877,0.1958,0.1692,0.1584,0.1343,0.1244,0.1958,0.1498,0.1568,0.1806,0.1718,0.1162,0.1883,0.1410,0.1321,0.1761,0.1916,0.1162,0.1545,0.1978,0.1208,0.1917,0.1786,0.1584,0.1901,0.1860,0.1881,0.1633,0.1977,0.1843,IDLE,IDLE,IDLE,IDLE,IDLE,IDLE,IDLE,IDLE,IDLE,IDLE,IDLE,IDLE,IDLE,IDLE,IDLE,IDLE,IDLE,IDLE,IDLE,IDLE,IDLE,IDLE,IDLE,IDLE,IDLE,IDLE,IDLE,IDLE,IDLE,IDLE,IDLE,IDLE,IDLE,IDLE,IDLE,IDLE,IDLE,IDLE,IDLE,IDLE,IDLE,IDLE,IDLE,IDLE,IDLE,IDLE,IDLE,IDLE,IDLE,IDLE
336,2024-01-15 00:00:01,0.00,0.00,0,0.0000,0.0000,0.00,0.9998,0.9999,0.9997,0.9997,0.9998,0.9998,0.9998,0.9997,0.9998,0.9998,0.9999,0.9998,0.9998,0.9999,0.9998,0.9999,0.9998,0.9997,0.9998,0.9998,0.9997,0.9998,0.9999,0.9998,0.9998,0.9999,0.9998,0.9998,0.9998,0.9997,0.9998,0.9998,0.9998,0.9998,0.9998,0.9997,0.9997,0.9998,0.9998,0.9998,0.9998,0.9998,0.9998,0.9998,0.9998,0.9997,0.9999,0.9998,0.9998,0.9999,0.1438,0.1191,0.1865,0.1761,0.1902,0.1870,0.1208,0.1891,0.1883,0.1498,0.1848,0.1325,0.1839,0.1449,0.1993,0.1449,0.1958,0.1884,0.1540,0.1514,0.1877,0.1958,0.1692,0.1584,0.1343,0.1244,0.1958,0.1498,0.1568,0.1806,0.1718,0.1162,0.1883,0.1410,0.1321,0.1761,0.1916,0.1162,0.1545,0.1978,0.1208,0.1917,0.1786,0.1584,0.1901,0.1860,0.1881,0.1633,0.1977,0.1843,IDLE,IDLE,IDLE,IDLE,IDLE,IDLE,IDLE,IDLE,IDLE,IDLE,IDLE,IDLE,IDLE,IDLE,IDLE,IDLE,IDLE,IDLE,IDLE,IDLE,IDLE,IDLE,IDLE,IDLE,IDLE,IDLE,IDLE,IDLE,IDLE,IDLE,IDLE,IDLE,IDLE,IDLE,IDLE,IDLE,IDLE,IDLE,IDLE,IDLE,IDLE,IDLE,IDLE,IDLE,IDLE,IDLE,IDLE,IDLE,IDLE,IDLE
337,2024-01-15 01:00:01,0.00,0.00,0,0.0000,0.0000,0.00,0.9998,0.9999,0.9997,0.9997,0.9998,0.9998,0.9998,0.9997,0.9998,0.9998,0.9999,0.9998,0.9998,0.9999,0.9998,0.9999,0.9998,0.9997,0.9998,0.9998,0.9997,0.9998,0.9999,0.9998,0.9998,0.9999,0.9998,0.9998,0.9998,0.9997,0.9998,0.9998,0.9998,0.9998,0.9998,0.9997,0.9997,0.9998,0.9998,0.9998,0.9998,0.9998,0.9998,0.9998,0.9998,0.9997,0.9999,0.9998,0.9998,0.9999,0.1438,0.1191,0.1865,0.1761,0.1902,0.1870,0.1208,0.1891,0.1883,0.1498,0.1848,0.1325,0.1839,0.1449,0.1993,0.1449,0.1958,0.1884,0.1540,0.1514,0.1877,0.1958,0.1692,0.1584,0.1343,0.1244,0.1958,0.1498,0.1568,0.1806,0.1718,0.1162,0.1883,0.1410,0.1321,0.1761,0.1916,0.1162,0.1545,0.1978,0.1208,0.1917,0.1786,0.1584,0.1901,0.1860,0.1881,0.1633,0.1977,0.1843,IDLE,IDLE,IDLE,IDLE,IDLE,IDLE,IDLE,IDLE,IDLE,IDLE,IDLE,IDLE,IDLE,IDLE,IDLE,IDLE,IDLE,IDLE,IDLE,IDLE,IDLE,IDLE,IDLE,IDLE,IDLE,IDLE,IDLE,IDLE,IDLE,IDLE,IDLE,IDLE,IDLE,IDLE,IDLE,IDLE,IDLE,IDLE,IDLE,IDLE,IDLE,IDLE,IDLE,IDLE,IDLE,IDLE,IDLE,IDLE,IDLE,IDLE
338,2024-01-15 02:00:01,0.00,0.00,0,0.0000,0.0000,0.00,0.9998,0.9999,0.9997,0.9997,0.9998,0.9998,0.9998,0.9997,0.9998,0.9998,0.9999,0.9998,0.9998,0.9999,0.9998,0.9999,0.9998,0.9997,0.9998,0.9998,0.9997,0.9998,0.9999,0.9998,0.9998,0.9999,0.9998,0.9998,0.9998,0.9997,0.9998,0.9998,0.9998,0.9998,0.9998,0.9997,0.9997,0.9998,0.9998,0.9998,0.9998,0.9998,0.9998,0.9998,0.9998,0.9997,0.9999,0.9998,0.9998,0.9999,0.1438,0.1191,0.1865,0.1761,0.1902,0.1870,0.1208,0.1891,0.1883,0.1498,0.1848,0.1325,0.1839,0.1449,0.1993,0.1449,0.1958,0.1884,0.1540,0.1514,0.1877,0.1958,0.1692,0.1584,0.1343,0.1244,0.1958,0.1498,0.1568,0.1806,0.1718,0.1162,0.1883,0.1410,0.1321,0.1761,0.1916,0.1162,0.1545,0.1978,0.1208,0.1917,0.1786,0.1584,0.1901,0.1860,0.1881,0.1633,0.1977,0.1843,IDLE,IDLE,IDLE,IDLE,IDLE,IDLE,IDLE,IDLE,IDLE,IDLE,IDLE,IDLE,IDLE,IDLE,IDLE,IDLE,IDLE,IDLE,IDLE,IDLE,IDLE,IDLE,IDLE,IDLE,IDLE,IDLE,IDLE,IDLE,IDLE,IDLE,IDLE,IDLE,IDLE,IDLE,IDLE,IDLE,IDLE,IDLE,IDLE,IDLE,IDLE,IDLE,IDLE,IDLE,IDLE,IDLE,IDLE,IDLE,IDLE,IDLE
339,2024-01-15 03:00:01,0.00,0.00,0,0.0000,0.0000,0.00,0.9998,0.9999,0.9997,0.9997,0.9998,0.9998,0.9998,0.9997,0.9998,0.9998,0.9999,0.9998,0.9998,0.9999,0.9998,0.9999,0.9998,0.9997,0.9998,0.9998,0.9997,0.9998,0.9999,0.9998,0.9998,0.9999,0.9998,0.9998,0.9998,0.9997,0.9998,0.9998,0.9998,0.9998,0.9998,0.9997,0.9997,0.9998,0.9998,0.9998,0.9998,0.9998,0.9998,0.9998,0.9998,0.9997,0.9999,0.9998,0.9998,0.9999,0.1438,0.1191,0.1865,0.1761,0.1902,0.1870,0.1208,0.1891,0.1883,0.1498,0.1848,0.1325,0.1839,0.1449,0.1993,0.1449,0.1958,0.1884,0.1540,0.1514,0.1877,0.1958,0.1692,0.1584,0.1343,0.1244,0.1958,0.1498,0.1568,0.1806,0.1718,0.1162,0.1883,0.1410,0.1321,0.1761,0.1916,0.1162,0.1545,0.1978,0.1208,0.1917,0.1786,0.1584,0.1901,0.1860,0.1881,0.1633,0.1977,0.1843,IDLE,IDLE,IDLE,IDLE,IDLE,IDLE,IDLE,IDLE,IDLE,IDLE,IDLE,IDLE,IDLE,IDLE,IDLE,IDLE,IDLE,IDLE,IDLE,IDLE,IDLE,IDLE,IDLE,IDLE,IDLE,IDLE,IDLE,IDLE,IDLE,IDLE,IDLE,IDLE,IDLE,IDLE,IDLE,IDLE,IDLE,IDLE,IDLE,IDLE,IDLE,IDLE,IDLE,IDLE,IDLE,IDLE,IDLE,IDLE,IDLE,IDLE
340,2024-01-15 04:00:01,0.00,0.00,0,0.0000,0.0000,0.00,0.9998,0.9999,0.9997,0.9997,0.9998,0.9998,0.9998,0.9997,0.9998,0.9998,0.9999,0.9998,0.9998,0.9999,0.9998,0.9999,0.9998,0.9997,0.9998,0.9998,0.9997,0.9998,0.9999,0.9998,0.9998,0.9999,0.9998,0.9998,0.9998,0.9997,0.9998,0.9998,0.9998,0.9998,0.9998,0.9997,0.9997,0.9998,0.9998,0.9998,0.9998,0.9998,0.9998,0.9998,0.9998,0.9997,0.9999,0.9998,0.9998,0.9999,0.1438,0.1191,0.1865,0.1761,0.1902,0.1870,0.1208,0.1891,0.1883,0.1498,0.1848,0.1325,0.1839,0.1449,0.1993,0.1449,0.1958,0.1884,0.1540,0.1514,0.1877,0.1958,0.1692,0.1584,0.1343,0.1244,0.1958,0.1498,0.1568,0.1806,0.1718,0.1162,0.1883,0.1410,0.1321,0.1761,0.1916,0.1162,0.1545,0.1978,0.1208,0.1917,0.1786,0.1584,0.1901,0.1860,0.1881,0.1633,0.1977,0.1843,IDLE,IDLE,IDLE,IDLE,IDLE,IDLE,IDLE,IDLE,IDLE,IDLE,IDLE,IDLE,IDLE,IDLE,IDLE,IDLE,IDLE,IDLE,IDLE,IDLE,IDLE,IDLE,IDLE,IDLE,IDLE,IDLE,IDLE,IDLE,IDLE,IDLE,IDLE,IDLE,IDLE,IDLE,IDLE,IDLE,IDLE,IDLE,IDLE,IDLE,IDLE,IDLE,IDLE,IDLE,IDLE,IDLE,IDLE,IDLE,IDLE,IDLE
341,2024-01-15 05:00:01,0.00,0.00,0,0.0000,0.0000,0.00,0.9998,0.9999,0.9997,0.9997,0.9998,0.9998,0.9998,0.9997,0.9998,0.9998,0.9999,0.9998,0.9998,0.9999,0.9998,0.9999,0.9998,0.9997,0.9998,0.9998,0.9997,0.9998,0.9999,0.9998,0.9998,0.9999,0.9998,0.9998,0.9998,0.9997,0.9998,0.9998,0.9998,0.9998,0.9998,0.9997,0.9997,0.9998,0.9998,0.9998,0.9998,0.9998,0.9998,0.9998,0.9998,0.9997,0.9999,0.9998,0.9998,0.9999,0.1438,0.1191,0.1865,0.1761,0.1902,0.1870,0.1208,0.1891,0.1883,0.1498,0.1848,0.1325,0.1839,0.1449,0.1993,0.1449,0.1958,0.1884,0.1540,0.1514,0.1877,0.1958,0.1692,0.1584,0.1343,0.1244,0.1958,0.1498,0.1568,0.1806,0.1718,0.1162,0.1883,0.1410,0.1321,0.1761,0.1916,0.1162,0.1545,0.1978,0.1208,0.1917,0.1786,0.1584,0.1901,0.1860,0.1881,0.1633,0.1977,0.1843,IDLE,IDLE,IDLE,IDLE,IDLE,IDLE,IDLE,IDLE,IDLE,IDLE,IDLE,IDLE,IDLE,IDLE,IDLE,IDLE,IDLE,IDLE,IDLE,IDLE,IDLE,IDLE,IDLE,IDLE,IDLE,IDLE,IDLE,IDLE,IDLE,IDLE,IDLE,IDLE,IDLE,IDLE,IDLE,IDLE,IDLE,IDLE,IDLE,IDLE,IDLE,IDLE,IDLE,IDLE,IDLE,IDLE,IDLE,IDLE,IDLE,IDLE
342,2024-01-15 06:00:01,0.00,0.00,0,0.0000,0.0000,0.00,0.9998,0.9999,0.9997,0.9997,0.9998,0.9998,0.9998,0.9997,0.9998,0.9998,0.9999,0.9998,0.9998,0.9999,0.9998,0.9999,0.9998,0.9997,0.9998,0.9998,0.9997,0.9998,0.9999,0.9998,0.9998,0.9999,0.9998,0.9998,0.9998,0.9997,0.9998,0.9998,0.9998,0.9998,0.9998,0.9997,0.9997,0.9998,0.9998,0.9998,0.9998,0.9998,0.9998,0.9998,0.9998,0.9997,0.9999,0.9998,0.9998,0.9999,0.1438,0.1191,0.1865,0.1761,0.1902,0.1870,0.1208,0.1891,0.1883,0.1498,0.1848,0.1325,0.1839,0.1449,0.1993,0.1449,0.1958,0.1884,0.1540,0.1514,0.1877,0.1958,0.1692,0.1584,0.1343,0.1244,0.1958,0.1498,0.1568,0.1806,0.1718,0.1162,0.1883,0.1410,0.1321,0.1761,0.1916,0.1162,0.1545,0.1978,0.1208,0.1917,0.1786,0.1584,0.1901,0.1860,0.1881,0.1633,0.1977,0.1843,IDLE,IDLE,IDLE,IDLE,IDLE,IDLE,IDLE,IDLE,IDLE,IDLE,IDLE,IDLE,IDLE,IDLE,IDLE,IDLE,IDLE,IDLE,IDLE,IDLE,IDLE,IDLE,IDLE,IDLE,IDLE,IDLE,IDLE,IDLE,IDLE,IDLE,IDLE,IDLE,IDLE,IDLE,IDLE,IDLE,IDLE,IDLE,IDLE,IDLE,IDLE,IDLE,IDLE,IDLE,IDLE,IDLE,IDLE,IDLE,IDLE,IDLE
343,2024-01-15 07:00:01,0.00,0.00,0,0.0000,0.0000,0.00,0.9998,0.9999,0.9997,0.9997,0.9998,0.9998,0.9998,0.9997,0.9998,0.9998,0.9999,0.9998,0.9998,0.9999,0.9998,0.9999,0.9998,0.9997,0.9998,0.9998,0.9997,0.9998,0.9999,0.9998,0.9998,0.9999,0.9998,0.9998,0.9998,0.9997,0.9998,0.9998,0.9998,0.9998,0.9998,0.9997,0.9997,0.9998,0.9998,0.9998,0.9998,0.9998,0.9998,0.9998,0.9998,0.9997,0.9999,0.9998,0.9998,0.9999,0.1438,0.1191,0.1865,0.1761,0.1902,0.1870,0.1208,0.1891,0.1883,0.1498,0.1848,0.1325,0.1839,0.1449,0.1993,0.1449,0.1958,0.1884,0.1540,0.1514,0.1877,0.1958,0.1692,0.1584,0.1343,0.1244,0.1958,0.1498,0.1568,0.1806,0.1718,0.1162,0.1883,0.1410,0.1321,0.1761,0.1916,0.1162,0.1545,0.1978,0.1208,0.1917,0.1786,0.1584,0.1901,0.1860,0.1881,0.1633,0.1977,0.1843,IDLE,IDLE,IDLE,IDLE,IDLE,IDLE,IDLE,IDLE,IDLE,IDLE,IDLE,IDLE,IDLE,IDLE,IDLE,IDLE,IDLE,IDLE,IDLE,IDLE,IDLE,IDLE,IDLE,IDLE,IDLE,IDLE,IDLE,IDLE,IDLE,IDLE,IDLE,IDLE,IDLE,IDLE,IDLE,IDLE,IDLE,IDLE,IDLE,IDLE,IDLE,IDLE,IDLE,IDLE,IDLE,IDLE,IDLE,IDLE,IDLE,IDLE
344,2024-01-15 08:00:01,0.00,0.00,0,0.0000,0.0000,0.00,0.9998,0.9999,0.9997,0.9997,0.9998,0.9998,0.9998,0.9997,0.9998,0.9998,0.9999,0.9998,0.9998,0.9999,0.9998,0.9999,0.9998,0.9997,0.9998,0.9998,0.9997,0.9998,0.9999,0.9998,0.9998,0.9999,0.9998,0.9998,0.9998,0.9997,0.9998,0.9998,0.9998,0.9998,0.9998,0.9997,0.9997,0.9998,0.9998,0.9998,0.9998,0.9998,0.9998,0.9998,0.9998,0.9997,0.9999,0.9998,0.9998,0.9999,0.1438,0.1191,0.1865,0.1761,0.1902,0.1870,0.1208,0.1891,0.1883,0.1498,0.1848,0.1325,0.1839,0.1449,0.1993,0.1449,0.1958,0.1884,0.1540,0.1514,0.1877,0.1958,0.1692,0.1584,0.1343,0.1244,0.1958,0.1498,0.1568,0.1806,0.1718,0.1162,0.1883,0.1410,0.1321,0.1761,0.1916,0.1162,0.1545,0.1978,0.1208,0.1917,0.1786,0.1584,0.1901,0.1860,0.1881,0.1633,0.1977,0.1843,IDLE,IDLE,IDLE,IDLE,IDLE,IDLE,IDLE,IDLE,IDLE,IDLE,IDLE,IDLE,IDLE,IDLE,IDLE,IDLE,IDLE,IDLE,IDLE,IDLE,IDLE,IDLE,IDLE,IDLE,IDLE,IDLE,IDLE,IDLE,IDLE,IDLE,IDLE,IDLE,IDLE,IDLE,IDLE,IDLE,IDLE,IDLE,IDLE,IDLE,IDLE,IDLE,IDLE,IDLE,IDLE,IDLE,IDLE,IDLE,IDLE,IDLE
345,2024-01-15 09:00:01,0.00,0.00,0,0.0000,0.0000,0.00,0.9998,0.9999,0.9997,0.9997,0.9998,0.9998,0.9998,0.9997,0.9998,0.9998,0.9999,0.9998,0.9998,0.9999,0.9998,0.9999,0.9998,0.9997,0.9998,0.9998,0.9997,0.9998,0.9999,0.9998,0.9998,0.9999,0.9998,0.9998,0.9998,0.9997,0.9998,0.9998,0.9998,0.9998,0.9998,0.9997,0.9997,0.9998,0.9998,0.9998,0.9998,0.9998,0.9998,0.9998,0.9998,0.9997,0.9999,0.9998,0.9998,0.9999,0.1438,0.1191,0.1865,0.1761,0.1902,0.1870,0.1208,0.1891,0.1883,0.1498,0.1848,0.1325,0.1839,0.1449,0.1993,0.1449,0.1958,0.1884,0.1540,0.1514,0.1877,0.1958,0.1692,0.1584,0.1343,0.1244,0.1958,0.1498,0.1568,0.1806,0.1718,0.1162,0.1883,0.1410,0.1321,0.1761,0.1916,0.1162,0.1545,0.1978,0.1208,0.1917,0.1786,0.1584,0.1901,0.1860,0.1881,0.1633,0.1977,0.1843,IDLE,IDLE,IDLE,IDLE,IDLE,IDLE,IDLE,IDLE,IDLE,IDLE,IDLE,IDLE,IDLE,IDLE,IDLE,IDLE,IDLE,IDLE,IDLE,IDLE,IDLE,IDLE,IDLE,IDLE,IDLE,IDLE,IDLE,IDLE,IDLE,IDLE,IDLE,IDLE,IDLE,IDLE,IDLE,IDLE,IDLE,IDLE,IDLE,IDLE,IDLE,IDLE,IDLE,IDLE,IDLE,IDLE,IDLE,IDLE,IDLE,IDLE
346,2024-01-15 10:00:01,0.00,0.00,0,0.0000,0.0000,0.00,0.9998,0.9999,0.9997,0.9997,0.9998,0.9998,0.9998,0.9997,0.9998,0.9998,0.9999,0.9998,0.9998,0.9999,0.9998,0.9999,0.9998,0.9997,0.9998,0.9998,0.9997,0.9998,0.9999,0.9998,0.9998,0.9999,0.9998,0.9998,0.9998,0.9997,0.9998,0.9998,0.9998,0.9998,0.9998,0.9997,0.9997,0.9998,0.9998,0.9998,0.9998,0.9998,0.9998,0.9998,0.9998,0.9997,0.9999,0.9998,0.9998,0.9999,0.1438,0.1191,0.1865,0.1761,0.1902,0.1870,0.1208,0.1891,0.1883,0.1498,0.1848,0.1325,0.1839,0.1449,0.1993,0.1449,0.1958,0.1884,0.1540,0.1514,0.1877,0.1958,0.1692,0.1584,0.1343,0.1244,0.1958,0.1498,0.1568,0.1806,0.1718,0.1162,0.1883,0.1410,0.1321,0.1761,0.1916,0.1162,0.1545,0.1978,0.1208,0.1917,0.1786,0.1584,0.1901,0.1860,0.1881,0.1633,0.1977,0.1843,IDLE,IDLE,IDLE,IDLE,IDLE,IDLE,IDLE,IDLE,IDLE,IDLE,IDLE,IDLE,IDLE,IDLE,IDLE,IDLE,IDLE,IDLE,IDLE,IDLE,IDLE,IDLE,IDLE,IDLE,IDLE,IDLE,IDLE,IDLE,IDLE,IDLE,IDLE,IDLE,IDLE,IDLE,IDLE,IDLE,IDLE,IDLE,IDLE,IDLE,IDLE,IDLE,IDLE,IDLE,IDLE,IDLE,IDLE,IDLE,IDLE,IDLE
347,2024-01-15 11:00:01,0.00,0.00,0,0.0000,0.0000,0.00,0.9998,0.9999,0.9997,0.9997,0.9998,0.9998,0.9998,0.9997,0.9998,0.9998,0.9999,0.9998,0.9998,0.9999,0.9998,0.9999,0.9998,0.9997,0.9998,0.9998,0.9997,0.9998,0.9999,0.9998,0.9998,0.9999,0.9998,0.9998,0.9998,0.9997,0.9998,0.9998,0.9998,0.9998,0.9998,0.9997,0.9997,0.9998,0.9998,0.9998,0.9998,0.9998,0.9998,0.9998,0.9998,0.9997,0.9999,0.9998,0.9998,0.9999,0.1438,0.1191,0.1865,0.1761,0.1902,0.1870,0.1208,0.1891,0.1883,0.1498,0.1848,0.1325,0.1839,0.1449,0.1993,0.1449,0.1958,0.1884,0.1540,0.1514,0.1877,0.1958,0.1692,0.1584,0.1343,0.1244,0.1958,0.1498,0.1568,0.1806,0.1718,0.1162,0.1883,0.1410,0.1321,0.1761,0.1916,0.1162,0.1545,0.1978,0.1208,0.1917,0.1786,0.1584,0.1901,0.1860,0.1881,0.1633,0.1977,0.1843,IDLE,IDLE,IDLE,IDLE,IDLE,IDLE,IDLE,IDLE,IDLE,IDLE,IDLE,IDLE,IDLE,IDLE,IDLE,IDLE,IDLE,IDLE,IDLE,IDLE,IDLE,IDLE,IDLE,IDLE,IDLE,IDLE,IDLE,IDLE,IDLE,IDLE,IDLE,IDLE,IDLE,IDLE,IDLE,IDLE,IDLE,IDLE,IDLE,IDLE,IDLE,IDLE,IDLE,IDLE,IDLE,IDLE,IDLE,IDLE,IDLE,IDLE
348,2024-01-15 12:00:01,0.00,0.00,0,0.0000,0.0000,0.00,0.9998,0.9999,0.9997,0.9997,0.9998,0.9998,0.9998,0.9997,0.9998,0.9998,0.9999,0.9998,0.9998,0.9999,0.9998,0.9999,0.9998,0.9997,0.9998,0.9998,0.9997,0.9998,0.9999,0.9998,0.9998,0.9999,0.9998,0.9998,0.9998,0.9997,0.9998,0.9998,0.9998,0.9998,0.9998,0.9997,0.9997,0.9998,0.9998,0.9998,0.9998,0.9998,0.9998,0.9998,0.9998,0.9997,0.9999,0.9998,0.9998,0.9999,0.1438,0.1191,0.1865,0.1761,0.1902,0.1870,0.1208,0.1891,0.1883,0.1498,0.1848,0.1325,0.1839,0.1449,0.1993,0.1449,0.1958,0.1884,0.1540,0.1514,0.1877,0.1958,0.1692,0.1584,0.1343,0.1244,0.1958,0.1498,0.1568,0.1806,0.1718,0.1162,0.1883,0.1410,0.1321,0.1761,0.1916,0.1162,0.1545,0.1978,0.1208,0.1917,0.1786,0.1584,0.1901,0.1860,0.1881,0.1633,0.1977,0.1843,IDLE,IDLE,IDLE,IDLE,IDLE,IDLE,IDLE,IDLE,IDLE,IDLE,IDLE,IDLE,IDLE,IDLE,IDLE,IDLE,IDLE,IDLE,IDLE,IDLE,IDLE,IDLE,IDLE,IDLE,IDLE,IDLE,IDLE,IDLE,IDLE,IDLE,IDLE,IDLE,IDLE,IDLE,IDLE,IDLE,IDLE,IDLE,IDLE,IDLE,IDLE,IDLE,IDLE,IDLE,IDLE,IDLE,IDLE,IDLE,IDLE,IDLE
349,2024-01-15 13:00:01,0.00,0.00,0,0.0000,0.0000,0.00,0.9998,0.9999,0.9997,0.9997,0.9998,0.9998,0.9998,0.9997,0.9998,0.9998,0.9999,0.9998,0.9998,0.9999,0.9998,0.9999,0.9998,0.9997,0.9998,0.9998,0.9997,0.9998,0.9999,0.9998,0.9998,0.9999,0.9998,0.9998,0.9998,0.9997,0.9998,0.9998,0.9998,0.9998,0.9998,0.9997,0.9997,0.9998,0.9998,0.9998,0.9998,0.9998,0.9998,0.9998,0.9998,0.9997,0.9999,0.9998,0.9998,0.9999,0.1438,0.1191,0.1865,0.1761,0.1902,0.1870,0.1208,0.1891,0.1883,0.1498,0.1848,0.1325,0.1839,0.1449,0.1993,0.1449,0.1958,0.1884,0.1540,0.1514,0.1877,0.1958,0.1692,0.1584,0.1343,0.1244,0.1958,0.1498,0.1568,0.1806,0.1718,0.1162,0.1883,0.1410,0.1321,0.1761,0.1916,0.1162,0.1545,0.1978,0.1208,0.1917,0.1786,0.1584,0.1901,0.1860,0.1881,0.1633,0.1977,0.1843,IDLE,IDLE,IDLE,IDLE,IDLE,IDLE,IDLE,IDLE,IDLE,IDLE,IDLE,IDLE,IDLE,IDLE,IDLE,IDLE,IDLE,IDLE,IDLE,IDLE,IDLE,IDLE,IDLE,IDLE,IDLE,IDLE,IDLE,IDLE,IDLE,IDLE,IDLE,IDLE,IDLE,IDLE,IDLE,IDLE,IDLE,IDLE,IDLE,IDLE,IDLE,IDLE,IDLE,IDLE,IDLE,IDLE,IDLE,IDLE,IDLE,IDLE
350,2024-01-15 14:00:01,0.00,0.00,0,0.0000,0.0000,0.00,0.9998,0.9999,0.9997,0.9997,0.9998,0.9998,0.9998,0.9997,0.9998,0.9998,0.9999,0.9998,0.9998,0.9999,0.9998,0.9999,0.9998,0.9997,0.9998,0.9998,0.9997,0.9998,0.9999,0.9998,0.9998,0.9999,0.9998,0.9998,0.9998,0.9997,0.9998,0.9998,0.9998,0.9998,0.9998,0.9997,0.9997,0.9998,0.9998,0.9998,0.9998,0.9998,0.9998,0.9998,0.9998,0.9997,0.9999,0.9998,0.9998,0.9999,0.1438,0.1191,0.1865,0.1761,0.1902,0.1870,0.1208,0.1891,0.1883,0.1498,0.1848,0.1325,0.1839,0.1449,0.1993,0.1449,0.1958,0.1884,0.1540,0.1514,0.1877,0.1958,0.1692,0.1584,0.1343,0.1244,0.1958,0.1498,0.1568,0.1806,0.1718,0.1162,0.1883,0.1410,0.1321,0.1761,0.1916,0.1162,0.1545,0.1978,0.1208,0.1917,0.1786,0.1584,0.1901,0.1860,0.1881,0.1633,0.1977,0.1843,IDLE,IDLE,IDLE,IDLE,IDLE,IDLE,IDLE,IDLE,IDLE,IDLE,IDLE,IDLE,IDLE,IDLE,IDLE,IDLE,IDLE,IDLE,IDLE,IDLE,IDLE,IDLE,IDLE,IDLE,IDLE,IDLE,IDLE,IDLE,IDLE,IDLE,IDLE,IDLE,IDLE,IDLE,IDLE,IDLE,IDLE,IDLE,IDLE,IDLE,IDLE,IDLE,IDLE,IDLE,IDLE,IDLE,IDLE,IDLE,IDLE,IDLE
351,2024-01-15 15:00:01,0.00,0.00,0,0.0000,0.0000,0.00,0.9998,0.9999,0.9997,0.9997,0.9998,0.9998,0.9998,0.9997,0.9998,0.9998,0.9999,0.9998,0.9998,0.9999,0.9998,0.9999,0.9998,0.9997,0.9998,0.9998,0.9997,0.9998,0.9999,0.9998,0.9998,0.9999,0.9998,0.9998,0.9998,0.9997,0.9998,0.9998,0.9998,0.9998,0.9998,0.9997,0.9997,0.9998,0.9998,0.9998,0.9998,0.9998,0.9998,0.9998,0.9998,0.9997,0.9999,0.9998,0.9998,0.9999,0.1438,0.1191,0.1865,0.1761,0.1902,0.1870,0.1208,0.1891,0.1883,0.1498,0.1848,0.1325,0.1839,0.1449,0.1993,0.1449,0.1958,0.1884,0.1540,0.1514,0.1877,0.1958,0.1692,0.1584,0.1343,0.1244,0.1958,0.1498,0.1568,0.1806,0.1718,0.1162,0.1883,0.1410,0.1321,0.1761,0.1916,0.1162,0.1545,0.1978,0.1208,0.1917,0.1786,0.1584,0.1901,0.1860,0.1881,0.1633,0.1977,0.1843,IDLE,IDLE,IDLE,IDLE,IDLE,IDLE,IDLE,IDLE,IDLE,IDLE,IDLE,IDLE,IDLE,IDLE,IDLE,IDLE,IDLE,IDLE,IDLE,IDLE,IDLE,IDLE,IDLE,IDLE,IDLE,IDLE,IDLE,IDLE,IDLE,IDLE,IDLE,IDLE,IDLE,IDLE,IDLE,IDLE,IDLE,IDLE,IDLE,IDLE,IDLE,IDLE,IDLE,IDLE,IDLE,IDLE,IDLE,IDLE,IDLE,IDLE
352,2024-01-15 16:00:01,0.00,0.00,0,0.0000,0.0000,0.00,0.9998,0.9999,0.9997,0.9997,0.9998,0.9998,0.9998,0.9997,0.9998,0.9998,0.9999,0.9998,0.9998,0.9999,0.9998,0.9999,0.9998,0.9997,0.9998,0.9998,0.9997,0.9998,0.9999,0.9998,0.9998,0.9999,0.9998,0.9998,0.9998,0.9997,0.9998,0.9998,0.9998,0.9998,0.9998,0.9997,0.9997,0.9998,0.9998,0.9998,0.9998,0.9998,0.9998,0.9998,0.9998,0.9997,0.9999,0.9998,0.9998,0.9999,0.1438,0.1191,0.1865,0.1761,0.1902,0.1870,0.1208,0.1891,0.1883,0.1498,0.1848,0.1325,0.1839,0.1449,0.1993,0.1449,0.1958,0.1884,0.1540,0.1514,0.1877,0.1958,0.1692,0.1584,0.1343,0.1244,0.1958,0.1498,0.1568,0.1806,0.1718,0.1162,0.1883,0.1410,0.1321,0.1761,0.1916,0.1162,0.1545,0.1978,0.1208,0.1917,0.1786,0.1584,0.1901,0.1860,0.1881,0.1633,0.1977,0.1843,IDLE,IDLE,IDLE,IDLE,IDLE,IDLE,IDLE,IDLE,IDLE,IDLE,IDLE,IDLE,IDLE,IDLE,IDLE,IDLE,IDLE,IDLE,IDLE,IDLE,IDLE,IDLE,IDLE,IDLE,IDLE,IDLE,IDLE,IDLE,IDLE,IDLE,IDLE,IDLE,IDLE,IDLE,IDLE,IDLE,IDLE,IDLE,IDLE,IDLE,IDLE,IDLE,IDLE,IDLE,IDLE,IDLE,IDLE,IDLE,IDLE,IDLE
353,2024-01-15 17:00:01,0.00,0.00,0,0.0000,0.0000,0.00,0.9998,0.9999,0.9997,0.9997,0.9998,0.9998,0.9998,0.9997,0.9998,0.9998,0.9999,0.9998,0.9998,0.9999,0.9998,0.9999,0.9998,0.9997,0.9998,0.9998,0.9997,0.9998,0.9999,0.9998,0.9998,0.9999,0.9998,0.9998,0.9998,0.9997,0.9998,0.9998,0.9998,0.9998,0.9998,0.9997,0.9997,0.9998,0.9998,0.9998,0.9998,0.9998,0.9998,0.9998,0.9998,0.9997,0.9999,0.9998,0.9998,0.9999,0.1438,0.1191,0.1865,0.1761,0.1902,0.1870,0.1208,0.1891,0.1883,0.1498,0.1848,0.1325,0.1839,0.1449,0.1993,0.1449,0.1958,0.1884,0.1540,0.1514,0.1877,0.1958,0.1692,0.1584,0.1343,0.1244,0.1958,0.1498,0.1568,0.1806,0.1718,0.1162,0.1883,0.1410,0.1321,0.1761,0.1916,0.1162,0.1545,0.1978,0.1208,0.1917,0.1786,0.1584,0.1901,0.1860,0.1881,0.1633,0.1977,0.1843,IDLE,IDLE,IDLE,IDLE,IDLE,IDLE,IDLE,IDLE,IDLE,IDLE,IDLE,IDLE,IDLE,IDLE,IDLE,IDLE,IDLE,IDLE,IDLE,IDLE,IDLE,IDLE,IDLE,IDLE,IDLE,IDLE,IDLE,IDLE,IDLE,IDLE,IDLE,IDLE,IDLE,IDLE,IDLE,IDLE,IDLE,IDLE,IDLE,IDLE,IDLE,IDLE,IDLE,IDLE,IDLE,IDLE,IDLE,IDLE,IDLE,IDLE
354,2024-01-15 18:00:01,0.00,0.00,0,0.0000,0.0000,0.00,0.9998,0.9999,0.9997,0.9997,0.9998,0.9998,0.9998,0.9997,0.9998,0.9998,0.9999,0.9998,0.9998,0.9999,0.9998,0.9999,0.9998,0.9997,0.9998,0.9998,0.9997,0.9998,0.9999,0.9998,0.9998,0.9999,0.9998,0.9998,0.9998,0.9997,0.9998,0.9998,0.9998,0.9998,0.9998,0.9997,0.9997,0.9998,0.9998,0.9998,0.9998,0.9998,0.9998,0.9998,0.9998,0.9997,0.9999,0.9998,0.9998,0.9999,0.1438,0.1191,0.1865,0.1761,0.1902,0.1870,0.1208,0.1891,0.1883,0.1498,0.1848,0.1325,0.1839,0.1449,0.1993,0.1449,0.1958,0.1884,0.1540,0.1514,0.1877,0.1958,0.1692,0.1584,0.1343,0.1244,0.1958,0.1498,0.1568,0.1806,0.1718,0.1162,0.1883,0.1410,0.1321,0.1761,0.1916,0.1162,0.1545,0.1978,0.1208,0.1917,0.1786,0.1584,0.1901,0.1860,0.1881,0.1633,0.1977,0.1843,IDLE,IDLE,IDLE,IDLE,IDLE,IDLE,IDLE,IDLE,IDLE,IDLE,IDLE,IDLE,IDLE,IDLE,IDLE,IDLE,IDLE,IDLE,IDLE,IDLE,IDLE,IDLE,IDLE,IDLE,IDLE,IDLE,IDLE,IDLE,IDLE,IDLE,IDLE,IDLE,IDLE,IDLE,IDLE,IDLE,IDLE,IDLE,IDLE,IDLE,IDLE,IDLE,IDLE,IDLE,IDLE,IDLE,IDLE,IDLE,IDLE,IDLE
355,2024-01-15 19:00:01,0.00,0.00,0,0.0000,0.0000,0.00,0.9998,0.9999,0.9997,0.9997,0.9998,0.9998,0.9998,0.9997,0.9998,0.9998,0.9999,0.9998,0.9998,0.9999,0.9998,0.9999,0.9998,0.9997,0.9998,0.9998,0.9997,0.9998,0.9999,0.9998,0.9998,0.9999,0.9998,0.9998,0.9998,0.9997,0.9998,0.9998,0.9998,0.9998,0.9998,0.9997,0.9997,0.9998,0.9998,0.9998,0.9998,0.9998,0.9998,0.9998,0.9998,0.9997,0.9999,0.9998,0.9998,0.9999,0.1438,0.1191,0.1865,0.1761,0.1902,0.1870,0.1208,0.1891,0.1883,0.1498,0.1848,0.1325,0.1839,0.1449,0.1993,0.1449,0.1958,0.1884,0.1540,0.1514,0.1877,0.1958,0.1692,0.1584,0.1343,0.1244,0.1958,0.1498,0.1568,0.1806,0.1718,0.1162,0.1883,0.1410,0.1321,0.1761,0.1916,0.1162,0.1545,0.1978,0.1208,0.1917,0.1786,0.1584,0.1901,0.1860,0.1881,0.1633,0.1977,0.1843,IDLE,IDLE,IDLE,IDLE,IDLE,IDLE,IDLE,IDLE,IDLE,IDLE,IDLE,IDLE,IDLE,IDLE,IDLE,IDLE,IDLE,IDLE,IDLE,IDLE,IDLE,IDLE,IDLE,IDLE,IDLE,IDLE,IDLE,IDLE,IDLE,IDLE,IDLE,IDLE,IDLE,IDLE,IDLE,IDLE,IDLE,IDLE,IDLE,IDLE,IDLE,IDLE,IDLE,IDLE,IDLE,IDLE,IDLE,IDLE,IDLE,IDLE
356,2024-01-15 20:00:01,0.00,0.00,0,0.0000,0.0000,0.00,0.9998,0.9999,0.9997,0.9997,0.9998,0.9998,0.9998,0.9997,0.9998,0.9998,0.9999,0.9998,0.9998,0.9999,0.9998,0.9999,0.9998,0.9997,0.9998,0.9998,0.9997,0.9998,0.9999,0.9998,0.9998,0.9999,0.9998,0.9998,0.9998,0.9997,0.9998,0.9998,0.9998,0.9998,0.9998,0.9997,0.9997,0.9998,0.9998,0.9998,0.9998,0.9998,0.9998,0.9998,0.9998,0.9997,0.9999,0.9998,0.9998,0.9999,0.1438,0.1191,0.1865,0.1761,0.1902,0.1870,0.1208,0.1891,0.1883,0.1498,0.1848,0.1325,0.1839,0.1449,0.1993,0.1449,0.1958,0.1884,0.1540,0.1514,0.1877,0.1958,0.1692,0.1584,0.1343,0.1244,0.1958,0.1498,0.1568,0.1806,0.1718,0.1162,0.1883,0.1410,0.1321,0.1761,0.1916,0.1162,0.1545,0.1978,0.1208,0.1917,0.1786,0.1584,0.1901,0.1860,0.1881,0.1633,0.1977,0.1843,IDLE,IDLE,IDLE,IDLE,IDLE,IDLE,IDLE,IDLE,IDLE,IDLE,IDLE,IDLE,IDLE,IDLE,IDLE,IDLE,IDLE,IDLE,IDLE,IDLE,IDLE,IDLE,IDLE,IDLE,IDLE,IDLE,IDLE,IDLE,IDLE,IDLE,IDLE,IDLE,IDLE,IDLE,IDLE,IDLE,IDLE,IDLE,IDLE,IDLE,IDLE,IDLE,IDLE,IDLE,IDLE,IDLE,IDLE,IDLE,IDLE,IDLE
357,2024-01-15 21:00:01,0.00,0.00,0,0.0000,0.0000,0.00,0.9998,0.9999,0.9997,0.9997,0.9998,0.9998,0.9998,0.9997,0.9998,0.9998,0.9999,0.9998,0.9998,0.9999,0.9998,0.9999,0.9998,0.9997,0.9998,0.9998,0.9997,0.9998,0.9999,0.9998,0.9998,0.9999,0.9998,0.9998,0.9998,0.9997,0.9998,0.9998,0.9998,0.9998,0.9998,0.9997,0.9997,0.9998,0.9998,0.9998,0.9998,0.9998,0.9998,0.9998,0.9998,0.9997,0.9999,0.9998,0.9998,0.9999,0.1438,0.1191,0.1865,0.1761,0.1902,0.1870,0.1208,0.1891,0.1883,0.1498,0.1848,0.1325,0.1839,0.1449,0.1993,0.1449,0.1958,0.1884,0.1540,0.1514,0.1877,0.1958,0.1692,0.1584,0.1343,0.1244,0.1958,0.1498,0.1568,0.1806,0.1718,0.1162,0.1883,0.1410,0.1321,0.1761,0.1916,0.1162,0.1545,0.1978,0.1208,0.1917,0.1786,0.1584,0.1901,0.1860,0.1881,0.1633,0.1977,0.1843,IDLE,IDLE,IDLE,IDLE,IDLE,IDLE,IDLE,IDLE,IDLE,IDLE,IDLE,IDLE,IDLE,IDLE,IDLE,IDLE,IDLE,IDLE,IDLE,IDLE,IDLE,IDLE,IDLE,IDLE,IDLE,IDLE,IDLE,IDLE,IDLE,IDLE,IDLE,IDLE,IDLE,IDLE,IDLE,IDLE,IDLE,IDLE,IDLE,IDLE,IDLE,IDLE,IDLE,IDLE,IDLE,IDLE,IDLE,IDLE,IDLE,IDLE
358,2024-01-15 22:00:01,0.00,0.00,0,0.0000,0.0000,0.00,0.9998,0.9999,0.9997,0.9997,0.9998,0.9998,0.9998,0.9997,0.9998,0.9998,0.9999,0.9998,0.9998,0.9999,0.9998,0.9999,0.9998,0.9997,0.9998,0.9998,0.9997,0.9998,0.9999,0.9998,0.9998,0.9999,0.9998,0.9998,0.9998,0.9997,0.9998,0.9998,0.9998,0.9998,0.9998,0.9997,0.9997,0.9998,0.9998,0.9998,0.9998,0.9998,0.9998,0.9998,0.9998,0.9997,0.9999,0.9998,0.9998,0.9999,0.1438,0.1191,0.1865,0.1761,0.1902,0.1870,0.1208,0.1891,0.1883,0.1498,0.1848,0.1325,0.1839,0.1449,0.1993,0.1449,0.1958,0.1884,0.1540,0.1514,0.1877,0.1958,0.1692,0.1584,0.1343,0.1244,0.1958,0.1498,0.1568,0.1806,0.1718,0.1162,0.1883,0.1410,0.1321,0.1761,0.1916,0.1162,0.1545,0.1978,0.1208,0.1917,0.1786,0.1584,0.1901,0.1860,0.1881,0.1633,0.1977,0.1843,IDLE,IDLE,IDLE,IDLE,IDLE,IDLE,IDLE,IDLE,IDLE,IDLE,IDLE,IDLE,IDLE,IDLE,IDLE,IDLE,IDLE,IDLE,IDLE,IDLE,IDLE,IDLE,IDLE,IDLE,IDLE,IDLE,IDLE,IDLE,IDLE,IDLE,IDLE,IDLE,IDLE,IDLE,IDLE,IDLE,IDLE,IDLE,IDLE,IDLE,IDLE,IDLE,IDLE,IDLE,IDLE,IDLE,IDLE,IDLE,IDLE,IDLE
359,2024-01-15 23:00:01,0.00,0.00,0,0.0000,0.0000,0.00,0.9998,0.9999,0.9997,0.9997,0.9998,0.9998,0.9998,0.9997,0.9998,0.9998,0.9999,0.9998,0.9998,0.9999,0.9998,0.9999,0.9998,0.9997,0.9998,0.9998,0.9997,0.9998,0.9999,0.9998,0.9998,0.9999,0.9998,0.9998,0.9998,0.9997,0.9998,0.9998,0.9998,0.9998,0.9998,0.9997,0.9997,0.9998,0.9998,0.9998,0.9998,0.9998,0.9998,0.9998,0.9998,0.9997,0.9999,0.9998,0.9998,0.9999,0.1438,0.1191,0.1865,0.1761,0.1902,0.1870,0.1208,0.1891,0.1883,0.1498,0.1848,0.1325,0.1839,0.1449,0.1993,0.1449,0.1958,0.1884,0.1540,0.1514,0.1877,0.1958,0.1692,0.1584,0.1343,0.1244,0.1958,0.1498,0.1568,0.1806,0.1718,0.1162,0.1883,0.1410,0.1321,0.1761,0.1916,0.1162,0.1545,0.1978,0.1208,0.1917,0.1786,0.1584,0.1901,0.1860,0.1881,0.1633,0.1977,0.1843,IDLE,IDLE,IDLE,IDLE,IDLE,IDLE,IDLE,IDLE,IDLE,IDLE,IDLE,IDLE,IDLE,IDLE,IDLE,IDLE,IDLE,IDLE,IDLE,IDLE,IDLE,IDLE,IDLE,IDLE,IDLE,IDLE,IDLE,IDLE,IDLE,IDLE,IDLE,IDLE,IDLE,IDLE,IDLE,IDLE,IDLE,IDLE,IDLE,IDLE,IDLE,IDLE,IDLE,IDLE,IDLE,IDLE,IDLE,IDLE,IDLE,IDLE
360,2024-01-16 00:00:01,0.00,0.00,0,0.0000,0.0000,0.00,0.9998,0.9999,0.9997,0.9997,0.9998,0.9998,0.9998,0.9997,0.9998,0.9998,0.9999,0.9998,0.9998,0.9999,0.9998,0.9999,0.9998,0.9997,0.9998,0.9998,0.9997,0.9998,0.9999,0.9998,0.9998,0.9999,0.9998,0.9998,0.9998,0.9997,0.9998,0.9998,0.9998,0.9998,0.9998,0.9997,0.9997,0.9998,0.9998,0.9998,0.9998,0.9998,0.9998,0.9998,0.9998,0.9997,0.9999,0.9998,0.9998,0.9999,0.1438,0.1191,0.1865,0.1761,0.1902,0.1870,0.1208,0.1891,0.1883,0.1498,0.1848,0.1325,0.1839,0.1449,0.1993,0.1449,0.1958,0.1884,0.1540,0.1514,0.1877,0.1958,0.1692,0.1584,0.1343,0.1244,0.1958,0.1498,0.1568,0.1806,0.1718,0.1162,0.1883,0.1410,0.1321,0.1761,0.1916,0.1162,0.1545,0.1978,0.1208,0.1917,0.1786,0.1584,0.1901,0.1860,0.1881,0.1633,0.1977,0.1843,IDLE,IDLE,IDLE,IDLE,IDLE,IDLE,IDLE,IDLE,IDLE,IDLE,IDLE,IDLE,IDLE,IDLE,IDLE,IDLE,IDLE,IDLE,IDLE,IDLE,IDLE,IDLE,IDLE,IDLE,IDLE,IDLE,IDLE,IDLE,IDLE,IDLE,IDLE,IDLE,IDLE,IDLE,IDLE,IDLE,IDLE,IDLE,IDLE,IDLE,IDLE,IDLE,IDLE,IDLE,IDLE,IDLE,IDLE,IDLE,IDLE,IDLE
361,2024-01-16 01:00:01,0.00,0.00,0,0.0000,0.0000,0.00,0.9998,0.9999,0.9997,0.9997,0.9998,0.9998,0.9998,0.9997,0.9998,0.9998,0.9999,0.9998,0.9998,0.9999,0.9998,0.9999,0.9998,0.9997,0.9998,0.9998,0.9997,0.9998,0.9999,0.9998,0.9998,0.9999,0.9998,0.9998,0.9998,0.9997,0.9998,0.9998,0.9998,0.9998,0.9998,0.9997,0.9997,0.9998,0.9998,0.9998,0.9998,0.9998,0.9998,0.9998,0.9998,0.9997,0.9999,0.9998,0.9998,0.9999,0.1438,0.1191,0.1865,0.1761,0.1902,0.1870,0.1208,0.1891,0.1883,0.1498,0.1848,0.1325,0.1839,0.1449,0.1993,0.1449,0.1958,0.1884,0.1540,0.1514,0.1877,0.1958,0.1692,0.1584,0.1343,0.1244,0.1958,0.1498,0.1568,0.1806,0.1718,0.1162,0.1883,0.1410,0.1321,0.1761,0.1916,0.1162,0.1545,0.1978,0.1208,0.1917,0.1786,0.1584,0.1901,0.1860,0.1881,0.1633,0.1977,0.1843,IDLE,IDLE,IDLE,IDLE,IDLE,IDLE,IDLE,IDLE,IDLE,IDLE,IDLE,IDLE,IDLE,IDLE,IDLE,IDLE,IDLE,IDLE,IDLE,IDLE,IDLE,IDLE,IDLE,IDLE,IDLE,IDLE,IDLE,IDLE,IDLE,IDLE,IDLE,IDLE,IDLE,IDLE,IDLE,IDLE,IDLE,IDLE,IDLE,IDLE,IDLE,IDLE,IDLE,IDLE,IDLE,IDLE,IDLE,IDLE,IDLE,IDLE
362,2024-01-16 02:00:01,0.00,0.00,0,0.0000,0.0000,0.00,0.9998,0.9999,0.9997,0.9997,0.9998,0.9998,0.9998,0.9997,0.9998,0.9998,0.9999,0.9998,0.9998,0.9999,0.9998,0.9999,0.9998,0.9997,0.9998,0.9998,0.9997,0.9998,0.9999,0.9998,0.9998,0.9999,0.9998,0.9998,0.9998,0.9997,0.9998,0.9998,0.9998,0.9998,0.9998,0.9997,0.9997,0.9998,0.9998,0.9998,0.9998,0.9998,0.9998,0.9998,0.9998,0.9997,0.9999,0.9998,0.9998,0.9999,0.1438,0.1191,0.1865,0.1761,0.1902,0.1870,0.1208,0.1891,0.1883,0.1498,0.1848,0.1325,0.1839,0.1449,0.1993,0.1449,0.1958,0.1884,0.1540,0.1514,0.1877,0.1958,0.1692,0.1584,0.1343,0.1244,0.1958,0.1498,0.1568,0.1806,0.1718,0.1162,0.1883,0.1410,0.1321,0.1761,0.1916,0.1162,0.1545,0.1978,0.1208,0.1917,0.1786,0.1584,0.1901,0.1860,0.1881,0.1633,0.1977,0.1843,IDLE,IDLE,IDLE,IDLE,IDLE,IDLE,IDLE,IDLE,IDLE,IDLE,IDLE,IDLE,IDLE,IDLE,IDLE,IDLE,IDLE,IDLE,IDLE,IDLE,IDLE,IDLE,IDLE,IDLE,IDLE,IDLE,IDLE,IDLE,IDLE,IDLE,IDLE,IDLE,IDLE,IDLE,IDLE,IDLE,IDLE,IDLE,IDLE,IDLE,IDLE,IDLE,IDLE,IDLE,IDLE,IDLE,IDLE,IDLE,IDLE,IDLE
363,2024-01-16 03:00:01,0.00,0.00,0,0.0000,0.0000,0.00,0.9998,0.9999,0.9997,0.9997,0.9998,0.9998,0.9998,0.9997,0.9998,0.9998,0.9999,0.9998,0.9998,0.9999,0.9998,0.9999,0.9998,0.9997,0.9998,0.9998,0.9997,0.9998,0.9999,0.9998,0.9998,0.9999,0.9998,0.9998,0.9998,0.9997,0.9998,0.9998,0.9998,0.9998,0.9998,0.9997,0.9997,0.9998,0.9998,0.9998,0.9998,0.9998,0.9998,0.9998,0.9998,0.9997,0.9999,0.9998,0.9998,0.9999,0.1438,0.1191,0.1865,0.1761,0.1902,0.1870,0.1208,0.1891,0.1883,0.1498,0.1848,0.1325,0.1839,0.1449,0.1993,0.1449,0.1958,0.1884,0.1540,0.1514,0.1877,0.1958,0.1692,0.1584,0.1343,0.1244,0.1958,0.1498,0.1568,0.1806,0.1718,0.1162,0.1883,0.1410,0.1321,0.1761,0.1916,0.1162,0.1545,0.1978,0.1208,0.1917,0.1786,0.1584,0.1901,0.1860,0.1881,0.1633,0.1977,0.1843,IDLE,IDLE,IDLE,IDLE,IDLE,IDLE,IDLE,IDLE,IDLE,IDLE,IDLE,IDLE,IDLE,IDLE,IDLE,IDLE,IDLE,IDLE,IDLE,IDLE,IDLE,IDLE,IDLE,IDLE,IDLE,IDLE,IDLE,IDLE,IDLE,IDLE,IDLE,IDLE,IDLE,IDLE,IDLE,IDLE,IDLE,IDLE,IDLE,IDLE,IDLE,IDLE,IDLE,IDLE,IDLE,IDLE,IDLE,IDLE,IDLE,IDLE
364,2024-01-16 04:00:01,0.00,0.00,0,0.0000,0.0000,0.00,0.9998,0.9999,0.9997,0.9997,0.9998,0.9998,0.9998,0.9997,0.9998,0.9998,0.9999,0.9998,0.9998,0.9999,0.9998,0.9999,0.9998,0.9997,0.9998,0.9998,0.9997,0.9998,0.9999,0.9998,0.9998,0.9999,0.9998,0.9998,0.9998,0.9997,0.9998,0.9998,0.9998,0.9998,0.9998,0.9997,0.9997,0.9998,0.9998,0.9998,0.9998,0.9998,0.9998,0.9998,0.9998,0.9997,0.9999,0.9998,0.9998,0.9999,0.1438,0.1191,0.1865,0.1761,0.1902,0.1870,0.1208,0.1891,0.1883,0.1498,0.1848,0.1325,0.1839,0.1449,0.1993,0.1449,0.1958,0.1884,0.1540,0.1514,0.1877,0.1958,0.1692,0.1584,0.1343,0.1244,0.1958,0.1498,0.1568,0.1806,0.1718,0.1162,0.1883,0.1410,0.1321,0.1761,0.1916,0.1162,0.1545,0.1978,0.1208,0.1917,0.1786,0.1584,0.1901,0.1860,0.1881,0.1633,0.1977,0.1843,IDLE,IDLE,IDLE,IDLE,IDLE,IDLE,IDLE,IDLE,IDLE,IDLE,IDLE,IDLE,IDLE,IDLE,IDLE,IDLE,IDLE,IDLE,IDLE,IDLE,IDLE,IDLE,IDLE,IDLE,IDLE,IDLE,IDLE,IDLE,IDLE,IDLE,IDLE,IDLE,IDLE,IDLE,IDLE,IDLE,IDLE,IDLE,IDLE,IDLE,IDLE,IDLE,IDLE,IDLE,IDLE,IDLE,IDLE,IDLE,IDLE,IDLE
365,2024-01-16 05:00:01,0.00,0.00,0,0.0000,0.0000,0.00,0.9998,0.9999,0.9997,0.9997,0.9998,0.9998,0.9998,0.9997,0.9998,0.9998,0.9999,0.9998,0.9998,0.9999,0.9998,0.9999,0.9998,0.9997,0.9998,0.9998,0.9997,0.9998,0.9999,0.9998,0.9998,0.9999,0.9998,0.9998,0.9998,0.9997,0.9998,0.9998,0.9998,0.9998,0.9998,0.9997,0.9997,0.9998,0.9998,0.9998,0.9998,0.9998,0.9998,0.9998,0.9998,0.9997,0.9999,0.9998,0.9998,0.9999,0.1438,0.1191,0.1865,0.1761,0.1902,0.1870,0.1208,0.1891,0.1883,0.1498,0.1848,0.1325,0.1839,0.1449,0.1993,0.1449,0.1958,0.1884,0.1540,0.1514,0.1877,0.1958,0.1692,0.1584,0.1343,0.1244,0.1958,0.1498,0.1568,0.1806,0.1718,0.1162,0.1883,0.1410,0.1321,0.1761,0.1916,0.1162,0.1545,0.1978,0.1208,0.1917,0.1786,0.1584,0.1901,0.1860,0.1881,0.1633,0.1977,0.1843,IDLE,IDLE,IDLE,IDLE,IDLE,IDLE,IDLE,IDLE,IDLE,IDLE,IDLE,IDLE,IDLE,IDLE,IDLE,IDLE,IDLE,IDLE,IDLE,IDLE,IDLE,IDLE,IDLE,IDLE,IDLE,IDLE,IDLE,IDLE,IDLE,IDLE,IDLE,IDLE,IDLE,IDLE,IDLE,IDLE,IDLE,IDLE,IDLE,IDLE,IDLE,IDLE,IDLE,IDLE,IDLE,IDLE,IDLE,IDLE,IDLE,IDLE
366,2024-01-16 06:00:01,0.00,0.00,0,0.0000,0.0000,0.00,0.9998,0.9999,0.9997,0.9997,0.9998,0.9998,0.9998,0.9997,0.9998,0.9998,0.9999,0.9998,0.9998,0.9999,0.9998,0.9999,0.9998,0.9997,0.9998,0.9998,0.9997,0.9998,0.9999,0.9998,0.9998,0.9999,0.9998,0.9998,0.9998,0.9997,0.9998,0.9998,0.9998,0.9998,0.9998,0.9997,0.9997,0.9998,0.9998,0.9998,0.9998,0.9998,0.9998,0.9998,0.9998,0.9997,0.9999,0.9998,0.9998,0.9999,0.1438,0.1191,0.1865,0.1761,0.1902,0.1870,0.1208,0.1891,0.1883,0.1498,0.1848,0.1325,0.1839,0.1449,0.1993,0.1449,0.1958,0.1884,0.1540,0.1514,0.1877,0.1958,0.1692,0.1584,0.1343,0.1244,0.1958,0.1498,0.1568,0.1806,0.1718,0.1162,0.1883,0.1410,0.1321,0.1761,0.1916,0.1162,0.1545,0.1978,0.1208,0.1917,0.1786,0.1584,0.1901,0.1860,0.1881,0.1633,0.1977,0.1843,IDLE,IDLE,IDLE,IDLE,IDLE,IDLE,IDLE,IDLE,IDLE,IDLE,IDLE,IDLE,IDLE,IDLE,IDLE,IDLE,IDLE,IDLE,IDLE,IDLE,IDLE,IDLE,IDLE,IDLE,IDLE,IDLE,IDLE,IDLE,IDLE,IDLE,IDLE,IDLE,IDLE,IDLE,IDLE,IDLE,IDLE,IDLE,IDLE,IDLE,IDLE,IDLE,IDLE,IDLE,IDLE,IDLE,IDLE,IDLE,IDLE,IDLE
367,2024-01-16 07:00:01,0.00,0.00,0,0.0000,0.0000,0.00,0.9998,0.9999,0.9997,0.9997,0.9998,0.9998,0.9998,0.9997,0.9998,0.9998,0.9999,0.9998,0.9998,0.9999,0.9998,0.9999,0.9998,0.9997,0.9998,0.9998,0.9997,0.9998,0.9999,0.9998,0.9998,0.9999,0.9998,0.9998,0.9998,0.9997,0.9998,0.9998,0.9998,0.9998,0.9998,0.9997,0.9997,0.9998,0.9998,0.9998,0.9998,0.9998,0.9998,0.9998,0.9998,0.9997,0.9999,0.9998,0.9998,0.9999,0.1438,0.1191,0.1865,0.1761,0.1902,0.1870,0.1208,0.1891,0.1883,0.1498,0.1848,0.1325,0.1839,0.1449,0.1993,0.1449,0.1958,0.1884,0.1540,0.1514,0.1877,0.1958,0.1692,0.1584,0.1343,0.1244,0.1958,0.1498,0.1568,0.1806,0.1718,0.1162,0.1883,0.1410,0.1321,0.1761,0.1916,0.1162,0.1545,0.1978,0.1208,0.1917,0.1786,0.1584,0.1901,0.1860,0.1881,0.1633,0.1977,0.1843,IDLE,IDLE,IDLE,IDLE,IDLE,IDLE,IDLE,IDLE,IDLE,IDLE,IDLE,IDLE,IDLE,IDLE,IDLE,IDLE,IDLE,IDLE,IDLE,IDLE,IDLE,IDLE,IDLE,IDLE,IDLE,IDLE,IDLE,IDLE,IDLE,IDLE,IDLE,IDLE,IDLE,IDLE,IDLE,IDLE,IDLE,IDLE,IDLE,IDLE,IDLE,IDLE,IDLE,IDLE,IDLE,IDLE,IDLE,IDLE,IDLE,IDLE
368,2024-01-16 08:00:01,0.00,0.00,0,0.0000,0.0000,0.00,0.9998,0.9999,0.9997,0.9997,0.9998,0.9998,0.9998,0.9997,0.9998,0.9998,0.9999,0.9998,0.9998,0.9999,0.9998,0.9999,0.9998,0.9997,0.9998,0.9998,0.9997,0.9998,0.9999,0.9998,0.9998,0.9999,0.9998,0.9998,0.9998,0.9997,0.9998,0.9998,0.9998,0.9998,0.9998,0.9997,0.9997,0.9998,0.9998,0.9998,0.9998,0.9998,0.9998,0.9998,0.9998,0.9997,0.9999,0.9998,0.9998,0.9999,0.1438,0.1191,0.1865,0.1761,0.1902,0.1870,0.1208,0.1891,0.1883,0.1498,0.1848,0.1325,0.1839,0.1449,0.1993,0.1449,0.1958,0.1884,0.1540,0.1514,0.1877,0.1958,0.1692,0.1584,0.1343,0.1244,0.1958,0.1498,0.1568,0.1806,0.1718,0.1162,0.1883,0.1410,0.1321,0.1761,0.1916,0.1162,0.1545,0.1978,0.1208,0.1917,0.1786,0.1584,0.1901,0.1860,0.1881,0.1633,0.1977,0.1843,IDLE,IDLE,IDLE,IDLE,IDLE,IDLE,IDLE,IDLE,IDLE,IDLE,IDLE,IDLE,IDLE,IDLE,IDLE,IDLE,IDLE,IDLE,IDLE,IDLE,IDLE,IDLE,IDLE,IDLE,IDLE,IDLE,IDLE,IDLE,IDLE,IDLE,IDLE,IDLE,IDLE,IDLE,IDLE,IDLE,IDLE,IDLE,IDLE,IDLE,IDLE,IDLE,IDLE,IDLE,IDLE,IDLE,IDLE,IDLE,IDLE,IDLE
369,2024-01-16 09:00:01,0.00,0.00,0,0.0000,0.0000,0.00,0.9998,0.9999,0.9997,0.9997,0.9998,0.9998,0.9998,0.9997,0.9998,0.9998,0.9999,0.9998,0.9998,0.9999,0.9998,0.9999,0.9998,0.9997,0.9998,0.9998,0.9997,0.9998,0.9999,0.9998,0.9998,0.9999,0.9998,0.9998,0.9998,0.9997,0.9998,0.9998,0.9998,0.9998,0.9998,0.9997,0.9997,0.9998,0.9998,0.9998,0.9998,0.9998,0.9998,0.9998,0.9998,0.9997,0.9999,0.9998,0.9998,0.9999,0.1438,0.1191,0.1865,0.1761,0.1902,0.1870,0.1208,0.1891,0.1883,0.1498,0.1848,0.1325,0.1839,0.1449,0.1993,0.1449,0.1958,0.1884,0.1540,0.1514,0.1877,0.1958,0.1692,0.1584,0.1343,0.1244,0.1958,0.1498,0.1568,0.1806,0.1718,0.1162,0.1883,0.1410,0.1321,0.1761,0.1916,0.1162,0.1545,0.1978,0.1208,0.1917,0.1786,0.1584,0.1901,0.1860,0.1881,0.1633,0.1977,0.1843,IDLE,IDLE,IDLE,IDLE,IDLE,IDLE,IDLE,IDLE,IDLE,IDLE,IDLE,IDLE,IDLE,IDLE,IDLE,IDLE,IDLE,IDLE,IDLE,IDLE,IDLE,IDLE,IDLE,IDLE,IDLE,IDLE,IDLE,IDLE,IDLE,IDLE,IDLE,IDLE,IDLE,IDLE,IDLE,IDLE,IDLE,IDLE,IDLE,IDLE,IDLE,IDLE,IDLE,IDLE,IDLE,IDLE,IDLE,IDLE,IDLE,IDLE
370,2024-01-16 10:00:01,0.00,0.00,0,0.0000,0.0000,0.00,0.9998,0.9999,0.9997,0.9997,0.9998,0.9998,0.9998,0.9997,0.9998,0.9998,0.9999,0.9998,0.9998,0.9999,0.9998,0.9999,0.9998,0.9997,0.9998,0.9998,0.9997,0.9998,0.9999,0.9998,0.9998,0.9999,0.9998,0.9998,0.9998,0.9997,0.9998,0.9998,0.9998,0.9998,0.9998,0.9997,0.9997,0.9998,0.9998,0.9998,0.9998,0.9998,0.9998,0.9998,0.9998,0.9997,0.9999,0.9998,0.9998,0.9999,0.1438,0.1191,0.1865,0.1761,0.1902,0.1870,0.1208,0.1891,0.1883,0.1498,0.1848,0.1325,0.1839,0.1449,0.1993,0.1449,0.1958,0.1884,0.1540,0.1514,0.1877,0.1958,0.1692,0.1584,0.1343,0.1244,0.1958,0.1498,0.1568,0.1806,0.1718,0.1162,0.1883,0.1410,0.1321,0.1761,0.1916,0.1162,0.1545,0.1978,0.1208,0.1917,0.1786,0.1584,0.1901,0.1860,0.1881,0.1633,0.1977,0.1843,IDLE,IDLE,IDLE,IDLE,IDLE,IDLE,IDLE,IDLE,IDLE,IDLE,IDLE,IDLE,IDLE,IDLE,IDLE,IDLE,IDLE,IDLE,IDLE,IDLE,IDLE,IDLE,IDLE,IDLE,IDLE,IDLE,IDLE,IDLE,IDLE,IDLE,IDLE,IDLE,IDLE,IDLE,IDLE,IDLE,IDLE,IDLE,IDLE,IDLE,IDLE,IDLE,IDLE,IDLE,IDLE,IDLE,IDLE,IDLE,IDLE,IDLE
371,2024-01-16 11:00:01,0.00,0.00,0,0.0000,0.0000,0.00,0.9998,0.9999,0.9997,0.9997,0.9998,0.9998,0.9998,0.9997,0.9998,0.9998,0.9999,0.9998,0.9998,0.9999,0.9998,0.9999,0.9998,0.9997,0.9998,0.9998,0.9997,0.9998,0.9999,0.9998,0.9998,0.9999,0.9998,0.9998,0.9998,0.9997,0.9998,0.9998,0.9998,0.9998,0.9998,0.9997,0.9997,0.9998,0.9998,0.9998,0.9998,0.9998,0.9998,0.9998,0.9998,0.9997,0.9999,0.9998,0.9998,0.9999,0.1438,0.1191,0.1865,0.1761,0.1902,0.1870,0.1208,0.1891,0.1883,0.1498,0.1848,0.1325,0.1839,0.1449,0.1993,0.1449,0.1958,0.1884,0.1540,0.1514,0.1877,0.1958,0.1692,0.1584,0.1343,0.1244,0.1958,0.1498,0.1568,0.1806,0.1718,0.1162,0.1883,0.1410,0.1321,0.1761,0.1916,0.1162,0.1545,0.1978,0.1208,0.1917,0.1786,0.1584,0.1901,0.1860,0.1881,0.1633,0.1977,0.1843,IDLE,IDLE,IDLE,IDLE,IDLE,IDLE,IDLE,IDLE,IDLE,IDLE,IDLE,IDLE,IDLE,IDLE,IDLE,IDLE,IDLE,IDLE,IDLE,IDLE,IDLE,IDLE,IDLE,IDLE,IDLE,IDLE,IDLE,IDLE,IDLE,IDLE,IDLE,IDLE,IDLE,IDLE,IDLE,IDLE,IDLE,IDLE,IDLE,IDLE,IDLE,IDLE,IDLE,IDLE,IDLE,IDLE,IDLE,IDLE,IDLE,IDLE
372,2024-01-16 12:00:01,0.00,0.00,0,0.0000,0.0000,0.00,0.9998,0.9999,0.9997,0.9997,0.9998,0.9998,0.9998,0.9997,0.9998,0.9998,0.9999,0.9998,0.9998,0.9999,0.9998,0.9999,0.9998,0.9997,0.9998,0.9998,0.9997,0.9998,0.9999,0.9998,0.9998,0.9999,0.9998,0.9998,0.9998,0.9997,0.9998,0.9998,0.9998,0.9998,0.9998,0.9997,0.9997,0.9998,0.9998,0.9998,0.9998,0.9998,0.9998,0.9998,0.9998,0.9997,0.9999,0.9998,0.9998,0.9999,0.1438,0.1191,0.1865,0.1761,0.1902,0.1870,0.1208,0.1891,0.1883,0.1498,0.1848,0.1325,0.1839,0.1449,0.1993,0.1449,0.1958,0.1884,0.1540,0.1514,0.1877,0.1958,0.1692,0.1584,0.1343,0.1244,0.1958,0.1498,0.1568,0.1806,0.1718,0.1162,0.1883,0.1410,0.1321,0.1761,0.1916,0.1162,0.1545,0.1978,0.1208,0.1917,0.1786,0.1584,0.1901,0.1860,0.1881,0.1633,0.1977,0.1843,IDLE,IDLE,IDLE,IDLE,IDLE,IDLE,IDLE,IDLE,IDLE,IDLE,IDLE,IDLE,IDLE,IDLE,IDLE,IDLE,IDLE,IDLE,IDLE,IDLE,IDLE,IDLE,IDLE,IDLE,IDLE,IDLE,IDLE,IDLE,IDLE,IDLE,IDLE,IDLE,IDLE,IDLE,IDLE,IDLE,IDLE,IDLE,IDLE,IDLE,IDLE,IDLE,IDLE,IDLE,IDLE,IDLE,IDLE,IDLE,IDLE,IDLE
373,2024-01-16 13:00:01,0.00,0.00,0,0.0000,0.0000,0.00,0.9998,0.9999,0.9997,0.9997,0.9998,0.9998,0.9998,0.9997,0.9998,0.9998,0.9999,0.9998,0.9998,0.9999,0.9998,0.9999,0.9998,0.9997,0.9998,0.9998,0.9997,0.9998,0.9999,0.9998,0.9998,0.9999,0.9998,0.9998,0.9998,0.9997,0.9998,0.9998,0.9998,0.9998,0.9998,0.9997,0.9997,0.9998,0.9998,0.9998,0.9998,0.9998,0.9998,0.9998,0.9998,0.9997,0.9999,0.9998,0.9998,0.9999,0.1438,0.1191,0.1865,0.1761,0.1902,0.1870,0.1208,0.1891,0.1883,0.1498,0.1848,0.1325,0.1839,0.1449,0.1993,0.1449,0.1958,0.1884,0.1540,0.1514,0.1877,0.1958,0.1692,0.1584,0.1343,0.1244,0.1958,0.1498,0.1568,0.1806,0.1718,0.1162,0.1883,0.1410,0.1321,0.1761,0.1916,0.1162,0.1545,0.1978,0.1208,0.1917,0.1786,0.1584,0.1901,0.1860,0.1881,0.1633,0.1977,0.1843,IDLE,IDLE,IDLE,IDLE,IDLE,IDLE,IDLE,IDLE,IDLE,IDLE,IDLE,IDLE,IDLE,IDLE,IDLE,IDLE,IDLE,IDLE,IDLE,IDLE,IDLE,IDLE,IDLE,IDLE,IDLE,IDLE,IDLE,IDLE,IDLE,IDLE,IDLE,IDLE,IDLE,IDLE,IDLE,IDLE,IDLE,IDLE,IDLE,IDLE,IDLE,IDLE,IDLE,IDLE,IDLE,IDLE,IDLE,IDLE,IDLE,IDLE
374,2024-01-16 14:00:01,0.00,0.00,0,0.0000,0.0000,0.00,0.9998,0.9999,0.9997,0.9997,0.9998,0.9998,0.9998,0.9997,0.9998,0.9998,0.9999,0.9998,0.9998,0.9999,0.9998,0.9999,0.9998,0.9997,0.9998,0.9998,0.9997,0.9998,0.9999,0.9998,0.9998,0.9999,0.9998,0.9998,0.9998,0.9997,0.9998,0.9998,0.9998,0.9998,0.9998,0.9997,0.9997,0.9998,0.9998,0.9998,0.9998,0.9998,0.9998,0.9998,0.9998,0.9997,0.9999,0.9998,0.9998,0.9999,0.1438,0.1191,0.1865,0.1761,0.1902,0.1870,0.1208,0.1891,0.1883,0.1498,0.1848,0.1325,0.1839,0.1449,0.1993,0.1449,0.1958,0.1884,0.1540,0.1514,0.1877,0.1958,0.1692,0.1584,0.1343,0.1244,0.1958,0.1498,0.1568,0.1806,0.1718,0.1162,0.1883,0.1410,0.1321,0.1761,0.1916,0.1162,0.1545,0.1978,0.1208,0.1917,0.1786,0.1584,0.1901,0.1860,0.1881,0.1633,0.1977,0.1843,IDLE,IDLE,IDLE,IDLE,IDLE,IDLE,IDLE,IDLE,IDLE,IDLE,IDLE,IDLE,IDLE,IDLE,IDLE,IDLE,IDLE,IDLE,IDLE,IDLE,IDLE,IDLE,IDLE,IDLE,IDLE,IDLE,IDLE,IDLE,IDLE,IDLE,IDLE,IDLE,IDLE,IDLE,IDLE,IDLE,IDLE,IDLE,IDLE,IDLE,IDLE,IDLE,IDLE,IDLE,IDLE,IDLE,IDLE,IDLE,IDLE,IDLE
375,2024-01-16 15:00:01,0.00,0.00,0,0.0000,0.0000,0.00,0.9998,0.9999,0.9997,0.9997,0.9998,0.9998,0.9998,0.9997,0.9998,0.9998,0.9999,0.9998,0.9998,0.9999,0.9998,0.9999,0.9998,0.9997,0.9998,0.9998,0.9997,0.9998,0.9999,0.9998,0.9998,0.9999,0.9998,0.9998,0.9998,0.9997,0.9998,0.9998,0.9998,0.9998,0.9998,0.9997,0.9997,0.9998,0.9998,0.9998,0.9998,0.9998,0.9998,0.9998,0.9998,0.9997,0.9999,0.9998,0.9998,0.9999,0.1438,0.1191,0.1865,0.1761,0.1902,0.1870,0.1208,0.1891,0.1883,0.1498,0.1848,0.1325,0.1839,0.1449,0.1993,0.1449,0.1958,0.1884,0.1540,0.1514,0.1877,0.1958,0.1692,0.1584,0.1343,0.1244,0.1958,0.1498,0.1568,0.1806,0.1718,0.1162,0.1883,0.1410,0.1321,0.1761,0.1916,0.1162,0.1545,0.1978,0.1208,0.1917,0.1786,0.1584,0.1901,0.1860,0.1881,0.1633,0.1977,0.1843,IDLE,IDLE,IDLE,IDLE,IDLE,IDLE,IDLE,IDLE,IDLE,IDLE,IDLE,IDLE,IDLE,IDLE,IDLE,IDLE,IDLE,IDLE,IDLE,IDLE,IDLE,IDLE,IDLE,IDLE,IDLE,IDLE,IDLE,IDLE,IDLE,IDLE,IDLE,IDLE,IDLE,IDLE,IDLE,IDLE,IDLE,IDLE,IDLE,IDLE,IDLE,IDLE,IDLE,IDLE,IDLE,IDLE,IDLE,IDLE,IDLE,IDLE
376,2024-01-16 16:00:01,0.00,0.00,0,0.0000,0.0000,0.00,0.9998,0.9999,0.9997,0.9997,0.9998,0.9998,0.9998,0.9997,0.9998,0.9998,0.9999,0.9998,0.9998,0.9999,0.9998,0.9999,0.9998,0.9997,0.9998,0.9998,0.9997,0.9998,0.9999,0.9998,0.9998,0.9999,0.9998,0.9998,0.9998,0.9997,0.9998,0.9998,0.9998,0.9998,0.9998,0.9997,0.9997,0.9998,0.9998,0.9998,0.9998,0.9998,0.9998,0.9998,0.9998,0.9997,0.9999,0.9998,0.9998,0.9999,0.1438,0.1191,0.1865,0.1761,0.1902,0.1870,0.1208,0.1891,0.1883,0.1498,0.1848,0.1325,0.1839,0.1449,0.1993,0.1449,0.1958,0.1884,0.1540,0.1514,0.1877,0.1958,0.1692,0.1584,0.1343,0.1244,0.1958,0.1498,0.1568,0.1806,0.1718,0.1162,0.1883,0.1410,0.1321,0.1761,0.1916,0.1162,0.1545,0.1978,0.1208,0.1917,0.1786,0.1584,0.1901,0.1860,0.1881,0.1633,0.1977,0.1843,IDLE,IDLE,IDLE,IDLE,IDLE,IDLE,IDLE,IDLE,IDLE,IDLE,IDLE,IDLE,IDLE,IDLE,IDLE,IDLE,IDLE,IDLE,IDLE,IDLE,IDLE,IDLE,IDLE,IDLE,IDLE,IDLE,IDLE,IDLE,IDLE,IDLE,IDLE,IDLE,IDLE,IDLE,IDLE,IDLE,IDLE,IDLE,IDLE,IDLE,IDLE,IDLE,IDLE,IDLE,IDLE,IDLE,IDLE,IDLE,IDLE,IDLE
377,2024-01-16 17:00:01,0.00,0.00,0,0.0000,0.0000,0.00,0.9998,0.9999,0.9997,0.9997,0.9998,0.9998,0.9998,0.9997,0.9998,0.9998,0.9999,0.9998,0.9998,0.9999,0.9998,0.9999,0.9998,0.9997,0.9998,0.9998,0.9997,0.9998,0.9999,0.9998,0.9998,0.9999,0.9998,0.9998,0.9998,0.9997,0.9998,0.9998,0.9998,0.9998,0.9998,0.9997,0.9997,0.9998,0.9998,0.9998,0.9998,0.9998,0.9998,0.9998,0.9998,0.9997,0.9999,0.9998,0.9998,0.9999,0.1438,0.1191,0.1865,0.1761,0.1902,0.1870,0.1208,0.1891,0.1883,0.1498,0.1848,0.1325,0.1839,0.1449,0.1993,0.1449,0.1958,0.1884,0.1540,0.1514,0.1877,0.1958,0.1692,0.1584,0.1343,0.1244,0.1958,0.1498,0.1568,0.1806,0.1718,0.1162,0.1883,0.1410,0.1321,0.1761,0.1916,0.1162,0.1545,0.1978,0.1208,0.1917,0.1786,0.1584,0.1901,0.1860,0.1881,0.1633,0.1977,0.1843,IDLE,IDLE,IDLE,IDLE,IDLE,IDLE,IDLE,IDLE,IDLE,IDLE,IDLE,IDLE,IDLE,IDLE,IDLE,IDLE,IDLE,IDLE,IDLE,IDLE,IDLE,IDLE,IDLE,IDLE,IDLE,IDLE,IDLE,IDLE,IDLE,IDLE,IDLE,IDLE,IDLE,IDLE,IDLE,IDLE,IDLE,IDLE,IDLE,IDLE,IDLE,IDLE,IDLE,IDLE,IDLE,IDLE,IDLE,IDLE,IDLE,IDLE
378,2024-01-16 18:00:01,0.00,0.00,0,0.0000,0.0000,0.00,0.9998,0.9999,0.9997,0.9997,0.9998,0.9998,0.9998,0.9997,0.9998,0.9998,0.9999,0.9998,0.9998,0.9999,0.9998,0.9999,0.9998,0.9997,0.9998,0.9998,0.9997,0.9998,0.9999,0.9998,0.9998,0.9999,0.9998,0.9998,0.9998,0.9997,0.9998,0.9998,0.9998,0.9998,0.9998,0.9997,0.9997,0.9998,0.9998,0.9998,0.9998,0.9998,0.9998,0.9998,0.9998,0.9997,0.9999,0.9998,0.9998,0.9999,0.1438,0.1191,0.1865,0.1761,0.1902,0.1870,0.1208,0.1891,0.1883,0.1498,0.1848,0.1325,0.1839,0.1449,0.1993,0.1449,0.1958,0.1884,0.1540,0.1514,0.1877,0.1958,0.1692,0.1584,0.1343,0.1244,0.1958,0.1498,0.1568,0.1806,0.1718,0.1162,0.1883,0.1410,0.1321,0.1761,0.1916,0.1162,0.1545,0.1978,0.1208,0.1917,0.1786,0.1584,0.1901,0.1860,0.1881,0.1633,0.1977,0.1843,IDLE,IDLE,IDLE,IDLE,IDLE,IDLE,IDLE,IDLE,IDLE,IDLE,IDLE,IDLE,IDLE,IDLE,IDLE,IDLE,IDLE,IDLE,IDLE,IDLE,IDLE,IDLE,IDLE,IDLE,IDLE,IDLE,IDLE,IDLE,IDLE,IDLE,IDLE,IDLE,IDLE,IDLE,IDLE,IDLE,IDLE,IDLE,IDLE,IDLE,IDLE,IDLE,IDLE,IDLE,IDLE,IDLE,IDLE,IDLE,IDLE,IDLE
379,2024-01-16 19:00:01,0.00,0.00,0,0.0000,0.0000,0.00,0.9998,0.9999,0.9997,0.9997,0.9998,0.9998,0.9998,0.9997,0.9998,0.9998,0.9999,0.9998,0.9998,0.9999,0.9998,0.9999,0.9998,0.9997,0.9998,0.9998,0.9997,0.9998,0.9999,0.9998,0.9998,0.9999,0.9998,0.9998,0.9998,0.9997,0.9998,0.9998,0.9998,0.9998,0.9998,0.9997,0.9997,0.9998,0.9998,0.9998,0.9998,0.9998,0.9998,0.9998,0.9998,0.9997,0.9999,0.9998,0.9998,0.9999,0.1438,0.1191,0.1865,0.1761,0.1902,0.1870,0.1208,0.1891,0.1883,0.1498,0.1848,0.1325,0.1839,0.1449,0.1993,0.1449,0.1958,0.1884,0.1540,0.1514,0.1877,0.1958,0.1692,0.1584,0.1343,0.1244,0.1958,0.1498,0.1568,0.1806,0.1718,0.1162,0.1883,0.1410,0.1321,0.1761,0.1916,0.1162,0.1545,0.1978,0.1208,0.1917,0.1786,0.1584,0.1901,0.1860,0.1881,0.1633,0.1977,0.1843,IDLE,IDLE,IDLE,IDLE,IDLE,IDLE,IDLE,IDLE,IDLE,IDLE,IDLE,IDLE,IDLE,IDLE,IDLE,IDLE,IDLE,IDLE,IDLE,IDLE,IDLE,IDLE,IDLE,IDLE,IDLE,IDLE,IDLE,IDLE,IDLE,IDLE,IDLE,IDLE,IDLE,IDLE,IDLE,IDLE,IDLE,IDLE,IDLE,IDLE,IDLE,IDLE,IDLE,IDLE,IDLE,IDLE,IDLE,IDLE,IDLE,IDLE
380,2024-01-16 20:00:01,0.00,0.00,0,0.0000,0.0000,0.00,0.9998,0.9999,0.9997,0.9997,0.9998,0.9998,0.9998,0.9997,0.9998,0.9998,0.9999,0.9998,0.9998,0.9999,0.9998,0.9999,0.9998,0.9997,0.9998,0.9998,0.9997,0.9998,0.9999,0.9998,0.9998,0.9999,0.9998,0.9998,0.9998,0.9997,0.9998,0.9998,0.9998,0.9998,0.9998,0.9997,0.9997,0.9998,0.9998,0.9998,0.9998,0.9998,0.9998,0.9998,0.9998,0.9997,0.9999,0.9998,0.9998,0.9999,0.1438,0.1191,0.1865,0.1761,0.1902,0.1870,0.1208,0.1891,0.1883,0.1498,0.1848,0.1325,0.1839,0.1449,0.1993,0.1449,0.1958,0.1884,0.1540,0.1514,0.1877,0.1958,0.1692,0.1584,0.1343,0.1244,0.1958,0.1498,0.1568,0.1806,0.1718,0.1162,0.1883,0.1410,0.1321,0.1761,0.1916,0.1162,0.1545,0.1978,0.1208,0.1917,0.1786,0.1584,0.1901,0.1860,0.1881,0.1633,0.1977,0.1843,IDLE,IDLE,IDLE,IDLE,IDLE,IDLE,IDLE,IDLE,IDLE,IDLE,IDLE,IDLE,IDLE,IDLE,IDLE,IDLE,IDLE,IDLE,IDLE,IDLE,IDLE,IDLE,IDLE,IDLE,IDLE,IDLE,IDLE,IDLE,IDLE,IDLE,IDLE,IDLE,IDLE,IDLE,IDLE,IDLE,IDLE,IDLE,IDLE,IDLE,IDLE,IDLE,IDLE,IDLE,IDLE,IDLE,IDLE,IDLE,IDLE,IDLE
381,2024-01-16 21:00:01,0.00,0.00,0,0.0000,0.0000,0.00,0.9998,0.9999,0.9997,0.9997,0.9998,0.9998,0.9998,0.9997,0.9998,0.9998,0.9999,0.9998,0.9998,0.9999,0.9998,0.9999,0.9998,0.9997,0.9998,0.9998,0.9997,0.9998,0.9999,0.9998,0.9998,0.9999,0.9998,0.9998,0.9998,0.9997,0.9998,0.9998,0.9998,0.9998,0.9998,0.9997,0.9997,0.9998,0.9998,0.9998,0.9998,0.9998,0.9998,0.9998,0.9998,0.9997,0.9999,0.9998,0.9998,0.9999,0.1438,0.1191,0.1865,0.1761,0.1902,0.1870,0.1208,0.1891,0.1883,0.1498,0.1848,0.1325,0.1839,0.1449,0.1993,0.1449,0.1958,0.1884,0.1540,0.1514,0.1877,0.1958,0.1692,0.1584,0.1343,0.1244,0.1958,0.1498,0.1568,0.1806,0.1718,0.1162,0.1883,0.1410,0.1321,0.1761,0.1916,0.1162,0.1545,0.1978,0.1208,0.1917,0.1786,0.1584,0.1901,0.1860,0.1881,0.1633,0.1977,0.1843,IDLE,IDLE,IDLE,IDLE,IDLE,IDLE,IDLE,IDLE,IDLE,IDLE,IDLE,IDLE,IDLE,IDLE,IDLE,IDLE,IDLE,IDLE,IDLE,IDLE,IDLE,IDLE,IDLE,IDLE,IDLE,IDLE,IDLE,IDLE,IDLE,IDLE,IDLE,IDLE,IDLE,IDLE,IDLE,IDLE,IDLE,IDLE,IDLE,IDLE,IDLE,IDLE,IDLE,IDLE,IDLE,IDLE,IDLE,IDLE,IDLE,IDLE
382,2024-01-16 22:00:01,0.00,0.00,0,0.0000,0.0000,0.00,0.9998,0.9999,0.9997,0.9997,0.9998,0.9998,0.9998,0.9997,0.9998,0.9998,0.9999,0.9998,0.9998,0.9999,0.9998,0.9999,0.9998,0.9997,0.9998,0.9998,0.9997,0.9998,0.9999,0.9998,0.9998,0.9999,0.9998,0.9998,0.9998,0.9997,0.9998,0.9998,0.9998,0.9998,0.9998,0.9997,0.9997,0.9998,0.9998,0.9998,0.9998,0.9998,0.9998,0.9998,0.9998,0.9997,0.9999,0.9998,0.9998,0.9999,0.1438,0.1191,0.1865,0.1761,0.1902,0.1870,0.1208,0.1891,0.1883,0.1498,0.1848,0.1325,0.1839,0.1449,0.1993,0.1449,0.1958,0.1884,0.1540,0.1514,0.1877,0.1958,0.1692,0.1584,0.1343,0.1244,0.1958,0.1498,0.1568,0.1806,0.1718,0.1162,0.1883,0.1410,0.1321,0.1761,0.1916,0.1162,0.1545,0.1978,0.1208,0.1917,0.1786,0.1584,0.1901,0.1860,0.1881,0.1633,0.1977,0.1843,IDLE,IDLE,IDLE,IDLE,IDLE,IDLE,IDLE,IDLE,IDLE,IDLE,IDLE,IDLE,IDLE,IDLE,IDLE,IDLE,IDLE,IDLE,IDLE,IDLE,IDLE,IDLE,IDLE,IDLE,IDLE,IDLE,IDLE,IDLE,IDLE,IDLE,IDLE,IDLE,IDLE,IDLE,IDLE,IDLE,IDLE,IDLE,IDLE,IDLE,IDLE,IDLE,IDLE,IDLE,IDLE,IDLE,IDLE,IDLE,IDLE,IDLE
383,2024-01-16 23:00:01,0.00,0.00,0,0.0000,0.0000,0.00,0.9998,0.9999,0.9997,0.9997,0.9998,0.9998,0.9998,0.9997,0.9998,0.9998,0.9999,0.9998,0.9998,0.9999,0.9998,0.9999,0.9998,0.9997,0.9998,0.9998,0.9997,0.9998,0.9999,0.9998,0.9998,0.9999,0.9998,0.9998,0.9998,0.9997,0.9998,0.9998,0.9998,0.9998,0.9998,0.9997,0.9997,0.9998,0.9998,0.9998,0.9998,0.9998,0.9998,0.9998,0.9998,0.9997,0.9999,0.9998,0.9998,0.9999,0.1438,0.1191,0.1865,0.1761,0.1902,0.1870,0.1208,0.1891,0.1883,0.1498,0.1848,0.1325,0.1839,0.1449,0.1993,0.1449,0.1958,0.1884,0.1540,0.1514,0.1877,0.1958,0.1692,0.1584,0.1343,0.1244,0.1958,0.1498,0.1568,0.1806,0.1718,0.1162,0.1883,0.1410,0.1321,0.1761,0.1916,0.1162,0.1545,0.1978,0.1208,0.1917,0.1786,0.1584,0.1901,0.1860,0.1881,0.1633,0.1977,0.1843,IDLE,IDLE,IDLE,IDLE,IDLE,IDLE,IDLE,IDLE,IDLE,IDLE,IDLE,IDLE,IDLE,IDLE,IDLE,IDLE,IDLE,IDLE,IDLE,IDLE,IDLE,IDLE,IDLE,IDLE,IDLE,IDLE,IDLE,IDLE,IDLE,IDLE,IDLE,IDLE,IDLE,IDLE,IDLE,IDLE,IDLE,IDLE,IDLE,IDLE,IDLE,IDLE,IDLE,IDLE,IDLE,IDLE,IDLE,IDLE,IDLE,IDLE
384,2024-01-17 00:00:01,0.00,0.00,0,0.0000,0.0000,0.00,0.9998,0.9999,0.9997,0.9997,0.9998,0.9998,0.9998,0.9997,0.9998,0.9998,0.9999,0.9998,0.9998,0.9999,0.9998,0.9999,0.9998,0.9997,0.9998,0.9998,0.9997,0.9998,0.9999,0.9998,0.9998,0.9999,0.9998,0.9998,0.9998,0.9997,0.9998,0.9998,0.9998,0.9998,0.9998,0.9997,0.9997,0.9998,0.9998,0.9998,0.9998,0.9998,0.9998,0.9998,0.9998,0.9997,0.9999,0.9998,0.9998,0.9999,0.1438,0.1191,0.1865,0.1761,0.1902,0.1870,0.1208,0.1891,0.1883,0.1498,0.1848,0.1325,0.1839,0.1449,0.1993,0.1449,0.1958,0.1884,0.1540,0.1514,0.1877,0.1958,0.1692,0.1584,0.1343,0.1244,0.1958,0.1498,0.1568,0.1806,0.1718,0.1162,0.1883,0.1410,0.1321,0.1761,0.1916,0.1162,0.1545,0.1978,0.1208,0.1917,0.1786,0.1584,0.1901,0.1860,0.1881,0.1633,0.1977,0.1843,IDLE,IDLE,IDLE,IDLE,IDLE,IDLE,IDLE,IDLE,IDLE,IDLE,IDLE,IDLE,IDLE,IDLE,IDLE,IDLE,IDLE,IDLE,IDLE,IDLE,IDLE,IDLE,IDLE,IDLE,IDLE,IDLE,IDLE,IDLE,IDLE,IDLE,IDLE,IDLE,IDLE,IDLE,IDLE,IDLE,IDLE,IDLE,IDLE,IDLE,IDLE,IDLE,IDLE,IDLE,IDLE,IDLE,IDLE,IDLE,IDLE,IDLE
385,2024-01-17 01:00:01,0.00,0.00,0,0.0000,0.0000,0.00,0.9998,0.9999,0.9997,0.9997,0.9998,0.9998,0.9998,0.9997,0.9998,0.9998,0.9999,0.9998,0.9998,0.9999,0.9998,0.9999,0.9998,0.9997,0.9998,0.9998,0.9997,0.9998,0.9999,0.9998,0.9998,0.9999,0.9998,0.9998,0.9998,0.9997,0.9998,0.9998,0.9998,0.9998,0.9998,0.9997,0.9997,0.9998,0.9998,0.9998,0.9998,0.9998,0.9998,0.9998,0.9998,0.9997,0.9999,0.9998,0.9998,0.9999,0.1438,0.1191,0.1865,0.1761,0.1902,0.1870,0.1208,0.1891,0.1883,0.1498,0.1848,0.1325,0.1839,0.1449,0.1993,0.1449,0.1958,0.1884,0.1540,0.1514,0.1877,0.1958,0.1692,0.1584,0.1343,0.1244,0.1958,0.1498,0.1568,0.1806,0.1718,0.1162,0.1883,0.1410,0.1321,0.1761,0.1916,0.1162,0.1545,0.1978,0.1208,0.1917,0.1786,0.1584,0.1901,0.1860,0.1881,0.1633,0.1977,0.1843,IDLE,IDLE,IDLE,IDLE,IDLE,IDLE,IDLE,IDLE,IDLE,IDLE,IDLE,IDLE,IDLE,IDLE,IDLE,IDLE,IDLE,IDLE,IDLE,IDLE,IDLE,IDLE,IDLE,IDLE,IDLE,IDLE,IDLE,IDLE,IDLE,IDLE,IDLE,IDLE,IDLE,IDLE,IDLE,IDLE,IDLE,IDLE,IDLE,IDLE,IDLE,IDLE,IDLE,IDLE,IDLE,IDLE,IDLE,IDLE,IDLE,IDLE
386,2024-01-17 02:00:01,0.00,0.00,0,0.0000,0.0000,0.00,0.9998,0.9999,0.9997,0.9997,0.9998,0.9998,0.9998,0.9997,0.9998,0.9998,0.9999,0.9998,0.9998,0.9999,0.9998,0.9999,0.9998,0.9997,0.9998,0.9998,0.9997,0.9998,0.9999,0.9998,0.9998,0.9999,0.9998,0.9998,0.9998,0.9997,0.9998,0.9998,0.9998,0.9998,0.9998,0.9997,0.9997,0.9998,0.9998,0.9998,0.9998,0.9998,0.9998,0.9998,0.9998,0.9997,0.9999,0.9998,0.9998,0.9999,0.1438,0.1191,0.1865,0.1761,0.1902,0.1870,0.1208,0.1891,0.1883,0.1498,0.1848,0.1325,0.1839,0.1449,0.1993,0.1449,0.1958,0.1884,0.1540,0.1514,0.1877,0.1958,0.1692,0.1584,0.1343,0.1244,0.1958,0.1498,0.1568,0.1806,0.1718,0.1162,0.1883,0.1410,0.1321,0.1761,0.1916,0.1162,0.1545,0.1978,0.1208,0.1917,0.1786,0.1584,0.1901,0.1860,0.1881,0.1633,0.1977,0.1843,IDLE,IDLE,IDLE,IDLE,IDLE,IDLE,IDLE,IDLE,IDLE,IDLE,IDLE,IDLE,IDLE,IDLE,IDLE,IDLE,IDLE,IDLE,IDLE,IDLE,IDLE,IDLE,IDLE,IDLE,IDLE,IDLE,IDLE,IDLE,IDLE,IDLE,IDLE,IDLE,IDLE,IDLE,IDLE,IDLE,IDLE,IDLE,IDLE,IDLE,IDLE,IDLE,IDLE,IDLE,IDLE,IDLE,IDLE,IDLE,IDLE,IDLE
387,2024-01-17 03:00:01,0.00,0.00,0,0.0000,0.0000,0.00,0.9998,0.9999,0.9997,0.9997,0.9998,0.9998,0.9998,0.9997,0.9998,0.9998,0.9999,0.9998,0.9998,0.9999,0.9998,0.9999,0.9998,0.9997,0.9998,0.9998,0.9997,0.9998,0.9999,0.9998,0.9998,0.9999,0.9998,0.9998,0.9998,0.9997,0.9998,0.9998,0.9998,0.9998,0.9998,0.9997,0.9997,0.9998,0.9998,0.9998,0.9998,0.9998,0.9998,0.9998,0.9998,0.9997,0.9999,0.9998,0.9998,0.9999,0.1438,0.1191,0.1865,0.1761,0.1902,0.1870,0.1208,0.1891,0.1883,0.1498,0.1848,0.1325,0.1839,0.1449,0.1993,0.1449,0.1958,0.1884,0.1540,0.1514,0.1877,0.1958,0.1692,0.1584,0.1343,0.1244,0.1958,0.1498,0.1568,0.1806,0.1718,0.1162,0.1883,0.1410,0.1321,0.1761,0.1916,0.1162,0.1545,0.1978,0.1208,0.1917,0.1786,0.1584,0.1901,0.1860,0.1881,0.1633,0.1977,0.1843,IDLE,IDLE,IDLE,IDLE,IDLE,IDLE,IDLE,IDLE,IDLE,IDLE,IDLE,IDLE,IDLE,IDLE,IDLE,IDLE,IDLE,IDLE,IDLE,IDLE,IDLE,IDLE,IDLE,IDLE,IDLE,IDLE,IDLE,IDLE,IDLE,IDLE,IDLE,IDLE,IDLE,IDLE,IDLE,IDLE,IDLE,IDLE,IDLE,IDLE,IDLE,IDLE,IDLE,IDLE,IDLE,IDLE,IDLE,IDLE,IDLE,IDLE
388,2024-01-17 04:00:01,0.00,0.00,0,0.0000,0.0000,0.00,0.9998,0.9999,0.9997,0.9997,0.9998,0.9998,0.9998,0.9997,0.9998,0.9998,0.9999,0.9998,0.9998,0.9999,0.9998,0.9999,0.9998,0.9997,0.9998,0.9998,0.9997,0.9998,0.9999,0.9998,0.9998,0.9999,0.9998,0.9998,0.9998,0.9997,0.9998,0.9998,0.9998,0.9998,0.9998,0.9997,0.9997,0.9998,0.9998,0.9998,0.9998,0.9998,0.9998,0.9998,0.9998,0.9997,0.9999,0.9998,0.9998,0.9999,0.1438,0.1191,0.1865,0.1761,0.1902,0.1870,0.1208,0.1891,0.1883,0.1498,0.1848,0.1325,0.1839,0.1449,0.1993,0.1449,0.1958,0.1884,0.1540,0.1514,0.1877,0.1958,0.1692,0.1584,0.1343,0.1244,0.1958,0.1498,0.1568,0.1806,0.1718,0.1162,0.1883,0.1410,0.1321,0.1761,0.1916,0.1162,0.1545,0.1978,0.1208,0.1917,0.1786,0.1584,0.1901,0.1860,0.1881,0.1633,0.1977,0.1843,IDLE,IDLE,IDLE,IDLE,IDLE,IDLE,IDLE,IDLE,IDLE,IDLE,IDLE,IDLE,IDLE,IDLE,IDLE,IDLE,IDLE,IDLE,IDLE,IDLE,IDLE,IDLE,IDLE,IDLE,IDLE,IDLE,IDLE,IDLE,IDLE,IDLE,IDLE,IDLE,IDLE,IDLE,IDLE,IDLE,IDLE,IDLE,IDLE,IDLE,IDLE,IDLE,IDLE,IDLE,IDLE,IDLE,IDLE,IDLE,IDLE,IDLE
389,2024-01-17 05:00:01,0.00,0.00,0,0.0000,0.0000,0.00,0.9998,0.9999,0.9997,0.9997,0.9998,0.9998,0.9998,0.9997,0.9998,0.9998,0.9999,0.9998,0.9998,0.9999,0.9998,0.9999,0.9998,0.9997,0.9998,0.9998,0.9997,0.9998,0.9999,0.9998,0.9998,0.9999,0.9998,0.9998,0.9998,0.9997,0.9998,0.9998,0.9998,0.9998,0.9998,0.9997,0.9997,0.9998,0.9998,0.9998,0.9998,0.9998,0.9998,0.9998,0.9998,0.9997,0.9999,0.9998,0.9998,0.9999,0.1438,0.1191,0.1865,0.1761,0.1902,0.1870,0.1208,0.1891,0.1883,0.1498,0.1848,0.1325,0.1839,0.1449,0.1993,0.1449,0.1958,0.1884,0.1540,0.1514,0.1877,0.1958,0.1692,0.1584,0.1343,0.1244,0.1958,0.1498,0.1568,0.1806,0.1718,0.1162,0.1883,0.1410,0.1321,0.1761,0.1916,0.1162,0.1545,0.1978,0.1208,0.1917,0.1786,0.1584,0.1901,0.1860,0.1881,0.1633,0.1977,0.1843,IDLE,IDLE,IDLE,IDLE,IDLE,IDLE,IDLE,IDLE,IDLE,IDLE,IDLE,IDLE,IDLE,IDLE,IDLE,IDLE,IDLE,IDLE,IDLE,IDLE,IDLE,IDLE,IDLE,IDLE,IDLE,IDLE,IDLE,IDLE,IDLE,IDLE,IDLE,IDLE,IDLE,IDLE,IDLE,IDLE,IDLE,IDLE,IDLE,IDLE,IDLE,IDLE,IDLE,IDLE,IDLE,IDLE,IDLE,IDLE,IDLE,IDLE
390,2024-01-17 06:00:01,0.00,0.00,0,0.0000,0.0000,0.00,0.9998,0.9999,0.9997,0.9997,0.9998,0.9998,0.9998,0.9997,0.9998,0.9998,0.9999,0.9998,0.9998,0.9999,0.9998,0.9999,0.9998,0.9997,0.9998,0.9998,0.9997,0.9998,0.9999,0.9998,0.9998,0.9999,0.9998,0.9998,0.9998,0.9997,0.9998,0.9998,0.9998,0.9998,0.9998,0.9997,0.9997,0.9998,0.9998,0.9998,0.9998,0.9998,0.9998,0.9998,0.9998,0.9997,0.9999,0.9998,0.9998,0.9999,0.1438,0.1191,0.1865,0.1761,0.1902,0.1870,0.1208,0.1891,0.1883,0.1498,0.1848,0.1325,0.1839,0.1449,0.1993,0.1449,0.1958,0.1884,0.1540,0.1514,0.1877,0.1958,0.1692,0.1584,0.1343,0.1244,0.1958,0.1498,0.1568,0.1806,0.1718,0.1162,0.1883,0.1410,0.1321,0.1761,0.1916,0.1162,0.1545,0.1978,0.1208,0.1917,0.1786,0.1584,0.1901,0.1860,0.1881,0.1633,0.1977,0.1843,IDLE,IDLE,IDLE,IDLE,IDLE,IDLE,IDLE,IDLE,IDLE,IDLE,IDLE,IDLE,IDLE,IDLE,IDLE,IDLE,IDLE,IDLE,IDLE,IDLE,IDLE,IDLE,IDLE,IDLE,IDLE,IDLE,IDLE,IDLE,IDLE,IDLE,IDLE,IDLE,IDLE,IDLE,IDLE,IDLE,IDLE,IDLE,IDLE,IDLE,IDLE,IDLE,IDLE,IDLE,IDLE,IDLE,IDLE,IDLE,IDLE,IDLE
391,2024-01-17 07:00:01,0.00,0.00,0,0.0000,0.0000,0.00,0.9998,0.9999,0.9997,0.9997,0.9998,0.9998,0.9998,0.9997,0.9998,0.9998,0.9999,0.9998,0.9998,0.9999,0.9998,0.9999,0.9998,0.9997,0.9998,0.9998,0.9997,0.9998,0.9999,0.9998,0.9998,0.9999,0.9998,0.9998,0.9998,0.9997,0.9998,0.9998,0.9998,0.9998,0.9998,0.9997,0.9997,0.9998,0.9998,0.9998,0.9998,0.9998,0.9998,0.9998,0.9998,0.9997,0.9999,0.9998,0.9998,0.9999,0.1438,0.1191,0.1865,0.1761,0.1902,0.1870,0.1208,0.1891,0.1883,0.1498,0.1848,0.1325,0.1839,0.1449,0.1993,0.1449,0.1958,0.1884,0.1540,0.1514,0.1877,0.1958,0.1692,0.1584,0.1343,0.1244,0.1958,0.1498,0.1568,0.1806,0.1718,0.1162,0.1883,0.1410,0.1321,0.1761,0.1916,0.1162,0.1545,0.1978,0.1208,0.1917,0.1786,0.1584,0.1901,0.1860,0.1881,0.1633,0.1977,0.1843,IDLE,IDLE,IDLE,IDLE,IDLE,IDLE,IDLE,IDLE,IDLE,IDLE,IDLE,IDLE,IDLE,IDLE,IDLE,IDLE,IDLE,IDLE,IDLE,IDLE,IDLE,IDLE,IDLE,IDLE,IDLE,IDLE,IDLE,IDLE,IDLE,IDLE,IDLE,IDLE,IDLE,IDLE,IDLE,IDLE,IDLE,IDLE,IDLE,IDLE,IDLE,IDLE,IDLE,IDLE,IDLE,IDLE,IDLE,IDLE,IDLE,IDLE
392,2024-01-17 08:00:01,0.00,0.00,0,0.0000,0.0000,0.00,0.9998,0.9999,0.9997,0.9997,0.9998,0.9998,0.9998,0.9997,0.9998,0.9998,0.9999,0.9998,0.9998,0.9999,0.9998,0.9999,0.9998,0.9997,0.9998,0.9998,0.9997,0.9998,0.9999,0.9998,0.9998,0.9999,0.9998,0.9998,0.9998,0.9997,0.9998,0.9998,0.9998,0.9998,0.9998,0.9997,0.9997,0.9998,0.9998,0.9998,0.9998,0.9998,0.9998,0.9998,0.9998,0.9997,0.9999,0.9998,0.9998,0.9999,0.1438,0.1191,0.1865,0.1761,0.1902,0.1870,0.1208,0.1891,0.1883,0.1498,0.1848,0.1325,0.1839,0.1449,0.1993,0.1449,0.1958,0.1884,0.1540,0.1514,0.1877,0.1958,0.1692,0.1584,0.1343,0.1244,0.1958,0.1498,0.1568,0.1806,0.1718,0.1162,0.1883,0.1410,0.1321,0.1761,0.1916,0.1162,0.1545,0.1978,0.1208,0.1917,0.1786,0.1584,0.1901,0.1860,0.1881,0.1633,0.1977,0.1843,IDLE,IDLE,IDLE,IDLE,IDLE,IDLE,IDLE,IDLE,IDLE,IDLE,IDLE,IDLE,IDLE,IDLE,IDLE,IDLE,IDLE,IDLE,IDLE,IDLE,IDLE,IDLE,IDLE,IDLE,IDLE,IDLE,IDLE,IDLE,IDLE,IDLE,IDLE,IDLE,IDLE,IDLE,IDLE,IDLE,IDLE,IDLE,IDLE,IDLE,IDLE,IDLE,IDLE,IDLE,IDLE,IDLE,IDLE,IDLE,IDLE,IDLE
393,2024-01-17 09:00:01,0.00,0.00,0,0.0000,0.0000,0.00,0.9998,0.9999,0.9997,0.9997,0.9998,0.9998,0.9998,0.9997,0.9998,0.9998,0.9999,0.9998,0.9998,0.9999,0.9998,0.9999,0.9998,0.9997,0.9998,0.9998,0.9997,0.9998,0.9999,0.9998,0.9998,0.9999,0.9998,0.9998,0.9998,0.9997,0.9998,0.9998,0.9998,0.9998,0.9998,0.9997,0.9997,0.9998,0.9998,0.9998,0.9998,0.9998,0.9998,0.9998,0.9998,0.9997,0.9999,0.9998,0.9998,0.9999,0.1438,0.1191,0.1865,0.1761,0.1902,0.1870,0.1208,0.1891,0.1883,0.1498,0.1848,0.1325,0.1839,0.1449,0.1993,0.1449,0.1958,0.1884,0.1540,0.1514,0.1877,0.1958,0.1692,0.1584,0.1343,0.1244,0.1958,0.1498,0.1568,0.1806,0.1718,0.1162,0.1883,0.1410,0.1321,0.1761,0.1916,0.1162,0.1545,0.1978,0.1208,0.1917,0.1786,0.1584,0.1901,0.1860,0.1881,0.1633,0.1977,0.1843,IDLE,IDLE,IDLE,IDLE,IDLE,IDLE,IDLE,IDLE,IDLE,IDLE,IDLE,IDLE,IDLE,IDLE,IDLE,IDLE,IDLE,IDLE,IDLE,IDLE,IDLE,IDLE,IDLE,IDLE,IDLE,IDLE,IDLE,IDLE,IDLE,IDLE,IDLE,IDLE,IDLE,IDLE,IDLE,IDLE,IDLE,IDLE,IDLE,IDLE,IDLE,IDLE,IDLE,IDLE,IDLE,IDLE,IDLE,IDLE,IDLE,IDLE
394,2024-01-17 10:00:01,0.00,0.00,0,0.0000,0.0000,0.00,0.9998,0.9999,0.9997,0.9997,0.9998,0.9998,0.9998,0.9997,0.9998,0.9998,0.9999,0.9998,0.9998,0.9999,0.9998,0.9999,0.9998,0.9997,0.9998,0.9998,0.9997,0.9998,0.9999,0.9998,0.9998,0.9999,0.9998,0.9998,0.9998,0.9997,0.9998,0.9998,0.9998,0.9998,0.9998,0.9997,0.9997,0.9998,0.9998,0.9998,0.9998,0.9998,0.9998,0.9998,0.9998,0.9997,0.9999,0.9998,0.9998,0.9999,0.1438,0.1191,0.1865,0.1761,0.1902,0.1870,0.1208,0.1891,0.1883,0.1498,0.1848,0.1325,0.1839,0.1449,0.1993,0.1449,0.1958,0.1884,0.1540,0.1514,0.1877,0.1958,0.1692,0.1584,0.1343,0.1244,0.1958,0.1498,0.1568,0.1806,0.1718,0.1162,0.1883,0.1410,0.1321,0.1761,0.1916,0.1162,0.1545,0.1978,0.1208,0.1917,0.1786,0.1584,0.1901,0.1860,0.1881,0.1633,0.1977,0.1843,IDLE,IDLE,IDLE,IDLE,IDLE,IDLE,IDLE,IDLE,IDLE,IDLE,IDLE,IDLE,IDLE,IDLE,IDLE,IDLE,IDLE,IDLE,IDLE,IDLE,IDLE,IDLE,IDLE,IDLE,IDLE,IDLE,IDLE,IDLE,IDLE,IDLE,IDLE,IDLE,IDLE,IDLE,IDLE,IDLE,IDLE,IDLE,IDLE,IDLE,IDLE,IDLE,IDLE,IDLE,IDLE,IDLE,IDLE,IDLE,IDLE,IDLE
395,2024-01-17 11:00:01,0.00,0.00,0,0.0000,0.0000,0.00,0.9998,0.9999,0.9997,0.9997,0.9998,0.9998,0.9998,0.9997,0.9998,0.9998,0.9999,0.9998,0.9998,0.9999,0.9998,0.9999,0.9998,0.9997,0.9998,0.9998,0.9997,0.9998,0.9999,0.9998,0.9998,0.9999,0.9998,0.9998,0.9998,0.9997,0.9998,0.9998,0.9998,0.9998,0.9998,0.9997,0.9997,0.9998,0.9998,0.9998,0.9998,0.9998,0.9998,0.9998,0.9998,0.9997,0.9999,0.9998,0.9998,0.9999,0.1438,0.1191,0.1865,0.1761,0.1902,0.1870,0.1208,0.1891,0.1883,0.1498,0.1848,0.1325,0.1839,0.1449,0.1993,0.1449,0.1958,0.1884,0.1540,0.1514,0.1877,0.1958,0.1692,0.1584,0.1343,0.1244,0.1958,0.1498,0.1568,0.1806,0.1718,0.1162,0.1883,0.1410,0.1321,0.1761,0.1916,0.1162,0.1545,0.1978,0.1208,0.1917,0.1786,0.1584,0.1901,0.1860,0.1881,0.1633,0.1977,0.1843,IDLE,IDLE,IDLE,IDLE,IDLE,IDLE,IDLE,IDLE,IDLE,IDLE,IDLE,IDLE,IDLE,IDLE,IDLE,IDLE,IDLE,IDLE,IDLE,IDLE,IDLE,IDLE,IDLE,IDLE,IDLE,IDLE,IDLE,IDLE,IDLE,IDLE,IDLE,IDLE,IDLE,IDLE,IDLE,IDLE,IDLE,IDLE,IDLE,IDLE,IDLE,IDLE,IDLE,IDLE,IDLE,IDLE,IDLE,IDLE,IDLE,IDLE
396,2024-01-17 12:00:01,0.00,0.00,0,0.0000,0.0000,0.00,0.9998,0.9999,0.9997,0.9997,0.9998,0.9998,0.9998,0.9997,0.9998,0.9998,0.9999,0.9998,0.9998,0.9999,0.9998,0.9999,0.9998,0.9997,0.9998,0.9998,0.9997,0.9998,0.9999,0.9998,0.9998,0.9999,0.9998,0.9998,0.9998,0.9997,0.9998,0.9998,0.9998,0.9998,0.9998,0.9997,0.9997,0.9998,0.9998,0.9998,0.9998,0.9998,0.9998,0.9998,0.9998,0.9997,0.9999,0.9998,0.9998,0.9999,0.1438,0.1191,0.1865,0.1761,0.1902,0.1870,0.1208,0.1891,0.1883,0.1498,0.1848,0.1325,0.1839,0.1449,0.1993,0.1449,0.1958,0.1884,0.1540,0.1514,0.1877,0.1958,0.1692,0.1584,0.1343,0.1244,0.1958,0.1498,0.1568,0.1806,0.1718,0.1162,0.1883,0.1410,0.1321,0.1761,0.1916,0.1162,0.1545,0.1978,0.1208,0.1917,0.1786,0.1584,0.1901,0.1860,0.1881,0.1633,0.1977,0.1843,IDLE,IDLE,IDLE,IDLE,IDLE,IDLE,IDLE,IDLE,IDLE,IDLE,IDLE,IDLE,IDLE,IDLE,IDLE,IDLE,IDLE,IDLE,IDLE,IDLE,IDLE,IDLE,IDLE,IDLE,IDLE,IDLE,IDLE,IDLE,IDLE,IDLE,IDLE,IDLE,IDLE,IDLE,IDLE,IDLE,IDLE,IDLE,IDLE,IDLE,IDLE,IDLE,IDLE,IDLE,IDLE,IDLE,IDLE,IDLE,IDLE,IDLE
397,2024-01-17 13:00:01,0.00,0.00,0,0.0000,0.0000,0.00,0.9998,0.9999,0.9997,0.9997,0.9998,0.9998,0.9998,0.9997,0.9998,0.9998,0.9999,0.9998,0.9998,0.9999,0.9998,0.9999,0.9998,0.9997,0.9998,0.9998,0.9997,0.9998,0.9999,0.9998,0.9998,0.9999,0.9998,0.9998,0.9998,0.9997,0.9998,0.9998,0.9998,0.9998,0.9998,0.9997,0.9997,0.9998,0.9998,0.9998,0.9998,0.9998,0.9998,0.9998,0.9998,0.9997,0.9999,0.9998,0.9998,0.9999,0.1438,0.1191,0.1865,0.1761,0.1902,0.1870,0.1208,0.1891,0.1883,0.1498,0.1848,0.1325,0.1839,0.1449,0.1993,0.1449,0.1958,0.1884,0.1540,0.1514,0.1877,0.1958,0.1692,0.1584,0.1343,0.1244,0.1958,0.1498,0.1568,0.1806,0.1718,0.1162,0.1883,0.1410,0.1321,0.1761,0.1916,0.1162,0.1545,0.1978,0.1208,0.1917,0.1786,0.1584,0.1901,0.1860,0.1881,0.1633,0.1977,0.1843,IDLE,IDLE,IDLE,IDLE,IDLE,IDLE,IDLE,IDLE,IDLE,IDLE,IDLE,IDLE,IDLE,IDLE,IDLE,IDLE,IDLE,IDLE,IDLE,IDLE,IDLE,IDLE,IDLE,IDLE,IDLE,IDLE,IDLE,IDLE,IDLE,IDLE,IDLE,IDLE,IDLE,IDLE,IDLE,IDLE,IDLE,IDLE,IDLE,IDLE,IDLE,IDLE,IDLE,IDLE,IDLE,IDLE,IDLE,IDLE,IDLE,IDLE
398,2024-01-17 14:00:01,0.00,0.00,0,0.0000,0.0000,0.00,0.9998,0.9999,0.9997,0.9997,0.9998,0.9998,0.9998,0.9997,0.9998,0.9998,0.9999,0.9998,0.9998,0.9999,0.9998,0.9999,0.9998,0.9997,0.9998,0.9998,0.9997,0.9998,0.9999,0.9998,0.9998,0.9999,0.9998,0.9998,0.9998,0.9997,0.9998,0.9998,0.9998,0.9998,0.9998,0.9997,0.9997,0.9998,0.9998,0.9998,0.9998,0.9998,0.9998,0.9998,0.9998,0.9997,0.9999,0.9998,0.9998,0.9999,0.1438,0.1191,0.1865,0.1761,0.1902,0.1870,0.1208,0.1891,0.1883,0.1498,0.1848,0.1325,0.1839,0.1449,0.1993,0.1449,0.1958,0.1884,0.1540,0.1514,0.1877,0.1958,0.1692,0.1584,0.1343,0.1244,0.1958,0.1498,0.1568,0.1806,0.1718,0.1162,0.1883,0.1410,0.1321,0.1761,0.1916,0.1162,0.1545,0.1978,0.1208,0.1917,0.1786,0.1584,0.1901,0.1860,0.1881,0.1633,0.1977,0.1843,IDLE,IDLE,IDLE,IDLE,IDLE,IDLE,IDLE,IDLE,IDLE,IDLE,IDLE,IDLE,IDLE,IDLE,IDLE,IDLE,IDLE,IDLE,IDLE,IDLE,IDLE,IDLE,IDLE,IDLE,IDLE,IDLE,IDLE,IDLE,IDLE,IDLE,IDLE,IDLE,IDLE,IDLE,IDLE,IDLE,IDLE,IDLE,IDLE,IDLE,IDLE,IDLE,IDLE,IDLE,IDLE,IDLE,IDLE,IDLE,IDLE,IDLE
399,2024-01-17 15:00:01,0.00,0.00,0,0.0000,0.0000,0.00,0.9998,0.9999,0.9997,0.9997,0.9998,0.9998,0.9998,0.9997,0.9998,0.9998,0.9999,0.9998,0.9998,0.9999,0.9998,0.9999,0.9998,0.9997,0.9998,0.9998,0.9997,0.9998,0.9999,0.9998,0.9998,0.9999,0.9998,0.9998,0.9998,0.9997,0.9998,0.9998,0.9998,0.9998,0.9998,0.9997,0.9997,0.9998,0.9998,0.9998,0.9998,0.9998,0.9998,0.9998,0.9998,0.9997,0.9999,0.9998,0.9998,0.9999,0.1438,0.1191,0.1865,0.1761,0.1902,0.1870,0.1208,0.1891,0.1883,0.1498,0.1848,0.1325,0.1839,0.1449,0.1993,0.1449,0.1958,0.1884,0.1540,0.1514,0.1877,0.1958,0.1692,0.1584,0.1343,0.1244,0.1958,0.1498,0.1568,0.1806,0.1718,0.1162,0.1883,0.1410,0.1321,0.1761,0.1916,0.1162,0.1545,0.1978,0.1208,0.1917,0.1786,0.1584,0.1901,0.1860,0.1881,0.1633,0.1977,0.1843,IDLE,IDLE,IDLE,IDLE,IDLE,IDLE,IDLE,IDLE,IDLE,IDLE,IDLE,IDLE,IDLE,IDLE,IDLE,IDLE,IDLE,IDLE,IDLE,IDLE,IDLE,IDLE,IDLE,IDLE,IDLE,IDLE,IDLE,IDLE,IDLE,IDLE,IDLE,IDLE,IDLE,IDLE,IDLE,IDLE,IDLE,IDLE,IDLE,IDLE,IDLE,IDLE,IDLE,IDLE,IDLE,IDLE,IDLE,IDLE,IDLE,IDLE
400,2024-01-17 16:00:01,0.00,0.00,0,0.0000,0.0000,0.00,0.9998,0.9999,0.9997,0.9997,0.9998,0.9998,0.9998,0.9997,0.9998,0.9998,0.9999,0.9998,0.9998,0.9999,0.9998,0.9999,0.9998,0.9997,0.9998,0.9998,0.9997,0.9998,0.9999,0.9998,0.9998,0.9999,0.9998,0.9998,0.9998,0.9997,0.9998,0.9998,0.9998,0.9998,0.9998,0.9997,0.9997,0.9998,0.9998,0.9998,0.9998,0.9998,0.9998,0.9998,0.9998,0.9997,0.9999,0.9998,0.9998,0.9999,0.1438,0.1191,0.1865,0.1761,0.1902,0.1870,0.1208,0.1891,0.1883,0.1498,0.1848,0.1325,0.1839,0.1449,0.1993,0.1449,0.1958,0.1884,0.1540,0.1514,0.1877,0.1958,0.1692,0.1584,0.1343,0.1244,0.1958,0.1498,0.1568,0.1806,0.1718,0.1162,0.1883,0.1410,0.1321,0.1761,0.1916,0.1162,0.1545,0.1978,0.1208,0.1917,0.1786,0.1584,0.1901,0.1860,0.1881,0.1633,0.1977,0.1843,IDLE,IDLE,IDLE,IDLE,IDLE,IDLE,IDLE,IDLE,IDLE,IDLE,IDLE,IDLE,IDLE,IDLE,IDLE,IDLE,IDLE,IDLE,IDLE,IDLE,IDLE,IDLE,IDLE,IDLE,IDLE,IDLE,IDLE,IDLE,IDLE,IDLE,IDLE,IDLE,IDLE,IDLE,IDLE,IDLE,IDLE,IDLE,IDLE,IDLE,IDLE,IDLE,IDLE,IDLE,IDLE,IDLE,IDLE,IDLE,IDLE,IDLE
401,2024-01-17 17:00:01,0.00,0.00,0,0.0000,0.0000,0.00,0.9998,0.9999,0.9997,0.9997,0.9998,0.9998,0.9998,0.9997,0.9998,0.9998,0.9999,0.9998,0.9998,0.9999,0.9998,0.9999,0.9998,0.9997,0.9998,0.9998,0.9997,0.9998,0.9999,0.9998,0.9998,0.9999,0.9998,0.9998,0.9998,0.9997,0.9998,0.9998,0.9998,0.9998,0.9998,0.9997,0.9997,0.9998,0.9998,0.9998,0.9998,0.9998,0.9998,0.9998,0.9998,0.9997,0.9999,0.9998,0.9998,0.9999,0.1438,0.1191,0.1865,0.1761,0.1902,0.1870,0.1208,0.1891,0.1883,0.1498,0.1848,0.1325,0.1839,0.1449,0.1993,0.1449,0.1958,0.1884,0.1540,0.1514,0.1877,0.1958,0.1692,0.1584,0.1343,0.1244,0.1958,0.1498,0.1568,0.1806,0.1718,0.1162,0.1883,0.1410,0.1321,0.1761,0.1916,0.1162,0.1545,0.1978,0.1208,0.1917,0.1786,0.1584,0.1901,0.1860,0.1881,0.1633,0.1977,0.1843,IDLE,IDLE,IDLE,IDLE,IDLE,IDLE,IDLE,IDLE,IDLE,IDLE,IDLE,IDLE,IDLE,IDLE,IDLE,IDLE,IDLE,IDLE,IDLE,IDLE,IDLE,IDLE,IDLE,IDLE,IDLE,IDLE,IDLE,IDLE,IDLE,IDLE,IDLE,IDLE,IDLE,IDLE,IDLE,IDLE,IDLE,IDLE,IDLE,IDLE,IDLE,IDLE,IDLE,IDLE,IDLE,IDLE,IDLE,IDLE,IDLE,IDLE
402,2024-01-17 18:00:01,0.00,0.00,0,0.0000,0.0000,0.00,0.9998,0.9999,0.9997,0.9997,0.9998,0.9998,0.9998,0.9997,0.9998,0.9998,0.9999,0.9998,0.9998,0.9999,0.9998,0.9999,0.9998,0.9997,0.9998,0.9998,0.9997,0.9998,0.9999,0.9998,0.9998,0.9999,0.9998,0.9998,0.9998,0.9997,0.9998,0.9998,0.9998,0.9998,0.9998,0.9997,0.9997,0.9998,0.9998,0.9998,0.9998,0.9998,0.9998,0.9998,0.9998,0.9997,0.9999,0.9998,0.9998,0.9999,0.1438,0.1191,0.1865,0.1761,0.1902,0.1870,0.1208,0.1891,0.1883,0.1498,0.1848,0.1325,0.1839,0.1449,0.1993,0.1449,0.1958,0.1884,0.1540,0.1514,0.1877,0.1958,0.1692,0.1584,0.1343,0.1244,0.1958,0.1498,0.1568,0.1806,0.1718,0.1162,0.1883,0.1410,0.1321,0.1761,0.1916,0.1162,0.1545,0.1978,0.1208,0.1917,0.1786,0.1584,0.1901,0.1860,0.1881,0.1633,0.1977,0.1843,IDLE,IDLE,IDLE,IDLE,IDLE,IDLE,IDLE,IDLE,IDLE,IDLE,IDLE,IDLE,IDLE,IDLE,IDLE,IDLE,IDLE,IDLE,IDLE,IDLE,IDLE,IDLE,IDLE,IDLE,IDLE,IDLE,IDLE,IDLE,IDLE,IDLE,IDLE,IDLE,IDLE,IDLE,IDLE,IDLE,IDLE,IDLE,IDLE,IDLE,IDLE,IDLE,IDLE,IDLE,IDLE,IDLE,IDLE,IDLE,IDLE,IDLE
403,2024-01-17 19:00:01,0.00,0.00,0,0.0000,0.0000,0.00,0.9998,0.9999,0.9997,0.9997,0.9998,0.9998,0.9998,0.9997,0.9998,0.9998,0.9999,0.9998,0.9998,0.9999,0.9998,0.9999,0.9998,0.9997,0.9998,0.9998,0.9997,0.9998,0.9999,0.9998,0.9998,0.9999,0.9998,0.9998,0.9998,0.9997,0.9998,0.9998,0.9998,0.9998,0.9998,0.9997,0.9997,0.9998,0.9998,0.9998,0.9998,0.9998,0.9998,0.9998,0.9998,0.9997,0.9999,0.9998,0.9998,0.9999,0.1438,0.1191,0.1865,0.1761,0.1902,0.1870,0.1208,0.1891,0.1883,0.1498,0.1848,0.1325,0.1839,0.1449,0.1993,0.1449,0.1958,0.1884,0.1540,0.1514,0.1877,0.1958,0.1692,0.1584,0.1343,0.1244,0.1958,0.1498,0.1568,0.1806,0.1718,0.1162,0.1883,0.1410,0.1321,0.1761,0.1916,0.1162,0.1545,0.1978,0.1208,0.1917,0.1786,0.1584,0.1901,0.1860,0.1881,0.1633,0.1977,0.1843,IDLE,IDLE,IDLE,IDLE,IDLE,IDLE,IDLE,IDLE,IDLE,IDLE,IDLE,IDLE,IDLE,IDLE,IDLE,IDLE,IDLE,IDLE,IDLE,IDLE,IDLE,IDLE,IDLE,IDLE,IDLE,IDLE,IDLE,IDLE,IDLE,IDLE,IDLE,IDLE,IDLE,IDLE,IDLE,IDLE,IDLE,IDLE,IDLE,IDLE,IDLE,IDLE,IDLE,IDLE,IDLE,IDLE,IDLE,IDLE,IDLE,IDLE
404,2024-01-17 20:00:01,0.00,0.00,0,0.0000,0.0000,0.00,0.9998,0.9999,0.9997,0.9997,0.9998,0.9998,0.9998,0.9997,0.9998,0.9998,0.9999,0.9998,0.9998,0.9999,0.9998,0.9999,0.9998,0.9997,0.9998,0.9998,0.9997,0.9998,0.9999,0.9998,0.9998,0.9999,0.9998,0.9998,0.9998,0.9997,0.9998,0.9998,0.9998,0.9998,0.9998,0.9997,0.9997,0.9998,0.9998,0.9998,0.9998,0.9998,0.9998,0.9998,0.9998,0.9997,0.9999,0.9998,0.9998,0.9999,0.1438,0.1191,0.1865,0.1761,0.1902,0.1870,0.1208,0.1891,0.1883,0.1498,0.1848,0.1325,0.1839,0.1449,0.1993,0.1449,0.1958,0.1884,0.1540,0.1514,0.1877,0.1958,0.1692,0.1584,0.1343,0.1244,0.1958,0.1498,0.1568,0.1806,0.1718,0.1162,0.1883,0.1410,0.1321,0.1761,0.1916,0.1162,0.1545,0.1978,0.1208,0.1917,0.1786,0.1584,0.1901,0.1860,0.1881,0.1633,0.1977,0.1843,IDLE,IDLE,IDLE,IDLE,IDLE,IDLE,IDLE,IDLE,IDLE,IDLE,IDLE,IDLE,IDLE,IDLE,IDLE,IDLE,IDLE,IDLE,IDLE,IDLE,IDLE,IDLE,IDLE,IDLE,IDLE,IDLE,IDLE,IDLE,IDLE,IDLE,IDLE,IDLE,IDLE,IDLE,IDLE,IDLE,IDLE,IDLE,IDLE,IDLE,IDLE,IDLE,IDLE,IDLE,IDLE,IDLE,IDLE,IDLE,IDLE,IDLE
405,2024-01-17 21:00:01,0.00,0.00,0,0.0000,0.0000,0.00,0.9998,0.9999,0.9997,0.9997,0.9998,0.9998,0.9998,0.9997,0.9998,0.9998,0.9999,0.9998,0.9998,0.9999,0.9998,0.9999,0.9998,0.9997,0.9998,0.9998,0.9997,0.9998,0.9999,0.9998,0.9998,0.9999,0.9998,0.9998,0.9998,0.9997,0.9998,0.9998,0.9998,0.9998,0.9998,0.9997,0.9997,0.9998,0.9998,0.9998,0.9998,0.9998,0.9998,0.9998,0.9998,0.9997,0.9999,0.9998,0.9998,0.9999,0.1438,0.1191,0.1865,0.1761,0.1902,0.1870,0.1208,0.1891,0.1883,0.1498,0.1848,0.1325,0.1839,0.1449,0.1993,0.1449,0.1958,0.1884,0.1540,0.1514,0.1877,0.1958,0.1692,0.1584,0.1343,0.1244,0.1958,0.1498,0.1568,0.1806,0.1718,0.1162,0.1883,0.1410,0.1321,0.1761,0.1916,0.1162,0.1545,0.1978,0.1208,0.1917,0.1786,0.1584,0.1901,0.1860,0.1881,0.1633,0.1977,0.1843,IDLE,IDLE,IDLE,IDLE,IDLE,IDLE,IDLE,IDLE,IDLE,IDLE,IDLE,IDLE,IDLE,IDLE,IDLE,IDLE,IDLE,IDLE,IDLE,IDLE,IDLE,IDLE,IDLE,IDLE,IDLE,IDLE,IDLE,IDLE,IDLE,IDLE,IDLE,IDLE,IDLE,IDLE,IDLE,IDLE,IDLE,IDLE,IDLE,IDLE,IDLE,IDLE,IDLE,IDLE,IDLE,IDLE,IDLE,IDLE,IDLE,IDLE
406,2024-01-17 22:00:01,0.00,0.00,0,0.0000,0.0000,0.00,0.9998,0.9999,0.9997,0.9997,0.9998,0.9998,0.9998,0.9997,0.9998,0.9998,0.9999,0.9998,0.9998,0.9999,0.9998,0.9999,0.9998,0.9997,0.9998,0.9998,0.9997,0.9998,0.9999,0.9998,0.9998,0.9999,0.9998,0.9998,0.9998,0.9997,0.9998,0.9998,0.9998,0.9998,0.9998,0.9997,0.9997,0.9998,0.9998,0.9998,0.9998,0.9998,0.9998,0.9998,0.9998,0.9997,0.9999,0.9998,0.9998,0.9999,0.1438,0.1191,0.1865,0.1761,0.1902,0.1870,0.1208,0.1891,0.1883,0.1498,0.1848,0.1325,0.1839,0.1449,0.1993,0.1449,0.1958,0.1884,0.1540,0.1514,0.1877,0.1958,0.1692,0.1584,0.1343,0.1244,0.1958,0.1498,0.1568,0.1806,0.1718,0.1162,0.1883,0.1410,0.1321,0.1761,0.1916,0.1162,0.1545,0.1978,0.1208,0.1917,0.1786,0.1584,0.1901,0.1860,0.1881,0.1633,0.1977,0.1843,IDLE,IDLE,IDLE,IDLE,IDLE,IDLE,IDLE,IDLE,IDLE,IDLE,IDLE,IDLE,IDLE,IDLE,IDLE,IDLE,IDLE,IDLE,IDLE,IDLE,IDLE,IDLE,IDLE,IDLE,IDLE,IDLE,IDLE,IDLE,IDLE,IDLE,IDLE,IDLE,IDLE,IDLE,IDLE,IDLE,IDLE,IDLE,IDLE,IDLE,IDLE,IDLE,IDLE,IDLE,IDLE,IDLE,IDLE,IDLE,IDLE,IDLE
407,2024-01-17 23:00:01,0.00,0.00,0,0.0000,0.0000,0.00,0.9998,0.9999,0.9997,0.9997,0.9998,0.9998,0.9998,0.9997,0.9998,0.9998,0.9999,0.9998,0.9998,0.9999,0.9998,0.9999,0.9998,0.9997,0.9998,0.9998,0.9997,0.9998,0.9999,0.9998,0.9998,0.9999,0.9998,0.9998,0.9998,0.9997,0.9998,0.9998,0.9998,0.9998,0.9998,0.9997,0.9997,0.9998,0.9998,0.9998,0.9998,0.9998,0.9998,0.9998,0.9998,0.9997,0.9999,0.9998,0.9998,0.9999,0.1438,0.1191,0.1865,0.1761,0.1902,0.1870,0.1208,0.1891,0.1883,0.1498,0.1848,0.1325,0.1839,0.1449,0.1993,0.1449,0.1958,0.1884,0.1540,0.1514,0.1877,0.1958,0.1692,0.1584,0.1343,0.1244,0.1958,0.1498,0.1568,0.1806,0.1718,0.1162,0.1883,0.1410,0.1321,0.1761,0.1916,0.1162,0.1545,0.1978,0.1208,0.1917,0.1786,0.1584,0.1901,0.1860,0.1881,0.1633,0.1977,0.1843,IDLE,IDLE,IDLE,IDLE,IDLE,IDLE,IDLE,IDLE,IDLE,IDLE,IDLE,IDLE,IDLE,IDLE,IDLE,IDLE,IDLE,IDLE,IDLE,IDLE,IDLE,IDLE,IDLE,IDLE,IDLE,IDLE,IDLE,IDLE,IDLE,IDLE,IDLE,IDLE,IDLE,IDLE,IDLE,IDLE,IDLE,IDLE,IDLE,IDLE,IDLE,IDLE,IDLE,IDLE,IDLE,IDLE,IDLE,IDLE,IDLE,IDLE
408,2024-01-18 00:00:01,0.00,0.00,0,0.0000,0.0000,0.00,0.9998,0.9999,0.9997,0.9997,0.9998,0.9998,0.9998,0.9997,0.9998,0.9998,0.9999,0.9998,0.9998,0.9999,0.9998,0.9999,0.9998,0.9997,0.9998,0.9998,0.9997,0.9998,0.9999,0.9998,0.9998,0.9999,0.9998,0.9998,0.9998,0.9997,0.9998,0.9998,0.9998,0.9998,0.9998,0.9997,0.9997,0.9998,0.9998,0.9998,0.9998,0.9998,0.9998,0.9998,0.9998,0.9997,0.9999,0.9998,0.9998,0.9999,0.1438,0.1191,0.1865,0.1761,0.1902,0.1870,0.1208,0.1891,0.1883,0.1498,0.1848,0.1325,0.1839,0.1449,0.1993,0.1449,0.1958,0.1884,0.1540,0.1514,0.1877,0.1958,0.1692,0.1584,0.1343,0.1244,0.1958,0.1498,0.1568,0.1806,0.1718,0.1162,0.1883,0.1410,0.1321,0.1761,0.1916,0.1162,0.1545,0.1978,0.1208,0.1917,0.1786,0.1584,0.1901,0.1860,0.1881,0.1633,0.1977,0.1843,IDLE,IDLE,IDLE,IDLE,IDLE,IDLE,IDLE,IDLE,IDLE,IDLE,IDLE,IDLE,IDLE,IDLE,IDLE,IDLE,IDLE,IDLE,IDLE,IDLE,IDLE,IDLE,IDLE,IDLE,IDLE,IDLE,IDLE,IDLE,IDLE,IDLE,IDLE,IDLE,IDLE,IDLE,IDLE,IDLE,IDLE,IDLE,IDLE,IDLE,IDLE,IDLE,IDLE,IDLE,IDLE,IDLE,IDLE,IDLE,IDLE,IDLE
409,2024-01-18 01:00:01,0.00,0.00,0,0.0000,0.0000,0.00,0.9998,0.9999,0.9997,0.9997,0.9998,0.9998,0.9998,0.9997,0.9998,0.9998,0.9999,0.9998,0.9998,0.9999,0.9998,0.9999,0.9998,0.9997,0.9998,0.9998,0.9997,0.9998,0.9999,0.9998,0.9998,0.9999,0.9998,0.9998,0.9998,0.9997,0.9998,0.9998,0.9998,0.9998,0.9998,0.9997,0.9997,0.9998,0.9998,0.9998,0.9998,0.9998,0.9998,0.9998,0.9998,0.9997,0.9999,0.9998,0.9998,0.9999,0.1438,0.1191,0.1865,0.1761,0.1902,0.1870,0.1208,0.1891,0.1883,0.1498,0.1848,0.1325,0.1839,0.1449,0.1993,0.1449,0.1958,0.1884,0.1540,0.1514,0.1877,0.1958,0.1692,0.1584,0.1343,0.1244,0.1958,0.1498,0.1568,0.1806,0.1718,0.1162,0.1883,0.1410,0.1321,0.1761,0.1916,0.1162,0.1545,0.1978,0.1208,0.1917,0.1786,0.1584,0.1901,0.1860,0.1881,0.1633,0.1977,0.1843,IDLE,IDLE,IDLE,IDLE,IDLE,IDLE,IDLE,IDLE,IDLE,IDLE,IDLE,IDLE,IDLE,IDLE,IDLE,IDLE,IDLE,IDLE,IDLE,IDLE,IDLE,IDLE,IDLE,IDLE,IDLE,IDLE,IDLE,IDLE,IDLE,IDLE,IDLE,IDLE,IDLE,IDLE,IDLE,IDLE,IDLE,IDLE,IDLE,IDLE,IDLE,IDLE,IDLE,IDLE,IDLE,IDLE,IDLE,IDLE,IDLE,IDLE
410,2024-01-18 02:00:01,0.00,0.00,0,0.0000,0.0000,0.00,0.9998,0.9999,0.9997,0.9997,0.9998,0.9998,0.9998,0.9997,0.9998,0.9998,0.9999,0.9998,0.9998,0.9999,0.9998,0.9999,0.9998,0.9997,0.9998,0.9998,0.9997,0.9998,0.9999,0.9998,0.9998,0.9999,0.9998,0.9998,0.9998,0.9997,0.9998,0.9998,0.9998,0.9998,0.9998,0.9997,0.9997,0.9998,0.9998,0.9998,0.9998,0.9998,0.9998,0.9998,0.9998,0.9997,0.9999,0.9998,0.9998,0.9999,0.1438,0.1191,0.1865,0.1761,0.1902,0.1870,0.1208,0.1891,0.1883,0.1498,0.1848,0.1325,0.1839,0.1449,0.1993,0.1449,0.1958,0.1884,0.1540,0.1514,0.1877,0.1958,0.1692,0.1584,0.1343,0.1244,0.1958,0.1498,0.1568,0.1806,0.1718,0.1162,0.1883,0.1410,0.1321,0.1761,0.1916,0.1162,0.1545,0.1978,0.1208,0.1917,0.1786,0.1584,0.1901,0.1860,0.1881,0.1633,0.1977,0.1843,IDLE,IDLE,IDLE,IDLE,IDLE,IDLE,IDLE,IDLE,IDLE,IDLE,IDLE,IDLE,IDLE,IDLE,IDLE,IDLE,IDLE,IDLE,IDLE,IDLE,IDLE,IDLE,IDLE,IDLE,IDLE,IDLE,IDLE,IDLE,IDLE,IDLE,IDLE,IDLE,IDLE,IDLE,IDLE,IDLE,IDLE,IDLE,IDLE,IDLE,IDLE,IDLE,IDLE,IDLE,IDLE,IDLE,IDLE,IDLE,IDLE,IDLE
411,2024-01-18 03:00:01,0.00,0.00,0,0.0000,0.0000,0.00,0.9998,0.9999,0.9997,0.9997,0.9998,0.9998,0.9998,0.9997,0.9998,0.9998,0.9999,0.9998,0.9998,0.9999,0.9998,0.9999,0.9998,0.9997,0.9998,0.9998,0.9997,0.9998,0.9999,0.9998,0.9998,0.9999,0.9998,0.9998,0.9998,0.9997,0.9998,0.9998,0.9998,0.9998,0.9998,0.9997,0.9997,0.9998,0.9998,0.9998,0.9998,0.9998,0.9998,0.9998,0.9998,0.9997,0.9999,0.9998,0.9998,0.9999,0.1438,0.1191,0.1865,0.1761,0.1902,0.1870,0.1208,0.1891,0.1883,0.1498,0.1848,0.1325,0.1839,0.1449,0.1993,0.1449,0.1958,0.1884,0.1540,0.1514,0.1877,0.1958,0.1692,0.1584,0.1343,0.1244,0.1958,0.1498,0.1568,0.1806,0.1718,0.1162,0.1883,0.1410,0.1321,0.1761,0.1916,0.1162,0.1545,0.1978,0.1208,0.1917,0.1786,0.1584,0.1901,0.1860,0.1881,0.1633,0.1977,0.1843,IDLE,IDLE,IDLE,IDLE,IDLE,IDLE,IDLE,IDLE,IDLE,IDLE,IDLE,IDLE,IDLE,IDLE,IDLE,IDLE,IDLE,IDLE,IDLE,IDLE,IDLE,IDLE,IDLE,IDLE,IDLE,IDLE,IDLE,IDLE,IDLE,IDLE,IDLE,IDLE,IDLE,IDLE,IDLE,IDLE,IDLE,IDLE,IDLE,IDLE,IDLE,IDLE,IDLE,IDLE,IDLE,IDLE,IDLE,IDLE,IDLE,IDLE
412,2024-01-18 04:00:01,0.00,0.00,0,0.0000,0.0000,0.00,0.9998,0.9999,0.9997,0.9997,0.9998,0.9998,0.9998,0.9997,0.9998,0.9998,0.9999,0.9998,0.9998,0.9999,0.9998,0.9999,0.9998,0.9997,0.9998,0.9998,0.9997,0.9998,0.9999,0.9998,0.9998,0.9999,0.9998,0.9998,0.9998,0.9997,0.9998,0.9998,0.9998,0.9998,0.9998,0.9997,0.9997,0.9998,0.9998,0.9998,0.9998,0.9998,0.9998,0.9998,0.9998,0.9997,0.9999,0.9998,0.9998,0.9999,0.1438,0.1191,0.1865,0.1761,0.1902,0.1870,0.1208,0.1891,0.1883,0.1498,0.1848,0.1325,0.1839,0.1449,0.1993,0.1449,0.1958,0.1884,0.1540,0.1514,0.1877,0.1958,0.1692,0.1584,0.1343,0.1244,0.1958,0.1498,0.1568,0.1806,0.1718,0.1162,0.1883,0.1410,0.1321,0.1761,0.1916,0.1162,0.1545,0.1978,0.1208,0.1917,0.1786,0.1584,0.1901,0.1860,0.1881,0.1633,0.1977,0.1843,IDLE,IDLE,IDLE,IDLE,IDLE,IDLE,IDLE,IDLE,IDLE,IDLE,IDLE,IDLE,IDLE,IDLE,IDLE,IDLE,IDLE,IDLE,IDLE,IDLE,IDLE,IDLE,IDLE,IDLE,IDLE,IDLE,IDLE,IDLE,IDLE,IDLE,IDLE,IDLE,IDLE,IDLE,IDLE,IDLE,IDLE,IDLE,IDLE,IDLE,IDLE,IDLE,IDLE,IDLE,IDLE,IDLE,IDLE,IDLE,IDLE,IDLE
413,2024-01-18 05:00:01,0.00,0.00,0,0.0000,0.0000,0.00,0.9998,0.9999,0.9997,0.9997,0.9998,0.9998,0.9998,0.9997,0.9998,0.9998,0.9999,0.9998,0.9998,0.9999,0.9998,0.9999,0.9998,0.9997,0.9998,0.9998,0.9997,0.9998,0.9999,0.9998,0.9998,0.9999,0.9998,0.9998,0.9998,0.9997,0.9998,0.9998,0.9998,0.9998,0.9998,0.9997,0.9997,0.9998,0.9998,0.9998,0.9998,0.9998,0.9998,0.9998,0.9998,0.9997,0.9999,0.9998,0.9998,0.9999,0.1438,0.1191,0.1865,0.1761,0.1902,0.1870,0.1208,0.1891,0.1883,0.1498,0.1848,0.1325,0.1839,0.1449,0.1993,0.1449,0.1958,0.1884,0.1540,0.1514,0.1877,0.1958,0.1692,0.1584,0.1343,0.1244,0.1958,0.1498,0.1568,0.1806,0.1718,0.1162,0.1883,0.1410,0.1321,0.1761,0.1916,0.1162,0.1545,0.1978,0.1208,0.1917,0.1786,0.1584,0.1901,0.1860,0.1881,0.1633,0.1977,0.1843,IDLE,IDLE,IDLE,IDLE,IDLE,IDLE,IDLE,IDLE,IDLE,IDLE,IDLE,IDLE,IDLE,IDLE,IDLE,IDLE,IDLE,IDLE,IDLE,IDLE,IDLE,IDLE,IDLE,IDLE,IDLE,IDLE,IDLE,IDLE,IDLE,IDLE,IDLE,IDLE,IDLE,IDLE,IDLE,IDLE,IDLE,IDLE,IDLE,IDLE,IDLE,IDLE,IDLE,IDLE,IDLE,IDLE,IDLE,IDLE,IDLE,IDLE
414,2024-01-18 06:00:01,0.00,0.00,0,0.0000,0.0000,0.00,0.9998,0.9999,0.9997,0.9997,0.9998,0.9998,0.9998,0.9997,0.9998,0.9998,0.9999,0.9998,0.9998,0.9999,0.9998,0.9999,0.9998,0.9997,0.9998,0.9998,0.9997,0.9998,0.9999,0.9998,0.9998,0.9999,0.9998,0.9998,0.9998,0.9997,0.9998,0.9998,0.9998,0.9998,0.9998,0.9997,0.9997,0.9998,0.9998,0.9998,0.9998,0.9998,0.9998,0.9998,0.9998,0.9997,0.9999,0.9998,0.9998,0.9999,0.1438,0.1191,0.1865,0.1761,0.1902,0.1870,0.1208,0.1891,0.1883,0.1498,0.1848,0.1325,0.1839,0.1449,0.1993,0.1449,0.1958,0.1884,0.1540,0.1514,0.1877,0.1958,0.1692,0.1584,0.1343,0.1244,0.1958,0.1498,0.1568,0.1806,0.1718,0.1162,0.1883,0.1410,0.1321,0.1761,0.1916,0.1162,0.1545,0.1978,0.1208,0.1917,0.1786,0.1584,0.1901,0.1860,0.1881,0.1633,0.1977,0.1843,IDLE,IDLE,IDLE,IDLE,IDLE,IDLE,IDLE,IDLE,IDLE,IDLE,IDLE,IDLE,IDLE,IDLE,IDLE,IDLE,IDLE,IDLE,IDLE,IDLE,IDLE,IDLE,IDLE,IDLE,IDLE,IDLE,IDLE,IDLE,IDLE,IDLE,IDLE,IDLE,IDLE,IDLE,IDLE,IDLE,IDLE,IDLE,IDLE,IDLE,IDLE,IDLE,IDLE,IDLE,IDLE,IDLE,IDLE,IDLE,IDLE,IDLE
415,2024-01-18 07:00:01,0.00,0.00,0,0.0000,0.0000,0.00,0.9998,0.9999,0.9997,0.9997,0.9998,0.9998,0.9998,0.9997,0.9998,0.9998,0.9999,0.9998,0.9998,0.9999,0.9998,0.9999,0.9998,0.9997,0.9998,0.9998,0.9997,0.9998,0.9999,0.9998,0.9998,0.9999,0.9998,0.9998,0.9998,0.9997,0.9998,0.9998,0.9998,0.9998,0.9998,0.9997,0.9997,0.9998,0.9998,0.9998,0.9998,0.9998,0.9998,0.9998,0.9998,0.9997,0.9999,0.9998,0.9998,0.9999,0.1438,0.1191,0.1865,0.1761,0.1902,0.1870,0.1208,0.1891,0.1883,0.1498,0.1848,0.1325,0.1839,0.1449,0.1993,0.1449,0.1958,0.1884,0.1540,0.1514,0.1877,0.1958,0.1692,0.1584,0.1343,0.1244,0.1958,0.1498,0.1568,0.1806,0.1718,0.1162,0.1883,0.1410,0.1321,0.1761,0.1916,0.1162,0.1545,0.1978,0.1208,0.1917,0.1786,0.1584,0.1901,0.1860,0.1881,0.1633,0.1977,0.1843,IDLE,IDLE,IDLE,IDLE,IDLE,IDLE,IDLE,IDLE,IDLE,IDLE,IDLE,IDLE,IDLE,IDLE,IDLE,IDLE,IDLE,IDLE,IDLE,IDLE,IDLE,IDLE,IDLE,IDLE,IDLE,IDLE,IDLE,IDLE,IDLE,IDLE,IDLE,IDLE,IDLE,IDLE,IDLE,IDLE,IDLE,IDLE,IDLE,IDLE,IDLE,IDLE,IDLE,IDLE,IDLE,IDLE,IDLE,IDLE,IDLE,IDLE
416,2024-01-18 08:00:01,0.00,0.00,0,0.0000,0.0000,0.00,0.9998,0.9999,0.9997,0.9997,0.9998,0.9998,0.9998,0.9997,0.9998,0.9998,0.9999,0.9998,0.9998,0.9999,0.9998,0.9999,0.9998,0.9997,0.9998,0.9998,0.9997,0.9998,0.9999,0.9998,0.9998,0.9999,0.9998,0.9998,0.9998,0.9997,0.9998,0.9998,0.9998,0.9998,0.9998,0.9997,0.9997,0.9998,0.9998,0.9998,0.9998,0.9998,0.9998,0.9998,0.9998,0.9997,0.9999,0.9998,0.9998,0.9999,0.1438,0.1191,0.1865,0.1761,0.1902,0.1870,0.1208,0.1891,0.1883,0.1498,0.1848,0.1325,0.1839,0.1449,0.1993,0.1449,0.1958,0.1884,0.1540,0.1514,0.1877,0.1958,0.1692,0.1584,0.1343,0.1244,0.1958,0.1498,0.1568,0.1806,0.1718,0.1162,0.1883,0.1410,0.1321,0.1761,0.1916,0.1162,0.1545,0.1978,0.1208,0.1917,0.1786,0.1584,0.1901,0.1860,0.1881,0.1633,0.1977,0.1843,IDLE,IDLE,IDLE,IDLE,IDLE,IDLE,IDLE,IDLE,IDLE,IDLE,IDLE,IDLE,IDLE,IDLE,IDLE,IDLE,IDLE,IDLE,IDLE,IDLE,IDLE,IDLE,IDLE,IDLE,IDLE,IDLE,IDLE,IDLE,IDLE,IDLE,IDLE,IDLE,IDLE,IDLE,IDLE,IDLE,IDLE,IDLE,IDLE,IDLE,IDLE,IDLE,IDLE,IDLE,IDLE,IDLE,IDLE,IDLE,IDLE,IDLE
417,2024-01-18 09:00:01,0.00,0.00,0,0.0000,0.0000,0.00,0.9998,0.9999,0.9997,0.9997,0.9998,0.9998,0.9998,0.9997,0.9998,0.9998,0.9999,0.9998,0.9998,0.9999,0.9998,0.9999,0.9998,0.9997,0.9998,0.9998,0.9997,0.9998,0.9999,0.9998,0.9998,0.9999,0.9998,0.9998,0.9998,0.9997,0.9998,0.9998,0.9998,0.9998,0.9998,0.9997,0.9997,0.9998,0.9998,0.9998,0.9998,0.9998,0.9998,0.9998,0.9998,0.9997,0.9999,0.9998,0.9998,0.9999,0.1438,0.1191,0.1865,0.1761,0.1902,0.1870,0.1208,0.1891,0.1883,0.1498,0.1848,0.1325,0.1839,0.1449,0.1993,0.1449,0.1958,0.1884,0.1540,0.1514,0.1877,0.1958,0.1692,0.1584,0.1343,0.1244,0.1958,0.1498,0.1568,0.1806,0.1718,0.1162,0.1883,0.1410,0.1321,0.1761,0.1916,0.1162,0.1545,0.1978,0.1208,0.1917,0.1786,0.1584,0.1901,0.1860,0.1881,0.1633,0.1977,0.1843,IDLE,IDLE,IDLE,IDLE,IDLE,IDLE,IDLE,IDLE,IDLE,IDLE,IDLE,IDLE,IDLE,IDLE,IDLE,IDLE,IDLE,IDLE,IDLE,IDLE,IDLE,IDLE,IDLE,IDLE,IDLE,IDLE,IDLE,IDLE,IDLE,IDLE,IDLE,IDLE,IDLE,IDLE,IDLE,IDLE,IDLE,IDLE,IDLE,IDLE,IDLE,IDLE,IDLE,IDLE,IDLE,IDLE,IDLE,IDLE,IDLE,IDLE
418,2024-01-18 10:00:01,0.00,0.00,0,0.0000,0.0000,0.00,0.9998,0.9999,0.9997,0.9997,0.9998,0.9998,0.9998,0.9997,0.9998,0.9998,0.9999,0.9998,0.9998,0.9999,0.9998,0.9999,0.9998,0.9997,0.9998,0.9998,0.9997,0.9998,0.9999,0.9998,0.9998,0.9999,0.9998,0.9998,0.9998,0.9997,0.9998,0.9998,0.9998,0.9998,0.9998,0.9997,0.9997,0.9998,0.9998,0.9998,0.9998,0.9998,0.9998,0.9998,0.9998,0.9997,0.9999,0.9998,0.9998,0.9999,0.1438,0.1191,0.1865,0.1761,0.1902,0.1870,0.1208,0.1891,0.1883,0.1498,0.1848,0.1325,0.1839,0.1449,0.1993,0.1449,0.1958,0.1884,0.1540,0.1514,0.1877,0.1958,0.1692,0.1584,0.1343,0.1244,0.1958,0.1498,0.1568,0.1806,0.1718,0.1162,0.1883,0.1410,0.1321,0.1761,0.1916,0.1162,0.1545,0.1978,0.1208,0.1917,0.1786,0.1584,0.1901,0.1860,0.1881,0.1633,0.1977,0.1843,IDLE,IDLE,IDLE,IDLE,IDLE,IDLE,IDLE,IDLE,IDLE,IDLE,IDLE,IDLE,IDLE,IDLE,IDLE,IDLE,IDLE,IDLE,IDLE,IDLE,IDLE,IDLE,IDLE,IDLE,IDLE,IDLE,IDLE,IDLE,IDLE,IDLE,IDLE,IDLE,IDLE,IDLE,IDLE,IDLE,IDLE,IDLE,IDLE,IDLE,IDLE,IDLE,IDLE,IDLE,IDLE,IDLE,IDLE,IDLE,IDLE,IDLE
419,2024-01-18 11:00:01,0.00,0.00,0,0.0000,0.0000,0.00,0.9998,0.9999,0.9997,0.9997,0.9998,0.9998,0.9998,0.9997,0.9998,0.9998,0.9999,0.9998,0.9998,0.9999,0.9998,0.9999,0.9998,0.9997,0.9998,0.9998,0.9997,0.9998,0.9999,0.9998,0.9998,0.9999,0.9998,0.9998,0.9998,0.9997,0.9998,0.9998,0.9998,0.9998,0.9998,0.9997,0.9997,0.9998,0.9998,0.9998,0.9998,0.9998,0.9998,0.9998,0.9998,0.9997,0.9999,0.9998,0.9998,0.9999,0.1438,0.1191,0.1865,0.1761,0.1902,0.1870,0.1208,0.1891,0.1883,0.1498,0.1848,0.1325,0.1839,0.1449,0.1993,0.1449,0.1958,0.1884,0.1540,0.1514,0.1877,0.1958,0.1692,0.1584,0.1343,0.1244,0.1958,0.1498,0.1568,0.1806,0.1718,0.1162,0.1883,0.1410,0.1321,0.1761,0.1916,0.1162,0.1545,0.1978,0.1208,0.1917,0.1786,0.1584,0.1901,0.1860,0.1881,0.1633,0.1977,0.1843,IDLE,IDLE,IDLE,IDLE,IDLE,IDLE,IDLE,IDLE,IDLE,IDLE,IDLE,IDLE,IDLE,IDLE,IDLE,IDLE,IDLE,IDLE,IDLE,IDLE,IDLE,IDLE,IDLE,IDLE,IDLE,IDLE,IDLE,IDLE,IDLE,IDLE,IDLE,IDLE,IDLE,IDLE,IDLE,IDLE,IDLE,IDLE,IDLE,IDLE,IDLE,IDLE,IDLE,IDLE,IDLE,IDLE,IDLE,IDLE,IDLE,IDLE
420,2024-01-18 12:00:01,0.00,0.00,0,0.0000,0.0000,0.00,0.9998,0.9999,0.9997,0.9997,0.9998,0.9998,0.9998,0.9997,0.9998,0.9998,0.9999,0.9998,0.9998,0.9999,0.9998,0.9999,0.9998,0.9997,0.9998,0.9998,0.9997,0.9998,0.9999,0.9998,0.9998,0.9999,0.9998,0.9998,0.9998,0.9997,0.9998,0.9998,0.9998,0.9998,0.9998,0.9997,0.9997,0.9998,0.9998,0.9998,0.9998,0.9998,0.9998,0.9998,0.9998,0.9997,0.9999,0.9998,0.9998,0.9999,0.1438,0.1191,0.1865,0.1761,0.1902,0.1870,0.1208,0.1891,0.1883,0.1498,0.1848,0.1325,0.1839,0.1449,0.1993,0.1449,0.1958,0.1884,0.1540,0.1514,0.1877,0.1958,0.1692,0.1584,0.1343,0.1244,0.1958,0.1498,0.1568,0.1806,0.1718,0.1162,0.1883,0.1410,0.1321,0.1761,0.1916,0.1162,0.1545,0.1978,0.1208,0.1917,0.1786,0.1584,0.1901,0.1860,0.1881,0.1633,0.1977,0.1843,IDLE,IDLE,IDLE,IDLE,IDLE,IDLE,IDLE,IDLE,IDLE,IDLE,IDLE,IDLE,IDLE,IDLE,IDLE,IDLE,IDLE,IDLE,IDLE,IDLE,IDLE,IDLE,IDLE,IDLE,IDLE,IDLE,IDLE,IDLE,IDLE,IDLE,IDLE,IDLE,IDLE,IDLE,IDLE,IDLE,IDLE,IDLE,IDLE,IDLE,IDLE,IDLE,IDLE,IDLE,IDLE,IDLE,IDLE,IDLE,IDLE,IDLE
421,2024-01-18 13:00:01,0.00,0.00,0,0.0000,0.0000,0.00,0.9998,0.9999,0.9997,0.9997,0.9998,0.9998,0.9998,0.9997,0.9998,0.9998,0.9999,0.9998,0.9998,0.9999,0.9998,0.9999,0.9998,0.9997,0.9998,0.9998,0.9997,0.9998,0.9999,0.9998,0.9998,0.9999,0.9998,0.9998,0.9998,0.9997,0.9998,0.9998,0.9998,0.9998,0.9998,0.9997,0.9997,0.9998,0.9998,0.9998,0.9998,0.9998,0.9998,0.9998,0.9998,0.9997,0.9999,0.9998,0.9998,0.9999,0.1438,0.1191,0.1865,0.1761,0.1902,0.1870,0.1208,0.1891,0.1883,0.1498,0.1848,0.1325,0.1839,0.1449,0.1993,0.1449,0.1958,0.1884,0.1540,0.1514,0.1877,0.1958,0.1692,0.1584,0.1343,0.1244,0.1958,0.1498,0.1568,0.1806,0.1718,0.1162,0.1883,0.1410,0.1321,0.1761,0.1916,0.1162,0.1545,0.1978,0.1208,0.1917,0.1786,0.1584,0.1901,0.1860,0.1881,0.1633,0.1977,0.1843,IDLE,IDLE,IDLE,IDLE,IDLE,IDLE,IDLE,IDLE,IDLE,IDLE,IDLE,IDLE,IDLE,IDLE,IDLE,IDLE,IDLE,IDLE,IDLE,IDLE,IDLE,IDLE,IDLE,IDLE,IDLE,IDLE,IDLE,IDLE,IDLE,IDLE,IDLE,IDLE,IDLE,IDLE,IDLE,IDLE,IDLE,IDLE,IDLE,IDLE,IDLE,IDLE,IDLE,IDLE,IDLE,IDLE,IDLE,IDLE,IDLE,IDLE
422,2024-01-18 14:00:01,0.00,0.00,0,0.0000,0.0000,0.00,0.9998,0.9999,0.9997,0.9997,0.9998,0.9998,0.9998,0.9997,0.9998,0.9998,0.9999,0.9998,0.9998,0.9999,0.9998,0.9999,0.9998,0.9997,0.9998,0.9998,0.9997,0.9998,0.9999,0.9998,0.9998,0.9999,0.9998,0.9998,0.9998,0.9997,0.9998,0.9998,0.9998,0.9998,0.9998,0.9997,0.9997,0.9998,0.9998,0.9998,0.9998,0.9998,0.9998,0.9998,0.9998,0.9997,0.9999,0.9998,0.9998,0.9999,0.1438,0.1191,0.1865,0.1761,0.1902,0.1870,0.1208,0.1891,0.1883,0.1498,0.1848,0.1325,0.1839,0.1449,0.1993,0.1449,0.1958,0.1884,0.1540,0.1514,0.1877,0.1958,0.1692,0.1584,0.1343,0.1244,0.1958,0.1498,0.1568,0.1806,0.1718,0.1162,0.1883,0.1410,0.1321,0.1761,0.1916,0.1162,0.1545,0.1978,0.1208,0.1917,0.1786,0.1584,0.1901,0.1860,0.1881,0.1633,0.1977,0.1843,IDLE,IDLE,IDLE,IDLE,IDLE,IDLE,IDLE,IDLE,IDLE,IDLE,IDLE,IDLE,IDLE,IDLE,IDLE,IDLE,IDLE,IDLE,IDLE,IDLE,IDLE,IDLE,IDLE,IDLE,IDLE,IDLE,IDLE,IDLE,IDLE,IDLE,IDLE,IDLE,IDLE,IDLE,IDLE,IDLE,IDLE,IDLE,IDLE,IDLE,IDLE,IDLE,IDLE,IDLE,IDLE,IDLE,IDLE,IDLE,IDLE,IDLE
423,2024-01-18 15:00:01,0.00,0.00,0,0.0000,0.0000,0.00,0.9998,0.9999,0.9997,0.9997,0.9998,0.9998,0.9998,0.9997,0.9998,0.9998,0.9999,0.9998,0.9998,0.9999,0.9998,0.9999,0.9998,0.9997,0.9998,0.9998,0.9997,0.9998,0.9999,0.9998,0.9998,0.9999,0.9998,0.9998,0.9998,0.9997,0.9998,0.9998,0.9998,0.9998,0.9998,0.9997,0.9997,0.9998,0.9998,0.9998,0.9998,0.9998,0.9998,0.9998,0.9998,0.9997,0.9999,0.9998,0.9998,0.9999,0.1438,0.1191,0.1865,0.1761,0.1902,0.1870,0.1208,0.1891,0.1883,0.1498,0.1848,0.1325,0.1839,0.1449,0.1993,0.1449,0.1958,0.1884,0.1540,0.1514,0.1877,0.1958,0.1692,0.1584,0.1343,0.1244,0.1958,0.1498,0.1568,0.1806,0.1718,0.1162,0.1883,0.1410,0.1321,0.1761,0.1916,0.1162,0.1545,0.1978,0.1208,0.1917,0.1786,0.1584,0.1901,0.1860,0.1881,0.1633,0.1977,0.1843,IDLE,IDLE,IDLE,IDLE,IDLE,IDLE,IDLE,IDLE,IDLE,IDLE,IDLE,IDLE,IDLE,IDLE,IDLE,IDLE,IDLE,IDLE,IDLE,IDLE,IDLE,IDLE,IDLE,IDLE,IDLE,IDLE,IDLE,IDLE,IDLE,IDLE,IDLE,IDLE,IDLE,IDLE,IDLE,IDLE,IDLE,IDLE,IDLE,IDLE,IDLE,IDLE,IDLE,IDLE,IDLE,IDLE,IDLE,IDLE,IDLE,IDLE
424,2024-01-18 16:00:01,0.00,0.00,0,0.0000,0.0000,0.00,0.9998,0.9999,0.9997,0.9997,0.9998,0.9998,0.9998,0.9997,0.9998,0.9998,0.9999,0.9998,0.9998,0.9999,0.9998,0.9999,0.9998,0.9997,0.9998,0.9998,0.9997,0.9998,0.9999,0.9998,0.9998,0.9999,0.9998,0.9998,0.9998,0.9997,0.9998,0.9998,0.9998,0.9998,0.9998,0.9997,0.9997,0.9998,0.9998,0.9998,0.9998,0.9998,0.9998,0.9998,0.9998,0.9997,0.9999,0.9998,0.9998,0.9999,0.1438,0.1191,0.1865,0.1761,0.1902,0.1870,0.1208,0.1891,0.1883,0.1498,0.1848,0.1325,0.1839,0.1449,0.1993,0.1449,0.1958,0.1884,0.1540,0.1514,0.1877,0.1958,0.1692,0.1584,0.1343,0.1244,0.1958,0.1498,0.1568,0.1806,0.1718,0.1162,0.1883,0.1410,0.1321,0.1761,0.1916,0.1162,0.1545,0.1978,0.1208,0.1917,0.1786,0.1584,0.1901,0.1860,0.1881,0.1633,0.1977,0.1843,IDLE,IDLE,IDLE,IDLE,IDLE,IDLE,IDLE,IDLE,IDLE,IDLE,IDLE,IDLE,IDLE,IDLE,IDLE,IDLE,IDLE,IDLE,IDLE,IDLE,IDLE,IDLE,IDLE,IDLE,IDLE,IDLE,IDLE,IDLE,IDLE,IDLE,IDLE,IDLE,IDLE,IDLE,IDLE,IDLE,IDLE,IDLE,IDLE,IDLE,IDLE,IDLE,IDLE,IDLE,IDLE,IDLE,IDLE,IDLE,IDLE,IDLE
425,2024-01-18 17:00:01,0.00,0.00,0,0.0000,0.0000,0.00,0.9998,0.9999,0.9997,0.9997,0.9998,0.9998,0.9998,0.9997,0.9998,0.9998,0.9999,0.9998,0.9998,0.9999,0.9998,0.9999,0.9998,0.9997,0.9998,0.9998,0.9997,0.9998,0.9999,0.9998,0.9998,0.9999,0.9998,0.9998,0.9998,0.9997,0.9998,0.9998,0.9998,0.9998,0.9998,0.9997,0.9997,0.9998,0.9998,0.9998,0.9998,0.9998,0.9998,0.9998,0.9998,0.9997,0.9999,0.9998,0.9998,0.9999,0.1438,0.1191,0.1865,0.1761,0.1902,0.1870,0.1208,0.1891,0.1883,0.1498,0.1848,0.1325,0.1839,0.1449,0.1993,0.1449,0.1958,0.1884,0.1540,0.1514,0.1877,0.1958,0.1692,0.1584,0.1343,0.1244,0.1958,0.1498,0.1568,0.1806,0.1718,0.1162,0.1883,0.1410,0.1321,0.1761,0.1916,0.1162,0.1545,0.1978,0.1208,0.1917,0.1786,0.1584,0.1901,0.1860,0.1881,0.1633,0.1977,0.1843,IDLE,IDLE,IDLE,IDLE,IDLE,IDLE,IDLE,IDLE,IDLE,IDLE,IDLE,IDLE,IDLE,IDLE,IDLE,IDLE,IDLE,IDLE,IDLE,IDLE,IDLE,IDLE,IDLE,IDLE,IDLE,IDLE,IDLE,IDLE,IDLE,IDLE,IDLE,IDLE,IDLE,IDLE,IDLE,IDLE,IDLE,IDLE,IDLE,IDLE,IDLE,IDLE,IDLE,IDLE,IDLE,IDLE,IDLE,IDLE,IDLE,IDLE
426,2024-01-18 18:00:01,0.00,0.00,0,0.0000,0.0000,0.00,0.9998,0.9999,0.9997,0.9997,0.9998,0.9998,0.9998,0.9997,0.9998,0.9998,0.9999,0.9998,0.9998,0.9999,0.9998,0.9999,0.9998,0.9997,0.9998,0.9998,0.9997,0.9998,0.9999,0.9998,0.9998,0.9999,0.9998,0.9998,0.9998,0.9997,0.9998,0.9998,0.9998,0.9998,0.9998,0.9997,0.9997,0.9998,0.9998,0.9998,0.9998,0.9998,0.9998,0.9998,0.9998,0.9997,0.9999,0.9998,0.9998,0.9999,0.1438,0.1191,0.1865,0.1761,0.1902,0.1870,0.1208,0.1891,0.1883,0.1498,0.1848,0.1325,0.1839,0.1449,0.1993,0.1449,0.1958,0.1884,0.1540,0.1514,0.1877,0.1958,0.1692,0.1584,0.1343,0.1244,0.1958,0.1498,0.1568,0.1806,0.1718,0.1162,0.1883,0.1410,0.1321,0.1761,0.1916,0.1162,0.1545,0.1978,0.1208,0.1917,0.1786,0.1584,0.1901,0.1860,0.1881,0.1633,0.1977,0.1843,IDLE,IDLE,IDLE,IDLE,IDLE,IDLE,IDLE,IDLE,IDLE,IDLE,IDLE,IDLE,IDLE,IDLE,IDLE,IDLE,IDLE,IDLE,IDLE,IDLE,IDLE,IDLE,IDLE,IDLE,IDLE,IDLE,IDLE,IDLE,IDLE,IDLE,IDLE,IDLE,IDLE,IDLE,IDLE,IDLE,IDLE,IDLE,IDLE,IDLE,IDLE,IDLE,IDLE,IDLE,IDLE,IDLE,IDLE,IDLE,IDLE,IDLE
427,2024-01-18 19:00:01,0.00,0.00,0,0.0000,0.0000,0.00,0.9998,0.9999,0.9997,0.9997,0.9998,0.9998,0.9998,0.9997,0.9998,0.9998,0.9999,0.9998,0.9998,0.9999,0.9998,0.9999,0.9998,0.9997,0.9998,0.9998,0.9997,0.9998,0.9999,0.9998,0.9998,0.9999,0.9998,0.9998,0.9998,0.9997,0.9998,0.9998,0.9998,0.9998,0.9998,0.9997,0.9997,0.9998,0.9998,0.9998,0.9998,0.9998,0.9998,0.9998,0.9998,0.9997,0.9999,0.9998,0.9998,0.9999,0.1438,0.1191,0.1865,0.1761,0.1902,0.1870,0.1208,0.1891,0.1883,0.1498,0.1848,0.1325,0.1839,0.1449,0.1993,0.1449,0.1958,0.1884,0.1540,0.1514,0.1877,0.1958,0.1692,0.1584,0.1343,0.1244,0.1958,0.1498,0.1568,0.1806,0.1718,0.1162,0.1883,0.1410,0.1321,0.1761,0.1916,0.1162,0.1545,0.1978,0.1208,0.1917,0.1786,0.1584,0.1901,0.1860,0.1881,0.1633,0.1977,0.1843,IDLE,IDLE,IDLE,IDLE,IDLE,IDLE,IDLE,IDLE,IDLE,IDLE,IDLE,IDLE,IDLE,IDLE,IDLE,IDLE,IDLE,IDLE,IDLE,IDLE,IDLE,IDLE,IDLE,IDLE,IDLE,IDLE,IDLE,IDLE,IDLE,IDLE,IDLE,IDLE,IDLE,IDLE,IDLE,IDLE,IDLE,IDLE,IDLE,IDLE,IDLE,IDLE,IDLE,IDLE,IDLE,IDLE,IDLE,IDLE,IDLE,IDLE
428,2024-01-18 20:00:01,0.00,0.00,0,0.0000,0.0000,0.00,0.9998,0.9999,0.9997,0.9997,0.9998,0.9998,0.9998,0.9997,0.9998,0.9998,0.9999,0.9998,0.9998,0.9999,0.9998,0.9999,0.9998,0.9997,0.9998,0.9998,0.9997,0.9998,0.9999,0.9998,0.9998,0.9999,0.9998,0.9998,0.9998,0.9997,0.9998,0.9998,0.9998,0.9998,0.9998,0.9997,0.9997,0.9998,0.9998,0.9998,0.9998,0.9998,0.9998,0.9998,0.9998,0.9997,0.9999,0.9998,0.9998,0.9999,0.1438,0.1191,0.1865,0.1761,0.1902,0.1870,0.1208,0.1891,0.1883,0.1498,0.1848,0.1325,0.1839,0.1449,0.1993,0.1449,0.1958,0.1884,0.1540,0.1514,0.1877,0.1958,0.1692,0.1584,0.1343,0.1244,0.1958,0.1498,0.1568,0.1806,0.1718,0.1162,0.1883,0.1410,0.1321,0.1761,0.1916,0.1162,0.1545,0.1978,0.1208,0.1917,0.1786,0.1584,0.1901,0.1860,0.1881,0.1633,0.1977,0.1843,IDLE,IDLE,IDLE,IDLE,IDLE,IDLE,IDLE,IDLE,IDLE,IDLE,IDLE,IDLE,IDLE,IDLE,IDLE,IDLE,IDLE,IDLE,IDLE,IDLE,IDLE,IDLE,IDLE,IDLE,IDLE,IDLE,IDLE,IDLE,IDLE,IDLE,IDLE,IDLE,IDLE,IDLE,IDLE,IDLE,IDLE,IDLE,IDLE,IDLE,IDLE,IDLE,IDLE,IDLE,IDLE,IDLE,IDLE,IDLE,IDLE,IDLE
429,2024-01-18 21:00:01,0.00,0.00,0,0.0000,0.0000,0.00,0.9998,0.9999,0.9997,0.9997,0.9998,0.9998,0.9998,0.9997,0.9998,0.9998,0.9999,0.9998,0.9998,0.9999,0.9998,0.9999,0.9998,0.9997,0.9998,0.9998,0.9997,0.9998,0.9999,0.9998,0.9998,0.9999,0.9998,0.9998,0.9998,0.9997,0.9998,0.9998,0.9998,0.9998,0.9998,0.9997,0.9997,0.9998,0.9998,0.9998,0.9998,0.9998,0.9998,0.9998,0.9998,0.9997,0.9999,0.9998,0.9998,0.9999,0.1438,0.1191,0.1865,0.1761,0.1902,0.1870,0.1208,0.1891,0.1883,0.1498,0.1848,0.1325,0.1839,0.1449,0.1993,0.1449,0.1958,0.1884,0.1540,0.1514,0.1877,0.1958,0.1692,0.1584,0.1343,0.1244,0.1958,0.1498,0.1568,0.1806,0.1718,0.1162,0.1883,0.1410,0.1321,0.1761,0.1916,0.1162,0.1545,0.1978,0.1208,0.1917,0.1786,0.1584,0.1901,0.1860,0.1881,0.1633,0.1977,0.1843,IDLE,IDLE,IDLE,IDLE,IDLE,IDLE,IDLE,IDLE,IDLE,IDLE,IDLE,IDLE,IDLE,IDLE,IDLE,IDLE,IDLE,IDLE,IDLE,IDLE,IDLE,IDLE,IDLE,IDLE,IDLE,IDLE,IDLE,IDLE,IDLE,IDLE,IDLE,IDLE,IDLE,IDLE,IDLE,IDLE,IDLE,IDLE,IDLE,IDLE,IDLE,IDLE,IDLE,IDLE,IDLE,IDLE,IDLE,IDLE,IDLE,IDLE
430,2024-01-18 22:00:01,0.00,0.00,0,0.0000,0.0000,0.00,0.9998,0.9999,0.9997,0.9997,0.9998,0.9998,0.9998,0.9997,0.9998,0.9998,0.9999,0.9998,0.9998,0.9999,0.9998,0.9999,0.9998,0.9997,0.9998,0.9998,0.9997,0.9998,0.9999,0.9998,0.9998,0.9999,0.9998,0.9998,0.9998,0.9997,0.9998,0.9998,0.9998,0.9998,0.9998,0.9997,0.9997,0.9998,0.9998,0.9998,0.9998,0.9998,0.9998,0.9998,0.9998,0.9997,0.9999,0.9998,0.9998,0.9999,0.1438,0.1191,0.1865,0.1761,0.1902,0.1870,0.1208,0.1891,0.1883,0.1498,0.1848,0.1325,0.1839,0.1449,0.1993,0.1449,0.1958,0.1884,0.1540,0.1514,0.1877,0.1958,0.1692,0.1584,0.1343,0.1244,0.1958,0.1498,0.1568,0.1806,0.1718,0.1162,0.1883,0.1410,0.1321,0.1761,0.1916,0.1162,0.1545,0.1978,0.1208,0.1917,0.1786,0.1584,0.1901,0.1860,0.1881,0.1633,0.1977,0.1843,IDLE,IDLE,IDLE,IDLE,IDLE,IDLE,IDLE,IDLE,IDLE,IDLE,IDLE,IDLE,IDLE,IDLE,IDLE,IDLE,IDLE,IDLE,IDLE,IDLE,IDLE,IDLE,IDLE,IDLE,IDLE,IDLE,IDLE,IDLE,IDLE,IDLE,IDLE,IDLE,IDLE,IDLE,IDLE,IDLE,IDLE,IDLE,IDLE,IDLE,IDLE,IDLE,IDLE,IDLE,IDLE,IDLE,IDLE,IDLE,IDLE,IDLE
431,2024-01-18 23:00:01,0.00,0.00,0,0.0000,0.0000,0.00,0.9998,0.9999,0.9997,0.9997,0.9998,0.9998,0.9998,0.9997,0.9998,0.9998,0.9999,0.9998,0.9998,0.9999,0.9998,0.9999,0.9998,0.9997,0.9998,0.9998,0.9997,0.9998,0.9999,0.9998,0.9998,0.9999,0.9998,0.9998,0.9998,0.9997,0.9998,0.9998,0.9998,0.9998,0.9998,0.9997,0.9997,0.9998,0.9998,0.9998,0.9998,0.9998,0.9998,0.9998,0.9998,0.9997,0.9999,0.9998,0.9998,0.9999,0.1438,0.1191,0.1865,0.1761,0.1902,0.1870,0.1208,0.1891,0.1883,0.1498,0.1848,0.1325,0.1839,0.1449,0.1993,0.1449,0.1958,0.1884,0.1540,0.1514,0.1877,0.1958,0.1692,0.1584,0.1343,0.1244,0.1958,0.1498,0.1568,0.1806,0.1718,0.1162,0.1883,0.1410,0.1321,0.1761,0.1916,0.1162,0.1545,0.1978,0.1208,0.1917,0.1786,0.1584,0.1901,0.1860,0.1881,0.1633,0.1977,0.1843,IDLE,IDLE,IDLE,IDLE,IDLE,IDLE,IDLE,IDLE,IDLE,IDLE,IDLE,IDLE,IDLE,IDLE,IDLE,IDLE,IDLE,IDLE,IDLE,IDLE,IDLE,IDLE,IDLE,IDLE,IDLE,IDLE,IDLE,IDLE,IDLE,IDLE,IDLE,IDLE,IDLE,IDLE,IDLE,IDLE,IDLE,IDLE,IDLE,IDLE,IDLE,IDLE,IDLE,IDLE,IDLE,IDLE,IDLE,IDLE,IDLE,IDLE
432,2024-01-19 00:00:01,0.00,0.00,0,0.0000,0.0000,0.00,0.9998,0.9999,0.9997,0.9997,0.9998,0.9998,0.9998,0.9997,0.9998,0.9998,0.9999,0.9998,0.9998,0.9999,0.9998,0.9999,0.9998,0.9997,0.9998,0.9998,0.9997,0.9998,0.9999,0.9998,0.9998,0.9999,0.9998,0.9998,0.9998,0.9997,0.9998,0.9998,0.9998,0.9998,0.9998,0.9997,0.9997,0.9998,0.9998,0.9998,0.9998,0.9998,0.9998,0.9998,0.9998,0.9997,0.9999,0.9998,0.9998,0.9999,0.1438,0.1191,0.1865,0.1761,0.1902,0.1870,0.1208,0.1891,0.1883,0.1498,0.1848,0.1325,0.1839,0.1449,0.1993,0.1449,0.1958,0.1884,0.1540,0.1514,0.1877,0.1958,0.1692,0.1584,0.1343,0.1244,0.1958,0.1498,0.1568,0.1806,0.1718,0.1162,0.1883,0.1410,0.1321,0.1761,0.1916,0.1162,0.1545,0.1978,0.1208,0.1917,0.1786,0.1584,0.1901,0.1860,0.1881,0.1633,0.1977,0.1843,IDLE,IDLE,IDLE,IDLE,IDLE,IDLE,IDLE,IDLE,IDLE,IDLE,IDLE,IDLE,IDLE,IDLE,IDLE,IDLE,IDLE,IDLE,IDLE,IDLE,IDLE,IDLE,IDLE,IDLE,IDLE,IDLE,IDLE,IDLE,IDLE,IDLE,IDLE,IDLE,IDLE,IDLE,IDLE,IDLE,IDLE,IDLE,IDLE,IDLE,IDLE,IDLE,IDLE,IDLE,IDLE,IDLE,IDLE,IDLE,IDLE,IDLE
433,2024-01-19 01:00:01,0.00,0.00,0,0.0000,0.0000,0.00,0.9998,0.9999,0.9997,0.9997,0.9998,0.9998,0.9998,0.9997,0.9998,0.9998,0.9999,0.9998,0.9998,0.9999,0.9998,0.9999,0.9998,0.9997,0.9998,0.9998,0.9997,0.9998,0.9999,0.9998,0.9998,0.9999,0.9998,0.9998,0.9998,0.9997,0.9998,0.9998,0.9998,0.9998,0.9998,0.9997,0.9997,0.9998,0.9998,0.9998,0.9998,0.9998,0.9998,0.9998,0.9998,0.9997,0.9999,0.9998,0.9998,0.9999,0.1438,0.1191,0.1865,0.1761,0.1902,0.1870,0.1208,0.1891,0.1883,0.1498,0.1848,0.1325,0.1839,0.1449,0.1993,0.1449,0.1958,0.1884,0.1540,0.1514,0.1877,0.1958,0.1692,0.1584,0.1343,0.1244,0.1958,0.1498,0.1568,0.1806,0.1718,0.1162,0.1883,0.1410,0.1321,0.1761,0.1916,0.1162,0.1545,0.1978,0.1208,0.1917,0.1786,0.1584,0.1901,0.1860,0.1881,0.1633,0.1977,0.1843,IDLE,IDLE,IDLE,IDLE,IDLE,IDLE,IDLE,IDLE,IDLE,IDLE,IDLE,IDLE,IDLE,IDLE,IDLE,IDLE,IDLE,IDLE,IDLE,IDLE,IDLE,IDLE,IDLE,IDLE,IDLE,IDLE,IDLE,IDLE,IDLE,IDLE,IDLE,IDLE,IDLE,IDLE,IDLE,IDLE,IDLE,IDLE,IDLE,IDLE,IDLE,IDLE,IDLE,IDLE,IDLE,IDLE,IDLE,IDLE,IDLE,IDLE
434,2024-01-19 02:00:01,0.00,0.00,0,0.0000,0.0000,0.00,0.9998,0.9999,0.9997,0.9997,0.9998,0.9998,0.9998,0.9997,0.9998,0.9998,0.9999,0.9998,0.9998,0.9999,0.9998,0.9999,0.9998,0.9997,0.9998,0.9998,0.9997,0.9998,0.9999,0.9998,0.9998,0.9999,0.9998,0.9998,0.9998,0.9997,0.9998,0.9998,0.9998,0.9998,0.9998,0.9997,0.9997,0.9998,0.9998,0.9998,0.9998,0.9998,0.9998,0.9998,0.9998,0.9997,0.9999,0.9998,0.9998,0.9999,0.1438,0.1191,0.1865,0.1761,0.1902,0.1870,0.1208,0.1891,0.1883,0.1498,0.1848,0.1325,0.1839,0.1449,0.1993,0.1449,0.1958,0.1884,0.1540,0.1514,0.1877,0.1958,0.1692,0.1584,0.1343,0.1244,0.1958,0.1498,0.1568,0.1806,0.1718,0.1162,0.1883,0.1410,0.1321,0.1761,0.1916,0.1162,0.1545,0.1978,0.1208,0.1917,0.1786,0.1584,0.1901,0.1860,0.1881,0.1633,0.1977,0.1843,IDLE,IDLE,IDLE,IDLE,IDLE,IDLE,IDLE,IDLE,IDLE,IDLE,IDLE,IDLE,IDLE,IDLE,IDLE,IDLE,IDLE,IDLE,IDLE,IDLE,IDLE,IDLE,IDLE,IDLE,IDLE,IDLE,IDLE,IDLE,IDLE,IDLE,IDLE,IDLE,IDLE,IDLE,IDLE,IDLE,IDLE,IDLE,IDLE,IDLE,IDLE,IDLE,IDLE,IDLE,IDLE,IDLE,IDLE,IDLE,IDLE,IDLE
435,2024-01-19 03:00:01,0.00,0.00,0,0.0000,0.0000,0.00,0.9998,0.9999,0.9997,0.9997,0.9998,0.9998,0.9998,0.9997,0.9998,0.9998,0.9999,0.9998,0.9998,0.9999,0.9998,0.9999,0.9998,0.9997,0.9998,0.9998,0.9997,0.9998,0.9999,0.9998,0.9998,0.9999,0.9998,0.9998,0.9998,0.9997,0.9998,0.9998,0.9998,0.9998,0.9998,0.9997,0.9997,0.9998,0.9998,0.9998,0.9998,0.9998,0.9998,0.9998,0.9998,0.9997,0.9999,0.9998,0.9998,0.9999,0.1438,0.1191,0.1865,0.1761,0.1902,0.1870,0.1208,0.1891,0.1883,0.1498,0.1848,0.1325,0.1839,0.1449,0.1993,0.1449,0.1958,0.1884,0.1540,0.1514,0.1877,0.1958,0.1692,0.1584,0.1343,0.1244,0.1958,0.1498,0.1568,0.1806,0.1718,0.1162,0.1883,0.1410,0.1321,0.1761,0.1916,0.1162,0.1545,0.1978,0.1208,0.1917,0.1786,0.1584,0.1901,0.1860,0.1881,0.1633,0.1977,0.1843,IDLE,IDLE,IDLE,IDLE,IDLE,IDLE,IDLE,IDLE,IDLE,IDLE,IDLE,IDLE,IDLE,IDLE,IDLE,IDLE,IDLE,IDLE,IDLE,IDLE,IDLE,IDLE,IDLE,IDLE,IDLE,IDLE,IDLE,IDLE,IDLE,IDLE,IDLE,IDLE,IDLE,IDLE,IDLE,IDLE,IDLE,IDLE,IDLE,IDLE,IDLE,IDLE,IDLE,IDLE,IDLE,IDLE,IDLE,IDLE,IDLE,IDLE
436,2024-01-19 04:00:01,0.00,0.00,0,0.0000,0.0000,0.00,0.9998,0.9999,0.9997,0.9997,0.9998,0.9998,0.9998,0.9997,0.9998,0.9998,0.9999,0.9998,0.9998,0.9999,0.9998,0.9999,0.9998,0.9997,0.9998,0.9998,0.9997,0.9998,0.9999,0.9998,0.9998,0.9999,0.9998,0.9998,0.9998,0.9997,0.9998,0.9998,0.9998,0.9998,0.9998,0.9997,0.9997,0.9998,0.9998,0.9998,0.9998,0.9998,0.9998,0.9998,0.9998,0.9997,0.9999,0.9998,0.9998,0.9999,0.1438,0.1191,0.1865,0.1761,0.1902,0.1870,0.1208,0.1891,0.1883,0.1498,0.1848,0.1325,0.1839,0.1449,0.1993,0.1449,0.1958,0.1884,0.1540,0.1514,0.1877,0.1958,0.1692,0.1584,0.1343,0.1244,0.1958,0.1498,0.1568,0.1806,0.1718,0.1162,0.1883,0.1410,0.1321,0.1761,0.1916,0.1162,0.1545,0.1978,0.1208,0.1917,0.1786,0.1584,0.1901,0.1860,0.1881,0.1633,0.1977,0.1843,IDLE,IDLE,IDLE,IDLE,IDLE,IDLE,IDLE,IDLE,IDLE,IDLE,IDLE,IDLE,IDLE,IDLE,IDLE,IDLE,IDLE,IDLE,IDLE,IDLE,IDLE,IDLE,IDLE,IDLE,IDLE,IDLE,IDLE,IDLE,IDLE,IDLE,IDLE,IDLE,IDLE,IDLE,IDLE,IDLE,IDLE,IDLE,IDLE,IDLE,IDLE,IDLE,IDLE,IDLE,IDLE,IDLE,IDLE,IDLE,IDLE,IDLE
437,2024-01-19 05:00:01,0.00,0.00,0,0.0000,0.0000,0.00,0.9998,0.9999,0.9997,0.9997,0.9998,0.9998,0.9998,0.9997,0.9998,0.9998,0.9999,0.9998,0.9998,0.9999,0.9998,0.9999,0.9998,0.9997,0.9998,0.9998,0.9997,0.9998,0.9999,0.9998,0.9998,0.9999,0.9998,0.9998,0.9998,0.9997,0.9998,0.9998,0.9998,0.9998,0.9998,0.9997,0.9997,0.9998,0.9998,0.9998,0.9998,0.9998,0.9998,0.9998,0.9998,0.9997,0.9999,0.9998,0.9998,0.9999,0.1438,0.1191,0.1865,0.1761,0.1902,0.1870,0.1208,0.1891,0.1883,0.1498,0.1848,0.1325,0.1839,0.1449,0.1993,0.1449,0.1958,0.1884,0.1540,0.1514,0.1877,0.1958,0.1692,0.1584,0.1343,0.1244,0.1958,0.1498,0.1568,0.1806,0.1718,0.1162,0.1883,0.1410,0.1321,0.1761,0.1916,0.1162,0.1545,0.1978,0.1208,0.1917,0.1786,0.1584,0.1901,0.1860,0.1881,0.1633,0.1977,0.1843,IDLE,IDLE,IDLE,IDLE,IDLE,IDLE,IDLE,IDLE,IDLE,IDLE,IDLE,IDLE,IDLE,IDLE,IDLE,IDLE,IDLE,IDLE,IDLE,IDLE,IDLE,IDLE,IDLE,IDLE,IDLE,IDLE,IDLE,IDLE,IDLE,IDLE,IDLE,IDLE,IDLE,IDLE,IDLE,IDLE,IDLE,IDLE,IDLE,IDLE,IDLE,IDLE,IDLE,IDLE,IDLE,IDLE,IDLE,IDLE,IDLE,IDLE
438,2024-01-19 06:00:01,0.00,0.00,0,0.0000,0.0000,0.00,0.9998,0.9999,0.9997,0.9997,0.9998,0.9998,0.9998,0.9997,0.9998,0.9998,0.9999,0.9998,0.9998,0.9999,0.9998,0.9999,0.9998,0.9997,0.9998,0.9998,0.9997,0.9998,0.9999,0.9998,0.9998,0.9999,0.9998,0.9998,0.9998,0.9997,0.9998,0.9998,0.9998,0.9998,0.9998,0.9997,0.9997,0.9998,0.9998,0.9998,0.9998,0.9998,0.9998,0.9998,0.9998,0.9997,0.9999,0.9998,0.9998,0.9999,0.1438,0.1191,0.1865,0.1761,0.1902,0.1870,0.1208,0.1891,0.1883,0.1498,0.1848,0.1325,0.1839,0.1449,0.1993,0.1449,0.1958,0.1884,0.1540,0.1514,0.1877,0.1958,0.1692,0.1584,0.1343,0.1244,0.1958,0.1498,0.1568,0.1806,0.1718,0.1162,0.1883,0.1410,0.1321,0.1761,0.1916,0.1162,0.1545,0.1978,0.1208,0.1917,0.1786,0.1584,0.1901,0.1860,0.1881,0.1633,0.1977,0.1843,IDLE,IDLE,IDLE,IDLE,IDLE,IDLE,IDLE,IDLE,IDLE,IDLE,IDLE,IDLE,IDLE,IDLE,IDLE,IDLE,IDLE,IDLE,IDLE,IDLE,IDLE,IDLE,IDLE,IDLE,IDLE,IDLE,IDLE,IDLE,IDLE,IDLE,IDLE,IDLE,IDLE,IDLE,IDLE,IDLE,IDLE,IDLE,IDLE,IDLE,IDLE,IDLE,IDLE,IDLE,IDLE,IDLE,IDLE,IDLE,IDLE,IDLE
439,2024-01-19 07:00:01,0.00,0.00,0,0.0000,0.0000,0.00,0.9998,0.9999,0.9997,0.9997,0.9998,0.9998,0.9998,0.9997,0.9998,0.9998,0.9999,0.9998,0.9998,0.9999,0.9998,0.9999,0.9998,0.9997,0.9998,0.9998,0.9997,0.9998,0.9999,0.9998,0.9998,0.9999,0.9998,0.9998,0.9998,0.9997,0.9998,0.9998,0.9998,0.9998,0.9998,0.9997,0.9997,0.9998,0.9998,0.9998,0.9998,0.9998,0.9998,0.9998,0.9998,0.9997,0.9999,0.9998,0.9998,0.9999,0.1438,0.1191,0.1865,0.1761,0.1902,0.1870,0.1208,0.1891,0.1883,0.1498,0.1848,0.1325,0.1839,0.1449,0.1993,0.1449,0.1958,0.1884,0.1540,0.1514,0.1877,0.1958,0.1692,0.1584,0.1343,0.1244,0.1958,0.1498,0.1568,0.1806,0.1718,0.1162,0.1883,0.1410,0.1321,0.1761,0.1916,0.1162,0.1545,0.1978,0.1208,0.1917,0.1786,0.1584,0.1901,0.1860,0.1881,0.1633,0.1977,0.1843,IDLE,IDLE,IDLE,IDLE,IDLE,IDLE,IDLE,IDLE,IDLE,IDLE,IDLE,IDLE,IDLE,IDLE,IDLE,IDLE,IDLE,IDLE,IDLE,IDLE,IDLE,IDLE,IDLE,IDLE,IDLE,IDLE,IDLE,IDLE,IDLE,IDLE,IDLE,IDLE,IDLE,IDLE,IDLE,IDLE,IDLE,IDLE,IDLE,IDLE,IDLE,IDLE,IDLE,IDLE,IDLE,IDLE,IDLE,IDLE,IDLE,IDLE
440,2024-01-19 08:00:01,0.00,0.00,0,0.0000,0.0000,0.00,0.9998,0.9999,0.9997,0.9997,0.9998,0.9998,0.9998,0.9997,0.9998,0.9998,0.9999,0.9998,0.9998,0.9999,0.9998,0.9999,0.9998,0.9997,0.9998,0.9998,0.9997,0.9998,0.9999,0.9998,0.9998,0.9999,0.9998,0.9998,0.9998,0.9997,0.9998,0.9998,0.9998,0.9998,0.9998,0.9997,0.9997,0.9998,0.9998,0.9998,0.9998,0.9998,0.9998,0.9998,0.9998,0.9997,0.9999,0.9998,0.9998,0.9999,0.1438,0.1191,0.1865,0.1761,0.1902,0.1870,0.1208,0.1891,0.1883,0.1498,0.1848,0.1325,0.1839,0.1449,0.1993,0.1449,0.1958,0.1884,0.1540,0.1514,0.1877,0.1958,0.1692,0.1584,0.1343,0.1244,0.1958,0.1498,0.1568,0.1806,0.1718,0.1162,0.1883,0.1410,0.1321,0.1761,0.1916,0.1162,0.1545,0.1978,0.1208,0.1917,0.1786,0.1584,0.1901,0.1860,0.1881,0.1633,0.1977,0.1843,IDLE,IDLE,IDLE,IDLE,IDLE,IDLE,IDLE,IDLE,IDLE,IDLE,IDLE,IDLE,IDLE,IDLE,IDLE,IDLE,IDLE,IDLE,IDLE,IDLE,IDLE,IDLE,IDLE,IDLE,IDLE,IDLE,IDLE,IDLE,IDLE,IDLE,IDLE,IDLE,IDLE,IDLE,IDLE,IDLE,IDLE,IDLE,IDLE,IDLE,IDLE,IDLE,IDLE,IDLE,IDLE,IDLE,IDLE,IDLE,IDLE,IDLE
441,2024-01-19 09:00:01,0.00,0.00,0,0.0000,0.0000,0.00,0.9998,0.9999,0.9997,0.9997,0.9998,0.9998,0.9998,0.9997,0.9998,0.9998,0.9999,0.9998,0.9998,0.9999,0.9998,0.9999,0.9998,0.9997,0.9998,0.9998,0.9997,0.9998,0.9999,0.9998,0.9998,0.9999,0.9998,0.9998,0.9998,0.9997,0.9998,0.9998,0.9998,0.9998,0.9998,0.9997,0.9997,0.9998,0.9998,0.9998,0.9998,0.9998,0.9998,0.9998,0.9998,0.9997,0.9999,0.9998,0.9998,0.9999,0.1438,0.1191,0.1865,0.1761,0.1902,0.1870,0.1208,0.1891,0.1883,0.1498,0.1848,0.1325,0.1839,0.1449,0.1993,0.1449,0.1958,0.1884,0.1540,0.1514,0.1877,0.1958,0.1692,0.1584,0.1343,0.1244,0.1958,0.1498,0.1568,0.1806,0.1718,0.1162,0.1883,0.1410,0.1321,0.1761,0.1916,0.1162,0.1545,0.1978,0.1208,0.1917,0.1786,0.1584,0.1901,0.1860,0.1881,0.1633,0.1977,0.1843,IDLE,IDLE,IDLE,IDLE,IDLE,IDLE,IDLE,IDLE,IDLE,IDLE,IDLE,IDLE,IDLE,IDLE,IDLE,IDLE,IDLE,IDLE,IDLE,IDLE,IDLE,IDLE,IDLE,IDLE,IDLE,IDLE,IDLE,IDLE,IDLE,IDLE,IDLE,IDLE,IDLE,IDLE,IDLE,IDLE,IDLE,IDLE,IDLE,IDLE,IDLE,IDLE,IDLE,IDLE,IDLE,IDLE,IDLE,IDLE,IDLE,IDLE
442,2024-01-19 10:00:01,0.00,0.00,0,0.0000,0.0000,0.00,0.9998,0.9999,0.9997,0.9997,0.9998,0.9998,0.9998,0.9997,0.9998,0.9998,0.9999,0.9998,0.9998,0.9999,0.9998,0.9999,0.9998,0.9997,0.9998,0.9998,0.9997,0.9998,0.9999,0.9998,0.9998,0.9999,0.9998,0.9998,0.9998,0.9997,0.9998,0.9998,0.9998,0.9998,0.9998,0.9997,0.9997,0.9998,0.9998,0.9998,0.9998,0.9998,0.9998,0.9998,0.9998,0.9997,0.9999,0.9998,0.9998,0.9999,0.1438,0.1191,0.1865,0.1761,0.1902,0.1870,0.1208,0.1891,0.1883,0.1498,0.1848,0.1325,0.1839,0.1449,0.1993,0.1449,0.1958,0.1884,0.1540,0.1514,0.1877,0.1958,0.1692,0.1584,0.1343,0.1244,0.1958,0.1498,0.1568,0.1806,0.1718,0.1162,0.1883,0.1410,0.1321,0.1761,0.1916,0.1162,0.1545,0.1978,0.1208,0.1917,0.1786,0.1584,0.1901,0.1860,0.1881,0.1633,0.1977,0.1843,IDLE,IDLE,IDLE,IDLE,IDLE,IDLE,IDLE,IDLE,IDLE,IDLE,IDLE,IDLE,IDLE,IDLE,IDLE,IDLE,IDLE,IDLE,IDLE,IDLE,IDLE,IDLE,IDLE,IDLE,IDLE,IDLE,IDLE,IDLE,IDLE,IDLE,IDLE,IDLE,IDLE,IDLE,IDLE,IDLE,IDLE,IDLE,IDLE,IDLE,IDLE,IDLE,IDLE,IDLE,IDLE,IDLE,IDLE,IDLE,IDLE,IDLE
443,2024-01-19 11:00:01,0.00,0.00,0,0.0000,0.0000,0.00,0.9998,0.9999,0.9997,0.9997,0.9998,0.9998,0.9998,0.9997,0.9998,0.9998,0.9999,0.9998,0.9998,0.9999,0.9998,0.9999,0.9998,0.9997,0.9998,0.9998,0.9997,0.9998,0.9999,0.9998,0.9998,0.9999,0.9998,0.9998,0.9998,0.9997,0.9998,0.9998,0.9998,0.9998,0.9998,0.9997,0.9997,0.9998,0.9998,0.9998,0.9998,0.9998,0.9998,0.9998,0.9998,0.9997,0.9999,0.9998,0.9998,0.9999,0.1438,0.1191,0.1865,0.1761,0.1902,0.1870,0.1208,0.1891,0.1883,0.1498,0.1848,0.1325,0.1839,0.1449,0.1993,0.1449,0.1958,0.1884,0.1540,0.1514,0.1877,0.1958,0.1692,0.1584,0.1343,0.1244,0.1958,0.1498,0.1568,0.1806,0.1718,0.1162,0.1883,0.1410,0.1321,0.1761,0.1916,0.1162,0.1545,0.1978,0.1208,0.1917,0.1786,0.1584,0.1901,0.1860,0.1881,0.1633,0.1977,0.1843,IDLE,IDLE,IDLE,IDLE,IDLE,IDLE,IDLE,IDLE,IDLE,IDLE,IDLE,IDLE,IDLE,IDLE,IDLE,IDLE,IDLE,IDLE,IDLE,IDLE,IDLE,IDLE,IDLE,IDLE,IDLE,IDLE,IDLE,IDLE,IDLE,IDLE,IDLE,IDLE,IDLE,IDLE,IDLE,IDLE,IDLE,IDLE,IDLE,IDLE,IDLE,IDLE,IDLE,IDLE,IDLE,IDLE,IDLE,IDLE,IDLE,IDLE
444,2024-01-19 12:00:01,0.00,0.00,0,0.0000,0.0000,0.00,0.9998,0.9999,0.9997,0.9997,0.9998,0.9998,0.9998,0.9997,0.9998,0.9998,0.9999,0.9998,0.9998,0.9999,0.9998,0.9999,0.9998,0.9997,0.9998,0.9998,0.9997,0.9998,0.9999,0.9998,0.9998,0.9999,0.9998,0.9998,0.9998,0.9997,0.9998,0.9998,0.9998,0.9998,0.9998,0.9997,0.9997,0.9998,0.9998,0.9998,0.9998,0.9998,0.9998,0.9998,0.9998,0.9997,0.9999,0.9998,0.9998,0.9999,0.1438,0.1191,0.1865,0.1761,0.1902,0.1870,0.1208,0.1891,0.1883,0.1498,0.1848,0.1325,0.1839,0.1449,0.1993,0.1449,0.1958,0.1884,0.1540,0.1514,0.1877,0.1958,0.1692,0.1584,0.1343,0.1244,0.1958,0.1498,0.1568,0.1806,0.1718,0.1162,0.1883,0.1410,0.1321,0.1761,0.1916,0.1162,0.1545,0.1978,0.1208,0.1917,0.1786,0.1584,0.1901,0.1860,0.1881,0.1633,0.1977,0.1843,IDLE,IDLE,IDLE,IDLE,IDLE,IDLE,IDLE,IDLE,IDLE,IDLE,IDLE,IDLE,IDLE,IDLE,IDLE,IDLE,IDLE,IDLE,IDLE,IDLE,IDLE,IDLE,IDLE,IDLE,IDLE,IDLE,IDLE,IDLE,IDLE,IDLE,IDLE,IDLE,IDLE,IDLE,IDLE,IDLE,IDLE,IDLE,IDLE,IDLE,IDLE,IDLE,IDLE,IDLE,IDLE,IDLE,IDLE,IDLE,IDLE,IDLE
445,2024-01-19 13:00:01,0.00,0.00,0,0.0000,0.0000,0.00,0.9998,0.9999,0.9997,0.9997,0.9998,0.9998,0.9998,0.9997,0.9998,0.9998,0.9999,0.9998,0.9998,0.9999,0.9998,0.9999,0.9998,0.9997,0.9998,0.9998,0.9997,0.9998,0.9999,0.9998,0.9998,0.9999,0.9998,0.9998,0.9998,0.9997,0.9998,0.9998,0.9998,0.9998,0.9998,0.9997,0.9997,0.9998,0.9998,0.9998,0.9998,0.9998,0.9998,0.9998,0.9998,0.9997,0.9999,0.9998,0.9998,0.9999,0.1438,0.1191,0.1865,0.1761,0.1902,0.1870,0.1208,0.1891,0.1883,0.1498,0.1848,0.1325,0.1839,0.1449,0.1993,0.1449,0.1958,0.1884,0.1540,0.1514,0.1877,0.1958,0.1692,0.1584,0.1343,0.1244,0.1958,0.1498,0.1568,0.1806,0.1718,0.1162,0.1883,0.1410,0.1321,0.1761,0.1916,0.1162,0.1545,0.1978,0.1208,0.1917,0.1786,0.1584,0.1901,0.1860,0.1881,0.1633,0.1977,0.1843,IDLE,IDLE,IDLE,IDLE,IDLE,IDLE,IDLE,IDLE,IDLE,IDLE,IDLE,IDLE,IDLE,IDLE,IDLE,IDLE,IDLE,IDLE,IDLE,IDLE,IDLE,IDLE,IDLE,IDLE,IDLE,IDLE,IDLE,IDLE,IDLE,IDLE,IDLE,IDLE,IDLE,IDLE,IDLE,IDLE,IDLE,IDLE,IDLE,IDLE,IDLE,IDLE,IDLE,IDLE,IDLE,IDLE,IDLE,IDLE,IDLE,IDLE
446,2024-01-19 14:00:01,0.00,0.00,0,0.0000,0.0000,0.00,0.9998,0.9999,0.9997,0.9997,0.9998,0.9998,0.9998,0.9997,0.9998,0.9998,0.9999,0.9998,0.9998,0.9999,0.9998,0.9999,0.9998,0.9997,0.9998,0.9998,0.9997,0.9998,0.9999,0.9998,0.9998,0.9999,0.9998,0.9998,0.9998,0.9997,0.9998,0.9998,0.9998,0.9998,0.9998,0.9997,0.9997,0.9998,0.9998,0.9998,0.9998,0.9998,0.9998,0.9998,0.9998,0.9997,0.9999,0.9998,0.9998,0.9999,0.1438,0.1191,0.1865,0.1761,0.1902,0.1870,0.1208,0.1891,0.1883,0.1498,0.1848,0.1325,0.1839,0.1449,0.1993,0.1449,0.1958,0.1884,0.1540,0.1514,0.1877,0.1958,0.1692,0.1584,0.1343,0.1244,0.1958,0.1498,0.1568,0.1806,0.1718,0.1162,0.1883,0.1410,0.1321,0.1761,0.1916,0.1162,0.1545,0.1978,0.1208,0.1917,0.1786,0.1584,0.1901,0.1860,0.1881,0.1633,0.1977,0.1843,IDLE,IDLE,IDLE,IDLE,IDLE,IDLE,IDLE,IDLE,IDLE,IDLE,IDLE,IDLE,IDLE,IDLE,IDLE,IDLE,IDLE,IDLE,IDLE,IDLE,IDLE,IDLE,IDLE,IDLE,IDLE,IDLE,IDLE,IDLE,IDLE,IDLE,IDLE,IDLE,IDLE,IDLE,IDLE,IDLE,IDLE,IDLE,IDLE,IDLE,IDLE,IDLE,IDLE,IDLE,IDLE,IDLE,IDLE,IDLE,IDLE,IDLE
447,2024-01-19 15:00:01,0.00,0.00,0,0.0000,0.0000,0.00,0.9998,0.9999,0.9997,0.9997,0.9998,0.9998,0.9998,0.9997,0.9998,0.9998,0.9999,0.9998,0.9998,0.9999,0.9998,0.9999,0.9998,0.9997,0.9998,0.9998,0.9997,0.9998,0.9999,0.9998,0.9998,0.9999,0.9998,0.9998,0.9998,0.9997,0.9998,0.9998,0.9998,0.9998,0.9998,0.9997,0.9997,0.9998,0.9998,0.9998,0.9998,0.9998,0.9998,0.9998,0.9998,0.9997,0.9999,0.9998,0.9998,0.9999,0.1438,0.1191,0.1865,0.1761,0.1902,0.1870,0.1208,0.1891,0.1883,0.1498,0.1848,0.1325,0.1839,0.1449,0.1993,0.1449,0.1958,0.1884,0.1540,0.1514,0.1877,0.1958,0.1692,0.1584,0.1343,0.1244,0.1958,0.1498,0.1568,0.1806,0.1718,0.1162,0.1883,0.1410,0.1321,0.1761,0.1916,0.1162,0.1545,0.1978,0.1208,0.1917,0.1786,0.1584,0.1901,0.1860,0.1881,0.1633,0.1977,0.1843,IDLE,IDLE,IDLE,IDLE,IDLE,IDLE,IDLE,IDLE,IDLE,IDLE,IDLE,IDLE,IDLE,IDLE,IDLE,IDLE,IDLE,IDLE,IDLE,IDLE,IDLE,IDLE,IDLE,IDLE,IDLE,IDLE,IDLE,IDLE,IDLE,IDLE,IDLE,IDLE,IDLE,IDLE,IDLE,IDLE,IDLE,IDLE,IDLE,IDLE,IDLE,IDLE,IDLE,IDLE,IDLE,IDLE,IDLE,IDLE,IDLE,IDLE
448,2024-01-19 16:00:01,0.00,0.00,0,0.0000,0.0000,0.00,0.9998,0.9999,0.9997,0.9997,0.9998,0.9998,0.9998,0.9997,0.9998,0.9998,0.9999,0.9998,0.9998,0.9999,0.9998,0.9999,0.9998,0.9997,0.9998,0.9998,0.9997,0.9998,0.9999,0.9998,0.9998,0.9999,0.9998,0.9998,0.9998,0.9997,0.9998,0.9998,0.9998,0.9998,0.9998,0.9997,0.9997,0.9998,0.9998,0.9998,0.9998,0.9998,0.9998,0.9998,0.9998,0.9997,0.9999,0.9998,0.9998,0.9999,0.1438,0.1191,0.1865,0.1761,0.1902,0.1870,0.1208,0.1891,0.1883,0.1498,0.1848,0.1325,0.1839,0.1449,0.1993,0.1449,0.1958,0.1884,0.1540,0.1514,0.1877,0.1958,0.1692,0.1584,0.1343,0.1244,0.1958,0.1498,0.1568,0.1806,0.1718,0.1162,0.1883,0.1410,0.1321,0.1761,0.1916,0.1162,0.1545,0.1978,0.1208,0.1917,0.1786,0.1584,0.1901,0.1860,0.1881,0.1633,0.1977,0.1843,IDLE,IDLE,IDLE,IDLE,IDLE,IDLE,IDLE,IDLE,IDLE,IDLE,IDLE,IDLE,IDLE,IDLE,IDLE,IDLE,IDLE,IDLE,IDLE,IDLE,IDLE,IDLE,IDLE,IDLE,IDLE,IDLE,IDLE,IDLE,IDLE,IDLE,IDLE,IDLE,IDLE,IDLE,IDLE,IDLE,IDLE,IDLE,IDLE,IDLE,IDLE,IDLE,IDLE,IDLE,IDLE,IDLE,IDLE,IDLE,IDLE,IDLE
449,2024-01-19 17:00:01,0.00,0.00,0,0.0000,0.0000,0.00,0.9998,0.9999,0.9997,0.9997,0.9998,0.9998,0.9998,0.9997,0.9998,0.9998,0.9999,0.9998,0.9998,0.9999,0.9998,0.9999,0.9998,0.9997,0.9998,0.9998,0.9997,0.9998,0.9999,0.9998,0.9998,0.9999,0.9998,0.9998,0.9998,0.9997,0.9998,0.9998,0.9998,0.9998,0.9998,0.9997,0.9997,0.9998,0.9998,0.9998,0.9998,0.9998,0.9998,0.9998,0.9998,0.9997,0.9999,0.9998,0.9998,0.9999,0.1438,0.1191,0.1865,0.1761,0.1902,0.1870,0.1208,0.1891,0.1883,0.1498,0.1848,0.1325,0.1839,0.1449,0.1993,0.1449,0.1958,0.1884,0.1540,0.1514,0.1877,0.1958,0.1692,0.1584,0.1343,0.1244,0.1958,0.1498,0.1568,0.1806,0.1718,0.1162,0.1883,0.1410,0.1321,0.1761,0.1916,0.1162,0.1545,0.1978,0.1208,0.1917,0.1786,0.1584,0.1901,0.1860,0.1881,0.1633,0.1977,0.1843,IDLE,IDLE,IDLE,IDLE,IDLE,IDLE,IDLE,IDLE,IDLE,IDLE,IDLE,IDLE,IDLE,IDLE,IDLE,IDLE,IDLE,IDLE,IDLE,IDLE,IDLE,IDLE,IDLE,IDLE,IDLE,IDLE,IDLE,IDLE,IDLE,IDLE,IDLE,IDLE,IDLE,IDLE,IDLE,IDLE,IDLE,IDLE,IDLE,IDLE,IDLE,IDLE,IDLE,IDLE,IDLE,IDLE,IDLE,IDLE,IDLE,IDLE
450,2024-01-19 18:00:01,0.00,0.00,0,0.0000,0.0000,0.00,0.9998,0.9999,0.9997,0.9997,0.9998,0.9998,0.9998,0.9997,0.9998,0.9998,0.9999,0.9998,0.9998,0.9999,0.9998,0.9999,0.9998,0.9997,0.9998,0.9998,0.9997,0.9998,0.9999,0.9998,0.9998,0.9999,0.9998,0.9998,0.9998,0.9997,0.9998,0.9998,0.9998,0.9998,0.9998,0.9997,0.9997,0.9998,0.9998,0.9998,0.9998,0.9998,0.9998,0.9998,0.9998,0.9997,0.9999,0.9998,0.9998,0.9999,0.1438,0.1191,0.1865,0.1761,0.1902,0.1870,0.1208,0.1891,0.1883,0.1498,0.1848,0.1325,0.1839,0.1449,0.1993,0.1449,0.1958,0.1884,0.1540,0.1514,0.1877,0.1958,0.1692,0.1584,0.1343,0.1244,0.1958,0.1498,0.1568,0.1806,0.1718,0.1162,0.1883,0.1410,0.1321,0.1761,0.1916,0.1162,0.1545,0.1978,0.1208,0.1917,0.1786,0.1584,0.1901,0.1860,0.1881,0.1633,0.1977,0.1843,IDLE,IDLE,IDLE,IDLE,IDLE,IDLE,IDLE,IDLE,IDLE,IDLE,IDLE,IDLE,IDLE,IDLE,IDLE,IDLE,IDLE,IDLE,IDLE,IDLE,IDLE,IDLE,IDLE,IDLE,IDLE,IDLE,IDLE,IDLE,IDLE,IDLE,IDLE,IDLE,IDLE,IDLE,IDLE,IDLE,IDLE,IDLE,IDLE,IDLE,IDLE,IDLE,IDLE,IDLE,IDLE,IDLE,IDLE,IDLE,IDLE,IDLE
451,2024-01-19 19:00:01,0.00,0.00,0,0.0000,0.0000,0.00,0.9998,0.9999,0.9997,0.9997,0.9998,0.9998,0.9998,0.9997,0.9998,0.9998,0.9999,0.9998,0.9998,0.9999,0.9998,0.9999,0.9998,0.9997,0.9998,0.9998,0.9997,0.9998,0.9999,0.9998,0.9998,0.9999,0.9998,0.9998,0.9998,0.9997,0.9998,0.9998,0.9998,0.9998,0.9998,0.9997,0.9997,0.9998,0.9998,0.9998,0.9998,0.9998,0.9998,0.9998,0.9998,0.9997,0.9999,0.9998,0.9998,0.9999,0.1438,0.1191,0.1865,0.1761,0.1902,0.1870,0.1208,0.1891,0.1883,0.1498,0.1848,0.1325,0.1839,0.1449,0.1993,0.1449,0.1958,0.1884,0.1540,0.1514,0.1877,0.1958,0.1692,0.1584,0.1343,0.1244,0.1958,0.1498,0.1568,0.1806,0.1718,0.1162,0.1883,0.1410,0.1321,0.1761,0.1916,0.1162,0.1545,0.1978,0.1208,0.1917,0.1786,0.1584,0.1901,0.1860,0.1881,0.1633,0.1977,0.1843,IDLE,IDLE,IDLE,IDLE,IDLE,IDLE,IDLE,IDLE,IDLE,IDLE,IDLE,IDLE,IDLE,IDLE,IDLE,IDLE,IDLE,IDLE,IDLE,IDLE,IDLE,IDLE,IDLE,IDLE,IDLE,IDLE,IDLE,IDLE,IDLE,IDLE,IDLE,IDLE,IDLE,IDLE,IDLE,IDLE,IDLE,IDLE,IDLE,IDLE,IDLE,IDLE,IDLE,IDLE,IDLE,IDLE,IDLE,IDLE,IDLE,IDLE
452,2024-01-19 20:00:01,0.00,0.00,0,0.0000,0.0000,0.00,0.9998,0.9999,0.9997,0.9997,0.9998,0.9998,0.9998,0.9997,0.9998,0.9998,0.9999,0.9998,0.9998,0.9999,0.9998,0.9999,0.9998,0.9997,0.9998,0.9998,0.9997,0.9998,0.9999,0.9998,0.9998,0.9999,0.9998,0.9998,0.9998,0.9997,0.9998,0.9998,0.9998,0.9998,0.9998,0.9997,0.9997,0.9998,0.9998,0.9998,0.9998,0.9998,0.9998,0.9998,0.9998,0.9997,0.9999,0.9998,0.9998,0.9999,0.1438,0.1191,0.1865,0.1761,0.1902,0.1870,0.1208,0.1891,0.1883,0.1498,0.1848,0.1325,0.1839,0.1449,0.1993,0.1449,0.1958,0.1884,0.1540,0.1514,0.1877,0.1958,0.1692,0.1584,0.1343,0.1244,0.1958,0.1498,0.1568,0.1806,0.1718,0.1162,0.1883,0.1410,0.1321,0.1761,0.1916,0.1162,0.1545,0.1978,0.1208,0.1917,0.1786,0.1584,0.1901,0.1860,0.1881,0.1633,0.1977,0.1843,IDLE,IDLE,IDLE,IDLE,IDLE,IDLE,IDLE,IDLE,IDLE,IDLE,IDLE,IDLE,IDLE,IDLE,IDLE,IDLE,IDLE,IDLE,IDLE,IDLE,IDLE,IDLE,IDLE,IDLE,IDLE,IDLE,IDLE,IDLE,IDLE,IDLE,IDLE,IDLE,IDLE,IDLE,IDLE,IDLE,IDLE,IDLE,IDLE,IDLE,IDLE,IDLE,IDLE,IDLE,IDLE,IDLE,IDLE,IDLE,IDLE,IDLE
453,2024-01-19 21:00:01,0.00,0.00,0,0.0000,0.0000,0.00,0.9998,0.9999,0.9997,0.9997,0.9998,0.9998,0.9998,0.9997,0.9998,0.9998,0.9999,0.9998,0.9998,0.9999,0.9998,0.9999,0.9998,0.9997,0.9998,0.9998,0.9997,0.9998,0.9999,0.9998,0.9998,0.9999,0.9998,0.9998,0.9998,0.9997,0.9998,0.9998,0.9998,0.9998,0.9998,0.9997,0.9997,0.9998,0.9998,0.9998,0.9998,0.9998,0.9998,0.9998,0.9998,0.9997,0.9999,0.9998,0.9998,0.9999,0.1438,0.1191,0.1865,0.1761,0.1902,0.1870,0.1208,0.1891,0.1883,0.1498,0.1848,0.1325,0.1839,0.1449,0.1993,0.1449,0.1958,0.1884,0.1540,0.1514,0.1877,0.1958,0.1692,0.1584,0.1343,0.1244,0.1958,0.1498,0.1568,0.1806,0.1718,0.1162,0.1883,0.1410,0.1321,0.1761,0.1916,0.1162,0.1545,0.1978,0.1208,0.1917,0.1786,0.1584,0.1901,0.1860,0.1881,0.1633,0.1977,0.1843,IDLE,IDLE,IDLE,IDLE,IDLE,IDLE,IDLE,IDLE,IDLE,IDLE,IDLE,IDLE,IDLE,IDLE,IDLE,IDLE,IDLE,IDLE,IDLE,IDLE,IDLE,IDLE,IDLE,IDLE,IDLE,IDLE,IDLE,IDLE,IDLE,IDLE,IDLE,IDLE,IDLE,IDLE,IDLE,IDLE,IDLE,IDLE,IDLE,IDLE,IDLE,IDLE,IDLE,IDLE,IDLE,IDLE,IDLE,IDLE,IDLE,IDLE
454,2024-01-19 22:00:01,0.00,0.00,0,0.0000,0.0000,0.00,0.9998,0.9999,0.9997,0.9997,0.9998,0.9998,0.9998,0.9997,0.9998,0.9998,0.9999,0.9998,0.9998,0.9999,0.9998,0.9999,0.9998,0.9997,0.9998,0.9998,0.9997,0.9998,0.9999,0.9998,0.9998,0.9999,0.9998,0.9998,0.9998,0.9997,0.9998,0.9998,0.9998,0.9998,0.9998,0.9997,0.9997,0.9998,0.9998,0.9998,0.9998,0.9998,0.9998,0.9998,0.9998,0.9997,0.9999,0.9998,0.9998,0.9999,0.1438,0.1191,0.1865,0.1761,0.1902,0.1870,0.1208,0.1891,0.1883,0.1498,0.1848,0.1325,0.1839,0.1449,0.1993,0.1449,0.1958,0.1884,0.1540,0.1514,0.1877,0.1958,0.1692,0.1584,0.1343,0.1244,0.1958,0.1498,0.1568,0.1806,0.1718,0.1162,0.1883,0.1410,0.1321,0.1761,0.1916,0.1162,0.1545,0.1978,0.1208,0.1917,0.1786,0.1584,0.1901,0.1860,0.1881,0.1633,0.1977,0.1843,IDLE,IDLE,IDLE,IDLE,IDLE,IDLE,IDLE,IDLE,IDLE,IDLE,IDLE,IDLE,IDLE,IDLE,IDLE,IDLE,IDLE,IDLE,IDLE,IDLE,IDLE,IDLE,IDLE,IDLE,IDLE,IDLE,IDLE,IDLE,IDLE,IDLE,IDLE,IDLE,IDLE,IDLE,IDLE,IDLE,IDLE,IDLE,IDLE,IDLE,IDLE,IDLE,IDLE,IDLE,IDLE,IDLE,IDLE,IDLE,IDLE,IDLE
455,2024-01-19 23:00:01,0.00,0.00,0,0.0000,0.0000,0.00,0.9998,0.9999,0.9997,0.9997,0.9998,0.9998,0.9998,0.9997,0.9998,0.9998,0.9999,0.9998,0.9998,0.9999,0.9998,0.9999,0.9998,0.9997,0.9998,0.9998,0.9997,0.9998,0.9999,0.9998,0.9998,0.9999,0.9998,0.9998,0.9998,0.9997,0.9998,0.9998,0.9998,0.9998,0.9998,0.9997,0.9997,0.9998,0.9998,0.9998,0.9998,0.9998,0.9998,0.9998,0.9998,0.9997,0.9999,0.9998,0.9998,0.9999,0.1438,0.1191,0.1865,0.1761,0.1902,0.1870,0.1208,0.1891,0.1883,0.1498,0.1848,0.1325,0.1839,0.1449,0.1993,0.1449,0.1958,0.1884,0.1540,0.1514,0.1877,0.1958,0.1692,0.1584,0.1343,0.1244,0.1958,0.1498,0.1568,0.1806,0.1718,0.1162,0.1883,0.1410,0.1321,0.1761,0.1916,0.1162,0.1545,0.1978,0.1208,0.1917,0.1786,0.1584,0.1901,0.1860,0.1881,0.1633,0.1977,0.1843,IDLE,IDLE,IDLE,IDLE,IDLE,IDLE,IDLE,IDLE,IDLE,IDLE,IDLE,IDLE,IDLE,IDLE,IDLE,IDLE,IDLE,IDLE,IDLE,IDLE,IDLE,IDLE,IDLE,IDLE,IDLE,IDLE,IDLE,IDLE,IDLE,IDLE,IDLE,IDLE,IDLE,IDLE,IDLE,IDLE,IDLE,IDLE,IDLE,IDLE,IDLE,IDLE,IDLE,IDLE,IDLE,IDLE,IDLE,IDLE,IDLE,IDLE
456,2024-01-20 00:00:01,0.00,0.00,0,0.0000,0.0000,0.00,0.9998,0.9999,0.9997,0.9997,0.9998,0.9998,0.9998,0.9997,0.9998,0.9998,0.9999,0.9998,0.9998,0.9999,0.9998,0.9999,0.9998,0.9997,0.9998,0.9998,0.9997,0.9998,0.9999,0.9998,0.9998,0.9999,0.9998,0.9998,0.9998,0.9997,0.9998,0.9998,0.9998,0.9998,0.9998,0.9997,0.9997,0.9998,0.9998,0.9998,0.9998,0.9998,0.9998,0.9998,0.9998,0.9997,0.9999,0.9998,0.9998,0.9999,0.1438,0.1191,0.1865,0.1761,0.1902,0.1870,0.1208,0.1891,0.1883,0.1498,0.1848,0.1325,0.1839,0.1449,0.1993,0.1449,0.1958,0.1884,0.1540,0.1514,0.1877,0.1958,0.1692,0.1584,0.1343,0.1244,0.1958,0.1498,0.1568,0.1806,0.1718,0.1162,0.1883,0.1410,0.1321,0.1761,0.1916,0.1162,0.1545,0.1978,0.1208,0.1917,0.1786,0.1584,0.1901,0.1860,0.1881,0.1633,0.1977,0.1843,IDLE,IDLE,IDLE,IDLE,IDLE,IDLE,IDLE,IDLE,IDLE,IDLE,IDLE,IDLE,IDLE,IDLE,IDLE,IDLE,IDLE,IDLE,IDLE,IDLE,IDLE,IDLE,IDLE,IDLE,IDLE,IDLE,IDLE,IDLE,IDLE,IDLE,IDLE,IDLE,IDLE,IDLE,IDLE,IDLE,IDLE,IDLE,IDLE,IDLE,IDLE,IDLE,IDLE,IDLE,IDLE,IDLE,IDLE,IDLE,IDLE,IDLE
457,2024-01-20 01:00:01,0.00,0.00,0,0.0000,0.0000,0.00,0.9998,0.9999,0.9997,0.9997,0.9998,0.9998,0.9998,0.9997,0.9998,0.9998,0.9999,0.9998,0.9998,0.9999,0.9998,0.9999,0.9998,0.9997,0.9998,0.9998,0.9997,0.9998,0.9999,0.9998,0.9998,0.9999,0.9998,0.9998,0.9998,0.9997,0.9998,0.9998,0.9998,0.9998,0.9998,0.9997,0.9997,0.9998,0.9998,0.9998,0.9998,0.9998,0.9998,0.9998,0.9998,0.9997,0.9999,0.9998,0.9998,0.9999,0.1438,0.1191,0.1865,0.1761,0.1902,0.1870,0.1208,0.1891,0.1883,0.1498,0.1848,0.1325,0.1839,0.1449,0.1993,0.1449,0.1958,0.1884,0.1540,0.1514,0.1877,0.1958,0.1692,0.1584,0.1343,0.1244,0.1958,0.1498,0.1568,0.1806,0.1718,0.1162,0.1883,0.1410,0.1321,0.1761,0.1916,0.1162,0.1545,0.1978,0.1208,0.1917,0.1786,0.1584,0.1901,0.1860,0.1881,0.1633,0.1977,0.1843,IDLE,IDLE,IDLE,IDLE,IDLE,IDLE,IDLE,IDLE,IDLE,IDLE,IDLE,IDLE,IDLE,IDLE,IDLE,IDLE,IDLE,IDLE,IDLE,IDLE,IDLE,IDLE,IDLE,IDLE,IDLE,IDLE,IDLE,IDLE,IDLE,IDLE,IDLE,IDLE,IDLE,IDLE,IDLE,IDLE,IDLE,IDLE,IDLE,IDLE,IDLE,IDLE,IDLE,IDLE,IDLE,IDLE,IDLE,IDLE,IDLE,IDLE
458,2024-01-20 02:00:01,0.00,0.00,0,0.0000,0.0000,0.00,0.9998,0.9999,0.9997,0.9997,0.9998,0.9998,0.9998,0.9997,0.9998,0.9998,0.9999,0.9998,0.9998,0.9999,0.9998,0.9999,0.9998,0.9997,0.9998,0.9998,0.9997,0.9998,0.9999,0.9998,0.9998,0.9999,0.9998,0.9998,0.9998,0.9997,0.9998,0.9998,0.9998,0.9998,0.9998,0.9997,0.9997,0.9998,0.9998,0.9998,0.9998,0.9998,0.9998,0.9998,0.9998,0.9997,0.9999,0.9998,0.9998,0.9999,0.1438,0.1191,0.1865,0.1761,0.1902,0.1870,0.1208,0.1891,0.1883,0.1498,0.1848,0.1325,0.1839,0.1449,0.1993,0.1449,0.1958,0.1884,0.1540,0.1514,0.1877,0.1958,0.1692,0.1584,0.1343,0.1244,0.1958,0.1498,0.1568,0.1806,0.1718,0.1162,0.1883,0.1410,0.1321,0.1761,0.1916,0.1162,0.1545,0.1978,0.1208,0.1917,0.1786,0.1584,0.1901,0.1860,0.1881,0.1633,0.1977,0.1843,IDLE,IDLE,IDLE,IDLE,IDLE,IDLE,IDLE,IDLE,IDLE,IDLE,IDLE,IDLE,IDLE,IDLE,IDLE,IDLE,IDLE,IDLE,IDLE,IDLE,IDLE,IDLE,IDLE,IDLE,IDLE,IDLE,IDLE,IDLE,IDLE,IDLE,IDLE,IDLE,IDLE,IDLE,IDLE,IDLE,IDLE,IDLE,IDLE,IDLE,IDLE,IDLE,IDLE,IDLE,IDLE,IDLE,IDLE,IDLE,IDLE,IDLE
459,2024-01-20 03:00:01,0.00,0.00,0,0.0000,0.0000,0.00,0.9998,0.9999,0.9997,0.9997,0.9998,0.9998,0.9998,0.9997,0.9998,0.9998,0.9999,0.9998,0.9998,0.9999,0.9998,0.9999,0.9998,0.9997,0.9998,0.9998,0.9997,0.9998,0.9999,0.9998,0.9998,0.9999,0.9998,0.9998,0.9998,0.9997,0.9998,0.9998,0.9998,0.9998,0.9998,0.9997,0.9997,0.9998,0.9998,0.9998,0.9998,0.9998,0.9998,0.9998,0.9998,0.9997,0.9999,0.9998,0.9998,0.9999,0.1438,0.1191,0.1865,0.1761,0.1902,0.1870,0.1208,0.1891,0.1883,0.1498,0.1848,0.1325,0.1839,0.1449,0.1993,0.1449,0.1958,0.1884,0.1540,0.1514,0.1877,0.1958,0.1692,0.1584,0.1343,0.1244,0.1958,0.1498,0.1568,0.1806,0.1718,0.1162,0.1883,0.1410,0.1321,0.1761,0.1916,0.1162,0.1545,0.1978,0.1208,0.1917,0.1786,0.1584,0.1901,0.1860,0.1881,0.1633,0.1977,0.1843,IDLE,IDLE,IDLE,IDLE,IDLE,IDLE,IDLE,IDLE,IDLE,IDLE,IDLE,IDLE,IDLE,IDLE,IDLE,IDLE,IDLE,IDLE,IDLE,IDLE,IDLE,IDLE,IDLE,IDLE,IDLE,IDLE,IDLE,IDLE,IDLE,IDLE,IDLE,IDLE,IDLE,IDLE,IDLE,IDLE,IDLE,IDLE,IDLE,IDLE,IDLE,IDLE,IDLE,IDLE,IDLE,IDLE,IDLE,IDLE,IDLE,IDLE
460,2024-01-20 04:00:01,0.00,0.00,0,0.0000,0.0000,0.00,0.9998,0.9999,0.9997,0.9997,0.9998,0.9998,0.9998,0.9997,0.9998,0.9998,0.9999,0.9998,0.9998,0.9999,0.9998,0.9999,0.9998,0.9997,0.9998,0.9998,0.9997,0.9998,0.9999,0.9998,0.9998,0.9999,0.9998,0.9998,0.9998,0.9997,0.9998,0.9998,0.9998,0.9998,0.9998,0.9997,0.9997,0.9998,0.9998,0.9998,0.9998,0.9998,0.9998,0.9998,0.9998,0.9997,0.9999,0.9998,0.9998,0.9999,0.1438,0.1191,0.1865,0.1761,0.1902,0.1870,0.1208,0.1891,0.1883,0.1498,0.1848,0.1325,0.1839,0.1449,0.1993,0.1449,0.1958,0.1884,0.1540,0.1514,0.1877,0.1958,0.1692,0.1584,0.1343,0.1244,0.1958,0.1498,0.1568,0.1806,0.1718,0.1162,0.1883,0.1410,0.1321,0.1761,0.1916,0.1162,0.1545,0.1978,0.1208,0.1917,0.1786,0.1584,0.1901,0.1860,0.1881,0.1633,0.1977,0.1843,IDLE,IDLE,IDLE,IDLE,IDLE,IDLE,IDLE,IDLE,IDLE,IDLE,IDLE,IDLE,IDLE,IDLE,IDLE,IDLE,IDLE,IDLE,IDLE,IDLE,IDLE,IDLE,IDLE,IDLE,IDLE,IDLE,IDLE,IDLE,IDLE,IDLE,IDLE,IDLE,IDLE,IDLE,IDLE,IDLE,IDLE,IDLE,IDLE,IDLE,IDLE,IDLE,IDLE,IDLE,IDLE,IDLE,IDLE,IDLE,IDLE,IDLE
461,2024-01-20 05:00:01,0.00,0.00,0,0.0000,0.0000,0.00,0.9998,0.9999,0.9997,0.9997,0.9998,0.9998,0.9998,0.9997,0.9998,0.9998,0.9999,0.9998,0.9998,0.9999,0.9998,0.9999,0.9998,0.9997,0.9998,0.9998,0.9997,0.9998,0.9999,0.9998,0.9998,0.9999,0.9998,0.9998,0.9998,0.9997,0.9998,0.9998,0.9998,0.9998,0.9998,0.9997,0.9997,0.9998,0.9998,0.9998,0.9998,0.9998,0.9998,0.9998,0.9998,0.9997,0.9999,0.9998,0.9998,0.9999,0.1438,0.1191,0.1865,0.1761,0.1902,0.1870,0.1208,0.1891,0.1883,0.1498,0.1848,0.1325,0.1839,0.1449,0.1993,0.1449,0.1958,0.1884,0.1540,0.1514,0.1877,0.1958,0.1692,0.1584,0.1343,0.1244,0.1958,0.1498,0.1568,0.1806,0.1718,0.1162,0.1883,0.1410,0.1321,0.1761,0.1916,0.1162,0.1545,0.1978,0.1208,0.1917,0.1786,0.1584,0.1901,0.1860,0.1881,0.1633,0.1977,0.1843,IDLE,IDLE,IDLE,IDLE,IDLE,IDLE,IDLE,IDLE,IDLE,IDLE,IDLE,IDLE,IDLE,IDLE,IDLE,IDLE,IDLE,IDLE,IDLE,IDLE,IDLE,IDLE,IDLE,IDLE,IDLE,IDLE,IDLE,IDLE,IDLE,IDLE,IDLE,IDLE,IDLE,IDLE,IDLE,IDLE,IDLE,IDLE,IDLE,IDLE,IDLE,IDLE,IDLE,IDLE,IDLE,IDLE,IDLE,IDLE,IDLE,IDLE
462,2024-01-20 06:00:01,0.00,0.00,0,0.0000,0.0000,0.00,0.9998,0.9999,0.9997,0.9997,0.9998,0.9998,0.9998,0.9997,0.9998,0.9998,0.9999,0.9998,0.9998,0.9999,0.9998,0.9999,0.9998,0.9997,0.9998,0.9998,0.9997,0.9998,0.9999,0.9998,0.9998,0.9999,0.9998,0.9998,0.9998,0.9997,0.9998,0.9998,0.9998,0.9998,0.9998,0.9997,0.9997,0.9998,0.9998,0.9998,0.9998,0.9998,0.9998,0.9998,0.9998,0.9997,0.9999,0.9998,0.9998,0.9999,0.1438,0.1191,0.1865,0.1761,0.1902,0.1870,0.1208,0.1891,0.1883,0.1498,0.1848,0.1325,0.1839,0.1449,0.1993,0.1449,0.1958,0.1884,0.1540,0.1514,0.1877,0.1958,0.1692,0.1584,0.1343,0.1244,0.1958,0.1498,0.1568,0.1806,0.1718,0.1162,0.1883,0.1410,0.1321,0.1761,0.1916,0.1162,0.1545,0.1978,0.1208,0.1917,0.1786,0.1584,0.1901,0.1860,0.1881,0.1633,0.1977,0.1843,IDLE,IDLE,IDLE,IDLE,IDLE,IDLE,IDLE,IDLE,IDLE,IDLE,IDLE,IDLE,IDLE,IDLE,IDLE,IDLE,IDLE,IDLE,IDLE,IDLE,IDLE,IDLE,IDLE,IDLE,IDLE,IDLE,IDLE,IDLE,IDLE,IDLE,IDLE,IDLE,IDLE,IDLE,IDLE,IDLE,IDLE,IDLE,IDLE,IDLE,IDLE,IDLE,IDLE,IDLE,IDLE,IDLE,IDLE,IDLE,IDLE,IDLE
463,2024-01-20 07:00:01,0.00,0.00,0,0.0000,0.0000,0.00,0.9998,0.9999,0.9997,0.9997,0.9998,0.9998,0.9998,0.9997,0.9998,0.9998,0.9999,0.9998,0.9998,0.9999,0.9998,0.9999,0.9998,0.9997,0.9998,0.9998,0.9997,0.9998,0.9999,0.9998,0.9998,0.9999,0.9998,0.9998,0.9998,0.9997,0.9998,0.9998,0.9998,0.9998,0.9998,0.9997,0.9997,0.9998,0.9998,0.9998,0.9998,0.9998,0.9998,0.9998,0.9998,0.9997,0.9999,0.9998,0.9998,0.9999,0.1438,0.1191,0.1865,0.1761,0.1902,0.1870,0.1208,0.1891,0.1883,0.1498,0.1848,0.1325,0.1839,0.1449,0.1993,0.1449,0.1958,0.1884,0.1540,0.1514,0.1877,0.1958,0.1692,0.1584,0.1343,0.1244,0.1958,0.1498,0.1568,0.1806,0.1718,0.1162,0.1883,0.1410,0.1321,0.1761,0.1916,0.1162,0.1545,0.1978,0.1208,0.1917,0.1786,0.1584,0.1901,0.1860,0.1881,0.1633,0.1977,0.1843,IDLE,IDLE,IDLE,IDLE,IDLE,IDLE,IDLE,IDLE,IDLE,IDLE,IDLE,IDLE,IDLE,IDLE,IDLE,IDLE,IDLE,IDLE,IDLE,IDLE,IDLE,IDLE,IDLE,IDLE,IDLE,IDLE,IDLE,IDLE,IDLE,IDLE,IDLE,IDLE,IDLE,IDLE,IDLE,IDLE,IDLE,IDLE,IDLE,IDLE,IDLE,IDLE,IDLE,IDLE,IDLE,IDLE,IDLE,IDLE,IDLE,IDLE
464,2024-01-20 08:00:01,0.00,0.00,0,0.0000,0.0000,0.00,0.9998,0.9999,0.9997,0.9997,0.9998,0.9998,0.9998,0.9997,0.9998,0.9998,0.9999,0.9998,0.9998,0.9999,0.9998,0.9999,0.9998,0.9997,0.9998,0.9998,0.9997,0.9998,0.9999,0.9998,0.9998,0.9999,0.9998,0.9998,0.9998,0.9997,0.9998,0.9998,0.9998,0.9998,0.9998,0.9997,0.9997,0.9998,0.9998,0.9998,0.9998,0.9998,0.9998,0.9998,0.9998,0.9997,0.9999,0.9998,0.9998,0.9999,0.1438,0.1191,0.1865,0.1761,0.1902,0.1870,0.1208,0.1891,0.1883,0.1498,0.1848,0.1325,0.1839,0.1449,0.1993,0.1449,0.1958,0.1884,0.1540,0.1514,0.1877,0.1958,0.1692,0.1584,0.1343,0.1244,0.1958,0.1498,0.1568,0.1806,0.1718,0.1162,0.1883,0.1410,0.1321,0.1761,0.1916,0.1162,0.1545,0.1978,0.1208,0.1917,0.1786,0.1584,0.1901,0.1860,0.1881,0.1633,0.1977,0.1843,IDLE,IDLE,IDLE,IDLE,IDLE,IDLE,IDLE,IDLE,IDLE,IDLE,IDLE,IDLE,IDLE,IDLE,IDLE,IDLE,IDLE,IDLE,IDLE,IDLE,IDLE,IDLE,IDLE,IDLE,IDLE,IDLE,IDLE,IDLE,IDLE,IDLE,IDLE,IDLE,IDLE,IDLE,IDLE,IDLE,IDLE,IDLE,IDLE,IDLE,IDLE,IDLE,IDLE,IDLE,IDLE,IDLE,IDLE,IDLE,IDLE,IDLE
465,2024-01-20 09:00:01,0.00,0.00,0,0.0000,0.0000,0.00,0.9998,0.9999,0.9997,0.9997,0.9998,0.9998,0.9998,0.9997,0.9998,0.9998,0.9999,0.9998,0.9998,0.9999,0.9998,0.9999,0.9998,0.9997,0.9998,0.9998,0.9997,0.9998,0.9999,0.9998,0.9998,0.9999,0.9998,0.9998,0.9998,0.9997,0.9998,0.9998,0.9998,0.9998,0.9998,0.9997,0.9997,0.9998,0.9998,0.9998,0.9998,0.9998,0.9998,0.9998,0.9998,0.9997,0.9999,0.9998,0.9998,0.9999,0.1438,0.1191,0.1865,0.1761,0.1902,0.1870,0.1208,0.1891,0.1883,0.1498,0.1848,0.1325,0.1839,0.1449,0.1993,0.1449,0.1958,0.1884,0.1540,0.1514,0.1877,0.1958,0.1692,0.1584,0.1343,0.1244,0.1958,0.1498,0.1568,0.1806,0.1718,0.1162,0.1883,0.1410,0.1321,0.1761,0.1916,0.1162,0.1545,0.1978,0.1208,0.1917,0.1786,0.1584,0.1901,0.1860,0.1881,0.1633,0.1977,0.1843,IDLE,IDLE,IDLE,IDLE,IDLE,IDLE,IDLE,IDLE,IDLE,IDLE,IDLE,IDLE,IDLE,IDLE,IDLE,IDLE,IDLE,IDLE,IDLE,IDLE,IDLE,IDLE,IDLE,IDLE,IDLE,IDLE,IDLE,IDLE,IDLE,IDLE,IDLE,IDLE,IDLE,IDLE,IDLE,IDLE,IDLE,IDLE,IDLE,IDLE,IDLE,IDLE,IDLE,IDLE,IDLE,IDLE,IDLE,IDLE,IDLE,IDLE
466,2024-01-20 10:00:01,0.00,0.00,0,0.0000,0.0000,0.00,0.9998,0.9999,0.9997,0.9997,0.9998,0.9998,0.9998,0.9997,0.9998,0.9998,0.9999,0.9998,0.9998,0.9999,0.9998,0.9999,0.9998,0.9997,0.9998,0.9998,0.9997,0.9998,0.9999,0.9998,0.9998,0.9999,0.9998,0.9998,0.9998,0.9997,0.9998,0.9998,0.9998,0.9998,0.9998,0.9997,0.9997,0.9998,0.9998,0.9998,0.9998,0.9998,0.9998,0.9998,0.9998,0.9997,0.9999,0.9998,0.9998,0.9999,0.1438,0.1191,0.1865,0.1761,0.1902,0.1870,0.1208,0.1891,0.1883,0.1498,0.1848,0.1325,0.1839,0.1449,0.1993,0.1449,0.1958,0.1884,0.1540,0.1514,0.1877,0.1958,0.1692,0.1584,0.1343,0.1244,0.1958,0.1498,0.1568,0.1806,0.1718,0.1162,0.1883,0.1410,0.1321,0.1761,0.1916,0.1162,0.1545,0.1978,0.1208,0.1917,0.1786,0.1584,0.1901,0.1860,0.1881,0.1633,0.1977,0.1843,IDLE,IDLE,IDLE,IDLE,IDLE,IDLE,IDLE,IDLE,IDLE,IDLE,IDLE,IDLE,IDLE,IDLE,IDLE,IDLE,IDLE,IDLE,IDLE,IDLE,IDLE,IDLE,IDLE,IDLE,IDLE,IDLE,IDLE,IDLE,IDLE,IDLE,IDLE,IDLE,IDLE,IDLE,IDLE,IDLE,IDLE,IDLE,IDLE,IDLE,IDLE,IDLE,IDLE,IDLE,IDLE,IDLE,IDLE,IDLE,IDLE,IDLE
467,2024-01-20 11:00:01,0.00,0.00,0,0.0000,0.0000,0.00,0.9998,0.9999,0.9997,0.9997,0.9998,0.9998,0.9998,0.9997,0.9998,0.9998,0.9999,0.9998,0.9998,0.9999,0.9998,0.9999,0.9998,0.9997,0.9998,0.9998,0.9997,0.9998,0.9999,0.9998,0.9998,0.9999,0.9998,0.9998,0.9998,0.9997,0.9998,0.9998,0.9998,0.9998,0.9998,0.9997,0.9997,0.9998,0.9998,0.9998,0.9998,0.9998,0.9998,0.9998,0.9998,0.9997,0.9999,0.9998,0.9998,0.9999,0.1438,0.1191,0.1865,0.1761,0.1902,0.1870,0.1208,0.1891,0.1883,0.1498,0.1848,0.1325,0.1839,0.1449,0.1993,0.1449,0.1958,0.1884,0.1540,0.1514,0.1877,0.1958,0.1692,0.1584,0.1343,0.1244,0.1958,0.1498,0.1568,0.1806,0.1718,0.1162,0.1883,0.1410,0.1321,0.1761,0.1916,0.1162,0.1545,0.1978,0.1208,0.1917,0.1786,0.1584,0.1901,0.1860,0.1881,0.1633,0.1977,0.1843,IDLE,IDLE,IDLE,IDLE,IDLE,IDLE,IDLE,IDLE,IDLE,IDLE,IDLE,IDLE,IDLE,IDLE,IDLE,IDLE,IDLE,IDLE,IDLE,IDLE,IDLE,IDLE,IDLE,IDLE,IDLE,IDLE,IDLE,IDLE,IDLE,IDLE,IDLE,IDLE,IDLE,IDLE,IDLE,IDLE,IDLE,IDLE,IDLE,IDLE,IDLE,IDLE,IDLE,IDLE,IDLE,IDLE,IDLE,IDLE,IDLE,IDLE
468,2024-01-20 12:00:01,0.00,0.00,0,0.0000,0.0000,0.00,0.9998,0.9999,0.9997,0.9997,0.9998,0.9998,0.9998,0.9997,0.9998,0.9998,0.9999,0.9998,0.9998,0.9999,0.9998,0.9999,0.9998,0.9997,0.9998,0.9998,0.9997,0.9998,0.9999,0.9998,0.9998,0.9999,0.9998,0.9998,0.9998,0.9997,0.9998,0.9998,0.9998,0.9998,0.9998,0.9997,0.9997,0.9998,0.9998,0.9998,0.9998,0.9998,0.9998,0.9998,0.9998,0.9997,0.9999,0.9998,0.9998,0.9999,0.1438,0.1191,0.1865,0.1761,0.1902,0.1870,0.1208,0.1891,0.1883,0.1498,0.1848,0.1325,0.1839,0.1449,0.1993,0.1449,0.1958,0.1884,0.1540,0.1514,0.1877,0.1958,0.1692,0.1584,0.1343,0.1244,0.1958,0.1498,0.1568,0.1806,0.1718,0.1162,0.1883,0.1410,0.1321,0.1761,0.1916,0.1162,0.1545,0.1978,0.1208,0.1917,0.1786,0.1584,0.1901,0.1860,0.1881,0.1633,0.1977,0.1843,IDLE,IDLE,IDLE,IDLE,IDLE,IDLE,IDLE,IDLE,IDLE,IDLE,IDLE,IDLE,IDLE,IDLE,IDLE,IDLE,IDLE,IDLE,IDLE,IDLE,IDLE,IDLE,IDLE,IDLE,IDLE,IDLE,IDLE,IDLE,IDLE,IDLE,IDLE,IDLE,IDLE,IDLE,IDLE,IDLE,IDLE,IDLE,IDLE,IDLE,IDLE,IDLE,IDLE,IDLE,IDLE,IDLE,IDLE,IDLE,IDLE,IDLE
469,2024-01-20 13:00:01,0.00,0.00,0,0.0000,0.0000,0.00,0.9998,0.9999,0.9997,0.9997,0.9998,0.9998,0.9998,0.9997,0.9998,0.9998,0.9999,0.9998,0.9998,0.9999,0.9998,0.9999,0.9998,0.9997,0.9998,0.9998,0.9997,0.9998,0.9999,0.9998,0.9998,0.9999,0.9998,0.9998,0.9998,0.9997,0.9998,0.9998,0.9998,0.9998,0.9998,0.9997,0.9997,0.9998,0.9998,0.9998,0.9998,0.9998,0.9998,0.9998,0.9998,0.9997,0.9999,0.9998,0.9998,0.9999,0.1438,0.1191,0.1865,0.1761,0.1902,0.1870,0.1208,0.1891,0.1883,0.1498,0.1848,0.1325,0.1839,0.1449,0.1993,0.1449,0.1958,0.1884,0.1540,0.1514,0.1877,0.1958,0.1692,0.1584,0.1343,0.1244,0.1958,0.1498,0.1568,0.1806,0.1718,0.1162,0.1883,0.1410,0.1321,0.1761,0.1916,0.1162,0.1545,0.1978,0.1208,0.1917,0.1786,0.1584,0.1901,0.1860,0.1881,0.1633,0.1977,0.1843,IDLE,IDLE,IDLE,IDLE,IDLE,IDLE,IDLE,IDLE,IDLE,IDLE,IDLE,IDLE,IDLE,IDLE,IDLE,IDLE,IDLE,IDLE,IDLE,IDLE,IDLE,IDLE,IDLE,IDLE,IDLE,IDLE,IDLE,IDLE,IDLE,IDLE,IDLE,IDLE,IDLE,IDLE,IDLE,IDLE,IDLE,IDLE,IDLE,IDLE,IDLE,IDLE,IDLE,IDLE,IDLE,IDLE,IDLE,IDLE,IDLE,IDLE
470,2024-01-20 14:00:01,0.00,0.00,0,0.0000,0.0000,0.00,0.9998,0.9999,0.9997,0.9997,0.9998,0.9998,0.9998,0.9997,0.9998,0.9998,0.9999,0.9998,0.9998,0.9999,0.9998,0.9999,0.9998,0.9997,0.9998,0.9998,0.9997,0.9998,0.9999,0.9998,0.9998,0.9999,0.9998,0.9998,0.9998,0.9997,0.9998,0.9998,0.9998,0.9998,0.9998,0.9997,0.9997,0.9998,0.9998,0.9998,0.9998,0.9998,0.9998,0.9998,0.9998,0.9997,0.9999,0.9998,0.9998,0.9999,0.1438,0.1191,0.1865,0.1761,0.1902,0.1870,0.1208,0.1891,0.1883,0.1498,0.1848,0.1325,0.1839,0.1449,0.1993,0.1449,0.1958,0.1884,0.1540,0.1514,0.1877,0.1958,0.1692,0.1584,0.1343,0.1244,0.1958,0.1498,0.1568,0.1806,0.1718,0.1162,0.1883,0.1410,0.1321,0.1761,0.1916,0.1162,0.1545,0.1978,0.1208,0.1917,0.1786,0.1584,0.1901,0.1860,0.1881,0.1633,0.1977,0.1843,IDLE,IDLE,IDLE,IDLE,IDLE,IDLE,IDLE,IDLE,IDLE,IDLE,IDLE,IDLE,IDLE,IDLE,IDLE,IDLE,IDLE,IDLE,IDLE,IDLE,IDLE,IDLE,IDLE,IDLE,IDLE,IDLE,IDLE,IDLE,IDLE,IDLE,IDLE,IDLE,IDLE,IDLE,IDLE,IDLE,IDLE,IDLE,IDLE,IDLE,IDLE,IDLE,IDLE,IDLE,IDLE,IDLE,IDLE,IDLE,IDLE,IDLE
471,2024-01-20 15:00:01,0.00,0.00,0,0.0000,0.0000,0.00,0.9998,0.9999,0.9997,0.9997,0.9998,0.9998,0.9998,0.9997,0.9998,0.9998,0.9999,0.9998,0.9998,0.9999,0.9998,0.9999,0.9998,0.9997,0.9998,0.9998,0.9997,0.9998,0.9999,0.9998,0.9998,0.9999,0.9998,0.9998,0.9998,0.9997,0.9998,0.9998,0.9998,0.9998,0.9998,0.9997,0.9997,0.9998,0.9998,0.9998,0.9998,0.9998,0.9998,0.9998,0.9998,0.9997,0.9999,0.9998,0.9998,0.9999,0.1438,0.1191,0.1865,0.1761,0.1902,0.1870,0.1208,0.1891,0.1883,0.1498,0.1848,0.1325,0.1839,0.1449,0.1993,0.1449,0.1958,0.1884,0.1540,0.1514,0.1877,0.1958,0.1692,0.1584,0.1343,0.1244,0.1958,0.1498,0.1568,0.1806,0.1718,0.1162,0.1883,0.1410,0.1321,0.1761,0.1916,0.1162,0.1545,0.1978,0.1208,0.1917,0.1786,0.1584,0.1901,0.1860,0.1881,0.1633,0.1977,0.1843,IDLE,IDLE,IDLE,IDLE,IDLE,IDLE,IDLE,IDLE,IDLE,IDLE,IDLE,IDLE,IDLE,IDLE,IDLE,IDLE,IDLE,IDLE,IDLE,IDLE,IDLE,IDLE,IDLE,IDLE,IDLE,IDLE,IDLE,IDLE,IDLE,IDLE,IDLE,IDLE,IDLE,IDLE,IDLE,IDLE,IDLE,IDLE,IDLE,IDLE,IDLE,IDLE,IDLE,IDLE,IDLE,IDLE,IDLE,IDLE,IDLE,IDLE
472,2024-01-20 16:00:01,0.00,0.00,0,0.0000,0.0000,0.00,0.9998,0.9999,0.9997,0.9997,0.9998,0.9998,0.9998,0.9997,0.9998,0.9998,0.9999,0.9998,0.9998,0.9999,0.9998,0.9999,0.9998,0.9997,0.9998,0.9998,0.9997,0.9998,0.9999,0.9998,0.9998,0.9999,0.9998,0.9998,0.9998,0.9997,0.9998,0.9998,0.9998,0.9998,0.9998,0.9997,0.9997,0.9998,0.9998,0.9998,0.9998,0.9998,0.9998,0.9998,0.9998,0.9997,0.9999,0.9998,0.9998,0.9999,0.1438,0.1191,0.1865,0.1761,0.1902,0.1870,0.1208,0.1891,0.1883,0.1498,0.1848,0.1325,0.1839,0.1449,0.1993,0.1449,0.1958,0.1884,0.1540,0.1514,0.1877,0.1958,0.1692,0.1584,0.1343,0.1244,0.1958,0.1498,0.1568,0.1806,0.1718,0.1162,0.1883,0.1410,0.1321,0.1761,0.1916,0.1162,0.1545,0.1978,0.1208,0.1917,0.1786,0.1584,0.1901,0.1860,0.1881,0.1633,0.1977,0.1843,IDLE,IDLE,IDLE,IDLE,IDLE,IDLE,IDLE,IDLE,IDLE,IDLE,IDLE,IDLE,IDLE,IDLE,IDLE,IDLE,IDLE,IDLE,IDLE,IDLE,IDLE,IDLE,IDLE,IDLE,IDLE,IDLE,IDLE,IDLE,IDLE,IDLE,IDLE,IDLE,IDLE,IDLE,IDLE,IDLE,IDLE,IDLE,IDLE,IDLE,IDLE,IDLE,IDLE,IDLE,IDLE,IDLE,IDLE,IDLE,IDLE,IDLE
473,2024-01-20 17:00:01,0.00,0.00,0,0.0000,0.0000,0.00,0.9998,0.9999,0.9997,0.9997,0.9998,0.9998,0.9998,0.9997,0.9998,0.9998,0.9999,0.9998,0.9998,0.9999,0.9998,0.9999,0.9998,0.9997,0.9998,0.9998,0.9997,0.9998,0.9999,0.9998,0.9998,0.9999,0.9998,0.9998,0.9998,0.9997,0.9998,0.9998,0.9998,0.9998,0.9998,0.9997,0.9997,0.9998,0.9998,0.9998,0.9998,0.9998,0.9998,0.9998,0.9998,0.9997,0.9999,0.9998,0.9998,0.9999,0.1438,0.1191,0.1865,0.1761,0.1902,0.1870,0.1208,0.1891,0.1883,0.1498,0.1848,0.1325,0.1839,0.1449,0.1993,0.1449,0.1958,0.1884,0.1540,0.1514,0.1877,0.1958,0.1692,0.1584,0.1343,0.1244,0.1958,0.1498,0.1568,0.1806,0.1718,0.1162,0.1883,0.1410,0.1321,0.1761,0.1916,0.1162,0.1545,0.1978,0.1208,0.1917,0.1786,0.1584,0.1901,0.1860,0.1881,0.1633,0.1977,0.1843,IDLE,IDLE,IDLE,IDLE,IDLE,IDLE,IDLE,IDLE,IDLE,IDLE,IDLE,IDLE,IDLE,IDLE,IDLE,IDLE,IDLE,IDLE,IDLE,IDLE,IDLE,IDLE,IDLE,IDLE,IDLE,IDLE,IDLE,IDLE,IDLE,IDLE,IDLE,IDLE,IDLE,IDLE,IDLE,IDLE,IDLE,IDLE,IDLE,IDLE,IDLE,IDLE,IDLE,IDLE,IDLE,IDLE,IDLE,IDLE,IDLE,IDLE
474,2024-01-20 18:00:01,0.00,0.00,0,0.0000,0.0000,0.00,0.9998,0.9999,0.9997,0.9997,0.9998,0.9998,0.9998,0.9997,0.9998,0.9998,0.9999,0.9998,0.9998,0.9999,0.9998,0.9999,0.9998,0.9997,0.9998,0.9998,0.9997,0.9998,0.9999,0.9998,0.9998,0.9999,0.9998,0.9998,0.9998,0.9997,0.9998,0.9998,0.9998,0.9998,0.9998,0.9997,0.9997,0.9998,0.9998,0.9998,0.9998,0.9998,0.9998,0.9998,0.9998,0.9997,0.9999,0.9998,0.9998,0.9999,0.1438,0.1191,0.1865,0.1761,0.1902,0.1870,0.1208,0.1891,0.1883,0.1498,0.1848,0.1325,0.1839,0.1449,0.1993,0.1449,0.1958,0.1884,0.1540,0.1514,0.1877,0.1958,0.1692,0.1584,0.1343,0.1244,0.1958,0.1498,0.1568,0.1806,0.1718,0.1162,0.1883,0.1410,0.1321,0.1761,0.1916,0.1162,0.1545,0.1978,0.1208,0.1917,0.1786,0.1584,0.1901,0.1860,0.1881,0.1633,0.1977,0.1843,IDLE,IDLE,IDLE,IDLE,IDLE,IDLE,IDLE,IDLE,IDLE,IDLE,IDLE,IDLE,IDLE,IDLE,IDLE,IDLE,IDLE,IDLE,IDLE,IDLE,IDLE,IDLE,IDLE,IDLE,IDLE,IDLE,IDLE,IDLE,IDLE,IDLE,IDLE,IDLE,IDLE,IDLE,IDLE,IDLE,IDLE,IDLE,IDLE,IDLE,IDLE,IDLE,IDLE,IDLE,IDLE,IDLE,IDLE,IDLE,IDLE,IDLE
475,2024-01-20 19:00:01,0.00,0.00,0,0.0000,0.0000,0.00,0.9998,0.9999,0.9997,0.9997,0.9998,0.9998,0.9998,0.9997,0.9998,0.9998,0.9999,0.9998,0.9998,0.9999,0.9998,0.9999,0.9998,0.9997,0.9998,0.9998,0.9997,0.9998,0.9999,0.9998,0.9998,0.9999,0.9998,0.9998,0.9998,0.9997,0.9998,0.9998,0.9998,0.9998,0.9998,0.9997,0.9997,0.9998,0.9998,0.9998,0.9998,0.9998,0.9998,0.9998,0.9998,0.9997,0.9999,0.9998,0.9998,0.9999,0.1438,0.1191,0.1865,0.1761,0.1902,0.1870,0.1208,0.1891,0.1883,0.1498,0.1848,0.1325,0.1839,0.1449,0.1993,0.1449,0.1958,0.1884,0.1540,0.1514,0.1877,0.1958,0.1692,0.1584,0.1343,0.1244,0.1958,0.1498,0.1568,0.1806,0.1718,0.1162,0.1883,0.1410,0.1321,0.1761,0.1916,0.1162,0.1545,0.1978,0.1208,0.1917,0.1786,0.1584,0.1901,0.1860,0.1881,0.1633,0.1977,0.1843,IDLE,IDLE,IDLE,IDLE,IDLE,IDLE,IDLE,IDLE,IDLE,IDLE,IDLE,IDLE,IDLE,IDLE,IDLE,IDLE,IDLE,IDLE,IDLE,IDLE,IDLE,IDLE,IDLE,IDLE,IDLE,IDLE,IDLE,IDLE,IDLE,IDLE,IDLE,IDLE,IDLE,IDLE,IDLE,IDLE,IDLE,IDLE,IDLE,IDLE,IDLE,IDLE,IDLE,IDLE,IDLE,IDLE,IDLE,IDLE,IDLE,IDLE
476,2024-01-20 20:00:01,0.00,0.00,0,0.0000,0.0000,0.00,0.9998,0.9999,0.9997,0.9997,0.9998,0.9998,0.9998,0.9997,0.9998,0.9998,0.9999,0.9998,0.9998,0.9999,0.9998,0.9999,0.9998,0.9997,0.9998,0.9998,0.9997,0.9998,0.9999,0.9998,0.9998,0.9999,0.9998,0.9998,0.9998,0.9997,0.9998,0.9998,0.9998,0.9998,0.9998,0.9997,0.9997,0.9998,0.9998,0.9998,0.9998,0.9998,0.9998,0.9998,0.9998,0.9997,0.9999,0.9998,0.9998,0.9999,0.1438,0.1191,0.1865,0.1761,0.1902,0.1870,0.1208,0.1891,0.1883,0.1498,0.1848,0.1325,0.1839,0.1449,0.1993,0.1449,0.1958,0.1884,0.1540,0.1514,0.1877,0.1958,0.1692,0.1584,0.1343,0.1244,0.1958,0.1498,0.1568,0.1806,0.1718,0.1162,0.1883,0.1410,0.1321,0.1761,0.1916,0.1162,0.1545,0.1978,0.1208,0.1917,0.1786,0.1584,0.1901,0.1860,0.1881,0.1633,0.1977,0.1843,IDLE,IDLE,IDLE,IDLE,IDLE,IDLE,IDLE,IDLE,IDLE,IDLE,IDLE,IDLE,IDLE,IDLE,IDLE,IDLE,IDLE,IDLE,IDLE,IDLE,IDLE,IDLE,IDLE,IDLE,IDLE,IDLE,IDLE,IDLE,IDLE,IDLE,IDLE,IDLE,IDLE,IDLE,IDLE,IDLE,IDLE,IDLE,IDLE,IDLE,IDLE,IDLE,IDLE,IDLE,IDLE,IDLE,IDLE,IDLE,IDLE,IDLE
477,2024-01-20 21:00:01,0.00,0.00,0,0.0000,0.0000,0.00,0.9998,0.9999,0.9997,0.9997,0.9998,0.9998,0.9998,0.9997,0.9998,0.9998,0.9999,0.9998,0.9998,0.9999,0.9998,0.9999,0.9998,0.9997,0.9998,0.9998,0.9997,0.9998,0.9999,0.9998,0.9998,0.9999,0.9998,0.9998,0.9998,0.9997,0.9998,0.9998,0.9998,0.9998,0.9998,0.9997,0.9997,0.9998,0.9998,0.9998,0.9998,0.9998,0.9998,0.9998,0.9998,0.9997,0.9999,0.9998,0.9998,0.9999,0.1438,0.1191,0.1865,0.1761,0.1902,0.1870,0.1208,0.1891,0.1883,0.1498,0.1848,0.1325,0.1839,0.1449,0.1993,0.1449,0.1958,0.1884,0.1540,0.1514,0.1877,0.1958,0.1692,0.1584,0.1343,0.1244,0.1958,0.1498,0.1568,0.1806,0.1718,0.1162,0.1883,0.1410,0.1321,0.1761,0.1916,0.1162,0.1545,0.1978,0.1208,0.1917,0.1786,0.1584,0.1901,0.1860,0.1881,0.1633,0.1977,0.1843,IDLE,IDLE,IDLE,IDLE,IDLE,IDLE,IDLE,IDLE,IDLE,IDLE,IDLE,IDLE,IDLE,IDLE,IDLE,IDLE,IDLE,IDLE,IDLE,IDLE,IDLE,IDLE,IDLE,IDLE,IDLE,IDLE,IDLE,IDLE,IDLE,IDLE,IDLE,IDLE,IDLE,IDLE,IDLE,IDLE,IDLE,IDLE,IDLE,IDLE,IDLE,IDLE,IDLE,IDLE,IDLE,IDLE,IDLE,IDLE,IDLE,IDLE
478,2024-01-20 22:00:01,0.00,0.00,0,0.0000,0.0000,0.00,0.9998,0.9999,0.9997,0.9997,0.9998,0.9998,0.9998,0.9997,0.9998,0.9998,0.9999,0.9998,0.9998,0.9999,0.9998,0.9999,0.9998,0.9997,0.9998,0.9998,0.9997,0.9998,0.9999,0.9998,0.9998,0.9999,0.9998,0.9998,0.9998,0.9997,0.9998,0.9998,0.9998,0.9998,0.9998,0.9997,0.9997,0.9998,0.9998,0.9998,0.9998,0.9998,0.9998,0.9998,0.9998,0.9997,0.9999,0.9998,0.9998,0.9999,0.1438,0.1191,0.1865,0.1761,0.1902,0.1870,0.1208,0.1891,0.1883,0.1498,0.1848,0.1325,0.1839,0.1449,0.1993,0.1449,0.1958,0.1884,0.1540,0.1514,0.1877,0.1958,0.1692,0.1584,0.1343,0.1244,0.1958,0.1498,0.1568,0.1806,0.1718,0.1162,0.1883,0.1410,0.1321,0.1761,0.1916,0.1162,0.1545,0.1978,0.1208,0.1917,0.1786,0.1584,0.1901,0.1860,0.1881,0.1633,0.1977,0.1843,IDLE,IDLE,IDLE,IDLE,IDLE,IDLE,IDLE,IDLE,IDLE,IDLE,IDLE,IDLE,IDLE,IDLE,IDLE,IDLE,IDLE,IDLE,IDLE,IDLE,IDLE,IDLE,IDLE,IDLE,IDLE,IDLE,IDLE,IDLE,IDLE,IDLE,IDLE,IDLE,IDLE,IDLE,IDLE,IDLE,IDLE,IDLE,IDLE,IDLE,IDLE,IDLE,IDLE,IDLE,IDLE,IDLE,IDLE,IDLE,IDLE,IDLE
479,2024-01-20 23:00:01,0.00,0.00,0,0.0000,0.0000,0.00,0.9998,0.9999,0.9997,0.9997,0.9998,0.9998,0.9998,0.9997,0.9998,0.9998,0.9999,0.9998,0.9998,0.9999,0.9998,0.9999,0.9998,0.9997,0.9998,0.9998,0.9997,0.9998,0.9999,0.9998,0.9998,0.9999,0.9998,0.9998,0.9998,0.9997,0.9998,0.9998,0.9998,0.9998,0.9998,0.9997,0.9997,0.9998,0.9998,0.9998,0.9998,0.9998,0.9998,0.9998,0.9998,0.9997,0.9999,0.9998,0.9998,0.9999,0.1438,0.1191,0.1865,0.1761,0.1902,0.1870,0.1208,0.1891,0.1883,0.1498,0.1848,0.1325,0.1839,0.1449,0.1993,0.1449,0.1958,0.1884,0.1540,0.1514,0.1877,0.1958,0.1692,0.1584,0.1343,0.1244,0.1958,0.1498,0.1568,0.1806,0.1718,0.1162,0.1883,0.1410,0.1321,0.1761,0.1916,0.1162,0.1545,0.1978,0.1208,0.1917,0.1786,0.1584,0.1901,0.1860,0.1881,0.1633,0.1977,0.1843,IDLE,IDLE,IDLE,IDLE,IDLE,IDLE,IDLE,IDLE,IDLE,IDLE,IDLE,IDLE,IDLE,IDLE,IDLE,IDLE,IDLE,IDLE,IDLE,IDLE,IDLE,IDLE,IDLE,IDLE,IDLE,IDLE,IDLE,IDLE,IDLE,IDLE,IDLE,IDLE,IDLE,IDLE,IDLE,IDLE,IDLE,IDLE,IDLE,IDLE,IDLE,IDLE,IDLE,IDLE,IDLE,IDLE,IDLE,IDLE,IDLE,IDLE
480,2024-01-21 00:00:01,0.00,0.00,0,0.0000,0.0000,0.00,0.9998,0.9999,0.9997,0.9997,0.9998,0.9998,0.9998,0.9997,0.9998,0.9998,0.9999,0.9998,0.9998,0.9999,0.9998,0.9999,0.9998,0.9997,0.9998,0.9998,0.9997,0.9998,0.9999,0.9998,0.9998,0.9999,0.9998,0.9998,0.9998,0.9997,0.9998,0.9998,0.9998,0.9998,0.9998,0.9997,0.9997,0.9998,0.9998,0.9998,0.9998,0.9998,0.9998,0.9998,0.9998,0.9997,0.9999,0.9998,0.9998,0.9999,0.1438,0.1191,0.1865,0.1761,0.1902,0.1870,0.1208,0.1891,0.1883,0.1498,0.1848,0.1325,0.1839,0.1449,0.1993,0.1449,0.1958,0.1884,0.1540,0.1514,0.1877,0.1958,0.1692,0.1584,0.1343,0.1244,0.1958,0.1498,0.1568,0.1806,0.1718,0.1162,0.1883,0.1410,0.1321,0.1761,0.1916,0.1162,0.1545,0.1978,0.1208,0.1917,0.1786,0.1584,0.1901,0.1860,0.1881,0.1633,0.1977,0.1843,IDLE,IDLE,IDLE,IDLE,IDLE,IDLE,IDLE,IDLE,IDLE,IDLE,IDLE,IDLE,IDLE,IDLE,IDLE,IDLE,IDLE,IDLE,IDLE,IDLE,IDLE,IDLE,IDLE,IDLE,IDLE,IDLE,IDLE,IDLE,IDLE,IDLE,IDLE,IDLE,IDLE,IDLE,IDLE,IDLE,IDLE,IDLE,IDLE,IDLE,IDLE,IDLE,IDLE,IDLE,IDLE,IDLE,IDLE,IDLE,IDLE,IDLE
481,2024-01-21 01:00:01,0.00,0.00,0,0.0000,0.0000,0.00,0.9998,0.9999,0.9997,0.9997,0.9998,0.9998,0.9998,0.9997,0.9998,0.9998,0.9999,0.9998,0.9998,0.9999,0.9998,0.9999,0.9998,0.9997,0.9998,0.9998,0.9997,0.9998,0.9999,0.9998,0.9998,0.9999,0.9998,0.9998,0.9998,0.9997,0.9998,0.9998,0.9998,0.9998,0.9998,0.9997,0.9997,0.9998,0.9998,0.9998,0.9998,0.9998,0.9998,0.9998,0.9998,0.9997,0.9999,0.9998,0.9998,0.9999,0.1438,0.1191,0.1865,0.1761,0.1902,0.1870,0.1208,0.1891,0.1883,0.1498,0.1848,0.1325,0.1839,0.1449,0.1993,0.1449,0.1958,0.1884,0.1540,0.1514,0.1877,0.1958,0.1692,0.1584,0.1343,0.1244,0.1958,0.1498,0.1568,0.1806,0.1718,0.1162,0.1883,0.1410,0.1321,0.1761,0.1916,0.1162,0.1545,0.1978,0.1208,0.1917,0.1786,0.1584,0.1901,0.1860,0.1881,0.1633,0.1977,0.1843,IDLE,IDLE,IDLE,IDLE,IDLE,IDLE,IDLE,IDLE,IDLE,IDLE,IDLE,IDLE,IDLE,IDLE,IDLE,IDLE,IDLE,IDLE,IDLE,IDLE,IDLE,IDLE,IDLE,IDLE,IDLE,IDLE,IDLE,IDLE,IDLE,IDLE,IDLE,IDLE,IDLE,IDLE,IDLE,IDLE,IDLE,IDLE,IDLE,IDLE,IDLE,IDLE,IDLE,IDLE,IDLE,IDLE,IDLE,IDLE,IDLE,IDLE
482,2024-01-21 02:00:01,0.00,0.00,0,0.0000,0.0000,0.00,0.9998,0.9999,0.9997,0.9997,0.9998,0.9998,0.9998,0.9997,0.9998,0.9998,0.9999,0.9998,0.9998,0.9999,0.9998,0.9999,0.9998,0.9997,0.9998,0.9998,0.9997,0.9998,0.9999,0.9998,0.9998,0.9999,0.9998,0.9998,0.9998,0.9997,0.9998,0.9998,0.9998,0.9998,0.9998,0.9997,0.9997,0.9998,0.9998,0.9998,0.9998,0.9998,0.9998,0.9998,0.9998,0.9997,0.9999,0.9998,0.9998,0.9999,0.1438,0.1191,0.1865,0.1761,0.1902,0.1870,0.1208,0.1891,0.1883,0.1498,0.1848,0.1325,0.1839,0.1449,0.1993,0.1449,0.1958,0.1884,0.1540,0.1514,0.1877,0.1958,0.1692,0.1584,0.1343,0.1244,0.1958,0.1498,0.1568,0.1806,0.1718,0.1162,0.1883,0.1410,0.1321,0.1761,0.1916,0.1162,0.1545,0.1978,0.1208,0.1917,0.1786,0.1584,0.1901,0.1860,0.1881,0.1633,0.1977,0.1843,IDLE,IDLE,IDLE,IDLE,IDLE,IDLE,IDLE,IDLE,IDLE,IDLE,IDLE,IDLE,IDLE,IDLE,IDLE,IDLE,IDLE,IDLE,IDLE,IDLE,IDLE,IDLE,IDLE,IDLE,IDLE,IDLE,IDLE,IDLE,IDLE,IDLE,IDLE,IDLE,IDLE,IDLE,IDLE,IDLE,IDLE,IDLE,IDLE,IDLE,IDLE,IDLE,IDLE,IDLE,IDLE,IDLE,IDLE,IDLE,IDLE,IDLE
483,2024-01-21 03:00:01,0.00,0.00,0,0.0000,0.0000,0.00,0.9998,0.9999,0.9997,0.9997,0.9998,0.9998,0.9998,0.9997,0.9998,0.9998,0.9999,0.9998,0.9998,0.9999,0.9998,0.9999,0.9998,0.9997,0.9998,0.9998,0.9997,0.9998,0.9999,0.9998,0.9998,0.9999,0.9998,0.9998,0.9998,0.9997,0.9998,0.9998,0.9998,0.9998,0.9998,0.9997,0.9997,0.9998,0.9998,0.9998,0.9998,0.9998,0.9998,0.9998,0.9998,0.9997,0.9999,0.9998,0.9998,0.9999,0.1438,0.1191,0.1865,0.1761,0.1902,0.1870,0.1208,0.1891,0.1883,0.1498,0.1848,0.1325,0.1839,0.1449,0.1993,0.1449,0.1958,0.1884,0.1540,0.1514,0.1877,0.1958,0.1692,0.1584,0.1343,0.1244,0.1958,0.1498,0.1568,0.1806,0.1718,0.1162,0.1883,0.1410,0.1321,0.1761,0.1916,0.1162,0.1545,0.1978,0.1208,0.1917,0.1786,0.1584,0.1901,0.1860,0.1881,0.1633,0.1977,0.1843,IDLE,IDLE,IDLE,IDLE,IDLE,IDLE,IDLE,IDLE,IDLE,IDLE,IDLE,IDLE,IDLE,IDLE,IDLE,IDLE,IDLE,IDLE,IDLE,IDLE,IDLE,IDLE,IDLE,IDLE,IDLE,IDLE,IDLE,IDLE,IDLE,IDLE,IDLE,IDLE,IDLE,IDLE,IDLE,IDLE,IDLE,IDLE,IDLE,IDLE,IDLE,IDLE,IDLE,IDLE,IDLE,IDLE,IDLE,IDLE,IDLE,IDLE
484,2024-01-21 04:00:01,0.00,0.00,0,0.0000,0.0000,0.00,0.9998,0.9999,0.9997,0.9997,0.9998,0.9998,0.9998,0.9997,0.9998,0.9998,0.9999,0.9998,0.9998,0.9999,0.9998,0.9999,0.9998,0.9997,0.9998,0.9998,0.9997,0.9998,0.9999,0.9998,0.9998,0.9999,0.9998,0.9998,0.9998,0.9997,0.9998,0.9998,0.9998,0.9998,0.9998,0.9997,0.9997,0.9998,0.9998,0.9998,0.9998,0.9998,0.9998,0.9998,0.9998,0.9997,0.9999,0.9998,0.9998,0.9999,0.1438,0.1191,0.1865,0.1761,0.1902,0.1870,0.1208,0.1891,0.1883,0.1498,0.1848,0.1325,0.1839,0.1449,0.1993,0.1449,0.1958,0.1884,0.1540,0.1514,0.1877,0.1958,0.1692,0.1584,0.1343,0.1244,0.1958,0.1498,0.1568,0.1806,0.1718,0.1162,0.1883,0.1410,0.1321,0.1761,0.1916,0.1162,0.1545,0.1978,0.1208,0.1917,0.1786,0.1584,0.1901,0.1860,0.1881,0.1633,0.1977,0.1843,IDLE,IDLE,IDLE,IDLE,IDLE,IDLE,IDLE,IDLE,IDLE,IDLE,IDLE,IDLE,IDLE,IDLE,IDLE,IDLE,IDLE,IDLE,IDLE,IDLE,IDLE,IDLE,IDLE,IDLE,IDLE,IDLE,IDLE,IDLE,IDLE,IDLE,IDLE,IDLE,IDLE,IDLE,IDLE,IDLE,IDLE,IDLE,IDLE,IDLE,IDLE,IDLE,IDLE,IDLE,IDLE,IDLE,IDLE,IDLE,IDLE,IDLE
485,2024-01-21 05:00:01,0.00,0.00,0,0.0000,0.0000,0.00,0.9998,0.9999,0.9997,0.9997,0.9998,0.9998,0.9998,0.9997,0.9998,0.9998,0.9999,0.9998,0.9998,0.9999,0.9998,0.9999,0.9998,0.9997,0.9998,0.9998,0.9997,0.9998,0.9999,0.9998,0.9998,0.9999,0.9998,0.9998,0.9998,0.9997,0.9998,0.9998,0.9998,0.9998,0.9998,0.9997,0.9997,0.9998,0.9998,0.9998,0.9998,0.9998,0.9998,0.9998,0.9998,0.9997,0.9999,0.9998,0.9998,0.9999,0.1438,0.1191,0.1865,0.1761,0.1902,0.1870,0.1208,0.1891,0.1883,0.1498,0.1848,0.1325,0.1839,0.1449,0.1993,0.1449,0.1958,0.1884,0.1540,0.1514,0.1877,0.1958,0.1692,0.1584,0.1343,0.1244,0.1958,0.1498,0.1568,0.1806,0.1718,0.1162,0.1883,0.1410,0.1321,0.1761,0.1916,0.1162,0.1545,0.1978,0.1208,0.1917,0.1786,0.1584,0.1901,0.1860,0.1881,0.1633,0.1977,0.1843,IDLE,IDLE,IDLE,IDLE,IDLE,IDLE,IDLE,IDLE,IDLE,IDLE,IDLE,IDLE,IDLE,IDLE,IDLE,IDLE,IDLE,IDLE,IDLE,IDLE,IDLE,IDLE,IDLE,IDLE,IDLE,IDLE,IDLE,IDLE,IDLE,IDLE,IDLE,IDLE,IDLE,IDLE,IDLE,IDLE,IDLE,IDLE,IDLE,IDLE,IDLE,IDLE,IDLE,IDLE,IDLE,IDLE,IDLE,IDLE,IDLE,IDLE
486,2024-01-21 06:00:01,0.00,0.00,0,0.0000,0.0000,0.00,0.9998,0.9999,0.9997,0.9997,0.9998,0.9998,0.9998,0.9997,0.9998,0.9998,0.9999,0.9998,0.9998,0.9999,0.9998,0.9999,0.9998,0.9997,0.9998,0.9998,0.9997,0.9998,0.9999,0.9998,0.9998,0.9999,0.9998,0.9998,0.9998,0.9997,0.9998,0.9998,0.9998,0.9998,0.9998,0.9997,0.9997,0.9998,0.9998,0.9998,0.9998,0.9998,0.9998,0.9998,0.9998,0.9997,0.9999,0.9998,0.9998,0.9999,0.1438,0.1191,0.1865,0.1761,0.1902,0.1870,0.1208,0.1891,0.1883,0.1498,0.1848,0.1325,0.1839,0.1449,0.1993,0.1449,0.1958,0.1884,0.1540,0.1514,0.1877,0.1958,0.1692,0.1584,0.1343,0.1244,0.1958,0.1498,0.1568,0.1806,0.1718,0.1162,0.1883,0.1410,0.1321,0.1761,0.1916,0.1162,0.1545,0.1978,0.1208,0.1917,0.1786,0.1584,0.1901,0.1860,0.1881,0.1633,0.1977,0.1843,IDLE,IDLE,IDLE,IDLE,IDLE,IDLE,IDLE,IDLE,IDLE,IDLE,IDLE,IDLE,IDLE,IDLE,IDLE,IDLE,IDLE,IDLE,IDLE,IDLE,IDLE,IDLE,IDLE,IDLE,IDLE,IDLE,IDLE,IDLE,IDLE,IDLE,IDLE,IDLE,IDLE,IDLE,IDLE,IDLE,IDLE,IDLE,IDLE,IDLE,IDLE,IDLE,IDLE,IDLE,IDLE,IDLE,IDLE,IDLE,IDLE,IDLE
487,2024-01-21 07:00:01,0.00,0.00,0,0.0000,0.0000,0.00,0.9998,0.9999,0.9997,0.9997,0.9998,0.9998,0.9998,0.9997,0.9998,0.9998,0.9999,0.9998,0.9998,0.9999,0.9998,0.9999,0.9998,0.9997,0.9998,0.9998,0.9997,0.9998,0.9999,0.9998,0.9998,0.9999,0.9998,0.9998,0.9998,0.9997,0.9998,0.9998,0.9998,0.9998,0.9998,0.9997,0.9997,0.9998,0.9998,0.9998,0.9998,0.9998,0.9998,0.9998,0.9998,0.9997,0.9999,0.9998,0.9998,0.9999,0.1438,0.1191,0.1865,0.1761,0.1902,0.1870,0.1208,0.1891,0.1883,0.1498,0.1848,0.1325,0.1839,0.1449,0.1993,0.1449,0.1958,0.1884,0.1540,0.1514,0.1877,0.1958,0.1692,0.1584,0.1343,0.1244,0.1958,0.1498,0.1568,0.1806,0.1718,0.1162,0.1883,0.1410,0.1321,0.1761,0.1916,0.1162,0.1545,0.1978,0.1208,0.1917,0.1786,0.1584,0.1901,0.1860,0.1881,0.1633,0.1977,0.1843,IDLE,IDLE,IDLE,IDLE,IDLE,IDLE,IDLE,IDLE,IDLE,IDLE,IDLE,IDLE,IDLE,IDLE,IDLE,IDLE,IDLE,IDLE,IDLE,IDLE,IDLE,IDLE,IDLE,IDLE,IDLE,IDLE,IDLE,IDLE,IDLE,IDLE,IDLE,IDLE,IDLE,IDLE,IDLE,IDLE,IDLE,IDLE,IDLE,IDLE,IDLE,IDLE,IDLE,IDLE,IDLE,IDLE,IDLE,IDLE,IDLE,IDLE
488,2024-01-21 08:00:01,0.00,0.00,0,0.0000,0.0000,0.00,0.9998,0.9999,0.9997,0.9997,0.9998,0.9998,0.9998,0.9997,0.9998,0.9998,0.9999,0.9998,0.9998,0.9999,0.9998,0.9999,0.9998,0.9997,0.9998,0.9998,0.9997,0.9998,0.9999,0.9998,0.9998,0.9999,0.9998,0.9998,0.9998,0.9997,0.9998,0.9998,0.9998,0.9998,0.9998,0.9997,0.9997,0.9998,0.9998,0.9998,0.9998,0.9998,0.9998,0.9998,0.9998,0.9997,0.9999,0.9998,0.9998,0.9999,0.1438,0.1191,0.1865,0.1761,0.1902,0.1870,0.1208,0.1891,0.1883,0.1498,0.1848,0.1325,0.1839,0.1449,0.1993,0.1449,0.1958,0.1884,0.1540,0.1514,0.1877,0.1958,0.1692,0.1584,0.1343,0.1244,0.1958,0.1498,0.1568,0.1806,0.1718,0.1162,0.1883,0.1410,0.1321,0.1761,0.1916,0.1162,0.1545,0.1978,0.1208,0.1917,0.1786,0.1584,0.1901,0.1860,0.1881,0.1633,0.1977,0.1843,IDLE,IDLE,IDLE,IDLE,IDLE,IDLE,IDLE,IDLE,IDLE,IDLE,IDLE,IDLE,IDLE,IDLE,IDLE,IDLE,IDLE,IDLE,IDLE,IDLE,IDLE,IDLE,IDLE,IDLE,IDLE,IDLE,IDLE,IDLE,IDLE,IDLE,IDLE,IDLE,IDLE,IDLE,IDLE,IDLE,IDLE,IDLE,IDLE,IDLE,IDLE,IDLE,IDLE,IDLE,IDLE,IDLE,IDLE,IDLE,IDLE,IDLE
489,2024-01-21 09:00:01,0.00,0.00,0,0.0000,0.0000,0.00,0.9998,0.9999,0.9997,0.9997,0.9998,0.9998,0.9998,0.9997,0.9998,0.9998,0.9999,0.9998,0.9998,0.9999,0.9998,0.9999,0.9998,0.9997,0.9998,0.9998,0.9997,0.9998,0.9999,0.9998,0.9998,0.9999,0.9998,0.9998,0.9998,0.9997,0.9998,0.9998,0.9998,0.9998,0.9998,0.9997,0.9997,0.9998,0.9998,0.9998,0.9998,0.9998,0.9998,0.9998,0.9998,0.9997,0.9999,0.9998,0.9998,0.9999,0.1438,0.1191,0.1865,0.1761,0.1902,0.1870,0.1208,0.1891,0.1883,0.1498,0.1848,0.1325,0.1839,0.1449,0.1993,0.1449,0.1958,0.1884,0.1540,0.1514,0.1877,0.1958,0.1692,0.1584,0.1343,0.1244,0.1958,0.1498,0.1568,0.1806,0.1718,0.1162,0.1883,0.1410,0.1321,0.1761,0.1916,0.1162,0.1545,0.1978,0.1208,0.1917,0.1786,0.1584,0.1901,0.1860,0.1881,0.1633,0.1977,0.1843,IDLE,IDLE,IDLE,IDLE,IDLE,IDLE,IDLE,IDLE,IDLE,IDLE,IDLE,IDLE,IDLE,IDLE,IDLE,IDLE,IDLE,IDLE,IDLE,IDLE,IDLE,IDLE,IDLE,IDLE,IDLE,IDLE,IDLE,IDLE,IDLE,IDLE,IDLE,IDLE,IDLE,IDLE,IDLE,IDLE,IDLE,IDLE,IDLE,IDLE,IDLE,IDLE,IDLE,IDLE,IDLE,IDLE,IDLE,IDLE,IDLE,IDLE
490,2024-01-21 10:00:01,0.00,0.00,0,0.0000,0.0000,0.00,0.9998,0.9999,0.9997,0.9997,0.9998,0.9998,0.9998,0.9997,0.9998,0.9998,0.9999,0.9998,0.9998,0.9999,0.9998,0.9999,0.9998,0.9997,0.9998,0.9998,0.9997,0.9998,0.9999,0.9998,0.9998,0.9999,0.9998,0.9998,0.9998,0.9997,0.9998,0.9998,0.9998,0.9998,0.9998,0.9997,0.9997,0.9998,0.9998,0.9998,0.9998,0.9998,0.9998,0.9998,0.9998,0.9997,0.9999,0.9998,0.9998,0.9999,0.1438,0.1191,0.1865,0.1761,0.1902,0.1870,0.1208,0.1891,0.1883,0.1498,0.1848,0.1325,0.1839,0.1449,0.1993,0.1449,0.1958,0.1884,0.1540,0.1514,0.1877,0.1958,0.1692,0.1584,0.1343,0.1244,0.1958,0.1498,0.1568,0.1806,0.1718,0.1162,0.1883,0.1410,0.1321,0.1761,0.1916,0.1162,0.1545,0.1978,0.1208,0.1917,0.1786,0.1584,0.1901,0.1860,0.1881,0.1633,0.1977,0.1843,IDLE,IDLE,IDLE,IDLE,IDLE,IDLE,IDLE,IDLE,IDLE,IDLE,IDLE,IDLE,IDLE,IDLE,IDLE,IDLE,IDLE,IDLE,IDLE,IDLE,IDLE,IDLE,IDLE,IDLE,IDLE,IDLE,IDLE,IDLE,IDLE,IDLE,IDLE,IDLE,IDLE,IDLE,IDLE,IDLE,IDLE,IDLE,IDLE,IDLE,IDLE,IDLE,IDLE,IDLE,IDLE,IDLE,IDLE,IDLE,IDLE,IDLE
491,2024-01-21 11:00:01,0.00,0.00,0,0.0000,0.0000,0.00,0.9998,0.9999,0.9997,0.9997,0.9998,0.9998,0.9998,0.9997,0.9998,0.9998,0.9999,0.9998,0.9998,0.9999,0.9998,0.9999,0.9998,0.9997,0.9998,0.9998,0.9997,0.9998,0.9999,0.9998,0.9998,0.9999,0.9998,0.9998,0.9998,0.9997,0.9998,0.9998,0.9998,0.9998,0.9998,0.9997,0.9997,0.9998,0.9998,0.9998,0.9998,0.9998,0.9998,0.9998,0.9998,0.9997,0.9999,0.9998,0.9998,0.9999,0.1438,0.1191,0.1865,0.1761,0.1902,0.1870,0.1208,0.1891,0.1883,0.1498,0.1848,0.1325,0.1839,0.1449,0.1993,0.1449,0.1958,0.1884,0.1540,0.1514,0.1877,0.1958,0.1692,0.1584,0.1343,0.1244,0.1958,0.1498,0.1568,0.1806,0.1718,0.1162,0.1883,0.1410,0.1321,0.1761,0.1916,0.1162,0.1545,0.1978,0.1208,0.1917,0.1786,0.1584,0.1901,0.1860,0.1881,0.1633,0.1977,0.1843,IDLE,IDLE,IDLE,IDLE,IDLE,IDLE,IDLE,IDLE,IDLE,IDLE,IDLE,IDLE,IDLE,IDLE,IDLE,IDLE,IDLE,IDLE,IDLE,IDLE,IDLE,IDLE,IDLE,IDLE,IDLE,IDLE,IDLE,IDLE,IDLE,IDLE,IDLE,IDLE,IDLE,IDLE,IDLE,IDLE,IDLE,IDLE,IDLE,IDLE,IDLE,IDLE,IDLE,IDLE,IDLE,IDLE,IDLE,IDLE,IDLE,IDLE
492,2024-01-21 12:00:01,0.00,0.00,0,0.0000,0.0000,0.00,0.9998,0.9999,0.9997,0.9997,0.9998,0.9998,0.9998,0.9997,0.9998,0.9998,0.9999,0.9998,0.9998,0.9999,0.9998,0.9999,0.9998,0.9997,0.9998,0.9998,0.9997,0.9998,0.9999,0.9998,0.9998,0.9999,0.9998,0.9998,0.9998,0.9997,0.9998,0.9998,0.9998,0.9998,0.9998,0.9997,0.9997,0.9998,0.9998,0.9998,0.9998,0.9998,0.9998,0.9998,0.9998,0.9997,0.9999,0.9998,0.9998,0.9999,0.1438,0.1191,0.1865,0.1761,0.1902,0.1870,0.1208,0.1891,0.1883,0.1498,0.1848,0.1325,0.1839,0.1449,0.1993,0.1449,0.1958,0.1884,0.1540,0.1514,0.1877,0.1958,0.1692,0.1584,0.1343,0.1244,0.1958,0.1498,0.1568,0.1806,0.1718,0.1162,0.1883,0.1410,0.1321,0.1761,0.1916,0.1162,0.1545,0.1978,0.1208,0.1917,0.1786,0.1584,0.1901,0.1860,0.1881,0.1633,0.1977,0.1843,IDLE,IDLE,IDLE,IDLE,IDLE,IDLE,IDLE,IDLE,IDLE,IDLE,IDLE,IDLE,IDLE,IDLE,IDLE,IDLE,IDLE,IDLE,IDLE,IDLE,IDLE,IDLE,IDLE,IDLE,IDLE,IDLE,IDLE,IDLE,IDLE,IDLE,IDLE,IDLE,IDLE,IDLE,IDLE,IDLE,IDLE,IDLE,IDLE,IDLE,IDLE,IDLE,IDLE,IDLE,IDLE,IDLE,IDLE,IDLE,IDLE,IDLE
493,2024-01-21 13:00:01,0.00,0.00,0,0.0000,0.0000,0.00,0.9998,0.9999,0.9997,0.9997,0.9998,0.9998,0.9998,0.9997,0.9998,0.9998,0.9999,0.9998,0.9998,0.9999,0.9998,0.9999,0.9998,0.9997,0.9998,0.9998,0.9997,0.9998,0.9999,0.9998,0.9998,0.9999,0.9998,0.9998,0.9998,0.9997,0.9998,0.9998,0.9998,0.9998,0.9998,0.9997,0.9997,0.9998,0.9998,0.9998,0.9998,0.9998,0.9998,0.9998,0.9998,0.9997,0.9999,0.9998,0.9998,0.9999,0.1438,0.1191,0.1865,0.1761,0.1902,0.1870,0.1208,0.1891,0.1883,0.1498,0.1848,0.1325,0.1839,0.1449,0.1993,0.1449,0.1958,0.1884,0.1540,0.1514,0.1877,0.1958,0.1692,0.1584,0.1343,0.1244,0.1958,0.1498,0.1568,0.1806,0.1718,0.1162,0.1883,0.1410,0.1321,0.1761,0.1916,0.1162,0.1545,0.1978,0.1208,0.1917,0.1786,0.1584,0.1901,0.1860,0.1881,0.1633,0.1977,0.1843,IDLE,IDLE,IDLE,IDLE,IDLE,IDLE,IDLE,IDLE,IDLE,IDLE,IDLE,IDLE,IDLE,IDLE,IDLE,IDLE,IDLE,IDLE,IDLE,IDLE,IDLE,IDLE,IDLE,IDLE,IDLE,IDLE,IDLE,IDLE,IDLE,IDLE,IDLE,IDLE,IDLE,IDLE,IDLE,IDLE,IDLE,IDLE,IDLE,IDLE,IDLE,IDLE,IDLE,IDLE,IDLE,IDLE,IDLE,IDLE,IDLE,IDLE
494,2024-01-21 14:00:01,0.00,0.00,0,0.0000,0.0000,0.00,0.9998,0.9999,0.9997,0.9997,0.9998,0.9998,0.9998,0.9997,0.9998,0.9998,0.9999,0.9998,0.9998,0.9999,0.9998,0.9999,0.9998,0.9997,0.9998,0.9998,0.9997,0.9998,0.9999,0.9998,0.9998,0.9999,0.9998,0.9998,0.9998,0.9997,0.9998,0.9998,0.9998,0.9998,0.9998,0.9997,0.9997,0.9998,0.9998,0.9998,0.9998,0.9998,0.9998,0.9998,0.9998,0.9997,0.9999,0.9998,0.9998,0.9999,0.1438,0.1191,0.1865,0.1761,0.1902,0.1870,0.1208,0.1891,0.1883,0.1498,0.1848,0.1325,0.1839,0.1449,0.1993,0.1449,0.1958,0.1884,0.1540,0.1514,0.1877,0.1958,0.1692,0.1584,0.1343,0.1244,0.1958,0.1498,0.1568,0.1806,0.1718,0.1162,0.1883,0.1410,0.1321,0.1761,0.1916,0.1162,0.1545,0.1978,0.1208,0.1917,0.1786,0.1584,0.1901,0.1860,0.1881,0.1633,0.1977,0.1843,IDLE,IDLE,IDLE,IDLE,IDLE,IDLE,IDLE,IDLE,IDLE,IDLE,IDLE,IDLE,IDLE,IDLE,IDLE,IDLE,IDLE,IDLE,IDLE,IDLE,IDLE,IDLE,IDLE,IDLE,IDLE,IDLE,IDLE,IDLE,IDLE,IDLE,IDLE,IDLE,IDLE,IDLE,IDLE,IDLE,IDLE,IDLE,IDLE,IDLE,IDLE,IDLE,IDLE,IDLE,IDLE,IDLE,IDLE,IDLE,IDLE,IDLE
495,2024-01-21 15:00:01,0.00,0.00,0,0.0000,0.0000,0.00,0.9998,0.9999,0.9997,0.9997,0.9998,0.9998,0.9998,0.9997,0.9998,0.9998,0.9999,0.9998,0.9998,0.9999,0.9998,0.9999,0.9998,0.9997,0.9998,0.9998,0.9997,0.9998,0.9999,0.9998,0.9998,0.9999,0.9998,0.9998,0.9998,0.9997,0.9998,0.9998,0.9998,0.9998,0.9998,0.9997,0.9997,0.9998,0.9998,0.9998,0.9998,0.9998,0.9998,0.9998,0.9998,0.9997,0.9999,0.9998,0.9998,0.9999,0.1438,0.1191,0.1865,0.1761,0.1902,0.1870,0.1208,0.1891,0.1883,0.1498,0.1848,0.1325,0.1839,0.1449,0.1993,0.1449,0.1958,0.1884,0.1540,0.1514,0.1877,0.1958,0.1692,0.1584,0.1343,0.1244,0.1958,0.1498,0.1568,0.1806,0.1718,0.1162,0.1883,0.1410,0.1321,0.1761,0.1916,0.1162,0.1545,0.1978,0.1208,0.1917,0.1786,0.1584,0.1901,0.1860,0.1881,0.1633,0.1977,0.1843,IDLE,IDLE,IDLE,IDLE,IDLE,IDLE,IDLE,IDLE,IDLE,IDLE,IDLE,IDLE,IDLE,IDLE,IDLE,IDLE,IDLE,IDLE,IDLE,IDLE,IDLE,IDLE,IDLE,IDLE,IDLE,IDLE,IDLE,IDLE,IDLE,IDLE,IDLE,IDLE,IDLE,IDLE,IDLE,IDLE,IDLE,IDLE,IDLE,IDLE,IDLE,IDLE,IDLE,IDLE,IDLE,IDLE,IDLE,IDLE,IDLE,IDLE
496,2024-01-21 16:00:01,0.00,0.00,0,0.0000,0.0000,0.00,0.9998,0.9999,0.9997,0.9997,0.9998,0.9998,0.9998,0.9997,0.9998,0.9998,0.9999,0.9998,0.9998,0.9999,0.9998,0.9999,0.9998,0.9997,0.9998,0.9998,0.9997,0.9998,0.9999,0.9998,0.9998,0.9999,0.9998,0.9998,0.9998,0.9997,0.9998,0.9998,0.9998,0.9998,0.9998,0.9997,0.9997,0.9998,0.9998,0.9998,0.9998,0.9998,0.9998,0.9998,0.9998,0.9997,0.9999,0.9998,0.9998,0.9999,0.1438,0.1191,0.1865,0.1761,0.1902,0.1870,0.1208,0.1891,0.1883,0.1498,0.1848,0.1325,0.1839,0.1449,0.1993,0.1449,0.1958,0.1884,0.1540,0.1514,0.1877,0.1958,0.1692,0.1584,0.1343,0.1244,0.1958,0.1498,0.1568,0.1806,0.1718,0.1162,0.1883,0.1410,0.1321,0.1761,0.1916,0.1162,0.1545,0.1978,0.1208,0.1917,0.1786,0.1584,0.1901,0.1860,0.1881,0.1633,0.1977,0.1843,IDLE,IDLE,IDLE,IDLE,IDLE,IDLE,IDLE,IDLE,IDLE,IDLE,IDLE,IDLE,IDLE,IDLE,IDLE,IDLE,IDLE,IDLE,IDLE,IDLE,IDLE,IDLE,IDLE,IDLE,IDLE,IDLE,IDLE,IDLE,IDLE,IDLE,IDLE,IDLE,IDLE,IDLE,IDLE,IDLE,IDLE,IDLE,IDLE,IDLE,IDLE,IDLE,IDLE,IDLE,IDLE,IDLE,IDLE,IDLE,IDLE,IDLE
497,2024-01-21 17:00:01,0.00,0.00,0,0.0000,0.0000,0.00,0.9998,0.9999,0.9997,0.9997,0.9998,0.9998,0.9998,0.9997,0.9998,0.9998,0.9999,0.9998,0.9998,0.9999,0.9998,0.9999,0.9998,0.9997,0.9998,0.9998,0.9997,0.9998,0.9999,0.9998,0.9998,0.9999,0.9998,0.9998,0.9998,0.9997,0.9998,0.9998,0.9998,0.9998,0.9998,0.9997,0.9997,0.9998,0.9998,0.9998,0.9998,0.9998,0.9998,0.9998,0.9998,0.9997,0.9999,0.9998,0.9998,0.9999,0.1438,0.1191,0.1865,0.1761,0.1902,0.1870,0.1208,0.1891,0.1883,0.1498,0.1848,0.1325,0.1839,0.1449,0.1993,0.1449,0.1958,0.1884,0.1540,0.1514,0.1877,0.1958,0.1692,0.1584,0.1343,0.1244,0.1958,0.1498,0.1568,0.1806,0.1718,0.1162,0.1883,0.1410,0.1321,0.1761,0.1916,0.1162,0.1545,0.1978,0.1208,0.1917,0.1786,0.1584,0.1901,0.1860,0.1881,0.1633,0.1977,0.1843,IDLE,IDLE,IDLE,IDLE,IDLE,IDLE,IDLE,IDLE,IDLE,IDLE,IDLE,IDLE,IDLE,IDLE,IDLE,IDLE,IDLE,IDLE,IDLE,IDLE,IDLE,IDLE,IDLE,IDLE,IDLE,IDLE,IDLE,IDLE,IDLE,IDLE,IDLE,IDLE,IDLE,IDLE,IDLE,IDLE,IDLE,IDLE,IDLE,IDLE,IDLE,IDLE,IDLE,IDLE,IDLE,IDLE,IDLE,IDLE,IDLE,IDLE
498,2024-01-21 18:00:01,0.00,0.00,0,0.0000,0.0000,0.00,0.9998,0.9999,0.9997,0.9997,0.9998,0.9998,0.9998,0.9997,0.9998,0.9998,0.9999,0.9998,0.9998,0.9999,0.9998,0.9999,0.9998,0.9997,0.9998,0.9998,0.9997,0.9998,0.9999,0.9998,0.9998,0.9999,0.9998,0.9998,0.9998,0.9997,0.9998,0.9998,0.9998,0.9998,0.9998,0.9997,0.9997,0.9998,0.9998,0.9998,0.9998,0.9998,0.9998,0.9998,0.9998,0.9997,0.9999,0.9998,0.9998,0.9999,0.1438,0.1191,0.1865,0.1761,0.1902,0.1870,0.1208,0.1891,0.1883,0.1498,0.1848,0.1325,0.1839,0.1449,0.1993,0.1449,0.1958,0.1884,0.1540,0.1514,0.1877,0.1958,0.1692,0.1584,0.1343,0.1244,0.1958,0.1498,0.1568,0.1806,0.1718,0.1162,0.1883,0.1410,0.1321,0.1761,0.1916,0.1162,0.1545,0.1978,0.1208,0.1917,0.1786,0.1584,0.1901,0.1860,0.1881,0.1633,0.1977,0.1843,IDLE,IDLE,IDLE,IDLE,IDLE,IDLE,IDLE,IDLE,IDLE,IDLE,IDLE,IDLE,IDLE,IDLE,IDLE,IDLE,IDLE,IDLE,IDLE,IDLE,IDLE,IDLE,IDLE,IDLE,IDLE,IDLE,IDLE,IDLE,IDLE,IDLE,IDLE,IDLE,IDLE,IDLE,IDLE,IDLE,IDLE,IDLE,IDLE,IDLE,IDLE,IDLE,IDLE,IDLE,IDLE,IDLE,IDLE,IDLE,IDLE,IDLE
499,2024-01-21 19:00:01,0.00,0.00,0,0.0000,0.0000,0.00,0.9998,0.9999,0.9997,0.9997,0.9998,0.9998,0.9998,0.9997,0.9998,0.9998,0.9999,0.9998,0.9998,0.9999,0.9998,0.9999,0.9998,0.9997,0.9998,0.9998,0.9997,0.9998,0.9999,0.9998,0.9998,0.9999,0.9998,0.9998,0.9998,0.9997,0.9998,0.9998,0.9998,0.9998,0.9998,0.9997,0.9997,0.9998,0.9998,0.9998,0.9998,0.9998,0.9998,0.9998,0.9998,0.9997,0.9999,0.9998,0.9998,0.9999,0.1438,0.1191,0.1865,0.1761,0.1902,0.1870,0.1208,0.1891,0.1883,0.1498,0.1848,0.1325,0.1839,0.1449,0.1993,0.1449,0.1958,0.1884,0.1540,0.1514,0.1877,0.1958,0.1692,0.1584,0.1343,0.1244,0.1958,0.1498,0.1568,0.1806,0.1718,0.1162,0.1883,0.1410,0.1321,0.1761,0.1916,0.1162,0.1545,0.1978,0.1208,0.1917,0.1786,0.1584,0.1901,0.1860,0.1881,0.1633,0.1977,0.1843,IDLE,IDLE,IDLE,IDLE,IDLE,IDLE,IDLE,IDLE,IDLE,IDLE,IDLE,IDLE,IDLE,IDLE,IDLE,IDLE,IDLE,IDLE,IDLE,IDLE,IDLE,IDLE,IDLE,IDLE,IDLE,IDLE,IDLE,IDLE,IDLE,IDLE,IDLE,IDLE,IDLE,IDLE,IDLE,IDLE,IDLE,IDLE,IDLE,IDLE,IDLE,IDLE,IDLE,IDLE,IDLE,IDLE,IDLE,IDLE,IDLE,IDLE
500,2024-01-21 20:00:01,0.00,0.00,0,0.0000,0.0000,0.00,0.9998,0.9999,0.9997,0.9997,0.9998,0.9998,0.9998,0.9997,0.9998,0.9998,0.9999,0.9998,0.9998,0.9999,0.9998,0.9999,0.9998,0.9997,0.9998,0.9998,0.9997,0.9998,0.9999,0.9998,0.9998,0.9999,0.9998,0.9998,0.9998,0.9997,0.9998,0.9998,0.9998,0.9998,0.9998,0.9997,0.9997,0.9998,0.9998,0.9998,0.9998,0.9998,0.9998,0.9998,0.9998,0.9997,0.9999,0.9998,0.9998,0.9999,0.1438,0.1191,0.1865,0.1761,0.1902,0.1870,0.1208,0.1891,0.1883,0.1498,0.1848,0.1325,0.1839,0.1449,0.1993,0.1449,0.1958,0.1884,0.1540,0.1514,0.1877,0.1958,0.1692,0.1584,0.1343,0.1244,0.1958,0.1498,0.1568,0.1806,0.1718,0.1162,0.1883,0.1410,0.1321,0.1761,0.1916,0.1162,0.1545,0.1978,0.1208,0.1917,0.1786,0.1584,0.1901,0.1860,0.1881,0.1633,0.1977,0.1843,IDLE,IDLE,IDLE,IDLE,IDLE,IDLE,IDLE,IDLE,IDLE,IDLE,IDLE,IDLE,IDLE,IDLE,IDLE,IDLE,IDLE,IDLE,IDLE,IDLE,IDLE,IDLE,IDLE,IDLE,IDLE,IDLE,IDLE,IDLE,IDLE,IDLE,IDLE,IDLE,IDLE,IDLE,IDLE,IDLE,IDLE,IDLE,IDLE,IDLE,IDLE,IDLE,IDLE,IDLE,IDLE,IDLE,IDLE,IDLE,IDLE,IDLE
501,2024-01-21 21:00:01,0.00,0.00,0,0.0000,0.0000,0.00,0.9998,0.9999,0.9997,0.9997,0.9998,0.9998,0.9998,0.9997,0.9998,0.9998,0.9999,0.9998,0.9998,0.9999,0.9998,0.9999,0.9998,0.9997,0.9998,0.9998,0.9997,0.9998,0.9999,0.9998,0.9998,0.9999,0.9998,0.9998,0.9998,0.9997,0.9998,0.9998,0.9998,0.9998,0.9998,0.9997,0.9997,0.9998,0.9998,0.9998,0.9998,0.9998,0.9998,0.9998,0.9998,0.9997,0.9999,0.9998,0.9998,0.9999,0.1438,0.1191,0.1865,0.1761,0.1902,0.1870,0.1208,0.1891,0.1883,0.1498,0.1848,0.1325,0.1839,0.1449,0.1993,0.1449,0.1958,0.1884,0.1540,0.1514,0.1877,0.1958,0.1692,0.1584,0.1343,0.1244,0.1958,0.1498,0.1568,0.1806,0.1718,0.1162,0.1883,0.1410,0.1321,0.1761,0.1916,0.1162,0.1545,0.1978,0.1208,0.1917,0.1786,0.1584,0.1901,0.1860,0.1881,0.1633,0.1977,0.1843,IDLE,IDLE,IDLE,IDLE,IDLE,IDLE,IDLE,IDLE,IDLE,IDLE,IDLE,IDLE,IDLE,IDLE,IDLE,IDLE,IDLE,IDLE,IDLE,IDLE,IDLE,IDLE,IDLE,IDLE,IDLE,IDLE,IDLE,IDLE,IDLE,IDLE,IDLE,IDLE,IDLE,IDLE,IDLE,IDLE,IDLE,IDLE,IDLE,IDLE,IDLE,IDLE,IDLE,IDLE,IDLE,IDLE,IDLE,IDLE,IDLE,IDLE
502,2024-01-21 22:00:01,0.00,0.00,0,0.0000,0.0000,0.00,0.9998,0.9999,0.9997,0.9997,0.9998,0.9998,0.9998,0.9997,0.9998,0.9998,0.9999,0.9998,0.9998,0.9999,0.9998,0.9999,0.9998,0.9997,0.9998,0.9998,0.9997,0.9998,0.9999,0.9998,0.9998,0.9999,0.9998,0.9998,0.9998,0.9997,0.9998,0.9998,0.9998,0.9998,0.9998,0.9997,0.9997,0.9998,0.9998,0.9998,0.9998,0.9998,0.9998,0.9998,0.9998,0.9997,0.9999,0.9998,0.9998,0.9999,0.1438,0.1191,0.1865,0.1761,0.1902,0.1870,0.1208,0.1891,0.1883,0.1498,0.1848,0.1325,0.1839,0.1449,0.1993,0.1449,0.1958,0.1884,0.1540,0.1514,0.1877,0.1958,0.1692,0.1584,0.1343,0.1244,0.1958,0.1498,0.1568,0.1806,0.1718,0.1162,0.1883,0.1410,0.1321,0.1761,0.1916,0.1162,0.1545,0.1978,0.1208,0.1917,0.1786,0.1584,0.1901,0.1860,0.1881,0.1633,0.1977,0.1843,IDLE,IDLE,IDLE,IDLE,IDLE,IDLE,IDLE,IDLE,IDLE,IDLE,IDLE,IDLE,IDLE,IDLE,IDLE,IDLE,IDLE,IDLE,IDLE,IDLE,IDLE,IDLE,IDLE,IDLE,IDLE,IDLE,IDLE,IDLE,IDLE,IDLE,IDLE,IDLE,IDLE,IDLE,IDLE,IDLE,IDLE,IDLE,IDLE,IDLE,IDLE,IDLE,IDLE,IDLE,IDLE,IDLE,IDLE,IDLE,IDLE,IDLE
503,2024-01-21 23:00:01,0.00,0.00,0,0.0000,0.0000,0.00,0.9998,0.9999,0.9997,0.9997,0.9998,0.9998,0.9998,0.9997,0.9998,0.9998,0.9999,0.9998,0.9998,0.9999,0.9998,0.9999,0.9998,0.9997,0.9998,0.9998,0.9997,0.9998,0.9999,0.9998,0.9998,0.9999,0.9998,0.9998,0.9998,0.9997,0.9998,0.9998,0.9998,0.9998,0.9998,0.9997,0.9997,0.9998,0.9998,0.9998,0.9998,0.9998,0.9998,0.9998,0.9998,0.9997,0.9999,0.9998,0.9998,0.9999,0.1438,0.1191,0.1865,0.1761,0.1902,0.1870,0.1208,0.1891,0.1883,0.1498,0.1848,0.1325,0.1839,0.1449,0.1993,0.1449,0.1958,0.1884,0.1540,0.1514,0.1877,0.1958,0.1692,0.1584,0.1343,0.1244,0.1958,0.1498,0.1568,0.1806,0.1718,0.1162,0.1883,0.1410,0.1321,0.1761,0.1916,0.1162,0.1545,0.1978,0.1208,0.1917,0.1786,0.1584,0.1901,0.1860,0.1881,0.1633,0.1977,0.1843,IDLE,IDLE,IDLE,IDLE,IDLE,IDLE,IDLE,IDLE,IDLE,IDLE,IDLE,IDLE,IDLE,IDLE,IDLE,IDLE,IDLE,IDLE,IDLE,IDLE,IDLE,IDLE,IDLE,IDLE,IDLE,IDLE,IDLE,IDLE,IDLE,IDLE,IDLE,IDLE,IDLE,IDLE,IDLE,IDLE,IDLE,IDLE,IDLE,IDLE,IDLE,IDLE,IDLE,IDLE,IDLE,IDLE,IDLE,IDLE,IDLE,IDLE
504,2024-01-22 00:00:01,0.00,0.00,0,0.0000,0.0000,0.00,0.9998,0.9999,0.9997,0.9997,0.9998,0.9998,0.9998,0.9997,0.9998,0.9998,0.9999,0.9998,0.9998,0.9999,0.9998,0.9999,0.9998,0.9997,0.9998,0.9998,0.9997,0.9998,0.9999,0.9998,0.9998,0.9999,0.9998,0.9998,0.9998,0.9997,0.9998,0.9998,0.9998,0.9998,0.9998,0.9997,0.9997,0.9998,0.9998,0.9998,0.9998,0.9998,0.9998,0.9998,0.9998,0.9997,0.9999,0.9998,0.9998,0.9999,0.1438,0.1191,0.1865,0.1761,0.1902,0.1870,0.1208,0.1891,0.1883,0.1498,0.1848,0.1325,0.1839,0.1449,0.1993,0.1449,0.1958,0.1884,0.1540,0.1514,0.1877,0.1958,0.1692,0.1584,0.1343,0.1244,0.1958,0.1498,0.1568,0.1806,0.1718,0.1162,0.1883,0.1410,0.1321,0.1761,0.1916,0.1162,0.1545,0.1978,0.1208,0.1917,0.1786,0.1584,0.1901,0.1860,0.1881,0.1633,0.1977,0.1843,IDLE,IDLE,IDLE,IDLE,IDLE,IDLE,IDLE,IDLE,IDLE,IDLE,IDLE,IDLE,IDLE,IDLE,IDLE,IDLE,IDLE,IDLE,IDLE,IDLE,IDLE,IDLE,IDLE,IDLE,IDLE,IDLE,IDLE,IDLE,IDLE,IDLE,IDLE,IDLE,IDLE,IDLE,IDLE,IDLE,IDLE,IDLE,IDLE,IDLE,IDLE,IDLE,IDLE,IDLE,IDLE,IDLE,IDLE,IDLE,IDLE,IDLE
505,2024-01-22 01:00:01,0.00,0.00,0,0.0000,0.0000,0.00,0.9998,0.9999,0.9997,0.9997,0.9998,0.9998,0.9998,0.9997,0.9998,0.9998,0.9999,0.9998,0.9998,0.9999,0.9998,0.9999,0.9998,0.9997,0.9998,0.9998,0.9997,0.9998,0.9999,0.9998,0.9998,0.9999,0.9998,0.9998,0.9998,0.9997,0.9998,0.9998,0.9998,0.9998,0.9998,0.9997,0.9997,0.9998,0.9998,0.9998,0.9998,0.9998,0.9998,0.9998,0.9998,0.9997,0.9999,0.9998,0.9998,0.9999,0.1438,0.1191,0.1865,0.1761,0.1902,0.1870,0.1208,0.1891,0.1883,0.1498,0.1848,0.1325,0.1839,0.1449,0.1993,0.1449,0.1958,0.1884,0.1540,0.1514,0.1877,0.1958,0.1692,0.1584,0.1343,0.1244,0.1958,0.1498,0.1568,0.1806,0.1718,0.1162,0.1883,0.1410,0.1321,0.1761,0.1916,0.1162,0.1545,0.1978,0.1208,0.1917,0.1786,0.1584,0.1901,0.1860,0.1881,0.1633,0.1977,0.1843,IDLE,IDLE,IDLE,IDLE,IDLE,IDLE,IDLE,IDLE,IDLE,IDLE,IDLE,IDLE,IDLE,IDLE,IDLE,IDLE,IDLE,IDLE,IDLE,IDLE,IDLE,IDLE,IDLE,IDLE,IDLE,IDLE,IDLE,IDLE,IDLE,IDLE,IDLE,IDLE,IDLE,IDLE,IDLE,IDLE,IDLE,IDLE,IDLE,IDLE,IDLE,IDLE,IDLE,IDLE,IDLE,IDLE,IDLE,IDLE,IDLE,IDLE
506,2024-01-22 02:00:01,0.00,0.00,0,0.0000,0.0000,0.00,0.9998,0.9999,0.9997,0.9997,0.9998,0.9998,0.9998,0.9997,0.9998,0.9998,0.9999,0.9998,0.9998,0.9999,0.9998,0.9999,0.9998,0.9997,0.9998,0.9998,0.9997,0.9998,0.9999,0.9998,0.9998,0.9999,0.9998,0.9998,0.9998,0.9997,0.9998,0.9998,0.9998,0.9998,0.9998,0.9997,0.9997,0.9998,0.9998,0.9998,0.9998,0.9998,0.9998,0.9998,0.9998,0.9997,0.9999,0.9998,0.9998,0.9999,0.1438,0.1191,0.1865,0.1761,0.1902,0.1870,0.1208,0.1891,0.1883,0.1498,0.1848,0.1325,0.1839,0.1449,0.1993,0.1449,0.1958,0.1884,0.1540,0.1514,0.1877,0.1958,0.1692,0.1584,0.1343,0.1244,0.1958,0.1498,0.1568,0.1806,0.1718,0.1162,0.1883,0.1410,0.1321,0.1761,0.1916,0.1162,0.1545,0.1978,0.1208,0.1917,0.1786,0.1584,0.1901,0.1860,0.1881,0.1633,0.1977,0.1843,IDLE,IDLE,IDLE,IDLE,IDLE,IDLE,IDLE,IDLE,IDLE,IDLE,IDLE,IDLE,IDLE,IDLE,IDLE,IDLE,IDLE,IDLE,IDLE,IDLE,IDLE,IDLE,IDLE,IDLE,IDLE,IDLE,IDLE,IDLE,IDLE,IDLE,IDLE,IDLE,IDLE,IDLE,IDLE,IDLE,IDLE,IDLE,IDLE,IDLE,IDLE,IDLE,IDLE,IDLE,IDLE,IDLE,IDLE,IDLE,IDLE,IDLE
507,2024-01-22 03:00:01,0.00,0.00,0,0.0000,0.0000,0.00,0.9998,0.9999,0.9997,0.9997,0.9998,0.9998,0.9998,0.9997,0.9998,0.9998,0.9999,0.9998,0.9998,0.9999,0.9998,0.9999,0.9998,0.9997,0.9998,0.9998,0.9997,0.9998,0.9999,0.9998,0.9998,0.9999,0.9998,0.9998,0.9998,0.9997,0.9998,0.9998,0.9998,0.9998,0.9998,0.9997,0.9997,0.9998,0.9998,0.9998,0.9998,0.9998,0.9998,0.9998,0.9998,0.9997,0.9999,0.9998,0.9998,0.9999,0.1438,0.1191,0.1865,0.1761,0.1902,0.1870,0.1208,0.1891,0.1883,0.1498,0.1848,0.1325,0.1839,0.1449,0.1993,0.1449,0.1958,0.1884,0.1540,0.1514,0.1877,0.1958,0.1692,0.1584,0.1343,0.1244,0.1958,0.1498,0.1568,0.1806,0.1718,0.1162,0.1883,0.1410,0.1321,0.1761,0.1916,0.1162,0.1545,0.1978,0.1208,0.1917,0.1786,0.1584,0.1901,0.1860,0.1881,0.1633,0.1977,0.1843,IDLE,IDLE,IDLE,IDLE,IDLE,IDLE,IDLE,IDLE,IDLE,IDLE,IDLE,IDLE,IDLE,IDLE,IDLE,IDLE,IDLE,IDLE,IDLE,IDLE,IDLE,IDLE,IDLE,IDLE,IDLE,IDLE,IDLE,IDLE,IDLE,IDLE,IDLE,IDLE,IDLE,IDLE,IDLE,IDLE,IDLE,IDLE,IDLE,IDLE,IDLE,IDLE,IDLE,IDLE,IDLE,IDLE,IDLE,IDLE,IDLE,IDLE
508,2024-01-22 04:00:01,0.00,0.00,0,0.0000,0.0000,0.00,0.9998,0.9999,0.9997,0.9997,0.9998,0.9998,0.9998,0.9997,0.9998,0.9998,0.9999,0.9998,0.9998,0.9999,0.9998,0.9999,0.9998,0.9997,0.9998,0.9998,0.9997,0.9998,0.9999,0.9998,0.9998,0.9999,0.9998,0.9998,0.9998,0.9997,0.9998,0.9998,0.9998,0.9998,0.9998,0.9997,0.9997,0.9998,0.9998,0.9998,0.9998,0.9998,0.9998,0.9998,0.9998,0.9997,0.9999,0.9998,0.9998,0.9999,0.1438,0.1191,0.1865,0.1761,0.1902,0.1870,0.1208,0.1891,0.1883,0.1498,0.1848,0.1325,0.1839,0.1449,0.1993,0.1449,0.1958,0.1884,0.1540,0.1514,0.1877,0.1958,0.1692,0.1584,0.1343,0.1244,0.1958,0.1498,0.1568,0.1806,0.1718,0.1162,0.1883,0.1410,0.1321,0.1761,0.1916,0.1162,0.1545,0.1978,0.1208,0.1917,0.1786,0.1584,0.1901,0.1860,0.1881,0.1633,0.1977,0.1843,IDLE,IDLE,IDLE,IDLE,IDLE,IDLE,IDLE,IDLE,IDLE,IDLE,IDLE,IDLE,IDLE,IDLE,IDLE,IDLE,IDLE,IDLE,IDLE,IDLE,IDLE,IDLE,IDLE,IDLE,IDLE,IDLE,IDLE,IDLE,IDLE,IDLE,IDLE,IDLE,IDLE,IDLE,IDLE,IDLE,IDLE,IDLE,IDLE,IDLE,IDLE,IDLE,IDLE,IDLE,IDLE,IDLE,IDLE,IDLE,IDLE,IDLE
509,2024-01-22 05:00:01,0.00,0.00,0,0.0000,0.0000,0.00,0.9998,0.9999,0.9997,0.9997,0.9998,0.9998,0.9998,0.9997,0.9998,0.9998,0.9999,0.9998,0.9998,0.9999,0.9998,0.9999,0.9998,0.9997,0.9998,0.9998,0.9997,0.9998,0.9999,0.9998,0.9998,0.9999,0.9998,0.9998,0.9998,0.9997,0.9998,0.9998,0.9998,0.9998,0.9998,0.9997,0.9997,0.9998,0.9998,0.9998,0.9998,0.9998,0.9998,0.9998,0.9998,0.9997,0.9999,0.9998,0.9998,0.9999,0.1438,0.1191,0.1865,0.1761,0.1902,0.1870,0.1208,0.1891,0.1883,0.1498,0.1848,0.1325,0.1839,0.1449,0.1993,0.1449,0.1958,0.1884,0.1540,0.1514,0.1877,0.1958,0.1692,0.1584,0.1343,0.1244,0.1958,0.1498,0.1568,0.1806,0.1718,0.1162,0.1883,0.1410,0.1321,0.1761,0.1916,0.1162,0.1545,0.1978,0.1208,0.1917,0.1786,0.1584,0.1901,0.1860,0.1881,0.1633,0.1977,0.1843,IDLE,IDLE,IDLE,IDLE,IDLE,IDLE,IDLE,IDLE,IDLE,IDLE,IDLE,IDLE,IDLE,IDLE,IDLE,IDLE,IDLE,IDLE,IDLE,IDLE,IDLE,IDLE,IDLE,IDLE,IDLE,IDLE,IDLE,IDLE,IDLE,IDLE,IDLE,IDLE,IDLE,IDLE,IDLE,IDLE,IDLE,IDLE,IDLE,IDLE,IDLE,IDLE,IDLE,IDLE,IDLE,IDLE,IDLE,IDLE,IDLE,IDLE
510,2024-01-22 06:00:01,0.00,0.00,0,0.0000,0.0000,0.00,0.9998,0.9999,0.9997,0.9997,0.9998,0.9998,0.9998,0.9997,0.9998,0.9998,0.9999,0.9998,0.9998,0.9999,0.9998,0.9999,0.9998,0.9997,0.9998,0.9998,0.9997,0.9998,0.9999,0.9998,0.9998,0.9999,0.9998,0.9998,0.9998,0.9997,0.9998,0.9998,0.9998,0.9998,0.9998,0.9997,0.9997,0.9998,0.9998,0.9998,0.9998,0.9998,0.9998,0.9998,0.9998,0.9997,0.9999,0.9998,0.9998,0.9999,0.1438,0.1191,0.1865,0.1761,0.1902,0.1870,0.1208,0.1891,0.1883,0.1498,0.1848,0.1325,0.1839,0.1449,0.1993,0.1449,0.1958,0.1884,0.1540,0.1514,0.1877,0.1958,0.1692,0.1584,0.1343,0.1244,0.1958,0.1498,0.1568,0.1806,0.1718,0.1162,0.1883,0.1410,0.1321,0.1761,0.1916,0.1162,0.1545,0.1978,0.1208,0.1917,0.1786,0.1584,0.1901,0.1860,0.1881,0.1633,0.1977,0.1843,IDLE,IDLE,IDLE,IDLE,IDLE,IDLE,IDLE,IDLE,IDLE,IDLE,IDLE,IDLE,IDLE,IDLE,IDLE,IDLE,IDLE,IDLE,IDLE,IDLE,IDLE,IDLE,IDLE,IDLE,IDLE,IDLE,IDLE,IDLE,IDLE,IDLE,IDLE,IDLE,IDLE,IDLE,IDLE,IDLE,IDLE,IDLE,IDLE,IDLE,IDLE,IDLE,IDLE,IDLE,IDLE,IDLE,IDLE,IDLE,IDLE,IDLE
511,2024-01-22 07:00:01,0.00,0.00,0,0.0000,0.0000,0.00,0.9998,0.9999,0.9997,0.9997,0.9998,0.9998,0.9998,0.9997,0.9998,0.9998,0.9999,0.9998,0.9998,0.9999,0.9998,0.9999,0.9998,0.9997,0.9998,0.9998,0.9997,0.9998,0.9999,0.9998,0.9998,0.9999,0.9998,0.9998,0.9998,0.9997,0.9998,0.9998,0.9998,0.9998,0.9998,0.9997,0.9997,0.9998,0.9998,0.9998,0.9998,0.9998,0.9998,0.9998,0.9998,0.9997,0.9999,0.9998,0.9998,0.9999,0.1438,0.1191,0.1865,0.1761,0.1902,0.1870,0.1208,0.1891,0.1883,0.1498,0.1848,0.1325,0.1839,0.1449,0.1993,0.1449,0.1958,0.1884,0.1540,0.1514,0.1877,0.1958,0.1692,0.1584,0.1343,0.1244,0.1958,0.1498,0.1568,0.1806,0.1718,0.1162,0.1883,0.1410,0.1321,0.1761,0.1916,0.1162,0.1545,0.1978,0.1208,0.1917,0.1786,0.1584,0.1901,0.1860,0.1881,0.1633,0.1977,0.1843,IDLE,IDLE,IDLE,IDLE,IDLE,IDLE,IDLE,IDLE,IDLE,IDLE,IDLE,IDLE,IDLE,IDLE,IDLE,IDLE,IDLE,IDLE,IDLE,IDLE,IDLE,IDLE,IDLE,IDLE,IDLE,IDLE,IDLE,IDLE,IDLE,IDLE,IDLE,IDLE,IDLE,IDLE,IDLE,IDLE,IDLE,IDLE,IDLE,IDLE,IDLE,IDLE,IDLE,IDLE,IDLE,IDLE,IDLE,IDLE,IDLE,IDLE
512,2024-01-22 08:00:01,0.00,0.00,0,0.0000,0.0000,0.00,0.9998,0.9999,0.9997,0.9997,0.9998,0.9998,0.9998,0.9997,0.9998,0.9998,0.9999,0.9998,0.9998,0.9999,0.9998,0.9999,0.9998,0.9997,0.9998,0.9998,0.9997,0.9998,0.9999,0.9998,0.9998,0.9999,0.9998,0.9998,0.9998,0.9997,0.9998,0.9998,0.9998,0.9998,0.9998,0.9997,0.9997,0.9998,0.9998,0.9998,0.9998,0.9998,0.9998,0.9998,0.9998,0.9997,0.9999,0.9998,0.9998,0.9999,0.1438,0.1191,0.1865,0.1761,0.1902,0.1870,0.1208,0.1891,0.1883,0.1498,0.1848,0.1325,0.1839,0.1449,0.1993,0.1449,0.1958,0.1884,0.1540,0.1514,0.1877,0.1958,0.1692,0.1584,0.1343,0.1244,0.1958,0.1498,0.1568,0.1806,0.1718,0.1162,0.1883,0.1410,0.1321,0.1761,0.1916,0.1162,0.1545,0.1978,0.1208,0.1917,0.1786,0.1584,0.1901,0.1860,0.1881,0.1633,0.1977,0.1843,IDLE,IDLE,IDLE,IDLE,IDLE,IDLE,IDLE,IDLE,IDLE,IDLE,IDLE,IDLE,IDLE,IDLE,IDLE,IDLE,IDLE,IDLE,IDLE,IDLE,IDLE,IDLE,IDLE,IDLE,IDLE,IDLE,IDLE,IDLE,IDLE,IDLE,IDLE,IDLE,IDLE,IDLE,IDLE,IDLE,IDLE,IDLE,IDLE,IDLE,IDLE,IDLE,IDLE,IDLE,IDLE,IDLE,IDLE,IDLE,IDLE,IDLE
513,2024-01-22 09:00:01,0.00,0.00,0,0.0000,0.0000,0.00,0.9998,0.9999,0.9997,0.9997,0.9998,0.9998,0.9998,0.9997,0.9998,0.9998,0.9999,0.9998,0.9998,0.9999,0.9998,0.9999,0.9998,0.9997,0.9998,0.9998,0.9997,0.9998,0.9999,0.9998,0.9998,0.9999,0.9998,0.9998,0.9998,0.9997,0.9998,0.9998,0.9998,0.9998,0.9998,0.9997,0.9997,0.9998,0.9998,0.9998,0.9998,0.9998,0.9998,0.9998,0.9998,0.9997,0.9999,0.9998,0.9998,0.9999,0.1438,0.1191,0.1865,0.1761,0.1902,0.1870,0.1208,0.1891,0.1883,0.1498,0.1848,0.1325,0.1839,0.1449,0.1993,0.1449,0.1958,0.1884,0.1540,0.1514,0.1877,0.1958,0.1692,0.1584,0.1343,0.1244,0.1958,0.1498,0.1568,0.1806,0.1718,0.1162,0.1883,0.1410,0.1321,0.1761,0.1916,0.1162,0.1545,0.1978,0.1208,0.1917,0.1786,0.1584,0.1901,0.1860,0.1881,0.1633,0.1977,0.1843,IDLE,IDLE,IDLE,IDLE,IDLE,IDLE,IDLE,IDLE,IDLE,IDLE,IDLE,IDLE,IDLE,IDLE,IDLE,IDLE,IDLE,IDLE,IDLE,IDLE,IDLE,IDLE,IDLE,IDLE,IDLE,IDLE,IDLE,IDLE,IDLE,IDLE,IDLE,IDLE,IDLE,IDLE,IDLE,IDLE,IDLE,IDLE,IDLE,IDLE,IDLE,IDLE,IDLE,IDLE,IDLE,IDLE,IDLE,IDLE,IDLE,IDLE
514,2024-01-22 10:00:01,0.00,0.00,0,0.0000,0.0000,0.00,0.9998,0.9999,0.9997,0.9997,0.9998,0.9998,0.9998,0.9997,0.9998,0.9998,0.9999,0.9998,0.9998,0.9999,0.9998,0.9999,0.9998,0.9997,0.9998,0.9998,0.9997,0.9998,0.9999,0.9998,0.9998,0.9999,0.9998,0.9998,0.9998,0.9997,0.9998,0.9998,0.9998,0.9998,0.9998,0.9997,0.9997,0.9998,0.9998,0.9998,0.9998,0.9998,0.9998,0.9998,0.9998,0.9997,0.9999,0.9998,0.9998,0.9999,0.1438,0.1191,0.1865,0.1761,0.1902,0.1870,0.1208,0.1891,0.1883,0.1498,0.1848,0.1325,0.1839,0.1449,0.1993,0.1449,0.1958,0.1884,0.1540,0.1514,0.1877,0.1958,0.1692,0.1584,0.1343,0.1244,0.1958,0.1498,0.1568,0.1806,0.1718,0.1162,0.1883,0.1410,0.1321,0.1761,0.1916,0.1162,0.1545,0.1978,0.1208,0.1917,0.1786,0.1584,0.1901,0.1860,0.1881,0.1633,0.1977,0.1843,IDLE,IDLE,IDLE,IDLE,IDLE,IDLE,IDLE,IDLE,IDLE,IDLE,IDLE,IDLE,IDLE,IDLE,IDLE,IDLE,IDLE,IDLE,IDLE,IDLE,IDLE,IDLE,IDLE,IDLE,IDLE,IDLE,IDLE,IDLE,IDLE,IDLE,IDLE,IDLE,IDLE,IDLE,IDLE,IDLE,IDLE,IDLE,IDLE,IDLE,IDLE,IDLE,IDLE,IDLE,IDLE,IDLE,IDLE,IDLE,IDLE,IDLE
515,2024-01-22 11:00:01,0.00,0.00,0,0.0000,0.0000,0.00,0.9998,0.9999,0.9997,0.9997,0.9998,0.9998,0.9998,0.9997,0.9998,0.9998,0.9999,0.9998,0.9998,0.9999,0.9998,0.9999,0.9998,0.9997,0.9998,0.9998,0.9997,0.9998,0.9999,0.9998,0.9998,0.9999,0.9998,0.9998,0.9998,0.9997,0.9998,0.9998,0.9998,0.9998,0.9998,0.9997,0.9997,0.9998,0.9998,0.9998,0.9998,0.9998,0.9998,0.9998,0.9998,0.9997,0.9999,0.9998,0.9998,0.9999,0.1438,0.1191,0.1865,0.1761,0.1902,0.1870,0.1208,0.1891,0.1883,0.1498,0.1848,0.1325,0.1839,0.1449,0.1993,0.1449,0.1958,0.1884,0.1540,0.1514,0.1877,0.1958,0.1692,0.1584,0.1343,0.1244,0.1958,0.1498,0.1568,0.1806,0.1718,0.1162,0.1883,0.1410,0.1321,0.1761,0.1916,0.1162,0.1545,0.1978,0.1208,0.1917,0.1786,0.1584,0.1901,0.1860,0.1881,0.1633,0.1977,0.1843,IDLE,IDLE,IDLE,IDLE,IDLE,IDLE,IDLE,IDLE,IDLE,IDLE,IDLE,IDLE,IDLE,IDLE,IDLE,IDLE,IDLE,IDLE,IDLE,IDLE,IDLE,IDLE,IDLE,IDLE,IDLE,IDLE,IDLE,IDLE,IDLE,IDLE,IDLE,IDLE,IDLE,IDLE,IDLE,IDLE,IDLE,IDLE,IDLE,IDLE,IDLE,IDLE,IDLE,IDLE,IDLE,IDLE,IDLE,IDLE,IDLE,IDLE
516,2024-01-22 12:00:01,0.00,0.00,0,0.0000,0.0000,0.00,0.9998,0.9999,0.9997,0.9997,0.9998,0.9998,0.9998,0.9997,0.9998,0.9998,0.9999,0.9998,0.9998,0.9999,0.9998,0.9999,0.9998,0.9997,0.9998,0.9998,0.9997,0.9998,0.9999,0.9998,0.9998,0.9999,0.9998,0.9998,0.9998,0.9997,0.9998,0.9998,0.9998,0.9998,0.9998,0.9997,0.9997,0.9998,0.9998,0.9998,0.9998,0.9998,0.9998,0.9998,0.9998,0.9997,0.9999,0.9998,0.9998,0.9999,0.1438,0.1191,0.1865,0.1761,0.1902,0.1870,0.1208,0.1891,0.1883,0.1498,0.1848,0.1325,0.1839,0.1449,0.1993,0.1449,0.1958,0.1884,0.1540,0.1514,0.1877,0.1958,0.1692,0.1584,0.1343,0.1244,0.1958,0.1498,0.1568,0.1806,0.1718,0.1162,0.1883,0.1410,0.1321,0.1761,0.1916,0.1162,0.1545,0.1978,0.1208,0.1917,0.1786,0.1584,0.1901,0.1860,0.1881,0.1633,0.1977,0.1843,IDLE,IDLE,IDLE,IDLE,IDLE,IDLE,IDLE,IDLE,IDLE,IDLE,IDLE,IDLE,IDLE,IDLE,IDLE,IDLE,IDLE,IDLE,IDLE,IDLE,IDLE,IDLE,IDLE,IDLE,IDLE,IDLE,IDLE,IDLE,IDLE,IDLE,IDLE,IDLE,IDLE,IDLE,IDLE,IDLE,IDLE,IDLE,IDLE,IDLE,IDLE,IDLE,IDLE,IDLE,IDLE,IDLE,IDLE,IDLE,IDLE,IDLE
517,2024-01-22 13:00:01,0.00,0.00,0,0.0000,0.0000,0.00,0.9998,0.9999,0.9997,0.9997,0.9998,0.9998,0.9998,0.9997,0.9998,0.9998,0.9999,0.9998,0.9998,0.9999,0.9998,0.9999,0.9998,0.9997,0.9998,0.9998,0.9997,0.9998,0.9999,0.9998,0.9998,0.9999,0.9998,0.9998,0.9998,0.9997,0.9998,0.9998,0.9998,0.9998,0.9998,0.9997,0.9997,0.9998,0.9998,0.9998,0.9998,0.9998,0.9998,0.9998,0.9998,0.9997,0.9999,0.9998,0.9998,0.9999,0.1438,0.1191,0.1865,0.1761,0.1902,0.1870,0.1208,0.1891,0.1883,0.1498,0.1848,0.1325,0.1839,0.1449,0.1993,0.1449,0.1958,0.1884,0.1540,0.1514,0.1877,0.1958,0.1692,0.1584,0.1343,0.1244,0.1958,0.1498,0.1568,0.1806,0.1718,0.1162,0.1883,0.1410,0.1321,0.1761,0.1916,0.1162,0.1545,0.1978,0.1208,0.1917,0.1786,0.1584,0.1901,0.1860,0.1881,0.1633,0.1977,0.1843,IDLE,IDLE,IDLE,IDLE,IDLE,IDLE,IDLE,IDLE,IDLE,IDLE,IDLE,IDLE,IDLE,IDLE,IDLE,IDLE,IDLE,IDLE,IDLE,IDLE,IDLE,IDLE,IDLE,IDLE,IDLE,IDLE,IDLE,IDLE,IDLE,IDLE,IDLE,IDLE,IDLE,IDLE,IDLE,IDLE,IDLE,IDLE,IDLE,IDLE,IDLE,IDLE,IDLE,IDLE,IDLE,IDLE,IDLE,IDLE,IDLE,IDLE
518,2024-01-22 14:00:01,0.00,0.00,0,0.0000,0.0000,0.00,0.9998,0.9999,0.9997,0.9997,0.9998,0.9998,0.9998,0.9997,0.9998,0.9998,0.9999,0.9998,0.9998,0.9999,0.9998,0.9999,0.9998,0.9997,0.9998,0.9998,0.9997,0.9998,0.9999,0.9998,0.9998,0.9999,0.9998,0.9998,0.9998,0.9997,0.9998,0.9998,0.9998,0.9998,0.9998,0.9997,0.9997,0.9998,0.9998,0.9998,0.9998,0.9998,0.9998,0.9998,0.9998,0.9997,0.9999,0.9998,0.9998,0.9999,0.1438,0.1191,0.1865,0.1761,0.1902,0.1870,0.1208,0.1891,0.1883,0.1498,0.1848,0.1325,0.1839,0.1449,0.1993,0.1449,0.1958,0.1884,0.1540,0.1514,0.1877,0.1958,0.1692,0.1584,0.1343,0.1244,0.1958,0.1498,0.1568,0.1806,0.1718,0.1162,0.1883,0.1410,0.1321,0.1761,0.1916,0.1162,0.1545,0.1978,0.1208,0.1917,0.1786,0.1584,0.1901,0.1860,0.1881,0.1633,0.1977,0.1843,IDLE,IDLE,IDLE,IDLE,IDLE,IDLE,IDLE,IDLE,IDLE,IDLE,IDLE,IDLE,IDLE,IDLE,IDLE,IDLE,IDLE,IDLE,IDLE,IDLE,IDLE,IDLE,IDLE,IDLE,IDLE,IDLE,IDLE,IDLE,IDLE,IDLE,IDLE,IDLE,IDLE,IDLE,IDLE,IDLE,IDLE,IDLE,IDLE,IDLE,IDLE,IDLE,IDLE,IDLE,IDLE,IDLE,IDLE,IDLE,IDLE,IDLE
519,2024-01-22 15:00:01,0.00,0.00,0,0.0000,0.0000,0.00,0.9998,0.9999,0.9997,0.9997,0.9998,0.9998,0.9998,0.9997,0.9998,0.9998,0.9999,0.9998,0.9998,0.9999,0.9998,0.9999,0.9998,0.9997,0.9998,0.9998,0.9997,0.9998,0.9999,0.9998,0.9998,0.9999,0.9998,0.9998,0.9998,0.9997,0.9998,0.9998,0.9998,0.9998,0.9998,0.9997,0.9997,0.9998,0.9998,0.9998,0.9998,0.9998,0.9998,0.9998,0.9998,0.9997,0.9999,0.9998,0.9998,0.9999,0.1438,0.1191,0.1865,0.1761,0.1902,0.1870,0.1208,0.1891,0.1883,0.1498,0.1848,0.1325,0.1839,0.1449,0.1993,0.1449,0.1958,0.1884,0.1540,0.1514,0.1877,0.1958,0.1692,0.1584,0.1343,0.1244,0.1958,0.1498,0.1568,0.1806,0.1718,0.1162,0.1883,0.1410,0.1321,0.1761,0.1916,0.1162,0.1545,0.1978,0.1208,0.1917,0.1786,0.1584,0.1901,0.1860,0.1881,0.1633,0.1977,0.1843,IDLE,IDLE,IDLE,IDLE,IDLE,IDLE,IDLE,IDLE,IDLE,IDLE,IDLE,IDLE,IDLE,IDLE,IDLE,IDLE,IDLE,IDLE,IDLE,IDLE,IDLE,IDLE,IDLE,IDLE,IDLE,IDLE,IDLE,IDLE,IDLE,IDLE,IDLE,IDLE,IDLE,IDLE,IDLE,IDLE,IDLE,IDLE,IDLE,IDLE,IDLE,IDLE,IDLE,IDLE,IDLE,IDLE,IDLE,IDLE,IDLE,IDLE
520,2024-01-22 16:00:01,0.00,0.00,0,0.0000,0.0000,0.00,0.9998,0.9999,0.9997,0.9997,0.9998,0.9998,0.9998,0.9997,0.9998,0.9998,0.9999,0.9998,0.9998,0.9999,0.9998,0.9999,0.9998,0.9997,0.9998,0.9998,0.9997,0.9998,0.9999,0.9998,0.9998,0.9999,0.9998,0.9998,0.9998,0.9997,0.9998,0.9998,0.9998,0.9998,0.9998,0.9997,0.9997,0.9998,0.9998,0.9998,0.9998,0.9998,0.9998,0.9998,0.9998,0.9997,0.9999,0.9998,0.9998,0.9999,0.1438,0.1191,0.1865,0.1761,0.1902,0.1870,0.1208,0.1891,0.1883,0.1498,0.1848,0.1325,0.1839,0.1449,0.1993,0.1449,0.1958,0.1884,0.1540,0.1514,0.1877,0.1958,0.1692,0.1584,0.1343,0.1244,0.1958,0.1498,0.1568,0.1806,0.1718,0.1162,0.1883,0.1410,0.1321,0.1761,0.1916,0.1162,0.1545,0.1978,0.1208,0.1917,0.1786,0.1584,0.1901,0.1860,0.1881,0.1633,0.1977,0.1843,IDLE,IDLE,IDLE,IDLE,IDLE,IDLE,IDLE,IDLE,IDLE,IDLE,IDLE,IDLE,IDLE,IDLE,IDLE,IDLE,IDLE,IDLE,IDLE,IDLE,IDLE,IDLE,IDLE,IDLE,IDLE,IDLE,IDLE,IDLE,IDLE,IDLE,IDLE,IDLE,IDLE,IDLE,IDLE,IDLE,IDLE,IDLE,IDLE,IDLE,IDLE,IDLE,IDLE,IDLE,IDLE,IDLE,IDLE,IDLE,IDLE,IDLE
521,2024-01-22 17:00:01,0.00,0.00,0,0.0000,0.0000,0.00,0.9998,0.9999,0.9997,0.9997,0.9998,0.9998,0.9998,0.9997,0.9998,0.9998,0.9999,0.9998,0.9998,0.9999,0.9998,0.9999,0.9998,0.9997,0.9998,0.9998,0.9997,0.9998,0.9999,0.9998,0.9998,0.9999,0.9998,0.9998,0.9998,0.9997,0.9998,0.9998,0.9998,0.9998,0.9998,0.9997,0.9997,0.9998,0.9998,0.9998,0.9998,0.9998,0.9998,0.9998,0.9998,0.9997,0.9999,0.9998,0.9998,0.9999,0.1438,0.1191,0.1865,0.1761,0.1902,0.1870,0.1208,0.1891,0.1883,0.1498,0.1848,0.1325,0.1839,0.1449,0.1993,0.1449,0.1958,0.1884,0.1540,0.1514,0.1877,0.1958,0.1692,0.1584,0.1343,0.1244,0.1958,0.1498,0.1568,0.1806,0.1718,0.1162,0.1883,0.1410,0.1321,0.1761,0.1916,0.1162,0.1545,0.1978,0.1208,0.1917,0.1786,0.1584,0.1901,0.1860,0.1881,0.1633,0.1977,0.1843,IDLE,IDLE,IDLE,IDLE,IDLE,IDLE,IDLE,IDLE,IDLE,IDLE,IDLE,IDLE,IDLE,IDLE,IDLE,IDLE,IDLE,IDLE,IDLE,IDLE,IDLE,IDLE,IDLE,IDLE,IDLE,IDLE,IDLE,IDLE,IDLE,IDLE,IDLE,IDLE,IDLE,IDLE,IDLE,IDLE,IDLE,IDLE,IDLE,IDLE,IDLE,IDLE,IDLE,IDLE,IDLE,IDLE,IDLE,IDLE,IDLE,IDLE
522,2024-01-22 18:00:01,0.00,0.00,0,0.0000,0.0000,0.00,0.9998,0.9999,0.9997,0.9997,0.9998,0.9998,0.9998,0.9997,0.9998,0.9998,0.9999,0.9998,0.9998,0.9999,0.9998,0.9999,0.9998,0.9997,0.9998,0.9998,0.9997,0.9998,0.9999,0.9998,0.9998,0.9999,0.9998,0.9998,0.9998,0.9997,0.9998,0.9998,0.9998,0.9998,0.9998,0.9997,0.9997,0.9998,0.9998,0.9998,0.9998,0.9998,0.9998,0.9998,0.9998,0.9997,0.9999,0.9998,0.9998,0.9999,0.1438,0.1191,0.1865,0.1761,0.1902,0.1870,0.1208,0.1891,0.1883,0.1498,0.1848,0.1325,0.1839,0.1449,0.1993,0.1449,0.1958,0.1884,0.1540,0.1514,0.1877,0.1958,0.1692,0.1584,0.1343,0.1244,0.1958,0.1498,0.1568,0.1806,0.1718,0.1162,0.1883,0.1410,0.1321,0.1761,0.1916,0.1162,0.1545,0.1978,0.1208,0.1917,0.1786,0.1584,0.1901,0.1860,0.1881,0.1633,0.1977,0.1843,IDLE,IDLE,IDLE,IDLE,IDLE,IDLE,IDLE,IDLE,IDLE,IDLE,IDLE,IDLE,IDLE,IDLE,IDLE,IDLE,IDLE,IDLE,IDLE,IDLE,IDLE,IDLE,IDLE,IDLE,IDLE,IDLE,IDLE,IDLE,IDLE,IDLE,IDLE,IDLE,IDLE,IDLE,IDLE,IDLE,IDLE,IDLE,IDLE,IDLE,IDLE,IDLE,IDLE,IDLE,IDLE,IDLE,IDLE,IDLE,IDLE,IDLE
523,2024-01-22 19:00:01,0.00,0.00,0,0.0000,0.0000,0.00,0.9998,0.9999,0.9997,0.9997,0.9998,0.9998,0.9998,0.9997,0.9998,0.9998,0.9999,0.9998,0.9998,0.9999,0.9998,0.9999,0.9998,0.9997,0.9998,0.9998,0.9997,0.9998,0.9999,0.9998,0.9998,0.9999,0.9998,0.9998,0.9998,0.9997,0.9998,0.9998,0.9998,0.9998,0.9998,0.9997,0.9997,0.9998,0.9998,0.9998,0.9998,0.9998,0.9998,0.9998,0.9998,0.9997,0.9999,0.9998,0.9998,0.9999,0.1438,0.1191,0.1865,0.1761,0.1902,0.1870,0.1208,0.1891,0.1883,0.1498,0.1848,0.1325,0.1839,0.1449,0.1993,0.1449,0.1958,0.1884,0.1540,0.1514,0.1877,0.1958,0.1692,0.1584,0.1343,0.1244,0.1958,0.1498,0.1568,0.1806,0.1718,0.1162,0.1883,0.1410,0.1321,0.1761,0.1916,0.1162,0.1545,0.1978,0.1208,0.1917,0.1786,0.1584,0.1901,0.1860,0.1881,0.1633,0.1977,0.1843,IDLE,IDLE,IDLE,IDLE,IDLE,IDLE,IDLE,IDLE,IDLE,IDLE,IDLE,IDLE,IDLE,IDLE,IDLE,IDLE,IDLE,IDLE,IDLE,IDLE,IDLE,IDLE,IDLE,IDLE,IDLE,IDLE,IDLE,IDLE,IDLE,IDLE,IDLE,IDLE,IDLE,IDLE,IDLE,IDLE,IDLE,IDLE,IDLE,IDLE,IDLE,IDLE,IDLE,IDLE,IDLE,IDLE,IDLE,IDLE,IDLE,IDLE
524,2024-01-22 20:00:01,0.00,0.00,0,0.0000,0.0000,0.00,0.9998,0.9999,0.9997,0.9997,0.9998,0.9998,0.9998,0.9997,0.9998,0.9998,0.9999,0.9998,0.9998,0.9999,0.9998,0.9999,0.9998,0.9997,0.9998,0.9998,0.9997,0.9998,0.9999,0.9998,0.9998,0.9999,0.9998,0.9998,0.9998,0.9997,0.9998,0.9998,0.9998,0.9998,0.9998,0.9997,0.9997,0.9998,0.9998,0.9998,0.9998,0.9998,0.9998,0.9998,0.9998,0.9997,0.9999,0.9998,0.9998,0.9999,0.1438,0.1191,0.1865,0.1761,0.1902,0.1870,0.1208,0.1891,0.1883,0.1498,0.1848,0.1325,0.1839,0.1449,0.1993,0.1449,0.1958,0.1884,0.1540,0.1514,0.1877,0.1958,0.1692,0.1584,0.1343,0.1244,0.1958,0.1498,0.1568,0.1806,0.1718,0.1162,0.1883,0.1410,0.1321,0.1761,0.1916,0.1162,0.1545,0.1978,0.1208,0.1917,0.1786,0.1584,0.1901,0.1860,0.1881,0.1633,0.1977,0.1843,IDLE,IDLE,IDLE,IDLE,IDLE,IDLE,IDLE,IDLE,IDLE,IDLE,IDLE,IDLE,IDLE,IDLE,IDLE,IDLE,IDLE,IDLE,IDLE,IDLE,IDLE,IDLE,IDLE,IDLE,IDLE,IDLE,IDLE,IDLE,IDLE,IDLE,IDLE,IDLE,IDLE,IDLE,IDLE,IDLE,IDLE,IDLE,IDLE,IDLE,IDLE,IDLE,IDLE,IDLE,IDLE,IDLE,IDLE,IDLE,IDLE,IDLE
525,2024-01-22 21:00:01,0.00,0.00,0,0.0000,0.0000,0.00,0.9998,0.9999,0.9997,0.9997,0.9998,0.9998,0.9998,0.9997,0.9998,0.9998,0.9999,0.9998,0.9998,0.9999,0.9998,0.9999,0.9998,0.9997,0.9998,0.9998,0.9997,0.9998,0.9999,0.9998,0.9998,0.9999,0.9998,0.9998,0.9998,0.9997,0.9998,0.9998,0.9998,0.9998,0.9998,0.9997,0.9997,0.9998,0.9998,0.9998,0.9998,0.9998,0.9998,0.9998,0.9998,0.9997,0.9999,0.9998,0.9998,0.9999,0.1438,0.1191,0.1865,0.1761,0.1902,0.1870,0.1208,0.1891,0.1883,0.1498,0.1848,0.1325,0.1839,0.1449,0.1993,0.1449,0.1958,0.1884,0.1540,0.1514,0.1877,0.1958,0.1692,0.1584,0.1343,0.1244,0.1958,0.1498,0.1568,0.1806,0.1718,0.1162,0.1883,0.1410,0.1321,0.1761,0.1916,0.1162,0.1545,0.1978,0.1208,0.1917,0.1786,0.1584,0.1901,0.1860,0.1881,0.1633,0.1977,0.1843,IDLE,IDLE,IDLE,IDLE,IDLE,IDLE,IDLE,IDLE,IDLE,IDLE,IDLE,IDLE,IDLE,IDLE,IDLE,IDLE,IDLE,IDLE,IDLE,IDLE,IDLE,IDLE,IDLE,IDLE,IDLE,IDLE,IDLE,IDLE,IDLE,IDLE,IDLE,IDLE,IDLE,IDLE,IDLE,IDLE,IDLE,IDLE,IDLE,IDLE,IDLE,IDLE,IDLE,IDLE,IDLE,IDLE,IDLE,IDLE,IDLE,IDLE
526,2024-01-22 22:00:01,0.00,0.00,0,0.0000,0.0000,0.00,0.9998,0.9999,0.9997,0.9997,0.9998,0.9998,0.9998,0.9997,0.9998,0.9998,0.9999,0.9998,0.9998,0.9999,0.9998,0.9999,0.9998,0.9997,0.9998,0.9998,0.9997,0.9998,0.9999,0.9998,0.9998,0.9999,0.9998,0.9998,0.9998,0.9997,0.9998,0.9998,0.9998,0.9998,0.9998,0.9997,0.9997,0.9998,0.9998,0.9998,0.9998,0.9998,0.9998,0.9998,0.9998,0.9997,0.9999,0.9998,0.9998,0.9999,0.1438,0.1191,0.1865,0.1761,0.1902,0.1870,0.1208,0.1891,0.1883,0.1498,0.1848,0.1325,0.1839,0.1449,0.1993,0.1449,0.1958,0.1884,0.1540,0.1514,0.1877,0.1958,0.1692,0.1584,0.1343,0.1244,0.1958,0.1498,0.1568,0.1806,0.1718,0.1162,0.1883,0.1410,0.1321,0.1761,0.1916,0.1162,0.1545,0.1978,0.1208,0.1917,0.1786,0.1584,0.1901,0.1860,0.1881,0.1633,0.1977,0.1843,IDLE,IDLE,IDLE,IDLE,IDLE,IDLE,IDLE,IDLE,IDLE,IDLE,IDLE,IDLE,IDLE,IDLE,IDLE,IDLE,IDLE,IDLE,IDLE,IDLE,IDLE,IDLE,IDLE,IDLE,IDLE,IDLE,IDLE,IDLE,IDLE,IDLE,IDLE,IDLE,IDLE,IDLE,IDLE,IDLE,IDLE,IDLE,IDLE,IDLE,IDLE,IDLE,IDLE,IDLE,IDLE,IDLE,IDLE,IDLE,IDLE,IDLE
527,2024-01-22 23:00:01,0.00,0.00,0,0.0000,0.0000,0.00,0.9998,0.9999,0.9997,0.9997,0.9998,0.9998,0.9998,0.9997,0.9998,0.9998,0.9999,0.9998,0.9998,0.9999,0.9998,0.9999,0.9998,0.9997,0.9998,0.9998,0.9997,0.9998,0.9999,0.9998,0.9998,0.9999,0.9998,0.9998,0.9998,0.9997,0.9998,0.9998,0.9998,0.9998,0.9998,0.9997,0.9997,0.9998,0.9998,0.9998,0.9998,0.9998,0.9998,0.9998,0.9998,0.9997,0.9999,0.9998,0.9998,0.9999,0.1438,0.1191,0.1865,0.1761,0.1902,0.1870,0.1208,0.1891,0.1883,0.1498,0.1848,0.1325,0.1839,0.1449,0.1993,0.1449,0.1958,0.1884,0.1540,0.1514,0.1877,0.1958,0.1692,0.1584,0.1343,0.1244,0.1958,0.1498,0.1568,0.1806,0.1718,0.1162,0.1883,0.1410,0.1321,0.1761,0.1916,0.1162,0.1545,0.1978,0.1208,0.1917,0.1786,0.1584,0.1901,0.1860,0.1881,0.1633,0.1977,0.1843,IDLE,IDLE,IDLE,IDLE,IDLE,IDLE,IDLE,IDLE,IDLE,IDLE,IDLE,IDLE,IDLE,IDLE,IDLE,IDLE,IDLE,IDLE,IDLE,IDLE,IDLE,IDLE,IDLE,IDLE,IDLE,IDLE,IDLE,IDLE,IDLE,IDLE,IDLE,IDLE,IDLE,IDLE,IDLE,IDLE,IDLE,IDLE,IDLE,IDLE,IDLE,IDLE,IDLE,IDLE,IDLE,IDLE,IDLE,IDLE,IDLE,IDLE
528,2024-01-23 00:00:01,0.00,0.00,0,0.0000,0.0000,0.00,0.9998,0.9999,0.9997,0.9997,0.9998,0.9998,0.9998,0.9997,0.9998,0.9998,0.9999,0.9998,0.9998,0.9999,0.9998,0.9999,0.9998,0.9997,0.9998,0.9998,0.9997,0.9998,0.9999,0.9998,0.9998,0.9999,0.9998,0.9998,0.9998,0.9997,0.9998,0.9998,0.9998,0.9998,0.9998,0.9997,0.9997,0.9998,0.9998,0.9998,0.9998,0.9998,0.9998,0.9998,0.9998,0.9997,0.9999,0.9998,0.9998,0.9999,0.1438,0.1191,0.1865,0.1761,0.1902,0.1870,0.1208,0.1891,0.1883,0.1498,0.1848,0.1325,0.1839,0.1449,0.1993,0.1449,0.1958,0.1884,0.1540,0.1514,0.1877,0.1958,0.1692,0.1584,0.1343,0.1244,0.1958,0.1498,0.1568,0.1806,0.1718,0.1162,0.1883,0.1410,0.1321,0.1761,0.1916,0.1162,0.1545,0.1978,0.1208,0.1917,0.1786,0.1584,0.1901,0.1860,0.1881,0.1633,0.1977,0.1843,IDLE,IDLE,IDLE,IDLE,IDLE,IDLE,IDLE,IDLE,IDLE,IDLE,IDLE,IDLE,IDLE,IDLE,IDLE,IDLE,IDLE,IDLE,IDLE,IDLE,IDLE,IDLE,IDLE,IDLE,IDLE,IDLE,IDLE,IDLE,IDLE,IDLE,IDLE,IDLE,IDLE,IDLE,IDLE,IDLE,IDLE,IDLE,IDLE,IDLE,IDLE,IDLE,IDLE,IDLE,IDLE,IDLE,IDLE,IDLE,IDLE,IDLE
529,2024-01-23 01:00:01,0.00,0.00,0,0.0000,0.0000,0.00,0.9998,0.9999,0.9997,0.9997,0.9998,0.9998,0.9998,0.9997,0.9998,0.9998,0.9999,0.9998,0.9998,0.9999,0.9998,0.9999,0.9998,0.9997,0.9998,0.9998,0.9997,0.9998,0.9999,0.9998,0.9998,0.9999,0.9998,0.9998,0.9998,0.9997,0.9998,0.9998,0.9998,0.9998,0.9998,0.9997,0.9997,0.9998,0.9998,0.9998,0.9998,0.9998,0.9998,0.9998,0.9998,0.9997,0.9999,0.9998,0.9998,0.9999,0.1438,0.1191,0.1865,0.1761,0.1902,0.1870,0.1208,0.1891,0.1883,0.1498,0.1848,0.1325,0.1839,0.1449,0.1993,0.1449,0.1958,0.1884,0.1540,0.1514,0.1877,0.1958,0.1692,0.1584,0.1343,0.1244,0.1958,0.1498,0.1568,0.1806,0.1718,0.1162,0.1883,0.1410,0.1321,0.1761,0.1916,0.1162,0.1545,0.1978,0.1208,0.1917,0.1786,0.1584,0.1901,0.1860,0.1881,0.1633,0.1977,0.1843,IDLE,IDLE,IDLE,IDLE,IDLE,IDLE,IDLE,IDLE,IDLE,IDLE,IDLE,IDLE,IDLE,IDLE,IDLE,IDLE,IDLE,IDLE,IDLE,IDLE,IDLE,IDLE,IDLE,IDLE,IDLE,IDLE,IDLE,IDLE,IDLE,IDLE,IDLE,IDLE,IDLE,IDLE,IDLE,IDLE,IDLE,IDLE,IDLE,IDLE,IDLE,IDLE,IDLE,IDLE,IDLE,IDLE,IDLE,IDLE,IDLE,IDLE
530,2024-01-23 02:00:01,0.00,0.00,0,0.0000,0.0000,0.00,0.9998,0.9999,0.9997,0.9997,0.9998,0.9998,0.9998,0.9997,0.9998,0.9998,0.9999,0.9998,0.9998,0.9999,0.9998,0.9999,0.9998,0.9997,0.9998,0.9998,0.9997,0.9998,0.9999,0.9998,0.9998,0.9999,0.9998,0.9998,0.9998,0.9997,0.9998,0.9998,0.9998,0.9998,0.9998,0.9997,0.9997,0.9998,0.9998,0.9998,0.9998,0.9998,0.9998,0.9998,0.9998,0.9997,0.9999,0.9998,0.9998,0.9999,0.1438,0.1191,0.1865,0.1761,0.1902,0.1870,0.1208,0.1891,0.1883,0.1498,0.1848,0.1325,0.1839,0.1449,0.1993,0.1449,0.1958,0.1884,0.1540,0.1514,0.1877,0.1958,0.1692,0.1584,0.1343,0.1244,0.1958,0.1498,0.1568,0.1806,0.1718,0.1162,0.1883,0.1410,0.1321,0.1761,0.1916,0.1162,0.1545,0.1978,0.1208,0.1917,0.1786,0.1584,0.1901,0.1860,0.1881,0.1633,0.1977,0.1843,IDLE,IDLE,IDLE,IDLE,IDLE,IDLE,IDLE,IDLE,IDLE,IDLE,IDLE,IDLE,IDLE,IDLE,IDLE,IDLE,IDLE,IDLE,IDLE,IDLE,IDLE,IDLE,IDLE,IDLE,IDLE,IDLE,IDLE,IDLE,IDLE,IDLE,IDLE,IDLE,IDLE,IDLE,IDLE,IDLE,IDLE,IDLE,IDLE,IDLE,IDLE,IDLE,IDLE,IDLE,IDLE,IDLE,IDLE,IDLE,IDLE,IDLE
531,2024-01-23 03:00:01,0.00,0.00,0,0.0000,0.0000,0.00,0.9998,0.9999,0.9997,0.9997,0.9998,0.9998,0.9998,0.9997,0.9998,0.9998,0.9999,0.9998,0.9998,0.9999,0.9998,0.9999,0.9998,0.9997,0.9998,0.9998,0.9997,0.9998,0.9999,0.9998,0.9998,0.9999,0.9998,0.9998,0.9998,0.9997,0.9998,0.9998,0.9998,0.9998,0.9998,0.9997,0.9997,0.9998,0.9998,0.9998,0.9998,0.9998,0.9998,0.9998,0.9998,0.9997,0.9999,0.9998,0.9998,0.9999,0.1438,0.1191,0.1865,0.1761,0.1902,0.1870,0.1208,0.1891,0.1883,0.1498,0.1848,0.1325,0.1839,0.1449,0.1993,0.1449,0.1958,0.1884,0.1540,0.1514,0.1877,0.1958,0.1692,0.1584,0.1343,0.1244,0.1958,0.1498,0.1568,0.1806,0.1718,0.1162,0.1883,0.1410,0.1321,0.1761,0.1916,0.1162,0.1545,0.1978,0.1208,0.1917,0.1786,0.1584,0.1901,0.1860,0.1881,0.1633,0.1977,0.1843,IDLE,IDLE,IDLE,IDLE,IDLE,IDLE,IDLE,IDLE,IDLE,IDLE,IDLE,IDLE,IDLE,IDLE,IDLE,IDLE,IDLE,IDLE,IDLE,IDLE,IDLE,IDLE,IDLE,IDLE,IDLE,IDLE,IDLE,IDLE,IDLE,IDLE,IDLE,IDLE,IDLE,IDLE,IDLE,IDLE,IDLE,IDLE,IDLE,IDLE,IDLE,IDLE,IDLE,IDLE,IDLE,IDLE,IDLE,IDLE,IDLE,IDLE
532,2024-01-23 04:00:01,0.00,0.00,0,0.0000,0.0000,0.00,0.9998,0.9999,0.9997,0.9997,0.9998,0.9998,0.9998,0.9997,0.9998,0.9998,0.9999,0.9998,0.9998,0.9999,0.9998,0.9999,0.9998,0.9997,0.9998,0.9998,0.9997,0.9998,0.9999,0.9998,0.9998,0.9999,0.9998,0.9998,0.9998,0.9997,0.9998,0.9998,0.9998,0.9998,0.9998,0.9997,0.9997,0.9998,0.9998,0.9998,0.9998,0.9998,0.9998,0.9998,0.9998,0.9997,0.9999,0.9998,0.9998,0.9999,0.1438,0.1191,0.1865,0.1761,0.1902,0.1870,0.1208,0.1891,0.1883,0.1498,0.1848,0.1325,0.1839,0.1449,0.1993,0.1449,0.1958,0.1884,0.1540,0.1514,0.1877,0.1958,0.1692,0.1584,0.1343,0.1244,0.1958,0.1498,0.1568,0.1806,0.1718,0.1162,0.1883,0.1410,0.1321,0.1761,0.1916,0.1162,0.1545,0.1978,0.1208,0.1917,0.1786,0.1584,0.1901,0.1860,0.1881,0.1633,0.1977,0.1843,IDLE,IDLE,IDLE,IDLE,IDLE,IDLE,IDLE,IDLE,IDLE,IDLE,IDLE,IDLE,IDLE,IDLE,IDLE,IDLE,IDLE,IDLE,IDLE,IDLE,IDLE,IDLE,IDLE,IDLE,IDLE,IDLE,IDLE,IDLE,IDLE,IDLE,IDLE,IDLE,IDLE,IDLE,IDLE,IDLE,IDLE,IDLE,IDLE,IDLE,IDLE,IDLE,IDLE,IDLE,IDLE,IDLE,IDLE,IDLE,IDLE,IDLE
533,2024-01-23 05:00:01,0.00,0.00,0,0.0000,0.0000,0.00,0.9998,0.9999,0.9997,0.9997,0.9998,0.9998,0.9998,0.9997,0.9998,0.9998,0.9999,0.9998,0.9998,0.9999,0.9998,0.9999,0.9998,0.9997,0.9998,0.9998,0.9997,0.9998,0.9999,0.9998,0.9998,0.9999,0.9998,0.9998,0.9998,0.9997,0.9998,0.9998,0.9998,0.9998,0.9998,0.9997,0.9997,0.9998,0.9998,0.9998,0.9998,0.9998,0.9998,0.9998,0.9998,0.9997,0.9999,0.9998,0.9998,0.9999,0.1438,0.1191,0.1865,0.1761,0.1902,0.1870,0.1208,0.1891,0.1883,0.1498,0.1848,0.1325,0.1839,0.1449,0.1993,0.1449,0.1958,0.1884,0.1540,0.1514,0.1877,0.1958,0.1692,0.1584,0.1343,0.1244,0.1958,0.1498,0.1568,0.1806,0.1718,0.1162,0.1883,0.1410,0.1321,0.1761,0.1916,0.1162,0.1545,0.1978,0.1208,0.1917,0.1786,0.1584,0.1901,0.1860,0.1881,0.1633,0.1977,0.1843,IDLE,IDLE,IDLE,IDLE,IDLE,IDLE,IDLE,IDLE,IDLE,IDLE,IDLE,IDLE,IDLE,IDLE,IDLE,IDLE,IDLE,IDLE,IDLE,IDLE,IDLE,IDLE,IDLE,IDLE,IDLE,IDLE,IDLE,IDLE,IDLE,IDLE,IDLE,IDLE,IDLE,IDLE,IDLE,IDLE,IDLE,IDLE,IDLE,IDLE,IDLE,IDLE,IDLE,IDLE,IDLE,IDLE,IDLE,IDLE,IDLE,IDLE
534,2024-01-23 06:00:01,0.00,0.00,0,0.0000,0.0000,0.00,0.9998,0.9999,0.9997,0.9997,0.9998,0.9998,0.9998,0.9997,0.9998,0.9998,0.9999,0.9998,0.9998,0.9999,0.9998,0.9999,0.9998,0.9997,0.9998,0.9998,0.9997,0.9998,0.9999,0.9998,0.9998,0.9999,0.9998,0.9998,0.9998,0.9997,0.9998,0.9998,0.9998,0.9998,0.9998,0.9997,0.9997,0.9998,0.9998,0.9998,0.9998,0.9998,0.9998,0.9998,0.9998,0.9997,0.9999,0.9998,0.9998,0.9999,0.1438,0.1191,0.1865,0.1761,0.1902,0.1870,0.1208,0.1891,0.1883,0.1498,0.1848,0.1325,0.1839,0.1449,0.1993,0.1449,0.1958,0.1884,0.1540,0.1514,0.1877,0.1958,0.1692,0.1584,0.1343,0.1244,0.1958,0.1498,0.1568,0.1806,0.1718,0.1162,0.1883,0.1410,0.1321,0.1761,0.1916,0.1162,0.1545,0.1978,0.1208,0.1917,0.1786,0.1584,0.1901,0.1860,0.1881,0.1633,0.1977,0.1843,IDLE,IDLE,IDLE,IDLE,IDLE,IDLE,IDLE,IDLE,IDLE,IDLE,IDLE,IDLE,IDLE,IDLE,IDLE,IDLE,IDLE,IDLE,IDLE,IDLE,IDLE,IDLE,IDLE,IDLE,IDLE,IDLE,IDLE,IDLE,IDLE,IDLE,IDLE,IDLE,IDLE,IDLE,IDLE,IDLE,IDLE,IDLE,IDLE,IDLE,IDLE,IDLE,IDLE,IDLE,IDLE,IDLE,IDLE,IDLE,IDLE,IDLE
535,2024-01-23 07:00:01,0.00,0.00,0,0.0000,0.0000,0.00,0.9998,0.9999,0.9997,0.9997,0.9998,0.9998,0.9998,0.9997,0.9998,0.9998,0.9999,0.9998,0.9998,0.9999,0.9998,0.9999,0.9998,0.9997,0.9998,0.9998,0.9997,0.9998,0.9999,0.9998,0.9998,0.9999,0.9998,0.9998,0.9998,0.9997,0.9998,0.9998,0.9998,0.9998,0.9998,0.9997,0.9997,0.9998,0.9998,0.9998,0.9998,0.9998,0.9998,0.9998,0.9998,0.9997,0.9999,0.9998,0.9998,0.9999,0.1438,0.1191,0.1865,0.1761,0.1902,0.1870,0.1208,0.1891,0.1883,0.1498,0.1848,0.1325,0.1839,0.1449,0.1993,0.1449,0.1958,0.1884,0.1540,0.1514,0.1877,0.1958,0.1692,0.1584,0.1343,0.1244,0.1958,0.1498,0.1568,0.1806,0.1718,0.1162,0.1883,0.1410,0.1321,0.1761,0.1916,0.1162,0.1545,0.1978,0.1208,0.1917,0.1786,0.1584,0.1901,0.1860,0.1881,0.1633,0.1977,0.1843,IDLE,IDLE,IDLE,IDLE,IDLE,IDLE,IDLE,IDLE,IDLE,IDLE,IDLE,IDLE,IDLE,IDLE,IDLE,IDLE,IDLE,IDLE,IDLE,IDLE,IDLE,IDLE,IDLE,IDLE,IDLE,IDLE,IDLE,IDLE,IDLE,IDLE,IDLE,IDLE,IDLE,IDLE,IDLE,IDLE,IDLE,IDLE,IDLE,IDLE,IDLE,IDLE,IDLE,IDLE,IDLE,IDLE,IDLE,IDLE,IDLE,IDLE
536,2024-01-23 08:00:01,0.00,0.00,0,0.0000,0.0000,0.00,0.9998,0.9999,0.9997,0.9997,0.9998,0.9998,0.9998,0.9997,0.9998,0.9998,0.9999,0.9998,0.9998,0.9999,0.9998,0.9999,0.9998,0.9997,0.9998,0.9998,0.9997,0.9998,0.9999,0.9998,0.9998,0.9999,0.9998,0.9998,0.9998,0.9997,0.9998,0.9998,0.9998,0.9998,0.9998,0.9997,0.9997,0.9998,0.9998,0.9998,0.9998,0.9998,0.9998,0.9998,0.9998,0.9997,0.9999,0.9998,0.9998,0.9999,0.1438,0.1191,0.1865,0.1761,0.1902,0.1870,0.1208,0.1891,0.1883,0.1498,0.1848,0.1325,0.1839,0.1449,0.1993,0.1449,0.1958,0.1884,0.1540,0.1514,0.1877,0.1958,0.1692,0.1584,0.1343,0.1244,0.1958,0.1498,0.1568,0.1806,0.1718,0.1162,0.1883,0.1410,0.1321,0.1761,0.1916,0.1162,0.1545,0.1978,0.1208,0.1917,0.1786,0.1584,0.1901,0.1860,0.1881,0.1633,0.1977,0.1843,IDLE,IDLE,IDLE,IDLE,IDLE,IDLE,IDLE,IDLE,IDLE,IDLE,IDLE,IDLE,IDLE,IDLE,IDLE,IDLE,IDLE,IDLE,IDLE,IDLE,IDLE,IDLE,IDLE,IDLE,IDLE,IDLE,IDLE,IDLE,IDLE,IDLE,IDLE,IDLE,IDLE,IDLE,IDLE,IDLE,IDLE,IDLE,IDLE,IDLE,IDLE,IDLE,IDLE,IDLE,IDLE,IDLE,IDLE,IDLE,IDLE,IDLE
537,2024-01-23 09:00:01,0.00,0.00,0,0.0000,0.0000,0.00,0.9998,0.9999,0.9997,0.9997,0.9998,0.9998,0.9998,0.9997,0.9998,0.9998,0.9999,0.9998,0.9998,0.9999,0.9998,0.9999,0.9998,0.9997,0.9998,0.9998,0.9997,0.9998,0.9999,0.9998,0.9998,0.9999,0.9998,0.9998,0.9998,0.9997,0.9998,0.9998,0.9998,0.9998,0.9998,0.9997,0.9997,0.9998,0.9998,0.9998,0.9998,0.9998,0.9998,0.9998,0.9998,0.9997,0.9999,0.9998,0.9998,0.9999,0.1438,0.1191,0.1865,0.1761,0.1902,0.1870,0.1208,0.1891,0.1883,0.1498,0.1848,0.1325,0.1839,0.1449,0.1993,0.1449,0.1958,0.1884,0.1540,0.1514,0.1877,0.1958,0.1692,0.1584,0.1343,0.1244,0.1958,0.1498,0.1568,0.1806,0.1718,0.1162,0.1883,0.1410,0.1321,0.1761,0.1916,0.1162,0.1545,0.1978,0.1208,0.1917,0.1786,0.1584,0.1901,0.1860,0.1881,0.1633,0.1977,0.1843,IDLE,IDLE,IDLE,IDLE,IDLE,IDLE,IDLE,IDLE,IDLE,IDLE,IDLE,IDLE,IDLE,IDLE,IDLE,IDLE,IDLE,IDLE,IDLE,IDLE,IDLE,IDLE,IDLE,IDLE,IDLE,IDLE,IDLE,IDLE,IDLE,IDLE,IDLE,IDLE,IDLE,IDLE,IDLE,IDLE,IDLE,IDLE,IDLE,IDLE,IDLE,IDLE,IDLE,IDLE,IDLE,IDLE,IDLE,IDLE,IDLE,IDLE
538,2024-01-23 10:00:01,0.00,0.00,0,0.0000,0.0000,0.00,0.9998,0.9999,0.9997,0.9997,0.9998,0.9998,0.9998,0.9997,0.9998,0.9998,0.9999,0.9998,0.9998,0.9999,0.9998,0.9999,0.9998,0.9997,0.9998,0.9998,0.9997,0.9998,0.9999,0.9998,0.9998,0.9999,0.9998,0.9998,0.9998,0.9997,0.9998,0.9998,0.9998,0.9998,0.9998,0.9997,0.9997,0.9998,0.9998,0.9998,0.9998,0.9998,0.9998,0.9998,0.9998,0.9997,0.9999,0.9998,0.9998,0.9999,0.1438,0.1191,0.1865,0.1761,0.1902,0.1870,0.1208,0.1891,0.1883,0.1498,0.1848,0.1325,0.1839,0.1449,0.1993,0.1449,0.1958,0.1884,0.1540,0.1514,0.1877,0.1958,0.1692,0.1584,0.1343,0.1244,0.1958,0.1498,0.1568,0.1806,0.1718,0.1162,0.1883,0.1410,0.1321,0.1761,0.1916,0.1162,0.1545,0.1978,0.1208,0.1917,0.1786,0.1584,0.1901,0.1860,0.1881,0.1633,0.1977,0.1843,IDLE,IDLE,IDLE,IDLE,IDLE,IDLE,IDLE,IDLE,IDLE,IDLE,IDLE,IDLE,IDLE,IDLE,IDLE,IDLE,IDLE,IDLE,IDLE,IDLE,IDLE,IDLE,IDLE,IDLE,IDLE,IDLE,IDLE,IDLE,IDLE,IDLE,IDLE,IDLE,IDLE,IDLE,IDLE,IDLE,IDLE,IDLE,IDLE,IDLE,IDLE,IDLE,IDLE,IDLE,IDLE,IDLE,IDLE,IDLE,IDLE,IDLE
539,2024-01-23 11:00:01,0.00,0.00,0,0.0000,0.0000,0.00,0.9998,0.9999,0.9997,0.9997,0.9998,0.9998,0.9998,0.9997,0.9998,0.9998,0.9999,0.9998,0.9998,0.9999,0.9998,0.9999,0.9998,0.9997,0.9998,0.9998,0.9997,0.9998,0.9999,0.9998,0.9998,0.9999,0.9998,0.9998,0.9998,0.9997,0.9998,0.9998,0.9998,0.9998,0.9998,0.9997,0.9997,0.9998,0.9998,0.9998,0.9998,0.9998,0.9998,0.9998,0.9998,0.9997,0.9999,0.9998,0.9998,0.9999,0.1438,0.1191,0.1865,0.1761,0.1902,0.1870,0.1208,0.1891,0.1883,0.1498,0.1848,0.1325,0.1839,0.1449,0.1993,0.1449,0.1958,0.1884,0.1540,0.1514,0.1877,0.1958,0.1692,0.1584,0.1343,0.1244,0.1958,0.1498,0.1568,0.1806,0.1718,0.1162,0.1883,0.1410,0.1321,0.1761,0.1916,0.1162,0.1545,0.1978,0.1208,0.1917,0.1786,0.1584,0.1901,0.1860,0.1881,0.1633,0.1977,0.1843,IDLE,IDLE,IDLE,IDLE,IDLE,IDLE,IDLE,IDLE,IDLE,IDLE,IDLE,IDLE,IDLE,IDLE,IDLE,IDLE,IDLE,IDLE,IDLE,IDLE,IDLE,IDLE,IDLE,IDLE,IDLE,IDLE,IDLE,IDLE,IDLE,IDLE,IDLE,IDLE,IDLE,IDLE,IDLE,IDLE,IDLE,IDLE,IDLE,IDLE,IDLE,IDLE,IDLE,IDLE,IDLE,IDLE,IDLE,IDLE,IDLE,IDLE
540,2024-01-23 12:00:01,0.00,0.00,0,0.0000,0.0000,0.00,0.9998,0.9999,0.9997,0.9997,0.9998,0.9998,0.9998,0.9997,0.9998,0.9998,0.9999,0.9998,0.9998,0.9999,0.9998,0.9999,0.9998,0.9997,0.9998,0.9998,0.9997,0.9998,0.9999,0.9998,0.9998,0.9999,0.9998,0.9998,0.9998,0.9997,0.9998,0.9998,0.9998,0.9998,0.9998,0.9997,0.9997,0.9998,0.9998,0.9998,0.9998,0.9998,0.9998,0.9998,0.9998,0.9997,0.9999,0.9998,0.9998,0.9999,0.1438,0.1191,0.1865,0.1761,0.1902,0.1870,0.1208,0.1891,0.1883,0.1498,0.1848,0.1325,0.1839,0.1449,0.1993,0.1449,0.1958,0.1884,0.1540,0.1514,0.1877,0.1958,0.1692,0.1584,0.1343,0.1244,0.1958,0.1498,0.1568,0.1806,0.1718,0.1162,0.1883,0.1410,0.1321,0.1761,0.1916,0.1162,0.1545,0.1978,0.1208,0.1917,0.1786,0.1584,0.1901,0.1860,0.1881,0.1633,0.1977,0.1843,IDLE,IDLE,IDLE,IDLE,IDLE,IDLE,IDLE,IDLE,IDLE,IDLE,IDLE,IDLE,IDLE,IDLE,IDLE,IDLE,IDLE,IDLE,IDLE,IDLE,IDLE,IDLE,IDLE,IDLE,IDLE,IDLE,IDLE,IDLE,IDLE,IDLE,IDLE,IDLE,IDLE,IDLE,IDLE,IDLE,IDLE,IDLE,IDLE,IDLE,IDLE,IDLE,IDLE,IDLE,IDLE,IDLE,IDLE,IDLE,IDLE,IDLE
541,2024-01-23 13:00:01,0.00,0.00,0,0.0000,0.0000,0.00,0.9998,0.9999,0.9997,0.9997,0.9998,0.9998,0.9998,0.9997,0.9998,0.9998,0.9999,0.9998,0.9998,0.9999,0.9998,0.9999,0.9998,0.9997,0.9998,0.9998,0.9997,0.9998,0.9999,0.9998,0.9998,0.9999,0.9998,0.9998,0.9998,0.9997,0.9998,0.9998,0.9998,0.9998,0.9998,0.9997,0.9997,0.9998,0.9998,0.9998,0.9998,0.9998,0.9998,0.9998,0.9998,0.9997,0.9999,0.9998,0.9998,0.9999,0.1438,0.1191,0.1865,0.1761,0.1902,0.1870,0.1208,0.1891,0.1883,0.1498,0.1848,0.1325,0.1839,0.1449,0.1993,0.1449,0.1958,0.1884,0.1540,0.1514,0.1877,0.1958,0.1692,0.1584,0.1343,0.1244,0.1958,0.1498,0.1568,0.1806,0.1718,0.1162,0.1883,0.1410,0.1321,0.1761,0.1916,0.1162,0.1545,0.1978,0.1208,0.1917,0.1786,0.1584,0.1901,0.1860,0.1881,0.1633,0.1977,0.1843,IDLE,IDLE,IDLE,IDLE,IDLE,IDLE,IDLE,IDLE,IDLE,IDLE,IDLE,IDLE,IDLE,IDLE,IDLE,IDLE,IDLE,IDLE,IDLE,IDLE,IDLE,IDLE,IDLE,IDLE,IDLE,IDLE,IDLE,IDLE,IDLE,IDLE,IDLE,IDLE,IDLE,IDLE,IDLE,IDLE,IDLE,IDLE,IDLE,IDLE,IDLE,IDLE,IDLE,IDLE,IDLE,IDLE,IDLE,IDLE,IDLE,IDLE
542,2024-01-23 14:00:01,0.00,0.00,0,0.0000,0.0000,0.00,0.9998,0.9999,0.9997,0.9997,0.9998,0.9998,0.9998,0.9997,0.9998,0.9998,0.9999,0.9998,0.9998,0.9999,0.9998,0.9999,0.9998,0.9997,0.9998,0.9998,0.9997,0.9998,0.9999,0.9998,0.9998,0.9999,0.9998,0.9998,0.9998,0.9997,0.9998,0.9998,0.9998,0.9998,0.9998,0.9997,0.9997,0.9998,0.9998,0.9998,0.9998,0.9998,0.9998,0.9998,0.9998,0.9997,0.9999,0.9998,0.9998,0.9999,0.1438,0.1191,0.1865,0.1761,0.1902,0.1870,0.1208,0.1891,0.1883,0.1498,0.1848,0.1325,0.1839,0.1449,0.1993,0.1449,0.1958,0.1884,0.1540,0.1514,0.1877,0.1958,0.1692,0.1584,0.1343,0.1244,0.1958,0.1498,0.1568,0.1806,0.1718,0.1162,0.1883,0.1410,0.1321,0.1761,0.1916,0.1162,0.1545,0.1978,0.1208,0.1917,0.1786,0.1584,0.1901,0.1860,0.1881,0.1633,0.1977,0.1843,IDLE,IDLE,IDLE,IDLE,IDLE,IDLE,IDLE,IDLE,IDLE,IDLE,IDLE,IDLE,IDLE,IDLE,IDLE,IDLE,IDLE,IDLE,IDLE,IDLE,IDLE,IDLE,IDLE,IDLE,IDLE,IDLE,IDLE,IDLE,IDLE,IDLE,IDLE,IDLE,IDLE,IDLE,IDLE,IDLE,IDLE,IDLE,IDLE,IDLE,IDLE,IDLE,IDLE,IDLE,IDLE,IDLE,IDLE,IDLE,IDLE,IDLE
543,2024-01-23 15:00:01,0.00,0.00,0,0.0000,0.0000,0.00,0.9998,0.9999,0.9997,0.9997,0.9998,0.9998,0.9998,0.9997,0.9998,0.9998,0.9999,0.9998,0.9998,0.9999,0.9998,0.9999,0.9998,0.9997,0.9998,0.9998,0.9997,0.9998,0.9999,0.9998,0.9998,0.9999,0.9998,0.9998,0.9998,0.9997,0.9998,0.9998,0.9998,0.9998,0.9998,0.9997,0.9997,0.9998,0.9998,0.9998,0.9998,0.9998,0.9998,0.9998,0.9998,0.9997,0.9999,0.9998,0.9998,0.9999,0.1438,0.1191,0.1865,0.1761,0.1902,0.1870,0.1208,0.1891,0.1883,0.1498,0.1848,0.1325,0.1839,0.1449,0.1993,0.1449,0.1958,0.1884,0.1540,0.1514,0.1877,0.1958,0.1692,0.1584,0.1343,0.1244,0.1958,0.1498,0.1568,0.1806,0.1718,0.1162,0.1883,0.1410,0.1321,0.1761,0.1916,0.1162,0.1545,0.1978,0.1208,0.1917,0.1786,0.1584,0.1901,0.1860,0.1881,0.1633,0.1977,0.1843,IDLE,IDLE,IDLE,IDLE,IDLE,IDLE,IDLE,IDLE,IDLE,IDLE,IDLE,IDLE,IDLE,IDLE,IDLE,IDLE,IDLE,IDLE,IDLE,IDLE,IDLE,IDLE,IDLE,IDLE,IDLE,IDLE,IDLE,IDLE,IDLE,IDLE,IDLE,IDLE,IDLE,IDLE,IDLE,IDLE,IDLE,IDLE,IDLE,IDLE,IDLE,IDLE,IDLE,IDLE,IDLE,IDLE,IDLE,IDLE,IDLE,IDLE
544,2024-01-23 16:00:01,0.00,0.00,0,0.0000,0.0000,0.00,0.9998,0.9999,0.9997,0.9997,0.9998,0.9998,0.9998,0.9997,0.9998,0.9998,0.9999,0.9998,0.9998,0.9999,0.9998,0.9999,0.9998,0.9997,0.9998,0.9998,0.9997,0.9998,0.9999,0.9998,0.9998,0.9999,0.9998,0.9998,0.9998,0.9997,0.9998,0.9998,0.9998,0.9998,0.9998,0.9997,0.9997,0.9998,0.9998,0.9998,0.9998,0.9998,0.9998,0.9998,0.9998,0.9997,0.9999,0.9998,0.9998,0.9999,0.1438,0.1191,0.1865,0.1761,0.1902,0.1870,0.1208,0.1891,0.1883,0.1498,0.1848,0.1325,0.1839,0.1449,0.1993,0.1449,0.1958,0.1884,0.1540,0.1514,0.1877,0.1958,0.1692,0.1584,0.1343,0.1244,0.1958,0.1498,0.1568,0.1806,0.1718,0.1162,0.1883,0.1410,0.1321,0.1761,0.1916,0.1162,0.1545,0.1978,0.1208,0.1917,0.1786,0.1584,0.1901,0.1860,0.1881,0.1633,0.1977,0.1843,IDLE,IDLE,IDLE,IDLE,IDLE,IDLE,IDLE,IDLE,IDLE,IDLE,IDLE,IDLE,IDLE,IDLE,IDLE,IDLE,IDLE,IDLE,IDLE,IDLE,IDLE,IDLE,IDLE,IDLE,IDLE,IDLE,IDLE,IDLE,IDLE,IDLE,IDLE,IDLE,IDLE,IDLE,IDLE,IDLE,IDLE,IDLE,IDLE,IDLE,IDLE,IDLE,IDLE,IDLE,IDLE,IDLE,IDLE,IDLE,IDLE,IDLE
545,2024-01-23 17:00:01,0.00,0.00,0,0.0000,0.0000,0.00,0.9998,0.9999,0.9997,0.9997,0.9998,0.9998,0.9998,0.9997,0.9998,0.9998,0.9999,0.9998,0.9998,0.9999,0.9998,0.9999,0.9998,0.9997,0.9998,0.9998,0.9997,0.9998,0.9999,0.9998,0.9998,0.9999,0.9998,0.9998,0.9998,0.9997,0.9998,0.9998,0.9998,0.9998,0.9998,0.9997,0.9997,0.9998,0.9998,0.9998,0.9998,0.9998,0.9998,0.9998,0.9998,0.9997,0.9999,0.9998,0.9998,0.9999,0.1438,0.1191,0.1865,0.1761,0.1902,0.1870,0.1208,0.1891,0.1883,0.1498,0.1848,0.1325,0.1839,0.1449,0.1993,0.1449,0.1958,0.1884,0.1540,0.1514,0.1877,0.1958,0.1692,0.1584,0.1343,0.1244,0.1958,0.1498,0.1568,0.1806,0.1718,0.1162,0.1883,0.1410,0.1321,0.1761,0.1916,0.1162,0.1545,0.1978,0.1208,0.1917,0.1786,0.1584,0.1901,0.1860,0.1881,0.1633,0.1977,0.1843,IDLE,IDLE,IDLE,IDLE,IDLE,IDLE,IDLE,IDLE,IDLE,IDLE,IDLE,IDLE,IDLE,IDLE,IDLE,IDLE,IDLE,IDLE,IDLE,IDLE,IDLE,IDLE,IDLE,IDLE,IDLE,IDLE,IDLE,IDLE,IDLE,IDLE,IDLE,IDLE,IDLE,IDLE,IDLE,IDLE,IDLE,IDLE,IDLE,IDLE,IDLE,IDLE,IDLE,IDLE,IDLE,IDLE,IDLE,IDLE,IDLE,IDLE
546,2024-01-23 18:00:01,0.00,0.00,0,0.0000,0.0000,0.00,0.9998,0.9999,0.9997,0.9997,0.9998,0.9998,0.9998,0.9997,0.9998,0.9998,0.9999,0.9998,0.9998,0.9999,0.9998,0.9999,0.9998,0.9997,0.9998,0.9998,0.9997,0.9998,0.9999,0.9998,0.9998,0.9999,0.9998,0.9998,0.9998,0.9997,0.9998,0.9998,0.9998,0.9998,0.9998,0.9997,0.9997,0.9998,0.9998,0.9998,0.9998,0.9998,0.9998,0.9998,0.9998,0.9997,0.9999,0.9998,0.9998,0.9999,0.1438,0.1191,0.1865,0.1761,0.1902,0.1870,0.1208,0.1891,0.1883,0.1498,0.1848,0.1325,0.1839,0.1449,0.1993,0.1449,0.1958,0.1884,0.1540,0.1514,0.1877,0.1958,0.1692,0.1584,0.1343,0.1244,0.1958,0.1498,0.1568,0.1806,0.1718,0.1162,0.1883,0.1410,0.1321,0.1761,0.1916,0.1162,0.1545,0.1978,0.1208,0.1917,0.1786,0.1584,0.1901,0.1860,0.1881,0.1633,0.1977,0.1843,IDLE,IDLE,IDLE,IDLE,IDLE,IDLE,IDLE,IDLE,IDLE,IDLE,IDLE,IDLE,IDLE,IDLE,IDLE,IDLE,IDLE,IDLE,IDLE,IDLE,IDLE,IDLE,IDLE,IDLE,IDLE,IDLE,IDLE,IDLE,IDLE,IDLE,IDLE,IDLE,IDLE,IDLE,IDLE,IDLE,IDLE,IDLE,IDLE,IDLE,IDLE,IDLE,IDLE,IDLE,IDLE,IDLE,IDLE,IDLE,IDLE,IDLE
547,2024-01-23 19:00:01,0.00,0.00,0,0.0000,0.0000,0.00,0.9998,0.9999,0.9997,0.9997,0.9998,0.9998,0.9998,0.9997,0.9998,0.9998,0.9999,0.9998,0.9998,0.9999,0.9998,0.9999,0.9998,0.9997,0.9998,0.9998,0.9997,0.9998,0.9999,0.9998,0.9998,0.9999,0.9998,0.9998,0.9998,0.9997,0.9998,0.9998,0.9998,0.9998,0.9998,0.9997,0.9997,0.9998,0.9998,0.9998,0.9998,0.9998,0.9998,0.9998,0.9998,0.9997,0.9999,0.9998,0.9998,0.9999,0.1438,0.1191,0.1865,0.1761,0.1902,0.1870,0.1208,0.1891,0.1883,0.1498,0.1848,0.1325,0.1839,0.1449,0.1993,0.1449,0.1958,0.1884,0.1540,0.1514,0.1877,0.1958,0.1692,0.1584,0.1343,0.1244,0.1958,0.1498,0.1568,0.1806,0.1718,0.1162,0.1883,0.1410,0.1321,0.1761,0.1916,0.1162,0.1545,0.1978,0.1208,0.1917,0.1786,0.1584,0.1901,0.1860,0.1881,0.1633,0.1977,0.1843,IDLE,IDLE,IDLE,IDLE,IDLE,IDLE,IDLE,IDLE,IDLE,IDLE,IDLE,IDLE,IDLE,IDLE,IDLE,IDLE,IDLE,IDLE,IDLE,IDLE,IDLE,IDLE,IDLE,IDLE,IDLE,IDLE,IDLE,IDLE,IDLE,IDLE,IDLE,IDLE,IDLE,IDLE,IDLE,IDLE,IDLE,IDLE,IDLE,IDLE,IDLE,IDLE,IDLE,IDLE,IDLE,IDLE,IDLE,IDLE,IDLE,IDLE
548,2024-01-23 20:00:01,0.00,0.00,0,0.0000,0.0000,0.00,0.9998,0.9999,0.9997,0.9997,0.9998,0.9998,0.9998,0.9997,0.9998,0.9998,0.9999,0.9998,0.9998,0.9999,0.9998,0.9999,0.9998,0.9997,0.9998,0.9998,0.9997,0.9998,0.9999,0.9998,0.9998,0.9999,0.9998,0.9998,0.9998,0.9997,0.9998,0.9998,0.9998,0.9998,0.9998,0.9997,0.9997,0.9998,0.9998,0.9998,0.9998,0.9998,0.9998,0.9998,0.9998,0.9997,0.9999,0.9998,0.9998,0.9999,0.1438,0.1191,0.1865,0.1761,0.1902,0.1870,0.1208,0.1891,0.1883,0.1498,0.1848,0.1325,0.1839,0.1449,0.1993,0.1449,0.1958,0.1884,0.1540,0.1514,0.1877,0.1958,0.1692,0.1584,0.1343,0.1244,0.1958,0.1498,0.1568,0.1806,0.1718,0.1162,0.1883,0.1410,0.1321,0.1761,0.1916,0.1162,0.1545,0.1978,0.1208,0.1917,0.1786,0.1584,0.1901,0.1860,0.1881,0.1633,0.1977,0.1843,IDLE,IDLE,IDLE,IDLE,IDLE,IDLE,IDLE,IDLE,IDLE,IDLE,IDLE,IDLE,IDLE,IDLE,IDLE,IDLE,IDLE,IDLE,IDLE,IDLE,IDLE,IDLE,IDLE,IDLE,IDLE,IDLE,IDLE,IDLE,IDLE,IDLE,IDLE,IDLE,IDLE,IDLE,IDLE,IDLE,IDLE,IDLE,IDLE,IDLE,IDLE,IDLE,IDLE,IDLE,IDLE,IDLE,IDLE,IDLE,IDLE,IDLE
549,2024-01-23 21:00:01,0.00,0.00,0,0.0000,0.0000,0.00,0.9998,0.9999,0.9997,0.9997,0.9998,0.9998,0.9998,0.9997,0.9998,0.9998,0.9999,0.9998,0.9998,0.9999,0.9998,0.9999,0.9998,0.9997,0.9998,0.9998,0.9997,0.9998,0.9999,0.9998,0.9998,0.9999,0.9998,0.9998,0.9998,0.9997,0.9998,0.9998,0.9998,0.9998,0.9998,0.9997,0.9997,0.9998,0.9998,0.9998,0.9998,0.9998,0.9998,0.9998,0.9998,0.9997,0.9999,0.9998,0.9998,0.9999,0.1438,0.1191,0.1865,0.1761,0.1902,0.1870,0.1208,0.1891,0.1883,0.1498,0.1848,0.1325,0.1839,0.1449,0.1993,0.1449,0.1958,0.1884,0.1540,0.1514,0.1877,0.1958,0.1692,0.1584,0.1343,0.1244,0.1958,0.1498,0.1568,0.1806,0.1718,0.1162,0.1883,0.1410,0.1321,0.1761,0.1916,0.1162,0.1545,0.1978,0.1208,0.1917,0.1786,0.1584,0.1901,0.1860,0.1881,0.1633,0.1977,0.1843,IDLE,IDLE,IDLE,IDLE,IDLE,IDLE,IDLE,IDLE,IDLE,IDLE,IDLE,IDLE,IDLE,IDLE,IDLE,IDLE,IDLE,IDLE,IDLE,IDLE,IDLE,IDLE,IDLE,IDLE,IDLE,IDLE,IDLE,IDLE,IDLE,IDLE,IDLE,IDLE,IDLE,IDLE,IDLE,IDLE,IDLE,IDLE,IDLE,IDLE,IDLE,IDLE,IDLE,IDLE,IDLE,IDLE,IDLE,IDLE,IDLE,IDLE
550,2024-01-23 22:00:01,0.00,0.00,0,0.0000,0.0000,0.00,0.9998,0.9999,0.9997,0.9997,0.9998,0.9998,0.9998,0.9997,0.9998,0.9998,0.9999,0.9998,0.9998,0.9999,0.9998,0.9999,0.9998,0.9997,0.9998,0.9998,0.9997,0.9998,0.9999,0.9998,0.9998,0.9999,0.9998,0.9998,0.9998,0.9997,0.9998,0.9998,0.9998,0.9998,0.9998,0.9997,0.9997,0.9998,0.9998,0.9998,0.9998,0.9998,0.9998,0.9998,0.9998,0.9997,0.9999,0.9998,0.9998,0.9999,0.1438,0.1191,0.1865,0.1761,0.1902,0.1870,0.1208,0.1891,0.1883,0.1498,0.1848,0.1325,0.1839,0.1449,0.1993,0.1449,0.1958,0.1884,0.1540,0.1514,0.1877,0.1958,0.1692,0.1584,0.1343,0.1244,0.1958,0.1498,0.1568,0.1806,0.1718,0.1162,0.1883,0.1410,0.1321,0.1761,0.1916,0.1162,0.1545,0.1978,0.1208,0.1917,0.1786,0.1584,0.1901,0.1860,0.1881,0.1633,0.1977,0.1843,IDLE,IDLE,IDLE,IDLE,IDLE,IDLE,IDLE,IDLE,IDLE,IDLE,IDLE,IDLE,IDLE,IDLE,IDLE,IDLE,IDLE,IDLE,IDLE,IDLE,IDLE,IDLE,IDLE,IDLE,IDLE,IDLE,IDLE,IDLE,IDLE,IDLE,IDLE,IDLE,IDLE,IDLE,IDLE,IDLE,IDLE,IDLE,IDLE,IDLE,IDLE,IDLE,IDLE,IDLE,IDLE,IDLE,IDLE,IDLE,IDLE,IDLE
551,2024-01-23 23:00:01,0.00,0.00,0,0.0000,0.0000,0.00,0.9998,0.9999,0.9997,0.9997,0.9998,0.9998,0.9998,0.9997,0.9998,0.9998,0.9999,0.9998,0.9998,0.9999,0.9998,0.9999,0.9998,0.9997,0.9998,0.9998,0.9997,0.9998,0.9999,0.9998,0.9998,0.9999,0.9998,0.9998,0.9998,0.9997,0.9998,0.9998,0.9998,0.9998,0.9998,0.9997,0.9997,0.9998,0.9998,0.9998,0.9998,0.9998,0.9998,0.9998,0.9998,0.9997,0.9999,0.9998,0.9998,0.9999,0.1438,0.1191,0.1865,0.1761,0.1902,0.1870,0.1208,0.1891,0.1883,0.1498,0.1848,0.1325,0.1839,0.1449,0.1993,0.1449,0.1958,0.1884,0.1540,0.1514,0.1877,0.1958,0.1692,0.1584,0.1343,0.1244,0.1958,0.1498,0.1568,0.1806,0.1718,0.1162,0.1883,0.1410,0.1321,0.1761,0.1916,0.1162,0.1545,0.1978,0.1208,0.1917,0.1786,0.1584,0.1901,0.1860,0.1881,0.1633,0.1977,0.1843,IDLE,IDLE,IDLE,IDLE,IDLE,IDLE,IDLE,IDLE,IDLE,IDLE,IDLE,IDLE,IDLE,IDLE,IDLE,IDLE,IDLE,IDLE,IDLE,IDLE,IDLE,IDLE,IDLE,IDLE,IDLE,IDLE,IDLE,IDLE,IDLE,IDLE,IDLE,IDLE,IDLE,IDLE,IDLE,IDLE,IDLE,IDLE,IDLE,IDLE,IDLE,IDLE,IDLE,IDLE,IDLE,IDLE,IDLE,IDLE,IDLE,IDLE
552,2024-01-24 00:00:01,0.00,0.00,0,0.0000,0.0000,0.00,0.9998,0.9999,0.9997,0.9997,0.9998,0.9998,0.9998,0.9997,0.9998,0.9998,0.9999,0.9998,0.9998,0.9999,0.9998,0.9999,0.9998,0.9997,0.9998,0.9998,0.9997,0.9998,0.9999,0.9998,0.9998,0.9999,0.9998,0.9998,0.9998,0.9997,0.9998,0.9998,0.9998,0.9998,0.9998,0.9997,0.9997,0.9998,0.9998,0.9998,0.9998,0.9998,0.9998,0.9998,0.9998,0.9997,0.9999,0.9998,0.9998,0.9999,0.1438,0.1191,0.1865,0.1761,0.1902,0.1870,0.1208,0.1891,0.1883,0.1498,0.1848,0.1325,0.1839,0.1449,0.1993,0.1449,0.1958,0.1884,0.1540,0.1514,0.1877,0.1958,0.1692,0.1584,0.1343,0.1244,0.1958,0.1498,0.1568,0.1806,0.1718,0.1162,0.1883,0.1410,0.1321,0.1761,0.1916,0.1162,0.1545,0.1978,0.1208,0.1917,0.1786,0.1584,0.1901,0.1860,0.1881,0.1633,0.1977,0.1843,IDLE,IDLE,IDLE,IDLE,IDLE,IDLE,IDLE,IDLE,IDLE,IDLE,IDLE,IDLE,IDLE,IDLE,IDLE,IDLE,IDLE,IDLE,IDLE,IDLE,IDLE,IDLE,IDLE,IDLE,IDLE,IDLE,IDLE,IDLE,IDLE,IDLE,IDLE,IDLE,IDLE,IDLE,IDLE,IDLE,IDLE,IDLE,IDLE,IDLE,IDLE,IDLE,IDLE,IDLE,IDLE,IDLE,IDLE,IDLE,IDLE,IDLE
553,2024-01-24 01:00:01,0.00,0.00,0,0.0000,0.0000,0.00,0.9998,0.9999,0.9997,0.9997,0.9998,0.9998,0.9998,0.9997,0.9998,0.9998,0.9999,0.9998,0.9998,0.9999,0.9998,0.9999,0.9998,0.9997,0.9998,0.9998,0.9997,0.9998,0.9999,0.9998,0.9998,0.9999,0.9998,0.9998,0.9998,0.9997,0.9998,0.9998,0.9998,0.9998,0.9998,0.9997,0.9997,0.9998,0.9998,0.9998,0.9998,0.9998,0.9998,0.9998,0.9998,0.9997,0.9999,0.9998,0.9998,0.9999,0.1438,0.1191,0.1865,0.1761,0.1902,0.1870,0.1208,0.1891,0.1883,0.1498,0.1848,0.1325,0.1839,0.1449,0.1993,0.1449,0.1958,0.1884,0.1540,0.1514,0.1877,0.1958,0.1692,0.1584,0.1343,0.1244,0.1958,0.1498,0.1568,0.1806,0.1718,0.1162,0.1883,0.1410,0.1321,0.1761,0.1916,0.1162,0.1545,0.1978,0.1208,0.1917,0.1786,0.1584,0.1901,0.1860,0.1881,0.1633,0.1977,0.1843,IDLE,IDLE,IDLE,IDLE,IDLE,IDLE,IDLE,IDLE,IDLE,IDLE,IDLE,IDLE,IDLE,IDLE,IDLE,IDLE,IDLE,IDLE,IDLE,IDLE,IDLE,IDLE,IDLE,IDLE,IDLE,IDLE,IDLE,IDLE,IDLE,IDLE,IDLE,IDLE,IDLE,IDLE,IDLE,IDLE,IDLE,IDLE,IDLE,IDLE,IDLE,IDLE,IDLE,IDLE,IDLE,IDLE,IDLE,IDLE,IDLE,IDLE
554,2024-01-24 02:00:01,0.00,0.00,0,0.0000,0.0000,0.00,0.9998,0.9999,0.9997,0.9997,0.9998,0.9998,0.9998,0.9997,0.9998,0.9998,0.9999,0.9998,0.9998,0.9999,0.9998,0.9999,0.9998,0.9997,0.9998,0.9998,0.9997,0.9998,0.9999,0.9998,0.9998,0.9999,0.9998,0.9998,0.9998,0.9997,0.9998,0.9998,0.9998,0.9998,0.9998,0.9997,0.9997,0.9998,0.9998,0.9998,0.9998,0.9998,0.9998,0.9998,0.9998,0.9997,0.9999,0.9998,0.9998,0.9999,0.1438,0.1191,0.1865,0.1761,0.1902,0.1870,0.1208,0.1891,0.1883,0.1498,0.1848,0.1325,0.1839,0.1449,0.1993,0.1449,0.1958,0.1884,0.1540,0.1514,0.1877,0.1958,0.1692,0.1584,0.1343,0.1244,0.1958,0.1498,0.1568,0.1806,0.1718,0.1162,0.1883,0.1410,0.1321,0.1761,0.1916,0.1162,0.1545,0.1978,0.1208,0.1917,0.1786,0.1584,0.1901,0.1860,0.1881,0.1633,0.1977,0.1843,IDLE,IDLE,IDLE,IDLE,IDLE,IDLE,IDLE,IDLE,IDLE,IDLE,IDLE,IDLE,IDLE,IDLE,IDLE,IDLE,IDLE,IDLE,IDLE,IDLE,IDLE,IDLE,IDLE,IDLE,IDLE,IDLE,IDLE,IDLE,IDLE,IDLE,IDLE,IDLE,IDLE,IDLE,IDLE,IDLE,IDLE,IDLE,IDLE,IDLE,IDLE,IDLE,IDLE,IDLE,IDLE,IDLE,IDLE,IDLE,IDLE,IDLE
555,2024-01-24 03:00:01,0.00,0.00,0,0.0000,0.0000,0.00,0.9998,0.9999,0.9997,0.9997,0.9998,0.9998,0.9998,0.9997,0.9998,0.9998,0.9999,0.9998,0.9998,0.9999,0.9998,0.9999,0.9998,0.9997,0.9998,0.9998,0.9997,0.9998,0.9999,0.9998,0.9998,0.9999,0.9998,0.9998,0.9998,0.9997,0.9998,0.9998,0.9998,0.9998,0.9998,0.9997,0.9997,0.9998,0.9998,0.9998,0.9998,0.9998,0.9998,0.9998,0.9998,0.9997,0.9999,0.9998,0.9998,0.9999,0.1438,0.1191,0.1865,0.1761,0.1902,0.1870,0.1208,0.1891,0.1883,0.1498,0.1848,0.1325,0.1839,0.1449,0.1993,0.1449,0.1958,0.1884,0.1540,0.1514,0.1877,0.1958,0.1692,0.1584,0.1343,0.1244,0.1958,0.1498,0.1568,0.1806,0.1718,0.1162,0.1883,0.1410,0.1321,0.1761,0.1916,0.1162,0.1545,0.1978,0.1208,0.1917,0.1786,0.1584,0.1901,0.1860,0.1881,0.1633,0.1977,0.1843,IDLE,IDLE,IDLE,IDLE,IDLE,IDLE,IDLE,IDLE,IDLE,IDLE,IDLE,IDLE,IDLE,IDLE,IDLE,IDLE,IDLE,IDLE,IDLE,IDLE,IDLE,IDLE,IDLE,IDLE,IDLE,IDLE,IDLE,IDLE,IDLE,IDLE,IDLE,IDLE,IDLE,IDLE,IDLE,IDLE,IDLE,IDLE,IDLE,IDLE,IDLE,IDLE,IDLE,IDLE,IDLE,IDLE,IDLE,IDLE,IDLE,IDLE
556,2024-01-24 04:00:01,0.00,0.00,0,0.0000,0.0000,0.00,0.9998,0.9999,0.9997,0.9997,0.9998,0.9998,0.9998,0.9997,0.9998,0.9998,0.9999,0.9998,0.9998,0.9999,0.9998,0.9999,0.9998,0.9997,0.9998,0.9998,0.9997,0.9998,0.9999,0.9998,0.9998,0.9999,0.9998,0.9998,0.9998,0.9997,0.9998,0.9998,0.9998,0.9998,0.9998,0.9997,0.9997,0.9998,0.9998,0.9998,0.9998,0.9998,0.9998,0.9998,0.9998,0.9997,0.9999,0.9998,0.9998,0.9999,0.1438,0.1191,0.1865,0.1761,0.1902,0.1870,0.1208,0.1891,0.1883,0.1498,0.1848,0.1325,0.1839,0.1449,0.1993,0.1449,0.1958,0.1884,0.1540,0.1514,0.1877,0.1958,0.1692,0.1584,0.1343,0.1244,0.1958,0.1498,0.1568,0.1806,0.1718,0.1162,0.1883,0.1410,0.1321,0.1761,0.1916,0.1162,0.1545,0.1978,0.1208,0.1917,0.1786,0.1584,0.1901,0.1860,0.1881,0.1633,0.1977,0.1843,IDLE,IDLE,IDLE,IDLE,IDLE,IDLE,IDLE,IDLE,IDLE,IDLE,IDLE,IDLE,IDLE,IDLE,IDLE,IDLE,IDLE,IDLE,IDLE,IDLE,IDLE,IDLE,IDLE,IDLE,IDLE,IDLE,IDLE,IDLE,IDLE,IDLE,IDLE,IDLE,IDLE,IDLE,IDLE,IDLE,IDLE,IDLE,IDLE,IDLE,IDLE,IDLE,IDLE,IDLE,IDLE,IDLE,IDLE,IDLE,IDLE,IDLE
557,2024-01-24 05:00:01,0.00,0.00,0,0.0000,0.0000,0.00,0.9998,0.9999,0.9997,0.9997,0.9998,0.9998,0.9998,0.9997,0.9998,0.9998,0.9999,0.9998,0.9998,0.9999,0.9998,0.9999,0.9998,0.9997,0.9998,0.9998,0.9997,0.9998,0.9999,0.9998,0.9998,0.9999,0.9998,0.9998,0.9998,0.9997,0.9998,0.9998,0.9998,0.9998,0.9998,0.9997,0.9997,0.9998,0.9998,0.9998,0.9998,0.9998,0.9998,0.9998,0.9998,0.9997,0.9999,0.9998,0.9998,0.9999,0.1438,0.1191,0.1865,0.1761,0.1902,0.1870,0.1208,0.1891,0.1883,0.1498,0.1848,0.1325,0.1839,0.1449,0.1993,0.1449,0.1958,0.1884,0.1540,0.1514,0.1877,0.1958,0.1692,0.1584,0.1343,0.1244,0.1958,0.1498,0.1568,0.1806,0.1718,0.1162,0.1883,0.1410,0.1321,0.1761,0.1916,0.1162,0.1545,0.1978,0.1208,0.1917,0.1786,0.1584,0.1901,0.1860,0.1881,0.1633,0.1977,0.1843,IDLE,IDLE,IDLE,IDLE,IDLE,IDLE,IDLE,IDLE,IDLE,IDLE,IDLE,IDLE,IDLE,IDLE,IDLE,IDLE,IDLE,IDLE,IDLE,IDLE,IDLE,IDLE,IDLE,IDLE,IDLE,IDLE,IDLE,IDLE,IDLE,IDLE,IDLE,IDLE,IDLE,IDLE,IDLE,IDLE,IDLE,IDLE,IDLE,IDLE,IDLE,IDLE,IDLE,IDLE,IDLE,IDLE,IDLE,IDLE,IDLE,IDLE
558,2024-01-24 06:00:01,0.00,0.00,0,0.0000,0.0000,0.00,0.9998,0.9999,0.9997,0.9997,0.9998,0.9998,0.9998,0.9997,0.9998,0.9998,0.9999,0.9998,0.9998,0.9999,0.9998,0.9999,0.9998,0.9997,0.9998,0.9998,0.9997,0.9998,0.9999,0.9998,0.9998,0.9999,0.9998,0.9998,0.9998,0.9997,0.9998,0.9998,0.9998,0.9998,0.9998,0.9997,0.9997,0.9998,0.9998,0.9998,0.9998,0.9998,0.9998,0.9998,0.9998,0.9997,0.9999,0.9998,0.9998,0.9999,0.1438,0.1191,0.1865,0.1761,0.1902,0.1870,0.1208,0.1891,0.1883,0.1498,0.1848,0.1325,0.1839,0.1449,0.1993,0.1449,0.1958,0.1884,0.1540,0.1514,0.1877,0.1958,0.1692,0.1584,0.1343,0.1244,0.1958,0.1498,0.1568,0.1806,0.1718,0.1162,0.1883,0.1410,0.1321,0.1761,0.1916,0.1162,0.1545,0.1978,0.1208,0.1917,0.1786,0.1584,0.1901,0.1860,0.1881,0.1633,0.1977,0.1843,IDLE,IDLE,IDLE,IDLE,IDLE,IDLE,IDLE,IDLE,IDLE,IDLE,IDLE,IDLE,IDLE,IDLE,IDLE,IDLE,IDLE,IDLE,IDLE,IDLE,IDLE,IDLE,IDLE,IDLE,IDLE,IDLE,IDLE,IDLE,IDLE,IDLE,IDLE,IDLE,IDLE,IDLE,IDLE,IDLE,IDLE,IDLE,IDLE,IDLE,IDLE,IDLE,IDLE,IDLE,IDLE,IDLE,IDLE,IDLE,IDLE,IDLE
559,2024-01-24 07:00:01,0.00,0.00,0,0.0000,0.0000,0.00,0.9998,0.9999,0.9997,0.9997,0.9998,0.9998,0.9998,0.9997,0.9998,0.9998,0.9999,0.9998,0.9998,0.9999,0.9998,0.9999,0.9998,0.9997,0.9998,0.9998,0.9997,0.9998,0.9999,0.9998,0.9998,0.9999,0.9998,0.9998,0.9998,0.9997,0.9998,0.9998,0.9998,0.9998,0.9998,0.9997,0.9997,0.9998,0.9998,0.9998,0.9998,0.9998,0.9998,0.9998,0.9998,0.9997,0.9999,0.9998,0.9998,0.9999,0.1438,0.1191,0.1865,0.1761,0.1902,0.1870,0.1208,0.1891,0.1883,0.1498,0.1848,0.1325,0.1839,0.1449,0.1993,0.1449,0.1958,0.1884,0.1540,0.1514,0.1877,0.1958,0.1692,0.1584,0.1343,0.1244,0.1958,0.1498,0.1568,0.1806,0.1718,0.1162,0.1883,0.1410,0.1321,0.1761,0.1916,0.1162,0.1545,0.1978,0.1208,0.1917,0.1786,0.1584,0.1901,0.1860,0.1881,0.1633,0.1977,0.1843,IDLE,IDLE,IDLE,IDLE,IDLE,IDLE,IDLE,IDLE,IDLE,IDLE,IDLE,IDLE,IDLE,IDLE,IDLE,IDLE,IDLE,IDLE,IDLE,IDLE,IDLE,IDLE,IDLE,IDLE,IDLE,IDLE,IDLE,IDLE,IDLE,IDLE,IDLE,IDLE,IDLE,IDLE,IDLE,IDLE,IDLE,IDLE,IDLE,IDLE,IDLE,IDLE,IDLE,IDLE,IDLE,IDLE,IDLE,IDLE,IDLE,IDLE
560,2024-01-24 08:00:01,0.00,0.00,0,0.0000,0.0000,0.00,0.9998,0.9999,0.9997,0.9997,0.9998,0.9998,0.9998,0.9997,0.9998,0.9998,0.9999,0.9998,0.9998,0.9999,0.9998,0.9999,0.9998,0.9997,0.9998,0.9998,0.9997,0.9998,0.9999,0.9998,0.9998,0.9999,0.9998,0.9998,0.9998,0.9997,0.9998,0.9998,0.9998,0.9998,0.9998,0.9997,0.9997,0.9998,0.9998,0.9998,0.9998,0.9998,0.9998,0.9998,0.9998,0.9997,0.9999,0.9998,0.9998,0.9999,0.1438,0.1191,0.1865,0.1761,0.1902,0.1870,0.1208,0.1891,0.1883,0.1498,0.1848,0.1325,0.1839,0.1449,0.1993,0.1449,0.1958,0.1884,0.1540,0.1514,0.1877,0.1958,0.1692,0.1584,0.1343,0.1244,0.1958,0.1498,0.1568,0.1806,0.1718,0.1162,0.1883,0.1410,0.1321,0.1761,0.1916,0.1162,0.1545,0.1978,0.1208,0.1917,0.1786,0.1584,0.1901,0.1860,0.1881,0.1633,0.1977,0.1843,IDLE,IDLE,IDLE,IDLE,IDLE,IDLE,IDLE,IDLE,IDLE,IDLE,IDLE,IDLE,IDLE,IDLE,IDLE,IDLE,IDLE,IDLE,IDLE,IDLE,IDLE,IDLE,IDLE,IDLE,IDLE,IDLE,IDLE,IDLE,IDLE,IDLE,IDLE,IDLE,IDLE,IDLE,IDLE,IDLE,IDLE,IDLE,IDLE,IDLE,IDLE,IDLE,IDLE,IDLE,IDLE,IDLE,IDLE,IDLE,IDLE,IDLE
561,2024-01-24 09:00:01,0.00,0.00,0,0.0000,0.0000,0.00,0.9998,0.9999,0.9997,0.9997,0.9998,0.9998,0.9998,0.9997,0.9998,0.9998,0.9999,0.9998,0.9998,0.9999,0.9998,0.9999,0.9998,0.9997,0.9998,0.9998,0.9997,0.9998,0.9999,0.9998,0.9998,0.9999,0.9998,0.9998,0.9998,0.9997,0.9998,0.9998,0.9998,0.9998,0.9998,0.9997,0.9997,0.9998,0.9998,0.9998,0.9998,0.9998,0.9998,0.9998,0.9998,0.9997,0.9999,0.9998,0.9998,0.9999,0.1438,0.1191,0.1865,0.1761,0.1902,0.1870,0.1208,0.1891,0.1883,0.1498,0.1848,0.1325,0.1839,0.1449,0.1993,0.1449,0.1958,0.1884,0.1540,0.1514,0.1877,0.1958,0.1692,0.1584,0.1343,0.1244,0.1958,0.1498,0.1568,0.1806,0.1718,0.1162,0.1883,0.1410,0.1321,0.1761,0.1916,0.1162,0.1545,0.1978,0.1208,0.1917,0.1786,0.1584,0.1901,0.1860,0.1881,0.1633,0.1977,0.1843,IDLE,IDLE,IDLE,IDLE,IDLE,IDLE,IDLE,IDLE,IDLE,IDLE,IDLE,IDLE,IDLE,IDLE,IDLE,IDLE,IDLE,IDLE,IDLE,IDLE,IDLE,IDLE,IDLE,IDLE,IDLE,IDLE,IDLE,IDLE,IDLE,IDLE,IDLE,IDLE,IDLE,IDLE,IDLE,IDLE,IDLE,IDLE,IDLE,IDLE,IDLE,IDLE,IDLE,IDLE,IDLE,IDLE,IDLE,IDLE,IDLE,IDLE
562,2024-01-24 10:00:01,0.00,0.00,0,0.0000,0.0000,0.00,0.9998,0.9999,0.9997,0.9997,0.9998,0.9998,0.9998,0.9997,0.9998,0.9998,0.9999,0.9998,0.9998,0.9999,0.9998,0.9999,0.9998,0.9997,0.9998,0.9998,0.9997,0.9998,0.9999,0.9998,0.9998,0.9999,0.9998,0.9998,0.9998,0.9997,0.9998,0.9998,0.9998,0.9998,0.9998,0.9997,0.9997,0.9998,0.9998,0.9998,0.9998,0.9998,0.9998,0.9998,0.9998,0.9997,0.9999,0.9998,0.9998,0.9999,0.1438,0.1191,0.1865,0.1761,0.1902,0.1870,0.1208,0.1891,0.1883,0.1498,0.1848,0.1325,0.1839,0.1449,0.1993,0.1449,0.1958,0.1884,0.1540,0.1514,0.1877,0.1958,0.1692,0.1584,0.1343,0.1244,0.1958,0.1498,0.1568,0.1806,0.1718,0.1162,0.1883,0.1410,0.1321,0.1761,0.1916,0.1162,0.1545,0.1978,0.1208,0.1917,0.1786,0.1584,0.1901,0.1860,0.1881,0.1633,0.1977,0.1843,IDLE,IDLE,IDLE,IDLE,IDLE,IDLE,IDLE,IDLE,IDLE,IDLE,IDLE,IDLE,IDLE,IDLE,IDLE,IDLE,IDLE,IDLE,IDLE,IDLE,IDLE,IDLE,IDLE,IDLE,IDLE,IDLE,IDLE,IDLE,IDLE,IDLE,IDLE,IDLE,IDLE,IDLE,IDLE,IDLE,IDLE,IDLE,IDLE,IDLE,IDLE,IDLE,IDLE,IDLE,IDLE,IDLE,IDLE,IDLE,IDLE,IDLE
563,2024-01-24 11:00:01,0.00,0.00,0,0.0000,0.0000,0.00,0.9998,0.9999,0.9997,0.9997,0.9998,0.9998,0.9998,0.9997,0.9998,0.9998,0.9999,0.9998,0.9998,0.9999,0.9998,0.9999,0.9998,0.9997,0.9998,0.9998,0.9997,0.9998,0.9999,0.9998,0.9998,0.9999,0.9998,0.9998,0.9998,0.9997,0.9998,0.9998,0.9998,0.9998,0.9998,0.9997,0.9997,0.9998,0.9998,0.9998,0.9998,0.9998,0.9998,0.9998,0.9998,0.9997,0.9999,0.9998,0.9998,0.9999,0.1438,0.1191,0.1865,0.1761,0.1902,0.1870,0.1208,0.1891,0.1883,0.1498,0.1848,0.1325,0.1839,0.1449,0.1993,0.1449,0.1958,0.1884,0.1540,0.1514,0.1877,0.1958,0.1692,0.1584,0.1343,0.1244,0.1958,0.1498,0.1568,0.1806,0.1718,0.1162,0.1883,0.1410,0.1321,0.1761,0.1916,0.1162,0.1545,0.1978,0.1208,0.1917,0.1786,0.1584,0.1901,0.1860,0.1881,0.1633,0.1977,0.1843,IDLE,IDLE,IDLE,IDLE,IDLE,IDLE,IDLE,IDLE,IDLE,IDLE,IDLE,IDLE,IDLE,IDLE,IDLE,IDLE,IDLE,IDLE,IDLE,IDLE,IDLE,IDLE,IDLE,IDLE,IDLE,IDLE,IDLE,IDLE,IDLE,IDLE,IDLE,IDLE,IDLE,IDLE,IDLE,IDLE,IDLE,IDLE,IDLE,IDLE,IDLE,IDLE,IDLE,IDLE,IDLE,IDLE,IDLE,IDLE,IDLE,IDLE
564,2024-01-24 12:00:01,0.00,0.00,0,0.0000,0.0000,0.00,0.9998,0.9999,0.9997,0.9997,0.9998,0.9998,0.9998,0.9997,0.9998,0.9998,0.9999,0.9998,0.9998,0.9999,0.9998,0.9999,0.9998,0.9997,0.9998,0.9998,0.9997,0.9998,0.9999,0.9998,0.9998,0.9999,0.9998,0.9998,0.9998,0.9997,0.9998,0.9998,0.9998,0.9998,0.9998,0.9997,0.9997,0.9998,0.9998,0.9998,0.9998,0.9998,0.9998,0.9998,0.9998,0.9997,0.9999,0.9998,0.9998,0.9999,0.1438,0.1191,0.1865,0.1761,0.1902,0.1870,0.1208,0.1891,0.1883,0.1498,0.1848,0.1325,0.1839,0.1449,0.1993,0.1449,0.1958,0.1884,0.1540,0.1514,0.1877,0.1958,0.1692,0.1584,0.1343,0.1244,0.1958,0.1498,0.1568,0.1806,0.1718,0.1162,0.1883,0.1410,0.1321,0.1761,0.1916,0.1162,0.1545,0.1978,0.1208,0.1917,0.1786,0.1584,0.1901,0.1860,0.1881,0.1633,0.1977,0.1843,IDLE,IDLE,IDLE,IDLE,IDLE,IDLE,IDLE,IDLE,IDLE,IDLE,IDLE,IDLE,IDLE,IDLE,IDLE,IDLE,IDLE,IDLE,IDLE,IDLE,IDLE,IDLE,IDLE,IDLE,IDLE,IDLE,IDLE,IDLE,IDLE,IDLE,IDLE,IDLE,IDLE,IDLE,IDLE,IDLE,IDLE,IDLE,IDLE,IDLE,IDLE,IDLE,IDLE,IDLE,IDLE,IDLE,IDLE,IDLE,IDLE,IDLE
565,2024-01-24 13:00:01,0.00,0.00,0,0.0000,0.0000,0.00,0.9998,0.9999,0.9997,0.9997,0.9998,0.9998,0.9998,0.9997,0.9998,0.9998,0.9999,0.9998,0.9998,0.9999,0.9998,0.9999,0.9998,0.9997,0.9998,0.9998,0.9997,0.9998,0.9999,0.9998,0.9998,0.9999,0.9998,0.9998,0.9998,0.9997,0.9998,0.9998,0.9998,0.9998,0.9998,0.9997,0.9997,0.9998,0.9998,0.9998,0.9998,0.9998,0.9998,0.9998,0.9998,0.9997,0.9999,0.9998,0.9998,0.9999,0.1438,0.1191,0.1865,0.1761,0.1902,0.1870,0.1208,0.1891,0.1883,0.1498,0.1848,0.1325,0.1839,0.1449,0.1993,0.1449,0.1958,0.1884,0.1540,0.1514,0.1877,0.1958,0.1692,0.1584,0.1343,0.1244,0.1958,0.1498,0.1568,0.1806,0.1718,0.1162,0.1883,0.1410,0.1321,0.1761,0.1916,0.1162,0.1545,0.1978,0.1208,0.1917,0.1786,0.1584,0.1901,0.1860,0.1881,0.1633,0.1977,0.1843,IDLE,IDLE,IDLE,IDLE,IDLE,IDLE,IDLE,IDLE,IDLE,IDLE,IDLE,IDLE,IDLE,IDLE,IDLE,IDLE,IDLE,IDLE,IDLE,IDLE,IDLE,IDLE,IDLE,IDLE,IDLE,IDLE,IDLE,IDLE,IDLE,IDLE,IDLE,IDLE,IDLE,IDLE,IDLE,IDLE,IDLE,IDLE,IDLE,IDLE,IDLE,IDLE,IDLE,IDLE,IDLE,IDLE,IDLE,IDLE,IDLE,IDLE
566,2024-01-24 14:00:01,0.00,0.00,0,0.0000,0.0000,0.00,0.9998,0.9999,0.9997,0.9997,0.9998,0.9998,0.9998,0.9997,0.9998,0.9998,0.9999,0.9998,0.9998,0.9999,0.9998,0.9999,0.9998,0.9997,0.9998,0.9998,0.9997,0.9998,0.9999,0.9998,0.9998,0.9999,0.9998,0.9998,0.9998,0.9997,0.9998,0.9998,0.9998,0.9998,0.9998,0.9997,0.9997,0.9998,0.9998,0.9998,0.9998,0.9998,0.9998,0.9998,0.9998,0.9997,0.9999,0.9998,0.9998,0.9999,0.1438,0.1191,0.1865,0.1761,0.1902,0.1870,0.1208,0.1891,0.1883,0.1498,0.1848,0.1325,0.1839,0.1449,0.1993,0.1449,0.1958,0.1884,0.1540,0.1514,0.1877,0.1958,0.1692,0.1584,0.1343,0.1244,0.1958,0.1498,0.1568,0.1806,0.1718,0.1162,0.1883,0.1410,0.1321,0.1761,0.1916,0.1162,0.1545,0.1978,0.1208,0.1917,0.1786,0.1584,0.1901,0.1860,0.1881,0.1633,0.1977,0.1843,IDLE,IDLE,IDLE,IDLE,IDLE,IDLE,IDLE,IDLE,IDLE,IDLE,IDLE,IDLE,IDLE,IDLE,IDLE,IDLE,IDLE,IDLE,IDLE,IDLE,IDLE,IDLE,IDLE,IDLE,IDLE,IDLE,IDLE,IDLE,IDLE,IDLE,IDLE,IDLE,IDLE,IDLE,IDLE,IDLE,IDLE,IDLE,IDLE,IDLE,IDLE,IDLE,IDLE,IDLE,IDLE,IDLE,IDLE,IDLE,IDLE,IDLE
567,2024-01-24 15:00:01,0.00,0.00,0,0.0000,0.0000,0.00,0.9998,0.9999,0.9997,0.9997,0.9998,0.9998,0.9998,0.9997,0.9998,0.9998,0.9999,0.9998,0.9998,0.9999,0.9998,0.9999,0.9998,0.9997,0.9998,0.9998,0.9997,0.9998,0.9999,0.9998,0.9998,0.9999,0.9998,0.9998,0.9998,0.9997,0.9998,0.9998,0.9998,0.9998,0.9998,0.9997,0.9997,0.9998,0.9998,0.9998,0.9998,0.9998,0.9998,0.9998,0.9998,0.9997,0.9999,0.9998,0.9998,0.9999,0.1438,0.1191,0.1865,0.1761,0.1902,0.1870,0.1208,0.1891,0.1883,0.1498,0.1848,0.1325,0.1839,0.1449,0.1993,0.1449,0.1958,0.1884,0.1540,0.1514,0.1877,0.1958,0.1692,0.1584,0.1343,0.1244,0.1958,0.1498,0.1568,0.1806,0.1718,0.1162,0.1883,0.1410,0.1321,0.1761,0.1916,0.1162,0.1545,0.1978,0.1208,0.1917,0.1786,0.1584,0.1901,0.1860,0.1881,0.1633,0.1977,0.1843,IDLE,IDLE,IDLE,IDLE,IDLE,IDLE,IDLE,IDLE,IDLE,IDLE,IDLE,IDLE,IDLE,IDLE,IDLE,IDLE,IDLE,IDLE,IDLE,IDLE,IDLE,IDLE,IDLE,IDLE,IDLE,IDLE,IDLE,IDLE,IDLE,IDLE,IDLE,IDLE,IDLE,IDLE,IDLE,IDLE,IDLE,IDLE,IDLE,IDLE,IDLE,IDLE,IDLE,IDLE,IDLE,IDLE,IDLE,IDLE,IDLE,IDLE
568,2024-01-24 16:00:01,0.00,0.00,0,0.0000,0.0000,0.00,0.9998,0.9999,0.9997,0.9997,0.9998,0.9998,0.9998,0.9997,0.9998,0.9998,0.9999,0.9998,0.9998,0.9999,0.9998,0.9999,0.9998,0.9997,0.9998,0.9998,0.9997,0.9998,0.9999,0.9998,0.9998,0.9999,0.9998,0.9998,0.9998,0.9997,0.9998,0.9998,0.9998,0.9998,0.9998,0.9997,0.9997,0.9998,0.9998,0.9998,0.9998,0.9998,0.9998,0.9998,0.9998,0.9997,0.9999,0.9998,0.9998,0.9999,0.1438,0.1191,0.1865,0.1761,0.1902,0.1870,0.1208,0.1891,0.1883,0.1498,0.1848,0.1325,0.1839,0.1449,0.1993,0.1449,0.1958,0.1884,0.1540,0.1514,0.1877,0.1958,0.1692,0.1584,0.1343,0.1244,0.1958,0.1498,0.1568,0.1806,0.1718,0.1162,0.1883,0.1410,0.1321,0.1761,0.1916,0.1162,0.1545,0.1978,0.1208,0.1917,0.1786,0.1584,0.1901,0.1860,0.1881,0.1633,0.1977,0.1843,IDLE,IDLE,IDLE,IDLE,IDLE,IDLE,IDLE,IDLE,IDLE,IDLE,IDLE,IDLE,IDLE,IDLE,IDLE,IDLE,IDLE,IDLE,IDLE,IDLE,IDLE,IDLE,IDLE,IDLE,IDLE,IDLE,IDLE,IDLE,IDLE,IDLE,IDLE,IDLE,IDLE,IDLE,IDLE,IDLE,IDLE,IDLE,IDLE,IDLE,IDLE,IDLE,IDLE,IDLE,IDLE,IDLE,IDLE,IDLE,IDLE,IDLE
569,2024-01-24 17:00:01,0.00,0.00,0,0.0000,0.0000,0.00,0.9998,0.9999,0.9997,0.9997,0.9998,0.9998,0.9998,0.9997,0.9998,0.9998,0.9999,0.9998,0.9998,0.9999,0.9998,0.9999,0.9998,0.9997,0.9998,0.9998,0.9997,0.9998,0.9999,0.9998,0.9998,0.9999,0.9998,0.9998,0.9998,0.9997,0.9998,0.9998,0.9998,0.9998,0.9998,0.9997,0.9997,0.9998,0.9998,0.9998,0.9998,0.9998,0.9998,0.9998,0.9998,0.9997,0.9999,0.9998,0.9998,0.9999,0.1438,0.1191,0.1865,0.1761,0.1902,0.1870,0.1208,0.1891,0.1883,0.1498,0.1848,0.1325,0.1839,0.1449,0.1993,0.1449,0.1958,0.1884,0.1540,0.1514,0.1877,0.1958,0.1692,0.1584,0.1343,0.1244,0.1958,0.1498,0.1568,0.1806,0.1718,0.1162,0.1883,0.1410,0.1321,0.1761,0.1916,0.1162,0.1545,0.1978,0.1208,0.1917,0.1786,0.1584,0.1901,0.1860,0.1881,0.1633,0.1977,0.1843,IDLE,IDLE,IDLE,IDLE,IDLE,IDLE,IDLE,IDLE,IDLE,IDLE,IDLE,IDLE,IDLE,IDLE,IDLE,IDLE,IDLE,IDLE,IDLE,IDLE,IDLE,IDLE,IDLE,IDLE,IDLE,IDLE,IDLE,IDLE,IDLE,IDLE,IDLE,IDLE,IDLE,IDLE,IDLE,IDLE,IDLE,IDLE,IDLE,IDLE,IDLE,IDLE,IDLE,IDLE,IDLE,IDLE,IDLE,IDLE,IDLE,IDLE
570,2024-01-24 18:00:01,0.00,0.00,0,0.0000,0.0000,0.00,0.9998,0.9999,0.9997,0.9997,0.9998,0.9998,0.9998,0.9997,0.9998,0.9998,0.9999,0.9998,0.9998,0.9999,0.9998,0.9999,0.9998,0.9997,0.9998,0.9998,0.9997,0.9998,0.9999,0.9998,0.9998,0.9999,0.9998,0.9998,0.9998,0.9997,0.9998,0.9998,0.9998,0.9998,0.9998,0.9997,0.9997,0.9998,0.9998,0.9998,0.9998,0.9998,0.9998,0.9998,0.9998,0.9997,0.9999,0.9998,0.9998,0.9999,0.1438,0.1191,0.1865,0.1761,0.1902,0.1870,0.1208,0.1891,0.1883,0.1498,0.1848,0.1325,0.1839,0.1449,0.1993,0.1449,0.1958,0.1884,0.1540,0.1514,0.1877,0.1958,0.1692,0.1584,0.1343,0.1244,0.1958,0.1498,0.1568,0.1806,0.1718,0.1162,0.1883,0.1410,0.1321,0.1761,0.1916,0.1162,0.1545,0.1978,0.1208,0.1917,0.1786,0.1584,0.1901,0.1860,0.1881,0.1633,0.1977,0.1843,IDLE,IDLE,IDLE,IDLE,IDLE,IDLE,IDLE,IDLE,IDLE,IDLE,IDLE,IDLE,IDLE,IDLE,IDLE,IDLE,IDLE,IDLE,IDLE,IDLE,IDLE,IDLE,IDLE,IDLE,IDLE,IDLE,IDLE,IDLE,IDLE,IDLE,IDLE,IDLE,IDLE,IDLE,IDLE,IDLE,IDLE,IDLE,IDLE,IDLE,IDLE,IDLE,IDLE,IDLE,IDLE,IDLE,IDLE,IDLE,IDLE,IDLE
571,2024-01-24 19:00:01,0.00,0.00,0,0.0000,0.0000,0.00,0.9998,0.9999,0.9997,0.9997,0.9998,0.9998,0.9998,0.9997,0.9998,0.9998,0.9999,0.9998,0.9998,0.9999,0.9998,0.9999,0.9998,0.9997,0.9998,0.9998,0.9997,0.9998,0.9999,0.9998,0.9998,0.9999,0.9998,0.9998,0.9998,0.9997,0.9998,0.9998,0.9998,0.9998,0.9998,0.9997,0.9997,0.9998,0.9998,0.9998,0.9998,0.9998,0.9998,0.9998,0.9998,0.9997,0.9999,0.9998,0.9998,0.9999,0.1438,0.1191,0.1865,0.1761,0.1902,0.1870,0.1208,0.1891,0.1883,0.1498,0.1848,0.1325,0.1839,0.1449,0.1993,0.1449,0.1958,0.1884,0.1540,0.1514,0.1877,0.1958,0.1692,0.1584,0.1343,0.1244,0.1958,0.1498,0.1568,0.1806,0.1718,0.1162,0.1883,0.1410,0.1321,0.1761,0.1916,0.1162,0.1545,0.1978,0.1208,0.1917,0.1786,0.1584,0.1901,0.1860,0.1881,0.1633,0.1977,0.1843,IDLE,IDLE,IDLE,IDLE,IDLE,IDLE,IDLE,IDLE,IDLE,IDLE,IDLE,IDLE,IDLE,IDLE,IDLE,IDLE,IDLE,IDLE,IDLE,IDLE,IDLE,IDLE,IDLE,IDLE,IDLE,IDLE,IDLE,IDLE,IDLE,IDLE,IDLE,IDLE,IDLE,IDLE,IDLE,IDLE,IDLE,IDLE,IDLE,IDLE,IDLE,IDLE,IDLE,IDLE,IDLE,IDLE,IDLE,IDLE,IDLE,IDLE
572,2024-01-24 20:00:01,0.00,0.00,0,0.0000,0.0000,0.00,0.9998,0.9999,0.9997,0.9997,0.9998,0.9998,0.9998,0.9997,0.9998,0.9998,0.9999,0.9998,0.9998,0.9999,0.9998,0.9999,0.9998,0.9997,0.9998,0.9998,0.9997,0.9998,0.9999,0.9998,0.9998,0.9999,0.9998,0.9998,0.9998,0.9997,0.9998,0.9998,0.9998,0.9998,0.9998,0.9997,0.9997,0.9998,0.9998,0.9998,0.9998,0.9998,0.9998,0.9998,0.9998,0.9997,0.9999,0.9998,0.9998,0.9999,0.1438,0.1191,0.1865,0.1761,0.1902,0.1870,0.1208,0.1891,0.1883,0.1498,0.1848,0.1325,0.1839,0.1449,0.1993,0.1449,0.1958,0.1884,0.1540,0.1514,0.1877,0.1958,0.1692,0.1584,0.1343,0.1244,0.1958,0.1498,0.1568,0.1806,0.1718,0.1162,0.1883,0.1410,0.1321,0.1761,0.1916,0.1162,0.1545,0.1978,0.1208,0.1917,0.1786,0.1584,0.1901,0.1860,0.1881,0.1633,0.1977,0.1843,IDLE,IDLE,IDLE,IDLE,IDLE,IDLE,IDLE,IDLE,IDLE,IDLE,IDLE,IDLE,IDLE,IDLE,IDLE,IDLE,IDLE,IDLE,IDLE,IDLE,IDLE,IDLE,IDLE,IDLE,IDLE,IDLE,IDLE,IDLE,IDLE,IDLE,IDLE,IDLE,IDLE,IDLE,IDLE,IDLE,IDLE,IDLE,IDLE,IDLE,IDLE,IDLE,IDLE,IDLE,IDLE,IDLE,IDLE,IDLE,IDLE,IDLE
573,2024-01-24 21:00:01,0.00,0.00,0,0.0000,0.0000,0.00,0.9998,0.9999,0.9997,0.9997,0.9998,0.9998,0.9998,0.9997,0.9998,0.9998,0.9999,0.9998,0.9998,0.9999,0.9998,0.9999,0.9998,0.9997,0.9998,0.9998,0.9997,0.9998,0.9999,0.9998,0.9998,0.9999,0.9998,0.9998,0.9998,0.9997,0.9998,0.9998,0.9998,0.9998,0.9998,0.9997,0.9997,0.9998,0.9998,0.9998,0.9998,0.9998,0.9998,0.9998,0.9998,0.9997,0.9999,0.9998,0.9998,0.9999,0.1438,0.1191,0.1865,0.1761,0.1902,0.1870,0.1208,0.1891,0.1883,0.1498,0.1848,0.1325,0.1839,0.1449,0.1993,0.1449,0.1958,0.1884,0.1540,0.1514,0.1877,0.1958,0.1692,0.1584,0.1343,0.1244,0.1958,0.1498,0.1568,0.1806,0.1718,0.1162,0.1883,0.1410,0.1321,0.1761,0.1916,0.1162,0.1545,0.1978,0.1208,0.1917,0.1786,0.1584,0.1901,0.1860,0.1881,0.1633,0.1977,0.1843,IDLE,IDLE,IDLE,IDLE,IDLE,IDLE,IDLE,IDLE,IDLE,IDLE,IDLE,IDLE,IDLE,IDLE,IDLE,IDLE,IDLE,IDLE,IDLE,IDLE,IDLE,IDLE,IDLE,IDLE,IDLE,IDLE,IDLE,IDLE,IDLE,IDLE,IDLE,IDLE,IDLE,IDLE,IDLE,IDLE,IDLE,IDLE,IDLE,IDLE,IDLE,IDLE,IDLE,IDLE,IDLE,IDLE,IDLE,IDLE,IDLE,IDLE
574,2024-01-24 22:00:01,0.00,0.00,0,0.0000,0.0000,0.00,0.9998,0.9999,0.9997,0.9997,0.9998,0.9998,0.9998,0.9997,0.9998,0.9998,0.9999,0.9998,0.9998,0.9999,0.9998,0.9999,0.9998,0.9997,0.9998,0.9998,0.9997,0.9998,0.9999,0.9998,0.9998,0.9999,0.9998,0.9998,0.9998,0.9997,0.9998,0.9998,0.9998,0.9998,0.9998,0.9997,0.9997,0.9998,0.9998,0.9998,0.9998,0.9998,0.9998,0.9998,0.9998,0.9997,0.9999,0.9998,0.9998,0.9999,0.1438,0.1191,0.1865,0.1761,0.1902,0.1870,0.1208,0.1891,0.1883,0.1498,0.1848,0.1325,0.1839,0.1449,0.1993,0.1449,0.1958,0.1884,0.1540,0.1514,0.1877,0.1958,0.1692,0.1584,0.1343,0.1244,0.1958,0.1498,0.1568,0.1806,0.1718,0.1162,0.1883,0.1410,0.1321,0.1761,0.1916,0.1162,0.1545,0.1978,0.1208,0.1917,0.1786,0.1584,0.1901,0.1860,0.1881,0.1633,0.1977,0.1843,IDLE,IDLE,IDLE,IDLE,IDLE,IDLE,IDLE,IDLE,IDLE,IDLE,IDLE,IDLE,IDLE,IDLE,IDLE,IDLE,IDLE,IDLE,IDLE,IDLE,IDLE,IDLE,IDLE,IDLE,IDLE,IDLE,IDLE,IDLE,IDLE,IDLE,IDLE,IDLE,IDLE,IDLE,IDLE,IDLE,IDLE,IDLE,IDLE,IDLE,IDLE,IDLE,IDLE,IDLE,IDLE,IDLE,IDLE,IDLE,IDLE,IDLE
575,2024-01-24 23:00:01,0.00,0.00,0,0.0000,0.0000,0.00,0.9998,0.9999,0.9997,0.9997,0.9998,0.9998,0.9998,0.9997,0.9998,0.9998,0.9999,0.9998,0.9998,0.9999,0.9998,0.9999,0.9998,0.9997,0.9998,0.9998,0.9997,0.9998,0.9999,0.9998,0.9998,0.9999,0.9998,0.9998,0.9998,0.9997,0.9998,0.9998,0.9998,0.9998,0.9998,0.9997,0.9997,0.9998,0.9998,0.9998,0.9998,0.9998,0.9998,0.9998,0.9998,0.9997,0.9999,0.9998,0.9998,0.9999,0.1438,0.1191,0.1865,0.1761,0.1902,0.1870,0.1208,0.1891,0.1883,0.1498,0.1848,0.1325,0.1839,0.1449,0.1993,0.1449,0.1958,0.1884,0.1540,0.1514,0.1877,0.1958,0.1692,0.1584,0.1343,0.1244,0.1958,0.1498,0.1568,0.1806,0.1718,0.1162,0.1883,0.1410,0.1321,0.1761,0.1916,0.1162,0.1545,0.1978,0.1208,0.1917,0.1786,0.1584,0.1901,0.1860,0.1881,0.1633,0.1977,0.1843,IDLE,IDLE,IDLE,IDLE,IDLE,IDLE,IDLE,IDLE,IDLE,IDLE,IDLE,IDLE,IDLE,IDLE,IDLE,IDLE,IDLE,IDLE,IDLE,IDLE,IDLE,IDLE,IDLE,IDLE,IDLE,IDLE,IDLE,IDLE,IDLE,IDLE,IDLE,IDLE,IDLE,IDLE,IDLE,IDLE,IDLE,IDLE,IDLE,IDLE,IDLE,IDLE,IDLE,IDLE,IDLE,IDLE,IDLE,IDLE,IDLE,IDLE
576,2024-01-25 00:00:01,0.00,0.00,0,0.0000,0.0000,0.00,0.9998,0.9999,0.9997,0.9997,0.9998,0.9998,0.9998,0.9997,0.9998,0.9998,0.9999,0.9998,0.9998,0.9999,0.9998,0.9999,0.9998,0.9997,0.9998,0.9998,0.9997,0.9998,0.9999,0.9998,0.9998,0.9999,0.9998,0.9998,0.9998,0.9997,0.9998,0.9998,0.9998,0.9998,0.9998,0.9997,0.9997,0.9998,0.9998,0.9998,0.9998,0.9998,0.9998,0.9998,0.9998,0.9997,0.9999,0.9998,0.9998,0.9999,0.1438,0.1191,0.1865,0.1761,0.1902,0.1870,0.1208,0.1891,0.1883,0.1498,0.1848,0.1325,0.1839,0.1449,0.1993,0.1449,0.1958,0.1884,0.1540,0.1514,0.1877,0.1958,0.1692,0.1584,0.1343,0.1244,0.1958,0.1498,0.1568,0.1806,0.1718,0.1162,0.1883,0.1410,0.1321,0.1761,0.1916,0.1162,0.1545,0.1978,0.1208,0.1917,0.1786,0.1584,0.1901,0.1860,0.1881,0.1633,0.1977,0.1843,IDLE,IDLE,IDLE,IDLE,IDLE,IDLE,IDLE,IDLE,IDLE,IDLE,IDLE,IDLE,IDLE,IDLE,IDLE,IDLE,IDLE,IDLE,IDLE,IDLE,IDLE,IDLE,IDLE,IDLE,IDLE,IDLE,IDLE,IDLE,IDLE,IDLE,IDLE,IDLE,IDLE,IDLE,IDLE,IDLE,IDLE,IDLE,IDLE,IDLE,IDLE,IDLE,IDLE,IDLE,IDLE,IDLE,IDLE,IDLE,IDLE,IDLE
577,2024-01-25 01:00:01,0.00,0.00,0,0.0000,0.0000,0.00,0.9998,0.9999,0.9997,0.9997,0.9998,0.9998,0.9998,0.9997,0.9998,0.9998,0.9999,0.9998,0.9998,0.9999,0.9998,0.9999,0.9998,0.9997,0.9998,0.9998,0.9997,0.9998,0.9999,0.9998,0.9998,0.9999,0.9998,0.9998,0.9998,0.9997,0.9998,0.9998,0.9998,0.9998,0.9998,0.9997,0.9997,0.9998,0.9998,0.9998,0.9998,0.9998,0.9998,0.9998,0.9998,0.9997,0.9999,0.9998,0.9998,0.9999,0.1438,0.1191,0.1865,0.1761,0.1902,0.1870,0.1208,0.1891,0.1883,0.1498,0.1848,0.1325,0.1839,0.1449,0.1993,0.1449,0.1958,0.1884,0.1540,0.1514,0.1877,0.1958,0.1692,0.1584,0.1343,0.1244,0.1958,0.1498,0.1568,0.1806,0.1718,0.1162,0.1883,0.1410,0.1321,0.1761,0.1916,0.1162,0.1545,0.1978,0.1208,0.1917,0.1786,0.1584,0.1901,0.1860,0.1881,0.1633,0.1977,0.1843,IDLE,IDLE,IDLE,IDLE,IDLE,IDLE,IDLE,IDLE,IDLE,IDLE,IDLE,IDLE,IDLE,IDLE,IDLE,IDLE,IDLE,IDLE,IDLE,IDLE,IDLE,IDLE,IDLE,IDLE,IDLE,IDLE,IDLE,IDLE,IDLE,IDLE,IDLE,IDLE,IDLE,IDLE,IDLE,IDLE,IDLE,IDLE,IDLE,IDLE,IDLE,IDLE,IDLE,IDLE,IDLE,IDLE,IDLE,IDLE,IDLE,IDLE
578,2024-01-25 02:00:01,0.00,0.00,0,0.0000,0.0000,0.00,0.9998,0.9999,0.9997,0.9997,0.9998,0.9998,0.9998,0.9997,0.9998,0.9998,0.9999,0.9998,0.9998,0.9999,0.9998,0.9999,0.9998,0.9997,0.9998,0.9998,0.9997,0.9998,0.9999,0.9998,0.9998,0.9999,0.9998,0.9998,0.9998,0.9997,0.9998,0.9998,0.9998,0.9998,0.9998,0.9997,0.9997,0.9998,0.9998,0.9998,0.9998,0.9998,0.9998,0.9998,0.9998,0.9997,0.9999,0.9998,0.9998,0.9999,0.1438,0.1191,0.1865,0.1761,0.1902,0.1870,0.1208,0.1891,0.1883,0.1498,0.1848,0.1325,0.1839,0.1449,0.1993,0.1449,0.1958,0.1884,0.1540,0.1514,0.1877,0.1958,0.1692,0.1584,0.1343,0.1244,0.1958,0.1498,0.1568,0.1806,0.1718,0.1162,0.1883,0.1410,0.1321,0.1761,0.1916,0.1162,0.1545,0.1978,0.1208,0.1917,0.1786,0.1584,0.1901,0.1860,0.1881,0.1633,0.1977,0.1843,IDLE,IDLE,IDLE,IDLE,IDLE,IDLE,IDLE,IDLE,IDLE,IDLE,IDLE,IDLE,IDLE,IDLE,IDLE,IDLE,IDLE,IDLE,IDLE,IDLE,IDLE,IDLE,IDLE,IDLE,IDLE,IDLE,IDLE,IDLE,IDLE,IDLE,IDLE,IDLE,IDLE,IDLE,IDLE,IDLE,IDLE,IDLE,IDLE,IDLE,IDLE,IDLE,IDLE,IDLE,IDLE,IDLE,IDLE,IDLE,IDLE,IDLE
579,2024-01-25 03:00:01,0.00,0.00,0,0.0000,0.0000,0.00,0.9998,0.9999,0.9997,0.9997,0.9998,0.9998,0.9998,0.9997,0.9998,0.9998,0.9999,0.9998,0.9998,0.9999,0.9998,0.9999,0.9998,0.9997,0.9998,0.9998,0.9997,0.9998,0.9999,0.9998,0.9998,0.9999,0.9998,0.9998,0.9998,0.9997,0.9998,0.9998,0.9998,0.9998,0.9998,0.9997,0.9997,0.9998,0.9998,0.9998,0.9998,0.9998,0.9998,0.9998,0.9998,0.9997,0.9999,0.9998,0.9998,0.9999,0.1438,0.1191,0.1865,0.1761,0.1902,0.1870,0.1208,0.1891,0.1883,0.1498,0.1848,0.1325,0.1839,0.1449,0.1993,0.1449,0.1958,0.1884,0.1540,0.1514,0.1877,0.1958,0.1692,0.1584,0.1343,0.1244,0.1958,0.1498,0.1568,0.1806,0.1718,0.1162,0.1883,0.1410,0.1321,0.1761,0.1916,0.1162,0.1545,0.1978,0.1208,0.1917,0.1786,0.1584,0.1901,0.1860,0.1881,0.1633,0.1977,0.1843,IDLE,IDLE,IDLE,IDLE,IDLE,IDLE,IDLE,IDLE,IDLE,IDLE,IDLE,IDLE,IDLE,IDLE,IDLE,IDLE,IDLE,IDLE,IDLE,IDLE,IDLE,IDLE,IDLE,IDLE,IDLE,IDLE,IDLE,IDLE,IDLE,IDLE,IDLE,IDLE,IDLE,IDLE,IDLE,IDLE,IDLE,IDLE,IDLE,IDLE,IDLE,IDLE,IDLE,IDLE,IDLE,IDLE,IDLE,IDLE,IDLE,IDLE
580,2024-01-25 04:00:01,0.00,0.00,0,0.0000,0.0000,0.00,0.9998,0.9999,0.9997,0.9997,0.9998,0.9998,0.9998,0.9997,0.9998,0.9998,0.9999,0.9998,0.9998,0.9999,0.9998,0.9999,0.9998,0.9997,0.9998,0.9998,0.9997,0.9998,0.9999,0.9998,0.9998,0.9999,0.9998,0.9998,0.9998,0.9997,0.9998,0.9998,0.9998,0.9998,0.9998,0.9997,0.9997,0.9998,0.9998,0.9998,0.9998,0.9998,0.9998,0.9998,0.9998,0.9997,0.9999,0.9998,0.9998,0.9999,0.1438,0.1191,0.1865,0.1761,0.1902,0.1870,0.1208,0.1891,0.1883,0.1498,0.1848,0.1325,0.1839,0.1449,0.1993,0.1449,0.1958,0.1884,0.1540,0.1514,0.1877,0.1958,0.1692,0.1584,0.1343,0.1244,0.1958,0.1498,0.1568,0.1806,0.1718,0.1162,0.1883,0.1410,0.1321,0.1761,0.1916,0.1162,0.1545,0.1978,0.1208,0.1917,0.1786,0.1584,0.1901,0.1860,0.1881,0.1633,0.1977,0.1843,IDLE,IDLE,IDLE,IDLE,IDLE,IDLE,IDLE,IDLE,IDLE,IDLE,IDLE,IDLE,IDLE,IDLE,IDLE,IDLE,IDLE,IDLE,IDLE,IDLE,IDLE,IDLE,IDLE,IDLE,IDLE,IDLE,IDLE,IDLE,IDLE,IDLE,IDLE,IDLE,IDLE,IDLE,IDLE,IDLE,IDLE,IDLE,IDLE,IDLE,IDLE,IDLE,IDLE,IDLE,IDLE,IDLE,IDLE,IDLE,IDLE,IDLE
581,2024-01-25 05:00:01,0.00,0.00,0,0.0000,0.0000,0.00,0.9998,0.9999,0.9997,0.9997,0.9998,0.9998,0.9998,0.9997,0.9998,0.9998,0.9999,0.9998,0.9998,0.9999,0.9998,0.9999,0.9998,0.9997,0.9998,0.9998,0.9997,0.9998,0.9999,0.9998,0.9998,0.9999,0.9998,0.9998,0.9998,0.9997,0.9998,0.9998,0.9998,0.9998,0.9998,0.9997,0.9997,0.9998,0.9998,0.9998,0.9998,0.9998,0.9998,0.9998,0.9998,0.9997,0.9999,0.9998,0.9998,0.9999,0.1438,0.1191,0.1865,0.1761,0.1902,0.1870,0.1208,0.1891,0.1883,0.1498,0.1848,0.1325,0.1839,0.1449,0.1993,0.1449,0.1958,0.1884,0.1540,0.1514,0.1877,0.1958,0.1692,0.1584,0.1343,0.1244,0.1958,0.1498,0.1568,0.1806,0.1718,0.1162,0.1883,0.1410,0.1321,0.1761,0.1916,0.1162,0.1545,0.1978,0.1208,0.1917,0.1786,0.1584,0.1901,0.1860,0.1881,0.1633,0.1977,0.1843,IDLE,IDLE,IDLE,IDLE,IDLE,IDLE,IDLE,IDLE,IDLE,IDLE,IDLE,IDLE,IDLE,IDLE,IDLE,IDLE,IDLE,IDLE,IDLE,IDLE,IDLE,IDLE,IDLE,IDLE,IDLE,IDLE,IDLE,IDLE,IDLE,IDLE,IDLE,IDLE,IDLE,IDLE,IDLE,IDLE,IDLE,IDLE,IDLE,IDLE,IDLE,IDLE,IDLE,IDLE,IDLE,IDLE,IDLE,IDLE,IDLE,IDLE
582,2024-01-25 06:00:01,0.00,0.00,0,0.0000,0.0000,0.00,0.9998,0.9999,0.9997,0.9997,0.9998,0.9998,0.9998,0.9997,0.9998,0.9998,0.9999,0.9998,0.9998,0.9999,0.9998,0.9999,0.9998,0.9997,0.9998,0.9998,0.9997,0.9998,0.9999,0.9998,0.9998,0.9999,0.9998,0.9998,0.9998,0.9997,0.9998,0.9998,0.9998,0.9998,0.9998,0.9997,0.9997,0.9998,0.9998,0.9998,0.9998,0.9998,0.9998,0.9998,0.9998,0.9997,0.9999,0.9998,0.9998,0.9999,0.1438,0.1191,0.1865,0.1761,0.1902,0.1870,0.1208,0.1891,0.1883,0.1498,0.1848,0.1325,0.1839,0.1449,0.1993,0.1449,0.1958,0.1884,0.1540,0.1514,0.1877,0.1958,0.1692,0.1584,0.1343,0.1244,0.1958,0.1498,0.1568,0.1806,0.1718,0.1162,0.1883,0.1410,0.1321,0.1761,0.1916,0.1162,0.1545,0.1978,0.1208,0.1917,0.1786,0.1584,0.1901,0.1860,0.1881,0.1633,0.1977,0.1843,IDLE,IDLE,IDLE,IDLE,IDLE,IDLE,IDLE,IDLE,IDLE,IDLE,IDLE,IDLE,IDLE,IDLE,IDLE,IDLE,IDLE,IDLE,IDLE,IDLE,IDLE,IDLE,IDLE,IDLE,IDLE,IDLE,IDLE,IDLE,IDLE,IDLE,IDLE,IDLE,IDLE,IDLE,IDLE,IDLE,IDLE,IDLE,IDLE,IDLE,IDLE,IDLE,IDLE,IDLE,IDLE,IDLE,IDLE,IDLE,IDLE,IDLE
583,2024-01-25 07:00:01,0.00,0.00,0,0.0000,0.0000,0.00,0.9998,0.9999,0.9997,0.9997,0.9998,0.9998,0.9998,0.9997,0.9998,0.9998,0.9999,0.9998,0.9998,0.9999,0.9998,0.9999,0.9998,0.9997,0.9998,0.9998,0.9997,0.9998,0.9999,0.9998,0.9998,0.9999,0.9998,0.9998,0.9998,0.9997,0.9998,0.9998,0.9998,0.9998,0.9998,0.9997,0.9997,0.9998,0.9998,0.9998,0.9998,0.9998,0.9998,0.9998,0.9998,0.9997,0.9999,0.9998,0.9998,0.9999,0.1438,0.1191,0.1865,0.1761,0.1902,0.1870,0.1208,0.1891,0.1883,0.1498,0.1848,0.1325,0.1839,0.1449,0.1993,0.1449,0.1958,0.1884,0.1540,0.1514,0.1877,0.1958,0.1692,0.1584,0.1343,0.1244,0.1958,0.1498,0.1568,0.1806,0.1718,0.1162,0.1883,0.1410,0.1321,0.1761,0.1916,0.1162,0.1545,0.1978,0.1208,0.1917,0.1786,0.1584,0.1901,0.1860,0.1881,0.1633,0.1977,0.1843,IDLE,IDLE,IDLE,IDLE,IDLE,IDLE,IDLE,IDLE,IDLE,IDLE,IDLE,IDLE,IDLE,IDLE,IDLE,IDLE,IDLE,IDLE,IDLE,IDLE,IDLE,IDLE,IDLE,IDLE,IDLE,IDLE,IDLE,IDLE,IDLE,IDLE,IDLE,IDLE,IDLE,IDLE,IDLE,IDLE,IDLE,IDLE,IDLE,IDLE,IDLE,IDLE,IDLE,IDLE,IDLE,IDLE,IDLE,IDLE,IDLE,IDLE
584,2024-01-25 08:00:01,0.00,0.00,0,0.0000,0.0000,0.00,0.9998,0.9999,0.9997,0.9997,0.9998,0.9998,0.9998,0.9997,0.9998,0.9998,0.9999,0.9998,0.9998,0.9999,0.9998,0.9999,0.9998,0.9997,0.9998,0.9998,0.9997,0.9998,0.9999,0.9998,0.9998,0.9999,0.9998,0.9998,0.9998,0.9997,0.9998,0.9998,0.9998,0.9998,0.9998,0.9997,0.9997,0.9998,0.9998,0.9998,0.9998,0.9998,0.9998,0.9998,0.9998,0.9997,0.9999,0.9998,0.9998,0.9999,0.1438,0.1191,0.1865,0.1761,0.1902,0.1870,0.1208,0.1891,0.1883,0.1498,0.1848,0.1325,0.1839,0.1449,0.1993,0.1449,0.1958,0.1884,0.1540,0.1514,0.1877,0.1958,0.1692,0.1584,0.1343,0.1244,0.1958,0.1498,0.1568,0.1806,0.1718,0.1162,0.1883,0.1410,0.1321,0.1761,0.1916,0.1162,0.1545,0.1978,0.1208,0.1917,0.1786,0.1584,0.1901,0.1860,0.1881,0.1633,0.1977,0.1843,IDLE,IDLE,IDLE,IDLE,IDLE,IDLE,IDLE,IDLE,IDLE,IDLE,IDLE,IDLE,IDLE,IDLE,IDLE,IDLE,IDLE,IDLE,IDLE,IDLE,IDLE,IDLE,IDLE,IDLE,IDLE,IDLE,IDLE,IDLE,IDLE,IDLE,IDLE,IDLE,IDLE,IDLE,IDLE,IDLE,IDLE,IDLE,IDLE,IDLE,IDLE,IDLE,IDLE,IDLE,IDLE,IDLE,IDLE,IDLE,IDLE,IDLE
585,2024-01-25 09:00:01,0.00,0.00,0,0.0000,0.0000,0.00,0.9998,0.9999,0.9997,0.9997,0.9998,0.9998,0.9998,0.9997,0.9998,0.9998,0.9999,0.9998,0.9998,0.9999,0.9998,0.9999,0.9998,0.9997,0.9998,0.9998,0.9997,0.9998,0.9999,0.9998,0.9998,0.9999,0.9998,0.9998,0.9998,0.9997,0.9998,0.9998,0.9998,0.9998,0.9998,0.9997,0.9997,0.9998,0.9998,0.9998,0.9998,0.9998,0.9998,0.9998,0.9998,0.9997,0.9999,0.9998,0.9998,0.9999,0.1438,0.1191,0.1865,0.1761,0.1902,0.1870,0.1208,0.1891,0.1883,0.1498,0.1848,0.1325,0.1839,0.1449,0.1993,0.1449,0.1958,0.1884,0.1540,0.1514,0.1877,0.1958,0.1692,0.1584,0.1343,0.1244,0.1958,0.1498,0.1568,0.1806,0.1718,0.1162,0.1883,0.1410,0.1321,0.1761,0.1916,0.1162,0.1545,0.1978,0.1208,0.1917,0.1786,0.1584,0.1901,0.1860,0.1881,0.1633,0.1977,0.1843,IDLE,IDLE,IDLE,IDLE,IDLE,IDLE,IDLE,IDLE,IDLE,IDLE,IDLE,IDLE,IDLE,IDLE,IDLE,IDLE,IDLE,IDLE,IDLE,IDLE,IDLE,IDLE,IDLE,IDLE,IDLE,IDLE,IDLE,IDLE,IDLE,IDLE,IDLE,IDLE,IDLE,IDLE,IDLE,IDLE,IDLE,IDLE,IDLE,IDLE,IDLE,IDLE,IDLE,IDLE,IDLE,IDLE,IDLE,IDLE,IDLE,IDLE
586,2024-01-25 10:00:01,0.00,0.00,0,0.0000,0.0000,0.00,0.9998,0.9999,0.9997,0.9997,0.9998,0.9998,0.9998,0.9997,0.9998,0.9998,0.9999,0.9998,0.9998,0.9999,0.9998,0.9999,0.9998,0.9997,0.9998,0.9998,0.9997,0.9998,0.9999,0.9998,0.9998,0.9999,0.9998,0.9998,0.9998,0.9997,0.9998,0.9998,0.9998,0.9998,0.9998,0.9997,0.9997,0.9998,0.9998,0.9998,0.9998,0.9998,0.9998,0.9998,0.9998,0.9997,0.9999,0.9998,0.9998,0.9999,0.1438,0.1191,0.1865,0.1761,0.1902,0.1870,0.1208,0.1891,0.1883,0.1498,0.1848,0.1325,0.1839,0.1449,0.1993,0.1449,0.1958,0.1884,0.1540,0.1514,0.1877,0.1958,0.1692,0.1584,0.1343,0.1244,0.1958,0.1498,0.1568,0.1806,0.1718,0.1162,0.1883,0.1410,0.1321,0.1761,0.1916,0.1162,0.1545,0.1978,0.1208,0.1917,0.1786,0.1584,0.1901,0.1860,0.1881,0.1633,0.1977,0.1843,IDLE,IDLE,IDLE,IDLE,IDLE,IDLE,IDLE,IDLE,IDLE,IDLE,IDLE,IDLE,IDLE,IDLE,IDLE,IDLE,IDLE,IDLE,IDLE,IDLE,IDLE,IDLE,IDLE,IDLE,IDLE,IDLE,IDLE,IDLE,IDLE,IDLE,IDLE,IDLE,IDLE,IDLE,IDLE,IDLE,IDLE,IDLE,IDLE,IDLE,IDLE,IDLE,IDLE,IDLE,IDLE,IDLE,IDLE,IDLE,IDLE,IDLE
587,2024-01-25 11:00:01,0.00,0.00,0,0.0000,0.0000,0.00,0.9998,0.9999,0.9997,0.9997,0.9998,0.9998,0.9998,0.9997,0.9998,0.9998,0.9999,0.9998,0.9998,0.9999,0.9998,0.9999,0.9998,0.9997,0.9998,0.9998,0.9997,0.9998,0.9999,0.9998,0.9998,0.9999,0.9998,0.9998,0.9998,0.9997,0.9998,0.9998,0.9998,0.9998,0.9998,0.9997,0.9997,0.9998,0.9998,0.9998,0.9998,0.9998,0.9998,0.9998,0.9998,0.9997,0.9999,0.9998,0.9998,0.9999,0.1438,0.1191,0.1865,0.1761,0.1902,0.1870,0.1208,0.1891,0.1883,0.1498,0.1848,0.1325,0.1839,0.1449,0.1993,0.1449,0.1958,0.1884,0.1540,0.1514,0.1877,0.1958,0.1692,0.1584,0.1343,0.1244,0.1958,0.1498,0.1568,0.1806,0.1718,0.1162,0.1883,0.1410,0.1321,0.1761,0.1916,0.1162,0.1545,0.1978,0.1208,0.1917,0.1786,0.1584,0.1901,0.1860,0.1881,0.1633,0.1977,0.1843,IDLE,IDLE,IDLE,IDLE,IDLE,IDLE,IDLE,IDLE,IDLE,IDLE,IDLE,IDLE,IDLE,IDLE,IDLE,IDLE,IDLE,IDLE,IDLE,IDLE,IDLE,IDLE,IDLE,IDLE,IDLE,IDLE,IDLE,IDLE,IDLE,IDLE,IDLE,IDLE,IDLE,IDLE,IDLE,IDLE,IDLE,IDLE,IDLE,IDLE,IDLE,IDLE,IDLE,IDLE,IDLE,IDLE,IDLE,IDLE,IDLE,IDLE
588,2024-01-25 12:00:01,0.00,0.00,0,0.0000,0.0000,0.00,0.9998,0.9999,0.9997,0.9997,0.9998,0.9998,0.9998,0.9997,0.9998,0.9998,0.9999,0.9998,0.9998,0.9999,0.9998,0.9999,0.9998,0.9997,0.9998,0.9998,0.9997,0.9998,0.9999,0.9998,0.9998,0.9999,0.9998,0.9998,0.9998,0.9997,0.9998,0.9998,0.9998,0.9998,0.9998,0.9997,0.9997,0.9998,0.9998,0.9998,0.9998,0.9998,0.9998,0.9998,0.9998,0.9997,0.9999,0.9998,0.9998,0.9999,0.1438,0.1191,0.1865,0.1761,0.1902,0.1870,0.1208,0.1891,0.1883,0.1498,0.1848,0.1325,0.1839,0.1449,0.1993,0.1449,0.1958,0.1884,0.1540,0.1514,0.1877,0.1958,0.1692,0.1584,0.1343,0.1244,0.1958,0.1498,0.1568,0.1806,0.1718,0.1162,0.1883,0.1410,0.1321,0.1761,0.1916,0.1162,0.1545,0.1978,0.1208,0.1917,0.1786,0.1584,0.1901,0.1860,0.1881,0.1633,0.1977,0.1843,IDLE,IDLE,IDLE,IDLE,IDLE,IDLE,IDLE,IDLE,IDLE,IDLE,IDLE,IDLE,IDLE,IDLE,IDLE,IDLE,IDLE,IDLE,IDLE,IDLE,IDLE,IDLE,IDLE,IDLE,IDLE,IDLE,IDLE,IDLE,IDLE,IDLE,IDLE,IDLE,IDLE,IDLE,IDLE,IDLE,IDLE,IDLE,IDLE,IDLE,IDLE,IDLE,IDLE,IDLE,IDLE,IDLE,IDLE,IDLE,IDLE,IDLE
589,2024-01-25 13:00:01,0.00,0.00,0,0.0000,0.0000,0.00,0.9998,0.9999,0.9997,0.9997,0.9998,0.9998,0.9998,0.9997,0.9998,0.9998,0.9999,0.9998,0.9998,0.9999,0.9998,0.9999,0.9998,0.9997,0.9998,0.9998,0.9997,0.9998,0.9999,0.9998,0.9998,0.9999,0.9998,0.9998,0.9998,0.9997,0.9998,0.9998,0.9998,0.9998,0.9998,0.9997,0.9997,0.9998,0.9998,0.9998,0.9998,0.9998,0.9998,0.9998,0.9998,0.9997,0.9999,0.9998,0.9998,0.9999,0.1438,0.1191,0.1865,0.1761,0.1902,0.1870,0.1208,0.1891,0.1883,0.1498,0.1848,0.1325,0.1839,0.1449,0.1993,0.1449,0.1958,0.1884,0.1540,0.1514,0.1877,0.1958,0.1692,0.1584,0.1343,0.1244,0.1958,0.1498,0.1568,0.1806,0.1718,0.1162,0.1883,0.1410,0.1321,0.1761,0.1916,0.1162,0.1545,0.1978,0.1208,0.1917,0.1786,0.1584,0.1901,0.1860,0.1881,0.1633,0.1977,0.1843,IDLE,IDLE,IDLE,IDLE,IDLE,IDLE,IDLE,IDLE,IDLE,IDLE,IDLE,IDLE,IDLE,IDLE,IDLE,IDLE,IDLE,IDLE,IDLE,IDLE,IDLE,IDLE,IDLE,IDLE,IDLE,IDLE,IDLE,IDLE,IDLE,IDLE,IDLE,IDLE,IDLE,IDLE,IDLE,IDLE,IDLE,IDLE,IDLE,IDLE,IDLE,IDLE,IDLE,IDLE,IDLE,IDLE,IDLE,IDLE,IDLE,IDLE
590,2024-01-25 14:00:01,0.00,0.00,0,0.0000,0.0000,0.00,0.9998,0.9999,0.9997,0.9997,0.9998,0.9998,0.9998,0.9997,0.9998,0.9998,0.9999,0.9998,0.9998,0.9999,0.9998,0.9999,0.9998,0.9997,0.9998,0.9998,0.9997,0.9998,0.9999,0.9998,0.9998,0.9999,0.9998,0.9998,0.9998,0.9997,0.9998,0.9998,0.9998,0.9998,0.9998,0.9997,0.9997,0.9998,0.9998,0.9998,0.9998,0.9998,0.9998,0.9998,0.9998,0.9997,0.9999,0.9998,0.9998,0.9999,0.1438,0.1191,0.1865,0.1761,0.1902,0.1870,0.1208,0.1891,0.1883,0.1498,0.1848,0.1325,0.1839,0.1449,0.1993,0.1449,0.1958,0.1884,0.1540,0.1514,0.1877,0.1958,0.1692,0.1584,0.1343,0.1244,0.1958,0.1498,0.1568,0.1806,0.1718,0.1162,0.1883,0.1410,0.1321,0.1761,0.1916,0.1162,0.1545,0.1978,0.1208,0.1917,0.1786,0.1584,0.1901,0.1860,0.1881,0.1633,0.1977,0.1843,IDLE,IDLE,IDLE,IDLE,IDLE,IDLE,IDLE,IDLE,IDLE,IDLE,IDLE,IDLE,IDLE,IDLE,IDLE,IDLE,IDLE,IDLE,IDLE,IDLE,IDLE,IDLE,IDLE,IDLE,IDLE,IDLE,IDLE,IDLE,IDLE,IDLE,IDLE,IDLE,IDLE,IDLE,IDLE,IDLE,IDLE,IDLE,IDLE,IDLE,IDLE,IDLE,IDLE,IDLE,IDLE,IDLE,IDLE,IDLE,IDLE,IDLE
591,2024-01-25 15:00:01,0.00,0.00,0,0.0000,0.0000,0.00,0.9998,0.9999,0.9997,0.9997,0.9998,0.9998,0.9998,0.9997,0.9998,0.9998,0.9999,0.9998,0.9998,0.9999,0.9998,0.9999,0.9998,0.9997,0.9998,0.9998,0.9997,0.9998,0.9999,0.9998,0.9998,0.9999,0.9998,0.9998,0.9998,0.9997,0.9998,0.9998,0.9998,0.9998,0.9998,0.9997,0.9997,0.9998,0.9998,0.9998,0.9998,0.9998,0.9998,0.9998,0.9998,0.9997,0.9999,0.9998,0.9998,0.9999,0.1438,0.1191,0.1865,0.1761,0.1902,0.1870,0.1208,0.1891,0.1883,0.1498,0.1848,0.1325,0.1839,0.1449,0.1993,0.1449,0.1958,0.1884,0.1540,0.1514,0.1877,0.1958,0.1692,0.1584,0.1343,0.1244,0.1958,0.1498,0.1568,0.1806,0.1718,0.1162,0.1883,0.1410,0.1321,0.1761,0.1916,0.1162,0.1545,0.1978,0.1208,0.1917,0.1786,0.1584,0.1901,0.1860,0.1881,0.1633,0.1977,0.1843,IDLE,IDLE,IDLE,IDLE,IDLE,IDLE,IDLE,IDLE,IDLE,IDLE,IDLE,IDLE,IDLE,IDLE,IDLE,IDLE,IDLE,IDLE,IDLE,IDLE,IDLE,IDLE,IDLE,IDLE,IDLE,IDLE,IDLE,IDLE,IDLE,IDLE,IDLE,IDLE,IDLE,IDLE,IDLE,IDLE,IDLE,IDLE,IDLE,IDLE,IDLE,IDLE,IDLE,IDLE,IDLE,IDLE,IDLE,IDLE,IDLE,IDLE
592,2024-01-25 16:00:01,0.00,0.00,0,0.0000,0.0000,0.00,0.9998,0.9999,0.9997,0.9997,0.9998,0.9998,0.9998,0.9997,0.9998,0.9998,0.9999,0.9998,0.9998,0.9999,0.9998,0.9999,0.9998,0.9997,0.9998,0.9998,0.9997,0.9998,0.9999,0.9998,0.9998,0.9999,0.9998,0.9998,0.9998,0.9997,0.9998,0.9998,0.9998,0.9998,0.9998,0.9997,0.9997,0.9998,0.9998,0.9998,0.9998,0.9998,0.9998,0.9998,0.9998,0.9997,0.9999,0.9998,0.9998,0.9999,0.1438,0.1191,0.1865,0.1761,0.1902,0.1870,0.1208,0.1891,0.1883,0.1498,0.1848,0.1325,0.1839,0.1449,0.1993,0.1449,0.1958,0.1884,0.1540,0.1514,0.1877,0.1958,0.1692,0.1584,0.1343,0.1244,0.1958,0.1498,0.1568,0.1806,0.1718,0.1162,0.1883,0.1410,0.1321,0.1761,0.1916,0.1162,0.1545,0.1978,0.1208,0.1917,0.1786,0.1584,0.1901,0.1860,0.1881,0.1633,0.1977,0.1843,IDLE,IDLE,IDLE,IDLE,IDLE,IDLE,IDLE,IDLE,IDLE,IDLE,IDLE,IDLE,IDLE,IDLE,IDLE,IDLE,IDLE,IDLE,IDLE,IDLE,IDLE,IDLE,IDLE,IDLE,IDLE,IDLE,IDLE,IDLE,IDLE,IDLE,IDLE,IDLE,IDLE,IDLE,IDLE,IDLE,IDLE,IDLE,IDLE,IDLE,IDLE,IDLE,IDLE,IDLE,IDLE,IDLE,IDLE,IDLE,IDLE,IDLE
593,2024-01-25 17:00:01,0.00,0.00,0,0.0000,0.0000,0.00,0.9998,0.9999,0.9997,0.9997,0.9998,0.9998,0.9998,0.9997,0.9998,0.9998,0.9999,0.9998,0.9998,0.9999,0.9998,0.9999,0.9998,0.9997,0.9998,0.9998,0.9997,0.9998,0.9999,0.9998,0.9998,0.9999,0.9998,0.9998,0.9998,0.9997,0.9998,0.9998,0.9998,0.9998,0.9998,0.9997,0.9997,0.9998,0.9998,0.9998,0.9998,0.9998,0.9998,0.9998,0.9998,0.9997,0.9999,0.9998,0.9998,0.9999,0.1438,0.1191,0.1865,0.1761,0.1902,0.1870,0.1208,0.1891,0.1883,0.1498,0.1848,0.1325,0.1839,0.1449,0.1993,0.1449,0.1958,0.1884,0.1540,0.1514,0.1877,0.1958,0.1692,0.1584,0.1343,0.1244,0.1958,0.1498,0.1568,0.1806,0.1718,0.1162,0.1883,0.1410,0.1321,0.1761,0.1916,0.1162,0.1545,0.1978,0.1208,0.1917,0.1786,0.1584,0.1901,0.1860,0.1881,0.1633,0.1977,0.1843,IDLE,IDLE,IDLE,IDLE,IDLE,IDLE,IDLE,IDLE,IDLE,IDLE,IDLE,IDLE,IDLE,IDLE,IDLE,IDLE,IDLE,IDLE,IDLE,IDLE,IDLE,IDLE,IDLE,IDLE,IDLE,IDLE,IDLE,IDLE,IDLE,IDLE,IDLE,IDLE,IDLE,IDLE,IDLE,IDLE,IDLE,IDLE,IDLE,IDLE,IDLE,IDLE,IDLE,IDLE,IDLE,IDLE,IDLE,IDLE,IDLE,IDLE
594,2024-01-25 18:00:01,0.00,0.00,0,0.0000,0.0000,0.00,0.9998,0.9999,0.9997,0.9997,0.9998,0.9998,0.9998,0.9997,0.9998,0.9998,0.9999,0.9998,0.9998,0.9999,0.9998,0.9999,0.9998,0.9997,0.9998,0.9998,0.9997,0.9998,0.9999,0.9998,0.9998,0.9999,0.9998,0.9998,0.9998,0.9997,0.9998,0.9998,0.9998,0.9998,0.9998,0.9997,0.9997,0.9998,0.9998,0.9998,0.9998,0.9998,0.9998,0.9998,0.9998,0.9997,0.9999,0.9998,0.9998,0.9999,0.1438,0.1191,0.1865,0.1761,0.1902,0.1870,0.1208,0.1891,0.1883,0.1498,0.1848,0.1325,0.1839,0.1449,0.1993,0.1449,0.1958,0.1884,0.1540,0.1514,0.1877,0.1958,0.1692,0.1584,0.1343,0.1244,0.1958,0.1498,0.1568,0.1806,0.1718,0.1162,0.1883,0.1410,0.1321,0.1761,0.1916,0.1162,0.1545,0.1978,0.1208,0.1917,0.1786,0.1584,0.1901,0.1860,0.1881,0.1633,0.1977,0.1843,IDLE,IDLE,IDLE,IDLE,IDLE,IDLE,IDLE,IDLE,IDLE,IDLE,IDLE,IDLE,IDLE,IDLE,IDLE,IDLE,IDLE,IDLE,IDLE,IDLE,IDLE,IDLE,IDLE,IDLE,IDLE,IDLE,IDLE,IDLE,IDLE,IDLE,IDLE,IDLE,IDLE,IDLE,IDLE,IDLE,IDLE,IDLE,IDLE,IDLE,IDLE,IDLE,IDLE,IDLE,IDLE,IDLE,IDLE,IDLE,IDLE,IDLE
595,2024-01-25 19:00:01,0.00,0.00,0,0.0000,0.0000,0.00,0.9998,0.9999,0.9997,0.9997,0.9998,0.9998,0.9998,0.9997,0.9998,0.9998,0.9999,0.9998,0.9998,0.9999,0.9998,0.9999,0.9998,0.9997,0.9998,0.9998,0.9997,0.9998,0.9999,0.9998,0.9998,0.9999,0.9998,0.9998,0.9998,0.9997,0.9998,0.9998,0.9998,0.9998,0.9998,0.9997,0.9997,0.9998,0.9998,0.9998,0.9998,0.9998,0.9998,0.9998,0.9998,0.9997,0.9999,0.9998,0.9998,0.9999,0.1438,0.1191,0.1865,0.1761,0.1902,0.1870,0.1208,0.1891,0.1883,0.1498,0.1848,0.1325,0.1839,0.1449,0.1993,0.1449,0.1958,0.1884,0.1540,0.1514,0.1877,0.1958,0.1692,0.1584,0.1343,0.1244,0.1958,0.1498,0.1568,0.1806,0.1718,0.1162,0.1883,0.1410,0.1321,0.1761,0.1916,0.1162,0.1545,0.1978,0.1208,0.1917,0.1786,0.1584,0.1901,0.1860,0.1881,0.1633,0.1977,0.1843,IDLE,IDLE,IDLE,IDLE,IDLE,IDLE,IDLE,IDLE,IDLE,IDLE,IDLE,IDLE,IDLE,IDLE,IDLE,IDLE,IDLE,IDLE,IDLE,IDLE,IDLE,IDLE,IDLE,IDLE,IDLE,IDLE,IDLE,IDLE,IDLE,IDLE,IDLE,IDLE,IDLE,IDLE,IDLE,IDLE,IDLE,IDLE,IDLE,IDLE,IDLE,IDLE,IDLE,IDLE,IDLE,IDLE,IDLE,IDLE,IDLE,IDLE
596,2024-01-25 20:00:01,0.00,0.00,0,0.0000,0.0000,0.00,0.9998,0.9999,0.9997,0.9997,0.9998,0.9998,0.9998,0.9997,0.9998,0.9998,0.9999,0.9998,0.9998,0.9999,0.9998,0.9999,0.9998,0.9997,0.9998,0.9998,0.9997,0.9998,0.9999,0.9998,0.9998,0.9999,0.9998,0.9998,0.9998,0.9997,0.9998,0.9998,0.9998,0.9998,0.9998,0.9997,0.9997,0.9998,0.9998,0.9998,0.9998,0.9998,0.9998,0.9998,0.9998,0.9997,0.9999,0.9998,0.9998,0.9999,0.1438,0.1191,0.1865,0.1761,0.1902,0.1870,0.1208,0.1891,0.1883,0.1498,0.1848,0.1325,0.1839,0.1449,0.1993,0.1449,0.1958,0.1884,0.1540,0.1514,0.1877,0.1958,0.1692,0.1584,0.1343,0.1244,0.1958,0.1498,0.1568,0.1806,0.1718,0.1162,0.1883,0.1410,0.1321,0.1761,0.1916,0.1162,0.1545,0.1978,0.1208,0.1917,0.1786,0.1584,0.1901,0.1860,0.1881,0.1633,0.1977,0.1843,IDLE,IDLE,IDLE,IDLE,IDLE,IDLE,IDLE,IDLE,IDLE,IDLE,IDLE,IDLE,IDLE,IDLE,IDLE,IDLE,IDLE,IDLE,IDLE,IDLE,IDLE,IDLE,IDLE,IDLE,IDLE,IDLE,IDLE,IDLE,IDLE,IDLE,IDLE,IDLE,IDLE,IDLE,IDLE,IDLE,IDLE,IDLE,IDLE,IDLE,IDLE,IDLE,IDLE,IDLE,IDLE,IDLE,IDLE,IDLE,IDLE,IDLE
597,2024-01-25 21:00:01,0.00,0.00,0,0.0000,0.0000,0.00,0.9998,0.9999,0.9997,0.9997,0.9998,0.9998,0.9998,0.9997,0.9998,0.9998,0.9999,0.9998,0.9998,0.9999,0.9998,0.9999,0.9998,0.9997,0.9998,0.9998,0.9997,0.9998,0.9999,0.9998,0.9998,0.9999,0.9998,0.9998,0.9998,0.9997,0.9998,0.9998,0.9998,0.9998,0.9998,0.9997,0.9997,0.9998,0.9998,0.9998,0.9998,0.9998,0.9998,0.9998,0.9998,0.9997,0.9999,0.9998,0.9998,0.9999,0.1438,0.1191,0.1865,0.1761,0.1902,0.1870,0.1208,0.1891,0.1883,0.1498,0.1848,0.1325,0.1839,0.1449,0.1993,0.1449,0.1958,0.1884,0.1540,0.1514,0.1877,0.1958,0.1692,0.1584,0.1343,0.1244,0.1958,0.1498,0.1568,0.1806,0.1718,0.1162,0.1883,0.1410,0.1321,0.1761,0.1916,0.1162,0.1545,0.1978,0.1208,0.1917,0.1786,0.1584,0.1901,0.1860,0.1881,0.1633,0.1977,0.1843,IDLE,IDLE,IDLE,IDLE,IDLE,IDLE,IDLE,IDLE,IDLE,IDLE,IDLE,IDLE,IDLE,IDLE,IDLE,IDLE,IDLE,IDLE,IDLE,IDLE,IDLE,IDLE,IDLE,IDLE,IDLE,IDLE,IDLE,IDLE,IDLE,IDLE,IDLE,IDLE,IDLE,IDLE,IDLE,IDLE,IDLE,IDLE,IDLE,IDLE,IDLE,IDLE,IDLE,IDLE,IDLE,IDLE,IDLE,IDLE,IDLE,IDLE
598,2024-01-25 22:00:01,0.00,0.00,0,0.0000,0.0000,0.00,0.9998,0.9999,0.9997,0.9997,0.9998,0.9998,0.9998,0.9997,0.9998,0.9998,0.9999,0.9998,0.9998,0.9999,0.9998,0.9999,0.9998,0.9997,0.9998,0.9998,0.9997,0.9998,0.9999,0.9998,0.9998,0.9999,0.9998,0.9998,0.9998,0.9997,0.9998,0.9998,0.9998,0.9998,0.9998,0.9997,0.9997,0.9998,0.9998,0.9998,0.9998,0.9998,0.9998,0.9998,0.9998,0.9997,0.9999,0.9998,0.9998,0.9999,0.1438,0.1191,0.1865,0.1761,0.1902,0.1870,0.1208,0.1891,0.1883,0.1498,0.1848,0.1325,0.1839,0.1449,0.1993,0.1449,0.1958,0.1884,0.1540,0.1514,0.1877,0.1958,0.1692,0.1584,0.1343,0.1244,0.1958,0.1498,0.1568,0.1806,0.1718,0.1162,0.1883,0.1410,0.1321,0.1761,0.1916,0.1162,0.1545,0.1978,0.1208,0.1917,0.1786,0.1584,0.1901,0.1860,0.1881,0.1633,0.1977,0.1843,IDLE,IDLE,IDLE,IDLE,IDLE,IDLE,IDLE,IDLE,IDLE,IDLE,IDLE,IDLE,IDLE,IDLE,IDLE,IDLE,IDLE,IDLE,IDLE,IDLE,IDLE,IDLE,IDLE,IDLE,IDLE,IDLE,IDLE,IDLE,IDLE,IDLE,IDLE,IDLE,IDLE,IDLE,IDLE,IDLE,IDLE,IDLE,IDLE,IDLE,IDLE,IDLE,IDLE,IDLE,IDLE,IDLE,IDLE,IDLE,IDLE,IDLE
599,2024-01-25 23:00:01,0.00,0.00,0,0.0000,0.0000,0.00,0.9998,0.9999,0.9997,0.9997,0.9998,0.9998,0.9998,0.9997,0.9998,0.9998,0.9999,0.9998,0.9998,0.9999,0.9998,0.9999,0.9998,0.9997,0.9998,0.9998,0.9997,0.9998,0.9999,0.9998,0.9998,0.9999,0.9998,0.9998,0.9998,0.9997,0.9998,0.9998,0.9998,0.9998,0.9998,0.9997,0.9997,0.9998,0.9998,0.9998,0.9998,0.9998,0.9998,0.9998,0.9998,0.9997,0.9999,0.9998,0.9998,0.9999,0.1438,0.1191,0.1865,0.1761,0.1902,0.1870,0.1208,0.1891,0.1883,0.1498,0.1848,0.1325,0.1839,0.1449,0.1993,0.1449,0.1958,0.1884,0.1540,0.1514,0.1877,0.1958,0.1692,0.1584,0.1343,0.1244,0.1958,0.1498,0.1568,0.1806,0.1718,0.1162,0.1883,0.1410,0.1321,0.1761,0.1916,0.1162,0.1545,0.1978,0.1208,0.1917,0.1786,0.1584,0.1901,0.1860,0.1881,0.1633,0.1977,0.1843,IDLE,IDLE,IDLE,IDLE,IDLE,IDLE,IDLE,IDLE,IDLE,IDLE,IDLE,IDLE,IDLE,IDLE,IDLE,IDLE,IDLE,IDLE,IDLE,IDLE,IDLE,IDLE,IDLE,IDLE,IDLE,IDLE,IDLE,IDLE,IDLE,IDLE,IDLE,IDLE,IDLE,IDLE,IDLE,IDLE,IDLE,IDLE,IDLE,IDLE,IDLE,IDLE,IDLE,IDLE,IDLE,IDLE,IDLE,IDLE,IDLE,IDLE
600,2024-01-26 00:00:01,0.00,0.00,0,0.0000,0.0000,0.00,0.9998,0.9999,0.9997,0.9997,0.9998,0.9998,0.9998,0.9997,0.9998,0.9998,0.9999,0.9998,0.9998,0.9999,0.9998,0.9999,0.9998,0.9997,0.9998,0.9998,0.9997,0.9998,0.9999,0.9998,0.9998,0.9999,0.9998,0.9998,0.9998,0.9997,0.9998,0.9998,0.9998,0.9998,0.9998,0.9997,0.9997,0.9998,0.9998,0.9998,0.9998,0.9998,0.9998,0.9998,0.9998,0.9997,0.9999,0.9998,0.9998,0.9999,0.1438,0.1191,0.1865,0.1761,0.1902,0.1870,0.1208,0.1891,0.1883,0.1498,0.1848,0.1325,0.1839,0.1449,0.1993,0.1449,0.1958,0.1884,0.1540,0.1514,0.1877,0.1958,0.1692,0.1584,0.1343,0.1244,0.1958,0.1498,0.1568,0.1806,0.1718,0.1162,0.1883,0.1410,0.1321,0.1761,0.1916,0.1162,0.1545,0.1978,0.1208,0.1917,0.1786,0.1584,0.1901,0.1860,0.1881,0.1633,0.1977,0.1843,IDLE,IDLE,IDLE,IDLE,IDLE,IDLE,IDLE,IDLE,IDLE,IDLE,IDLE,IDLE,IDLE,IDLE,IDLE,IDLE,IDLE,IDLE,IDLE,IDLE,IDLE,IDLE,IDLE,IDLE,IDLE,IDLE,IDLE,IDLE,IDLE,IDLE,IDLE,IDLE,IDLE,IDLE,IDLE,IDLE,IDLE,IDLE,IDLE,IDLE,IDLE,IDLE,IDLE,IDLE,IDLE,IDLE,IDLE,IDLE,IDLE,IDLE
601,2024-01-26 01:00:01,0.00,0.00,0,0.0000,0.0000,0.00,0.9998,0.9999,0.9997,0.9997,0.9998,0.9998,0.9998,0.9997,0.9998,0.9998,0.9999,0.9998,0.9998,0.9999,0.9998,0.9999,0.9998,0.9997,0.9998,0.9998,0.9997,0.9998,0.9999,0.9998,0.9998,0.9999,0.9998,0.9998,0.9998,0.9997,0.9998,0.9998,0.9998,0.9998,0.9998,0.9997,0.9997,0.9998,0.9998,0.9998,0.9998,0.9998,0.9998,0.9998,0.9998,0.9997,0.9999,0.9998,0.9998,0.9999,0.1438,0.1191,0.1865,0.1761,0.1902,0.1870,0.1208,0.1891,0.1883,0.1498,0.1848,0.1325,0.1839,0.1449,0.1993,0.1449,0.1958,0.1884,0.1540,0.1514,0.1877,0.1958,0.1692,0.1584,0.1343,0.1244,0.1958,0.1498,0.1568,0.1806,0.1718,0.1162,0.1883,0.1410,0.1321,0.1761,0.1916,0.1162,0.1545,0.1978,0.1208,0.1917,0.1786,0.1584,0.1901,0.1860,0.1881,0.1633,0.1977,0.1843,IDLE,IDLE,IDLE,IDLE,IDLE,IDLE,IDLE,IDLE,IDLE,IDLE,IDLE,IDLE,IDLE,IDLE,IDLE,IDLE,IDLE,IDLE,IDLE,IDLE,IDLE,IDLE,IDLE,IDLE,IDLE,IDLE,IDLE,IDLE,IDLE,IDLE,IDLE,IDLE,IDLE,IDLE,IDLE,IDLE,IDLE,IDLE,IDLE,IDLE,IDLE,IDLE,IDLE,IDLE,IDLE,IDLE,IDLE,IDLE,IDLE,IDLE
602,2024-01-26 02:00:01,0.00,0.00,0,0.0000,0.0000,0.00,0.9998,0.9999,0.9997,0.9997,0.9998,0.9998,0.9998,0.9997,0.9998,0.9998,0.9999,0.9998,0.9998,0.9999,0.9998,0.9999,0.9998,0.9997,0.9998,0.9998,0.9997,0.9998,0.9999,0.9998,0.9998,0.9999,0.9998,0.9998,0.9998,0.9997,0.9998,0.9998,0.9998,0.9998,0.9998,0.9997,0.9997,0.9998,0.9998,0.9998,0.9998,0.9998,0.9998,0.9998,0.9998,0.9997,0.9999,0.9998,0.9998,0.9999,0.1438,0.1191,0.1865,0.1761,0.1902,0.1870,0.1208,0.1891,0.1883,0.1498,0.1848,0.1325,0.1839,0.1449,0.1993,0.1449,0.1958,0.1884,0.1540,0.1514,0.1877,0.1958,0.1692,0.1584,0.1343,0.1244,0.1958,0.1498,0.1568,0.1806,0.1718,0.1162,0.1883,0.1410,0.1321,0.1761,0.1916,0.1162,0.1545,0.1978,0.1208,0.1917,0.1786,0.1584,0.1901,0.1860,0.1881,0.1633,0.1977,0.1843,IDLE,IDLE,IDLE,IDLE,IDLE,IDLE,IDLE,IDLE,IDLE,IDLE,IDLE,IDLE,IDLE,IDLE,IDLE,IDLE,IDLE,IDLE,IDLE,IDLE,IDLE,IDLE,IDLE,IDLE,IDLE,IDLE,IDLE,IDLE,IDLE,IDLE,IDLE,IDLE,IDLE,IDLE,IDLE,IDLE,IDLE,IDLE,IDLE,IDLE,IDLE,IDLE,IDLE,IDLE,IDLE,IDLE,IDLE,IDLE,IDLE,IDLE
603,2024-01-26 03:00:01,0.00,0.00,0,0.0000,0.0000,0.00,0.9998,0.9999,0.9997,0.9997,0.9998,0.9998,0.9998,0.9997,0.9998,0.9998,0.9999,0.9998,0.9998,0.9999,0.9998,0.9999,0.9998,0.9997,0.9998,0.9998,0.9997,0.9998,0.9999,0.9998,0.9998,0.9999,0.9998,0.9998,0.9998,0.9997,0.9998,0.9998,0.9998,0.9998,0.9998,0.9997,0.9997,0.9998,0.9998,0.9998,0.9998,0.9998,0.9998,0.9998,0.9998,0.9997,0.9999,0.9998,0.9998,0.9999,0.1438,0.1191,0.1865,0.1761,0.1902,0.1870,0.1208,0.1891,0.1883,0.1498,0.1848,0.1325,0.1839,0.1449,0.1993,0.1449,0.1958,0.1884,0.1540,0.1514,0.1877,0.1958,0.1692,0.1584,0.1343,0.1244,0.1958,0.1498,0.1568,0.1806,0.1718,0.1162,0.1883,0.1410,0.1321,0.1761,0.1916,0.1162,0.1545,0.1978,0.1208,0.1917,0.1786,0.1584,0.1901,0.1860,0.1881,0.1633,0.1977,0.1843,IDLE,IDLE,IDLE,IDLE,IDLE,IDLE,IDLE,IDLE,IDLE,IDLE,IDLE,IDLE,IDLE,IDLE,IDLE,IDLE,IDLE,IDLE,IDLE,IDLE,IDLE,IDLE,IDLE,IDLE,IDLE,IDLE,IDLE,IDLE,IDLE,IDLE,IDLE,IDLE,IDLE,IDLE,IDLE,IDLE,IDLE,IDLE,IDLE,IDLE,IDLE,IDLE,IDLE,IDLE,IDLE,IDLE,IDLE,IDLE,IDLE,IDLE
604,2024-01-26 04:00:01,0.00,0.00,0,0.0000,0.0000,0.00,0.9998,0.9999,0.9997,0.9997,0.9998,0.9998,0.9998,0.9997,0.9998,0.9998,0.9999,0.9998,0.9998,0.9999,0.9998,0.9999,0.9998,0.9997,0.9998,0.9998,0.9997,0.9998,0.9999,0.9998,0.9998,0.9999,0.9998,0.9998,0.9998,0.9997,0.9998,0.9998,0.9998,0.9998,0.9998,0.9997,0.9997,0.9998,0.9998,0.9998,0.9998,0.9998,0.9998,0.9998,0.9998,0.9997,0.9999,0.9998,0.9998,0.9999,0.1438,0.1191,0.1865,0.1761,0.1902,0.1870,0.1208,0.1891,0.1883,0.1498,0.1848,0.1325,0.1839,0.1449,0.1993,0.1449,0.1958,0.1884,0.1540,0.1514,0.1877,0.1958,0.1692,0.1584,0.1343,0.1244,0.1958,0.1498,0.1568,0.1806,0.1718,0.1162,0.1883,0.1410,0.1321,0.1761,0.1916,0.1162,0.1545,0.1978,0.1208,0.1917,0.1786,0.1584,0.1901,0.1860,0.1881,0.1633,0.1977,0.1843,IDLE,IDLE,IDLE,IDLE,IDLE,IDLE,IDLE,IDLE,IDLE,IDLE,IDLE,IDLE,IDLE,IDLE,IDLE,IDLE,IDLE,IDLE,IDLE,IDLE,IDLE,IDLE,IDLE,IDLE,IDLE,IDLE,IDLE,IDLE,IDLE,IDLE,IDLE,IDLE,IDLE,IDLE,IDLE,IDLE,IDLE,IDLE,IDLE,IDLE,IDLE,IDLE,IDLE,IDLE,IDLE,IDLE,IDLE,IDLE,IDLE,IDLE
605,2024-01-26 05:00:01,0.00,0.00,0,0.0000,0.0000,0.00,0.9998,0.9999,0.9997,0.9997,0.9998,0.9998,0.9998,0.9997,0.9998,0.9998,0.9999,0.9998,0.9998,0.9999,0.9998,0.9999,0.9998,0.9997,0.9998,0.9998,0.9997,0.9998,0.9999,0.9998,0.9998,0.9999,0.9998,0.9998,0.9998,0.9997,0.9998,0.9998,0.9998,0.9998,0.9998,0.9997,0.9997,0.9998,0.9998,0.9998,0.9998,0.9998,0.9998,0.9998,0.9998,0.9997,0.9999,0.9998,0.9998,0.9999,0.1438,0.1191,0.1865,0.1761,0.1902,0.1870,0.1208,0.1891,0.1883,0.1498,0.1848,0.1325,0.1839,0.1449,0.1993,0.1449,0.1958,0.1884,0.1540,0.1514,0.1877,0.1958,0.1692,0.1584,0.1343,0.1244,0.1958,0.1498,0.1568,0.1806,0.1718,0.1162,0.1883,0.1410,0.1321,0.1761,0.1916,0.1162,0.1545,0.1978,0.1208,0.1917,0.1786,0.1584,0.1901,0.1860,0.1881,0.1633,0.1977,0.1843,IDLE,IDLE,IDLE,IDLE,IDLE,IDLE,IDLE,IDLE,IDLE,IDLE,IDLE,IDLE,IDLE,IDLE,IDLE,IDLE,IDLE,IDLE,IDLE,IDLE,IDLE,IDLE,IDLE,IDLE,IDLE,IDLE,IDLE,IDLE,IDLE,IDLE,IDLE,IDLE,IDLE,IDLE,IDLE,IDLE,IDLE,IDLE,IDLE,IDLE,IDLE,IDLE,IDLE,IDLE,IDLE,IDLE,IDLE,IDLE,IDLE,IDLE
606,2024-01-26 06:00:01,0.00,0.00,0,0.0000,0.0000,0.00,0.9998,0.9999,0.9997,0.9997,0.9998,0.9998,0.9998,0.9997,0.9998,0.9998,0.9999,0.9998,0.9998,0.9999,0.9998,0.9999,0.9998,0.9997,0.9998,0.9998,0.9997,0.9998,0.9999,0.9998,0.9998,0.9999,0.9998,0.9998,0.9998,0.9997,0.9998,0.9998,0.9998,0.9998,0.9998,0.9997,0.9997,0.9998,0.9998,0.9998,0.9998,0.9998,0.9998,0.9998,0.9998,0.9997,0.9999,0.9998,0.9998,0.9999,0.1438,0.1191,0.1865,0.1761,0.1902,0.1870,0.1208,0.1891,0.1883,0.1498,0.1848,0.1325,0.1839,0.1449,0.1993,0.1449,0.1958,0.1884,0.1540,0.1514,0.1877,0.1958,0.1692,0.1584,0.1343,0.1244,0.1958,0.1498,0.1568,0.1806,0.1718,0.1162,0.1883,0.1410,0.1321,0.1761,0.1916,0.1162,0.1545,0.1978,0.1208,0.1917,0.1786,0.1584,0.1901,0.1860,0.1881,0.1633,0.1977,0.1843,IDLE,IDLE,IDLE,IDLE,IDLE,IDLE,IDLE,IDLE,IDLE,IDLE,IDLE,IDLE,IDLE,IDLE,IDLE,IDLE,IDLE,IDLE,IDLE,IDLE,IDLE,IDLE,IDLE,IDLE,IDLE,IDLE,IDLE,IDLE,IDLE,IDLE,IDLE,IDLE,IDLE,IDLE,IDLE,IDLE,IDLE,IDLE,IDLE,IDLE,IDLE,IDLE,IDLE,IDLE,IDLE,IDLE,IDLE,IDLE,IDLE,IDLE
607,2024-01-26 07:00:01,0.00,0.00,0,0.0000,0.0000,0.00,0.9998,0.9999,0.9997,0.9997,0.9998,0.9998,0.9998,0.9997,0.9998,0.9998,0.9999,0.9998,0.9998,0.9999,0.9998,0.9999,0.9998,0.9997,0.9998,0.9998,0.9997,0.9998,0.9999,0.9998,0.9998,0.9999,0.9998,0.9998,0.9998,0.9997,0.9998,0.9998,0.9998,0.9998,0.9998,0.9997,0.9997,0.9998,0.9998,0.9998,0.9998,0.9998,0.9998,0.9998,0.9998,0.9997,0.9999,0.9998,0.9998,0.9999,0.1438,0.1191,0.1865,0.1761,0.1902,0.1870,0.1208,0.1891,0.1883,0.1498,0.1848,0.1325,0.1839,0.1449,0.1993,0.1449,0.1958,0.1884,0.1540,0.1514,0.1877,0.1958,0.1692,0.1584,0.1343,0.1244,0.1958,0.1498,0.1568,0.1806,0.1718,0.1162,0.1883,0.1410,0.1321,0.1761,0.1916,0.1162,0.1545,0.1978,0.1208,0.1917,0.1786,0.1584,0.1901,0.1860,0.1881,0.1633,0.1977,0.1843,IDLE,IDLE,IDLE,IDLE,IDLE,IDLE,IDLE,IDLE,IDLE,IDLE,IDLE,IDLE,IDLE,IDLE,IDLE,IDLE,IDLE,IDLE,IDLE,IDLE,IDLE,IDLE,IDLE,IDLE,IDLE,IDLE,IDLE,IDLE,IDLE,IDLE,IDLE,IDLE,IDLE,IDLE,IDLE,IDLE,IDLE,IDLE,IDLE,IDLE,IDLE,IDLE,IDLE,IDLE,IDLE,IDLE,IDLE,IDLE,IDLE,IDLE
608,2024-01-26 08:00:01,0.00,0.00,0,0.0000,0.0000,0.00,0.9998,0.9999,0.9997,0.9997,0.9998,0.9998,0.9998,0.9997,0.9998,0.9998,0.9999,0.9998,0.9998,0.9999,0.9998,0.9999,0.9998,0.9997,0.9998,0.9998,0.9997,0.9998,0.9999,0.9998,0.9998,0.9999,0.9998,0.9998,0.9998,0.9997,0.9998,0.9998,0.9998,0.9998,0.9998,0.9997,0.9997,0.9998,0.9998,0.9998,0.9998,0.9998,0.9998,0.9998,0.9998,0.9997,0.9999,0.9998,0.9998,0.9999,0.1438,0.1191,0.1865,0.1761,0.1902,0.1870,0.1208,0.1891,0.1883,0.1498,0.1848,0.1325,0.1839,0.1449,0.1993,0.1449,0.1958,0.1884,0.1540,0.1514,0.1877,0.1958,0.1692,0.1584,0.1343,0.1244,0.1958,0.1498,0.1568,0.1806,0.1718,0.1162,0.1883,0.1410,0.1321,0.1761,0.1916,0.1162,0.1545,0.1978,0.1208,0.1917,0.1786,0.1584,0.1901,0.1860,0.1881,0.1633,0.1977,0.1843,IDLE,IDLE,IDLE,IDLE,IDLE,IDLE,IDLE,IDLE,IDLE,IDLE,IDLE,IDLE,IDLE,IDLE,IDLE,IDLE,IDLE,IDLE,IDLE,IDLE,IDLE,IDLE,IDLE,IDLE,IDLE,IDLE,IDLE,IDLE,IDLE,IDLE,IDLE,IDLE,IDLE,IDLE,IDLE,IDLE,IDLE,IDLE,IDLE,IDLE,IDLE,IDLE,IDLE,IDLE,IDLE,IDLE,IDLE,IDLE,IDLE,IDLE
609,2024-01-26 09:00:01,0.00,0.00,0,0.0000,0.0000,0.00,0.9998,0.9999,0.9997,0.9997,0.9998,0.9998,0.9998,0.9997,0.9998,0.9998,0.9999,0.9998,0.9998,0.9999,0.9998,0.9999,0.9998,0.9997,0.9998,0.9998,0.9997,0.9998,0.9999,0.9998,0.9998,0.9999,0.9998,0.9998,0.9998,0.9997,0.9998,0.9998,0.9998,0.9998,0.9998,0.9997,0.9997,0.9998,0.9998,0.9998,0.9998,0.9998,0.9998,0.9998,0.9998,0.9997,0.9999,0.9998,0.9998,0.9999,0.1438,0.1191,0.1865,0.1761,0.1902,0.1870,0.1208,0.1891,0.1883,0.1498,0.1848,0.1325,0.1839,0.1449,0.1993,0.1449,0.1958,0.1884,0.1540,0.1514,0.1877,0.1958,0.1692,0.1584,0.1343,0.1244,0.1958,0.1498,0.1568,0.1806,0.1718,0.1162,0.1883,0.1410,0.1321,0.1761,0.1916,0.1162,0.1545,0.1978,0.1208,0.1917,0.1786,0.1584,0.1901,0.1860,0.1881,0.1633,0.1977,0.1843,IDLE,IDLE,IDLE,IDLE,IDLE,IDLE,IDLE,IDLE,IDLE,IDLE,IDLE,IDLE,IDLE,IDLE,IDLE,IDLE,IDLE,IDLE,IDLE,IDLE,IDLE,IDLE,IDLE,IDLE,IDLE,IDLE,IDLE,IDLE,IDLE,IDLE,IDLE,IDLE,IDLE,IDLE,IDLE,IDLE,IDLE,IDLE,IDLE,IDLE,IDLE,IDLE,IDLE,IDLE,IDLE,IDLE,IDLE,IDLE,IDLE,IDLE
610,2024-01-26 10:00:01,0.00,0.00,0,0.0000,0.0000,0.00,0.9998,0.9999,0.9997,0.9997,0.9998,0.9998,0.9998,0.9997,0.9998,0.9998,0.9999,0.9998,0.9998,0.9999,0.9998,0.9999,0.9998,0.9997,0.9998,0.9998,0.9997,0.9998,0.9999,0.9998,0.9998,0.9999,0.9998,0.9998,0.9998,0.9997,0.9998,0.9998,0.9998,0.9998,0.9998,0.9997,0.9997,0.9998,0.9998,0.9998,0.9998,0.9998,0.9998,0.9998,0.9998,0.9997,0.9999,0.9998,0.9998,0.9999,0.1438,0.1191,0.1865,0.1761,0.1902,0.1870,0.1208,0.1891,0.1883,0.1498,0.1848,0.1325,0.1839,0.1449,0.1993,0.1449,0.1958,0.1884,0.1540,0.1514,0.1877,0.1958,0.1692,0.1584,0.1343,0.1244,0.1958,0.1498,0.1568,0.1806,0.1718,0.1162,0.1883,0.1410,0.1321,0.1761,0.1916,0.1162,0.1545,0.1978,0.1208,0.1917,0.1786,0.1584,0.1901,0.1860,0.1881,0.1633,0.1977,0.1843,IDLE,IDLE,IDLE,IDLE,IDLE,IDLE,IDLE,IDLE,IDLE,IDLE,IDLE,IDLE,IDLE,IDLE,IDLE,IDLE,IDLE,IDLE,IDLE,IDLE,IDLE,IDLE,IDLE,IDLE,IDLE,IDLE,IDLE,IDLE,IDLE,IDLE,IDLE,IDLE,IDLE,IDLE,IDLE,IDLE,IDLE,IDLE,IDLE,IDLE,IDLE,IDLE,IDLE,IDLE,IDLE,IDLE,IDLE,IDLE,IDLE,IDLE
611,2024-01-26 11:00:01,0.00,0.00,0,0.0000,0.0000,0.00,0.9998,0.9999,0.9997,0.9997,0.9998,0.9998,0.9998,0.9997,0.9998,0.9998,0.9999,0.9998,0.9998,0.9999,0.9998,0.9999,0.9998,0.9997,0.9998,0.9998,0.9997,0.9998,0.9999,0.9998,0.9998,0.9999,0.9998,0.9998,0.9998,0.9997,0.9998,0.9998,0.9998,0.9998,0.9998,0.9997,0.9997,0.9998,0.9998,0.9998,0.9998,0.9998,0.9998,0.9998,0.9998,0.9997,0.9999,0.9998,0.9998,0.9999,0.1438,0.1191,0.1865,0.1761,0.1902,0.1870,0.1208,0.1891,0.1883,0.1498,0.1848,0.1325,0.1839,0.1449,0.1993,0.1449,0.1958,0.1884,0.1540,0.1514,0.1877,0.1958,0.1692,0.1584,0.1343,0.1244,0.1958,0.1498,0.1568,0.1806,0.1718,0.1162,0.1883,0.1410,0.1321,0.1761,0.1916,0.1162,0.1545,0.1978,0.1208,0.1917,0.1786,0.1584,0.1901,0.1860,0.1881,0.1633,0.1977,0.1843,IDLE,IDLE,IDLE,IDLE,IDLE,IDLE,IDLE,IDLE,IDLE,IDLE,IDLE,IDLE,IDLE,IDLE,IDLE,IDLE,IDLE,IDLE,IDLE,IDLE,IDLE,IDLE,IDLE,IDLE,IDLE,IDLE,IDLE,IDLE,IDLE,IDLE,IDLE,IDLE,IDLE,IDLE,IDLE,IDLE,IDLE,IDLE,IDLE,IDLE,IDLE,IDLE,IDLE,IDLE,IDLE,IDLE,IDLE,IDLE,IDLE,IDLE
612,2024-01-26 12:00:01,0.00,0.00,0,0.0000,0.0000,0.00,0.9998,0.9999,0.9997,0.9997,0.9998,0.9998,0.9998,0.9997,0.9998,0.9998,0.9999,0.9998,0.9998,0.9999,0.9998,0.9999,0.9998,0.9997,0.9998,0.9998,0.9997,0.9998,0.9999,0.9998,0.9998,0.9999,0.9998,0.9998,0.9998,0.9997,0.9998,0.9998,0.9998,0.9998,0.9998,0.9997,0.9997,0.9998,0.9998,0.9998,0.9998,0.9998,0.9998,0.9998,0.9998,0.9997,0.9999,0.9998,0.9998,0.9999,0.1438,0.1191,0.1865,0.1761,0.1902,0.1870,0.1208,0.1891,0.1883,0.1498,0.1848,0.1325,0.1839,0.1449,0.1993,0.1449,0.1958,0.1884,0.1540,0.1514,0.1877,0.1958,0.1692,0.1584,0.1343,0.1244,0.1958,0.1498,0.1568,0.1806,0.1718,0.1162,0.1883,0.1410,0.1321,0.1761,0.1916,0.1162,0.1545,0.1978,0.1208,0.1917,0.1786,0.1584,0.1901,0.1860,0.1881,0.1633,0.1977,0.1843,IDLE,IDLE,IDLE,IDLE,IDLE,IDLE,IDLE,IDLE,IDLE,IDLE,IDLE,IDLE,IDLE,IDLE,IDLE,IDLE,IDLE,IDLE,IDLE,IDLE,IDLE,IDLE,IDLE,IDLE,IDLE,IDLE,IDLE,IDLE,IDLE,IDLE,IDLE,IDLE,IDLE,IDLE,IDLE,IDLE,IDLE,IDLE,IDLE,IDLE,IDLE,IDLE,IDLE,IDLE,IDLE,IDLE,IDLE,IDLE,IDLE,IDLE
613,2024-01-26 13:00:01,0.00,0.00,0,0.0000,0.0000,0.00,0.9998,0.9999,0.9997,0.9997,0.9998,0.9998,0.9998,0.9997,0.9998,0.9998,0.9999,0.9998,0.9998,0.9999,0.9998,0.9999,0.9998,0.9997,0.9998,0.9998,0.9997,0.9998,0.9999,0.9998,0.9998,0.9999,0.9998,0.9998,0.9998,0.9997,0.9998,0.9998,0.9998,0.9998,0.9998,0.9997,0.9997,0.9998,0.9998,0.9998,0.9998,0.9998,0.9998,0.9998,0.9998,0.9997,0.9999,0.9998,0.9998,0.9999,0.1438,0.1191,0.1865,0.1761,0.1902,0.1870,0.1208,0.1891,0.1883,0.1498,0.1848,0.1325,0.1839,0.1449,0.1993,0.1449,0.1958,0.1884,0.1540,0.1514,0.1877,0.1958,0.1692,0.1584,0.1343,0.1244,0.1958,0.1498,0.1568,0.1806,0.1718,0.1162,0.1883,0.1410,0.1321,0.1761,0.1916,0.1162,0.1545,0.1978,0.1208,0.1917,0.1786,0.1584,0.1901,0.1860,0.1881,0.1633,0.1977,0.1843,IDLE,IDLE,IDLE,IDLE,IDLE,IDLE,IDLE,IDLE,IDLE,IDLE,IDLE,IDLE,IDLE,IDLE,IDLE,IDLE,IDLE,IDLE,IDLE,IDLE,IDLE,IDLE,IDLE,IDLE,IDLE,IDLE,IDLE,IDLE,IDLE,IDLE,IDLE,IDLE,IDLE,IDLE,IDLE,IDLE,IDLE,IDLE,IDLE,IDLE,IDLE,IDLE,IDLE,IDLE,IDLE,IDLE,IDLE,IDLE,IDLE,IDLE
614,2024-01-26 14:00:01,0.00,0.00,0,0.0000,0.0000,0.00,0.9998,0.9999,0.9997,0.9997,0.9998,0.9998,0.9998,0.9997,0.9998,0.9998,0.9999,0.9998,0.9998,0.9999,0.9998,0.9999,0.9998,0.9997,0.9998,0.9998,0.9997,0.9998,0.9999,0.9998,0.9998,0.9999,0.9998,0.9998,0.9998,0.9997,0.9998,0.9998,0.9998,0.9998,0.9998,0.9997,0.9997,0.9998,0.9998,0.9998,0.9998,0.9998,0.9998,0.9998,0.9998,0.9997,0.9999,0.9998,0.9998,0.9999,0.1438,0.1191,0.1865,0.1761,0.1902,0.1870,0.1208,0.1891,0.1883,0.1498,0.1848,0.1325,0.1839,0.1449,0.1993,0.1449,0.1958,0.1884,0.1540,0.1514,0.1877,0.1958,0.1692,0.1584,0.1343,0.1244,0.1958,0.1498,0.1568,0.1806,0.1718,0.1162,0.1883,0.1410,0.1321,0.1761,0.1916,0.1162,0.1545,0.1978,0.1208,0.1917,0.1786,0.1584,0.1901,0.1860,0.1881,0.1633,0.1977,0.1843,IDLE,IDLE,IDLE,IDLE,IDLE,IDLE,IDLE,IDLE,IDLE,IDLE,IDLE,IDLE,IDLE,IDLE,IDLE,IDLE,IDLE,IDLE,IDLE,IDLE,IDLE,IDLE,IDLE,IDLE,IDLE,IDLE,IDLE,IDLE,IDLE,IDLE,IDLE,IDLE,IDLE,IDLE,IDLE,IDLE,IDLE,IDLE,IDLE,IDLE,IDLE,IDLE,IDLE,IDLE,IDLE,IDLE,IDLE,IDLE,IDLE,IDLE
615,2024-01-26 15:00:01,0.00,0.00,0,0.0000,0.0000,0.00,0.9998,0.9999,0.9997,0.9997,0.9998,0.9998,0.9998,0.9997,0.9998,0.9998,0.9999,0.9998,0.9998,0.9999,0.9998,0.9999,0.9998,0.9997,0.9998,0.9998,0.9997,0.9998,0.9999,0.9998,0.9998,0.9999,0.9998,0.9998,0.9998,0.9997,0.9998,0.9998,0.9998,0.9998,0.9998,0.9997,0.9997,0.9998,0.9998,0.9998,0.9998,0.9998,0.9998,0.9998,0.9998,0.9997,0.9999,0.9998,0.9998,0.9999,0.1438,0.1191,0.1865,0.1761,0.1902,0.1870,0.1208,0.1891,0.1883,0.1498,0.1848,0.1325,0.1839,0.1449,0.1993,0.1449,0.1958,0.1884,0.1540,0.1514,0.1877,0.1958,0.1692,0.1584,0.1343,0.1244,0.1958,0.1498,0.1568,0.1806,0.1718,0.1162,0.1883,0.1410,0.1321,0.1761,0.1916,0.1162,0.1545,0.1978,0.1208,0.1917,0.1786,0.1584,0.1901,0.1860,0.1881,0.1633,0.1977,0.1843,IDLE,IDLE,IDLE,IDLE,IDLE,IDLE,IDLE,IDLE,IDLE,IDLE,IDLE,IDLE,IDLE,IDLE,IDLE,IDLE,IDLE,IDLE,IDLE,IDLE,IDLE,IDLE,IDLE,IDLE,IDLE,IDLE,IDLE,IDLE,IDLE,IDLE,IDLE,IDLE,IDLE,IDLE,IDLE,IDLE,IDLE,IDLE,IDLE,IDLE,IDLE,IDLE,IDLE,IDLE,IDLE,IDLE,IDLE,IDLE,IDLE,IDLE
616,2024-01-26 16:00:01,0.00,0.00,0,0.0000,0.0000,0.00,0.9998,0.9999,0.9997,0.9997,0.9998,0.9998,0.9998,0.9997,0.9998,0.9998,0.9999,0.9998,0.9998,0.9999,0.9998,0.9999,0.9998,0.9997,0.9998,0.9998,0.9997,0.9998,0.9999,0.9998,0.9998,0.9999,0.9998,0.9998,0.9998,0.9997,0.9998,0.9998,0.9998,0.9998,0.9998,0.9997,0.9997,0.9998,0.9998,0.9998,0.9998,0.9998,0.9998,0.9998,0.9998,0.9997,0.9999,0.9998,0.9998,0.9999,0.1438,0.1191,0.1865,0.1761,0.1902,0.1870,0.1208,0.1891,0.1883,0.1498,0.1848,0.1325,0.1839,0.1449,0.1993,0.1449,0.1958,0.1884,0.1540,0.1514,0.1877,0.1958,0.1692,0.1584,0.1343,0.1244,0.1958,0.1498,0.1568,0.1806,0.1718,0.1162,0.1883,0.1410,0.1321,0.1761,0.1916,0.1162,0.1545,0.1978,0.1208,0.1917,0.1786,0.1584,0.1901,0.1860,0.1881,0.1633,0.1977,0.1843,IDLE,IDLE,IDLE,IDLE,IDLE,IDLE,IDLE,IDLE,IDLE,IDLE,IDLE,IDLE,IDLE,IDLE,IDLE,IDLE,IDLE,IDLE,IDLE,IDLE,IDLE,IDLE,IDLE,IDLE,IDLE,IDLE,IDLE,IDLE,IDLE,IDLE,IDLE,IDLE,IDLE,IDLE,IDLE,IDLE,IDLE,IDLE,IDLE,IDLE,IDLE,IDLE,IDLE,IDLE,IDLE,IDLE,IDLE,IDLE,IDLE,IDLE
617,2024-01-26 17:00:01,0.00,0.00,0,0.0000,0.0000,0.00,0.9998,0.9999,0.9997,0.9997,0.9998,0.9998,0.9998,0.9997,0.9998,0.9998,0.9999,0.9998,0.9998,0.9999,0.9998,0.9999,0.9998,0.9997,0.9998,0.9998,0.9997,0.9998,0.9999,0.9998,0.9998,0.9999,0.9998,0.9998,0.9998,0.9997,0.9998,0.9998,0.9998,0.9998,0.9998,0.9997,0.9997,0.9998,0.9998,0.9998,0.9998,0.9998,0.9998,0.9998,0.9998,0.9997,0.9999,0.9998,0.9998,0.9999,0.1438,0.1191,0.1865,0.1761,0.1902,0.1870,0.1208,0.1891,0.1883,0.1498,0.1848,0.1325,0.1839,0.1449,0.1993,0.1449,0.1958,0.1884,0.1540,0.1514,0.1877,0.1958,0.1692,0.1584,0.1343,0.1244,0.1958,0.1498,0.1568,0.1806,0.1718,0.1162,0.1883,0.1410,0.1321,0.1761,0.1916,0.1162,0.1545,0.1978,0.1208,0.1917,0.1786,0.1584,0.1901,0.1860,0.1881,0.1633,0.1977,0.1843,IDLE,IDLE,IDLE,IDLE,IDLE,IDLE,IDLE,IDLE,IDLE,IDLE,IDLE,IDLE,IDLE,IDLE,IDLE,IDLE,IDLE,IDLE,IDLE,IDLE,IDLE,IDLE,IDLE,IDLE,IDLE,IDLE,IDLE,IDLE,IDLE,IDLE,IDLE,IDLE,IDLE,IDLE,IDLE,IDLE,IDLE,IDLE,IDLE,IDLE,IDLE,IDLE,IDLE,IDLE,IDLE,IDLE,IDLE,IDLE,IDLE,IDLE
618,2024-01-26 18:00:01,0.00,0.00,0,0.0000,0.0000,0.00,0.9998,0.9999,0.9997,0.9997,0.9998,0.9998,0.9998,0.9997,0.9998,0.9998,0.9999,0.9998,0.9998,0.9999,0.9998,0.9999,0.9998,0.9997,0.9998,0.9998,0.9997,0.9998,0.9999,0.9998,0.9998,0.9999,0.9998,0.9998,0.9998,0.9997,0.9998,0.9998,0.9998,0.9998,0.9998,0.9997,0.9997,0.9998,0.9998,0.9998,0.9998,0.9998,0.9998,0.9998,0.9998,0.9997,0.9999,0.9998,0.9998,0.9999,0.1438,0.1191,0.1865,0.1761,0.1902,0.1870,0.1208,0.1891,0.1883,0.1498,0.1848,0.1325,0.1839,0.1449,0.1993,0.1449,0.1958,0.1884,0.1540,0.1514,0.1877,0.1958,0.1692,0.1584,0.1343,0.1244,0.1958,0.1498,0.1568,0.1806,0.1718,0.1162,0.1883,0.1410,0.1321,0.1761,0.1916,0.1162,0.1545,0.1978,0.1208,0.1917,0.1786,0.1584,0.1901,0.1860,0.1881,0.1633,0.1977,0.1843,IDLE,IDLE,IDLE,IDLE,IDLE,IDLE,IDLE,IDLE,IDLE,IDLE,IDLE,IDLE,IDLE,IDLE,IDLE,IDLE,IDLE,IDLE,IDLE,IDLE,IDLE,IDLE,IDLE,IDLE,IDLE,IDLE,IDLE,IDLE,IDLE,IDLE,IDLE,IDLE,IDLE,IDLE,IDLE,IDLE,IDLE,IDLE,IDLE,IDLE,IDLE,IDLE,IDLE,IDLE,IDLE,IDLE,IDLE,IDLE,IDLE,IDLE
619,2024-01-26 19:00:01,0.00,0.00,0,0.0000,0.0000,0.00,0.9998,0.9999,0.9997,0.9997,0.9998,0.9998,0.9998,0.9997,0.9998,0.9998,0.9999,0.9998,0.9998,0.9999,0.9998,0.9999,0.9998,0.9997,0.9998,0.9998,0.9997,0.9998,0.9999,0.9998,0.9998,0.9999,0.9998,0.9998,0.9998,0.9997,0.9998,0.9998,0.9998,0.9998,0.9998,0.9997,0.9997,0.9998,0.9998,0.9998,0.9998,0.9998,0.9998,0.9998,0.9998,0.9997,0.9999,0.9998,0.9998,0.9999,0.1438,0.1191,0.1865,0.1761,0.1902,0.1870,0.1208,0.1891,0.1883,0.1498,0.1848,0.1325,0.1839,0.1449,0.1993,0.1449,0.1958,0.1884,0.1540,0.1514,0.1877,0.1958,0.1692,0.1584,0.1343,0.1244,0.1958,0.1498,0.1568,0.1806,0.1718,0.1162,0.1883,0.1410,0.1321,0.1761,0.1916,0.1162,0.1545,0.1978,0.1208,0.1917,0.1786,0.1584,0.1901,0.1860,0.1881,0.1633,0.1977,0.1843,IDLE,IDLE,IDLE,IDLE,IDLE,IDLE,IDLE,IDLE,IDLE,IDLE,IDLE,IDLE,IDLE,IDLE,IDLE,IDLE,IDLE,IDLE,IDLE,IDLE,IDLE,IDLE,IDLE,IDLE,IDLE,IDLE,IDLE,IDLE,IDLE,IDLE,IDLE,IDLE,IDLE,IDLE,IDLE,IDLE,IDLE,IDLE,IDLE,IDLE,IDLE,IDLE,IDLE,IDLE,IDLE,IDLE,IDLE,IDLE,IDLE,IDLE
620,2024-01-26 20:00:01,0.00,0.00,0,0.0000,0.0000,0.00,0.9998,0.9999,0.9997,0.9997,0.9998,0.9998,0.9998,0.9997,0.9998,0.9998,0.9999,0.9998,0.9998,0.9999,0.9998,0.9999,0.9998,0.9997,0.9998,0.9998,0.9997,0.9998,0.9999,0.9998,0.9998,0.9999,0.9998,0.9998,0.9998,0.9997,0.9998,0.9998,0.9998,0.9998,0.9998,0.9997,0.9997,0.9998,0.9998,0.9998,0.9998,0.9998,0.9998,0.9998,0.9998,0.9997,0.9999,0.9998,0.9998,0.9999,0.1438,0.1191,0.1865,0.1761,0.1902,0.1870,0.1208,0.1891,0.1883,0.1498,0.1848,0.1325,0.1839,0.1449,0.1993,0.1449,0.1958,0.1884,0.1540,0.1514,0.1877,0.1958,0.1692,0.1584,0.1343,0.1244,0.1958,0.1498,0.1568,0.1806,0.1718,0.1162,0.1883,0.1410,0.1321,0.1761,0.1916,0.1162,0.1545,0.1978,0.1208,0.1917,0.1786,0.1584,0.1901,0.1860,0.1881,0.1633,0.1977,0.1843,IDLE,IDLE,IDLE,IDLE,IDLE,IDLE,IDLE,IDLE,IDLE,IDLE,IDLE,IDLE,IDLE,IDLE,IDLE,IDLE,IDLE,IDLE,IDLE,IDLE,IDLE,IDLE,IDLE,IDLE,IDLE,IDLE,IDLE,IDLE,IDLE,IDLE,IDLE,IDLE,IDLE,IDLE,IDLE,IDLE,IDLE,IDLE,IDLE,IDLE,IDLE,IDLE,IDLE,IDLE,IDLE,IDLE,IDLE,IDLE,IDLE,IDLE
621,2024-01-26 21:00:01,0.00,0.00,0,0.0000,0.0000,0.00,0.9998,0.9999,0.9997,0.9997,0.9998,0.9998,0.9998,0.9997,0.9998,0.9998,0.9999,0.9998,0.9998,0.9999,0.9998,0.9999,0.9998,0.9997,0.9998,0.9998,0.9997,0.9998,0.9999,0.9998,0.9998,0.9999,0.9998,0.9998,0.9998,0.9997,0.9998,0.9998,0.9998,0.9998,0.9998,0.9997,0.9997,0.9998,0.9998,0.9998,0.9998,0.9998,0.9998,0.9998,0.9998,0.9997,0.9999,0.9998,0.9998,0.9999,0.1438,0.1191,0.1865,0.1761,0.1902,0.1870,0.1208,0.1891,0.1883,0.1498,0.1848,0.1325,0.1839,0.1449,0.1993,0.1449,0.1958,0.1884,0.1540,0.1514,0.1877,0.1958,0.1692,0.1584,0.1343,0.1244,0.1958,0.1498,0.1568,0.1806,0.1718,0.1162,0.1883,0.1410,0.1321,0.1761,0.1916,0.1162,0.1545,0.1978,0.1208,0.1917,0.1786,0.1584,0.1901,0.1860,0.1881,0.1633,0.1977,0.1843,IDLE,IDLE,IDLE,IDLE,IDLE,IDLE,IDLE,IDLE,IDLE,IDLE,IDLE,IDLE,IDLE,IDLE,IDLE,IDLE,IDLE,IDLE,IDLE,IDLE,IDLE,IDLE,IDLE,IDLE,IDLE,IDLE,IDLE,IDLE,IDLE,IDLE,IDLE,IDLE,IDLE,IDLE,IDLE,IDLE,IDLE,IDLE,IDLE,IDLE,IDLE,IDLE,IDLE,IDLE,IDLE,IDLE,IDLE,IDLE,IDLE,IDLE
622,2024-01-26 22:00:01,0.00,0.00,0,0.0000,0.0000,0.00,0.9998,0.9999,0.9997,0.9997,0.9998,0.9998,0.9998,0.9997,0.9998,0.9998,0.9999,0.9998,0.9998,0.9999,0.9998,0.9999,0.9998,0.9997,0.9998,0.9998,0.9997,0.9998,0.9999,0.9998,0.9998,0.9999,0.9998,0.9998,0.9998,0.9997,0.9998,0.9998,0.9998,0.9998,0.9998,0.9997,0.9997,0.9998,0.9998,0.9998,0.9998,0.9998,0.9998,0.9998,0.9998,0.9997,0.9999,0.9998,0.9998,0.9999,0.1438,0.1191,0.1865,0.1761,0.1902,0.1870,0.1208,0.1891,0.1883,0.1498,0.1848,0.1325,0.1839,0.1449,0.1993,0.1449,0.1958,0.1884,0.1540,0.1514,0.1877,0.1958,0.1692,0.1584,0.1343,0.1244,0.1958,0.1498,0.1568,0.1806,0.1718,0.1162,0.1883,0.1410,0.1321,0.1761,0.1916,0.1162,0.1545,0.1978,0.1208,0.1917,0.1786,0.1584,0.1901,0.1860,0.1881,0.1633,0.1977,0.1843,IDLE,IDLE,IDLE,IDLE,IDLE,IDLE,IDLE,IDLE,IDLE,IDLE,IDLE,IDLE,IDLE,IDLE,IDLE,IDLE,IDLE,IDLE,IDLE,IDLE,IDLE,IDLE,IDLE,IDLE,IDLE,IDLE,IDLE,IDLE,IDLE,IDLE,IDLE,IDLE,IDLE,IDLE,IDLE,IDLE,IDLE,IDLE,IDLE,IDLE,IDLE,IDLE,IDLE,IDLE,IDLE,IDLE,IDLE,IDLE,IDLE,IDLE
623,2024-01-26 23:00:01,0.00,0.00,0,0.0000,0.0000,0.00,0.9998,0.9999,0.9997,0.9997,0.9998,0.9998,0.9998,0.9997,0.9998,0.9998,0.9999,0.9998,0.9998,0.9999,0.9998,0.9999,0.9998,0.9997,0.9998,0.9998,0.9997,0.9998,0.9999,0.9998,0.9998,0.9999,0.9998,0.9998,0.9998,0.9997,0.9998,0.9998,0.9998,0.9998,0.9998,0.9997,0.9997,0.9998,0.9998,0.9998,0.9998,0.9998,0.9998,0.9998,0.9998,0.9997,0.9999,0.9998,0.9998,0.9999,0.1438,0.1191,0.1865,0.1761,0.1902,0.1870,0.1208,0.1891,0.1883,0.1498,0.1848,0.1325,0.1839,0.1449,0.1993,0.1449,0.1958,0.1884,0.1540,0.1514,0.1877,0.1958,0.1692,0.1584,0.1343,0.1244,0.1958,0.1498,0.1568,0.1806,0.1718,0.1162,0.1883,0.1410,0.1321,0.1761,0.1916,0.1162,0.1545,0.1978,0.1208,0.1917,0.1786,0.1584,0.1901,0.1860,0.1881,0.1633,0.1977,0.1843,IDLE,IDLE,IDLE,IDLE,IDLE,IDLE,IDLE,IDLE,IDLE,IDLE,IDLE,IDLE,IDLE,IDLE,IDLE,IDLE,IDLE,IDLE,IDLE,IDLE,IDLE,IDLE,IDLE,IDLE,IDLE,IDLE,IDLE,IDLE,IDLE,IDLE,IDLE,IDLE,IDLE,IDLE,IDLE,IDLE,IDLE,IDLE,IDLE,IDLE,IDLE,IDLE,IDLE,IDLE,IDLE,IDLE,IDLE,IDLE,IDLE,IDLE
624,2024-01-27 00:00:01,0.00,0.00,0,0.0000,0.0000,0.00,0.9998,0.9999,0.9997,0.9997,0.9998,0.9998,0.9998,0.9997,0.9998,0.9998,0.9999,0.9998,0.9998,0.9999,0.9998,0.9999,0.9998,0.9997,0.9998,0.9998,0.9997,0.9998,0.9999,0.9998,0.9998,0.9999,0.9998,0.9998,0.9998,0.9997,0.9998,0.9998,0.9998,0.9998,0.9998,0.9997,0.9997,0.9998,0.9998,0.9998,0.9998,0.9998,0.9998,0.9998,0.9998,0.9997,0.9999,0.9998,0.9998,0.9999,0.1438,0.1191,0.1865,0.1761,0.1902,0.1870,0.1208,0.1891,0.1883,0.1498,0.1848,0.1325,0.1839,0.1449,0.1993,0.1449,0.1958,0.1884,0.1540,0.1514,0.1877,0.1958,0.1692,0.1584,0.1343,0.1244,0.1958,0.1498,0.1568,0.1806,0.1718,0.1162,0.1883,0.1410,0.1321,0.1761,0.1916,0.1162,0.1545,0.1978,0.1208,0.1917,0.1786,0.1584,0.1901,0.1860,0.1881,0.1633,0.1977,0.1843,IDLE,IDLE,IDLE,IDLE,IDLE,IDLE,IDLE,IDLE,IDLE,IDLE,IDLE,IDLE,IDLE,IDLE,IDLE,IDLE,IDLE,IDLE,IDLE,IDLE,IDLE,IDLE,IDLE,IDLE,IDLE,IDLE,IDLE,IDLE,IDLE,IDLE,IDLE,IDLE,IDLE,IDLE,IDLE,IDLE,IDLE,IDLE,IDLE,IDLE,IDLE,IDLE,IDLE,IDLE,IDLE,IDLE,IDLE,IDLE,IDLE,IDLE
625,2024-01-27 01:00:01,0.00,0.00,0,0.0000,0.0000,0.00,0.9998,0.9999,0.9997,0.9997,0.9998,0.9998,0.9998,0.9997,0.9998,0.9998,0.9999,0.9998,0.9998,0.9999,0.9998,0.9999,0.9998,0.9997,0.9998,0.9998,0.9997,0.9998,0.9999,0.9998,0.9998,0.9999,0.9998,0.9998,0.9998,0.9997,0.9998,0.9998,0.9998,0.9998,0.9998,0.9997,0.9997,0.9998,0.9998,0.9998,0.9998,0.9998,0.9998,0.9998,0.9998,0.9997,0.9999,0.9998,0.9998,0.9999,0.1438,0.1191,0.1865,0.1761,0.1902,0.1870,0.1208,0.1891,0.1883,0.1498,0.1848,0.1325,0.1839,0.1449,0.1993,0.1449,0.1958,0.1884,0.1540,0.1514,0.1877,0.1958,0.1692,0.1584,0.1343,0.1244,0.1958,0.1498,0.1568,0.1806,0.1718,0.1162,0.1883,0.1410,0.1321,0.1761,0.1916,0.1162,0.1545,0.1978,0.1208,0.1917,0.1786,0.1584,0.1901,0.1860,0.1881,0.1633,0.1977,0.1843,IDLE,IDLE,IDLE,IDLE,IDLE,IDLE,IDLE,IDLE,IDLE,IDLE,IDLE,IDLE,IDLE,IDLE,IDLE,IDLE,IDLE,IDLE,IDLE,IDLE,IDLE,IDLE,IDLE,IDLE,IDLE,IDLE,IDLE,IDLE,IDLE,IDLE,IDLE,IDLE,IDLE,IDLE,IDLE,IDLE,IDLE,IDLE,IDLE,IDLE,IDLE,IDLE,IDLE,IDLE,IDLE,IDLE,IDLE,IDLE,IDLE,IDLE
626,2024-01-27 02:00:01,0.00,0.00,0,0.0000,0.0000,0.00,0.9998,0.9999,0.9997,0.9997,0.9998,0.9998,0.9998,0.9997,0.9998,0.9998,0.9999,0.9998,0.9998,0.9999,0.9998,0.9999,0.9998,0.9997,0.9998,0.9998,0.9997,0.9998,0.9999,0.9998,0.9998,0.9999,0.9998,0.9998,0.9998,0.9997,0.9998,0.9998,0.9998,0.9998,0.9998,0.9997,0.9997,0.9998,0.9998,0.9998,0.9998,0.9998,0.9998,0.9998,0.9998,0.9997,0.9999,0.9998,0.9998,0.9999,0.1438,0.1191,0.1865,0.1761,0.1902,0.1870,0.1208,0.1891,0.1883,0.1498,0.1848,0.1325,0.1839,0.1449,0.1993,0.1449,0.1958,0.1884,0.1540,0.1514,0.1877,0.1958,0.1692,0.1584,0.1343,0.1244,0.1958,0.1498,0.1568,0.1806,0.1718,0.1162,0.1883,0.1410,0.1321,0.1761,0.1916,0.1162,0.1545,0.1978,0.1208,0.1917,0.1786,0.1584,0.1901,0.1860,0.1881,0.1633,0.1977,0.1843,IDLE,IDLE,IDLE,IDLE,IDLE,IDLE,IDLE,IDLE,IDLE,IDLE,IDLE,IDLE,IDLE,IDLE,IDLE,IDLE,IDLE,IDLE,IDLE,IDLE,IDLE,IDLE,IDLE,IDLE,IDLE,IDLE,IDLE,IDLE,IDLE,IDLE,IDLE,IDLE,IDLE,IDLE,IDLE,IDLE,IDLE,IDLE,IDLE,IDLE,IDLE,IDLE,IDLE,IDLE,IDLE,IDLE,IDLE,IDLE,IDLE,IDLE
627,2024-01-27 03:00:01,0.00,0.00,0,0.0000,0.0000,0.00,0.9998,0.9999,0.9997,0.9997,0.9998,0.9998,0.9998,0.9997,0.9998,0.9998,0.9999,0.9998,0.9998,0.9999,0.9998,0.9999,0.9998,0.9997,0.9998,0.9998,0.9997,0.9998,0.9999,0.9998,0.9998,0.9999,0.9998,0.9998,0.9998,0.9997,0.9998,0.9998,0.9998,0.9998,0.9998,0.9997,0.9997,0.9998,0.9998,0.9998,0.9998,0.9998,0.9998,0.9998,0.9998,0.9997,0.9999,0.9998,0.9998,0.9999,0.1438,0.1191,0.1865,0.1761,0.1902,0.1870,0.1208,0.1891,0.1883,0.1498,0.1848,0.1325,0.1839,0.1449,0.1993,0.1449,0.1958,0.1884,0.1540,0.1514,0.1877,0.1958,0.1692,0.1584,0.1343,0.1244,0.1958,0.1498,0.1568,0.1806,0.1718,0.1162,0.1883,0.1410,0.1321,0.1761,0.1916,0.1162,0.1545,0.1978,0.1208,0.1917,0.1786,0.1584,0.1901,0.1860,0.1881,0.1633,0.1977,0.1843,IDLE,IDLE,IDLE,IDLE,IDLE,IDLE,IDLE,IDLE,IDLE,IDLE,IDLE,IDLE,IDLE,IDLE,IDLE,IDLE,IDLE,IDLE,IDLE,IDLE,IDLE,IDLE,IDLE,IDLE,IDLE,IDLE,IDLE,IDLE,IDLE,IDLE,IDLE,IDLE,IDLE,IDLE,IDLE,IDLE,IDLE,IDLE,IDLE,IDLE,IDLE,IDLE,IDLE,IDLE,IDLE,IDLE,IDLE,IDLE,IDLE,IDLE
628,2024-01-27 04:00:01,0.00,0.00,0,0.0000,0.0000,0.00,0.9998,0.9999,0.9997,0.9997,0.9998,0.9998,0.9998,0.9997,0.9998,0.9998,0.9999,0.9998,0.9998,0.9999,0.9998,0.9999,0.9998,0.9997,0.9998,0.9998,0.9997,0.9998,0.9999,0.9998,0.9998,0.9999,0.9998,0.9998,0.9998,0.9997,0.9998,0.9998,0.9998,0.9998,0.9998,0.9997,0.9997,0.9998,0.9998,0.9998,0.9998,0.9998,0.9998,0.9998,0.9998,0.9997,0.9999,0.9998,0.9998,0.9999,0.1438,0.1191,0.1865,0.1761,0.1902,0.1870,0.1208,0.1891,0.1883,0.1498,0.1848,0.1325,0.1839,0.1449,0.1993,0.1449,0.1958,0.1884,0.1540,0.1514,0.1877,0.1958,0.1692,0.1584,0.1343,0.1244,0.1958,0.1498,0.1568,0.1806,0.1718,0.1162,0.1883,0.1410,0.1321,0.1761,0.1916,0.1162,0.1545,0.1978,0.1208,0.1917,0.1786,0.1584,0.1901,0.1860,0.1881,0.1633,0.1977,0.1843,IDLE,IDLE,IDLE,IDLE,IDLE,IDLE,IDLE,IDLE,IDLE,IDLE,IDLE,IDLE,IDLE,IDLE,IDLE,IDLE,IDLE,IDLE,IDLE,IDLE,IDLE,IDLE,IDLE,IDLE,IDLE,IDLE,IDLE,IDLE,IDLE,IDLE,IDLE,IDLE,IDLE,IDLE,IDLE,IDLE,IDLE,IDLE,IDLE,IDLE,IDLE,IDLE,IDLE,IDLE,IDLE,IDLE,IDLE,IDLE,IDLE,IDLE
629,2024-01-27 05:00:01,0.00,0.00,0,0.0000,0.0000,0.00,0.9998,0.9999,0.9997,0.9997,0.9998,0.9998,0.9998,0.9997,0.9998,0.9998,0.9999,0.9998,0.9998,0.9999,0.9998,0.9999,0.9998,0.9997,0.9998,0.9998,0.9997,0.9998,0.9999,0.9998,0.9998,0.9999,0.9998,0.9998,0.9998,0.9997,0.9998,0.9998,0.9998,0.9998,0.9998,0.9997,0.9997,0.9998,0.9998,0.9998,0.9998,0.9998,0.9998,0.9998,0.9998,0.9997,0.9999,0.9998,0.9998,0.9999,0.1438,0.1191,0.1865,0.1761,0.1902,0.1870,0.1208,0.1891,0.1883,0.1498,0.1848,0.1325,0.1839,0.1449,0.1993,0.1449,0.1958,0.1884,0.1540,0.1514,0.1877,0.1958,0.1692,0.1584,0.1343,0.1244,0.1958,0.1498,0.1568,0.1806,0.1718,0.1162,0.1883,0.1410,0.1321,0.1761,0.1916,0.1162,0.1545,0.1978,0.1208,0.1917,0.1786,0.1584,0.1901,0.1860,0.1881,0.1633,0.1977,0.1843,IDLE,IDLE,IDLE,IDLE,IDLE,IDLE,IDLE,IDLE,IDLE,IDLE,IDLE,IDLE,IDLE,IDLE,IDLE,IDLE,IDLE,IDLE,IDLE,IDLE,IDLE,IDLE,IDLE,IDLE,IDLE,IDLE,IDLE,IDLE,IDLE,IDLE,IDLE,IDLE,IDLE,IDLE,IDLE,IDLE,IDLE,IDLE,IDLE,IDLE,IDLE,IDLE,IDLE,IDLE,IDLE,IDLE,IDLE,IDLE,IDLE,IDLE
630,2024-01-27 06:00:01,0.00,0.00,0,0.0000,0.0000,0.00,0.9998,0.9999,0.9997,0.9997,0.9998,0.9998,0.9998,0.9997,0.9998,0.9998,0.9999,0.9998,0.9998,0.9999,0.9998,0.9999,0.9998,0.9997,0.9998,0.9998,0.9997,0.9998,0.9999,0.9998,0.9998,0.9999,0.9998,0.9998,0.9998,0.9997,0.9998,0.9998,0.9998,0.9998,0.9998,0.9997,0.9997,0.9998,0.9998,0.9998,0.9998,0.9998,0.9998,0.9998,0.9998,0.9997,0.9999,0.9998,0.9998,0.9999,0.1438,0.1191,0.1865,0.1761,0.1902,0.1870,0.1208,0.1891,0.1883,0.1498,0.1848,0.1325,0.1839,0.1449,0.1993,0.1449,0.1958,0.1884,0.1540,0.1514,0.1877,0.1958,0.1692,0.1584,0.1343,0.1244,0.1958,0.1498,0.1568,0.1806,0.1718,0.1162,0.1883,0.1410,0.1321,0.1761,0.1916,0.1162,0.1545,0.1978,0.1208,0.1917,0.1786,0.1584,0.1901,0.1860,0.1881,0.1633,0.1977,0.1843,IDLE,IDLE,IDLE,IDLE,IDLE,IDLE,IDLE,IDLE,IDLE,IDLE,IDLE,IDLE,IDLE,IDLE,IDLE,IDLE,IDLE,IDLE,IDLE,IDLE,IDLE,IDLE,IDLE,IDLE,IDLE,IDLE,IDLE,IDLE,IDLE,IDLE,IDLE,IDLE,IDLE,IDLE,IDLE,IDLE,IDLE,IDLE,IDLE,IDLE,IDLE,IDLE,IDLE,IDLE,IDLE,IDLE,IDLE,IDLE,IDLE,IDLE
631,2024-01-27 07:00:01,0.00,0.00,0,0.0000,0.0000,0.00,0.9998,0.9999,0.9997,0.9997,0.9998,0.9998,0.9998,0.9997,0.9998,0.9998,0.9999,0.9998,0.9998,0.9999,0.9998,0.9999,0.9998,0.9997,0.9998,0.9998,0.9997,0.9998,0.9999,0.9998,0.9998,0.9999,0.9998,0.9998,0.9998,0.9997,0.9998,0.9998,0.9998,0.9998,0.9998,0.9997,0.9997,0.9998,0.9998,0.9998,0.9998,0.9998,0.9998,0.9998,0.9998,0.9997,0.9999,0.9998,0.9998,0.9999,0.1438,0.1191,0.1865,0.1761,0.1902,0.1870,0.1208,0.1891,0.1883,0.1498,0.1848,0.1325,0.1839,0.1449,0.1993,0.1449,0.1958,0.1884,0.1540,0.1514,0.1877,0.1958,0.1692,0.1584,0.1343,0.1244,0.1958,0.1498,0.1568,0.1806,0.1718,0.1162,0.1883,0.1410,0.1321,0.1761,0.1916,0.1162,0.1545,0.1978,0.1208,0.1917,0.1786,0.1584,0.1901,0.1860,0.1881,0.1633,0.1977,0.1843,IDLE,IDLE,IDLE,IDLE,IDLE,IDLE,IDLE,IDLE,IDLE,IDLE,IDLE,IDLE,IDLE,IDLE,IDLE,IDLE,IDLE,IDLE,IDLE,IDLE,IDLE,IDLE,IDLE,IDLE,IDLE,IDLE,IDLE,IDLE,IDLE,IDLE,IDLE,IDLE,IDLE,IDLE,IDLE,IDLE,IDLE,IDLE,IDLE,IDLE,IDLE,IDLE,IDLE,IDLE,IDLE,IDLE,IDLE,IDLE,IDLE,IDLE
632,2024-01-27 08:00:01,0.00,0.00,0,0.0000,0.0000,0.00,0.9998,0.9999,0.9997,0.9997,0.9998,0.9998,0.9998,0.9997,0.9998,0.9998,0.9999,0.9998,0.9998,0.9999,0.9998,0.9999,0.9998,0.9997,0.9998,0.9998,0.9997,0.9998,0.9999,0.9998,0.9998,0.9999,0.9998,0.9998,0.9998,0.9997,0.9998,0.9998,0.9998,0.9998,0.9998,0.9997,0.9997,0.9998,0.9998,0.9998,0.9998,0.9998,0.9998,0.9998,0.9998,0.9997,0.9999,0.9998,0.9998,0.9999,0.1438,0.1191,0.1865,0.1761,0.1902,0.1870,0.1208,0.1891,0.1883,0.1498,0.1848,0.1325,0.1839,0.1449,0.1993,0.1449,0.1958,0.1884,0.1540,0.1514,0.1877,0.1958,0.1692,0.1584,0.1343,0.1244,0.1958,0.1498,0.1568,0.1806,0.1718,0.1162,0.1883,0.1410,0.1321,0.1761,0.1916,0.1162,0.1545,0.1978,0.1208,0.1917,0.1786,0.1584,0.1901,0.1860,0.1881,0.1633,0.1977,0.1843,IDLE,IDLE,IDLE,IDLE,IDLE,IDLE,IDLE,IDLE,IDLE,IDLE,IDLE,IDLE,IDLE,IDLE,IDLE,IDLE,IDLE,IDLE,IDLE,IDLE,IDLE,IDLE,IDLE,IDLE,IDLE,IDLE,IDLE,IDLE,IDLE,IDLE,IDLE,IDLE,IDLE,IDLE,IDLE,IDLE,IDLE,IDLE,IDLE,IDLE,IDLE,IDLE,IDLE,IDLE,IDLE,IDLE,IDLE,IDLE,IDLE,IDLE
633,2024-01-27 09:00:01,0.00,0.00,0,0.0000,0.0000,0.00,0.9998,0.9999,0.9997,0.9997,0.9998,0.9998,0.9998,0.9997,0.9998,0.9998,0.9999,0.9998,0.9998,0.9999,0.9998,0.9999,0.9998,0.9997,0.9998,0.9998,0.9997,0.9998,0.9999,0.9998,0.9998,0.9999,0.9998,0.9998,0.9998,0.9997,0.9998,0.9998,0.9998,0.9998,0.9998,0.9997,0.9997,0.9998,0.9998,0.9998,0.9998,0.9998,0.9998,0.9998,0.9998,0.9997,0.9999,0.9998,0.9998,0.9999,0.1438,0.1191,0.1865,0.1761,0.1902,0.1870,0.1208,0.1891,0.1883,0.1498,0.1848,0.1325,0.1839,0.1449,0.1993,0.1449,0.1958,0.1884,0.1540,0.1514,0.1877,0.1958,0.1692,0.1584,0.1343,0.1244,0.1958,0.1498,0.1568,0.1806,0.1718,0.1162,0.1883,0.1410,0.1321,0.1761,0.1916,0.1162,0.1545,0.1978,0.1208,0.1917,0.1786,0.1584,0.1901,0.1860,0.1881,0.1633,0.1977,0.1843,IDLE,IDLE,IDLE,IDLE,IDLE,IDLE,IDLE,IDLE,IDLE,IDLE,IDLE,IDLE,IDLE,IDLE,IDLE,IDLE,IDLE,IDLE,IDLE,IDLE,IDLE,IDLE,IDLE,IDLE,IDLE,IDLE,IDLE,IDLE,IDLE,IDLE,IDLE,IDLE,IDLE,IDLE,IDLE,IDLE,IDLE,IDLE,IDLE,IDLE,IDLE,IDLE,IDLE,IDLE,IDLE,IDLE,IDLE,IDLE,IDLE,IDLE
634,2024-01-27 10:00:01,0.00,0.00,0,0.0000,0.0000,0.00,0.9998,0.9999,0.9997,0.9997,0.9998,0.9998,0.9998,0.9997,0.9998,0.9998,0.9999,0.9998,0.9998,0.9999,0.9998,0.9999,0.9998,0.9997,0.9998,0.9998,0.9997,0.9998,0.9999,0.9998,0.9998,0.9999,0.9998,0.9998,0.9998,0.9997,0.9998,0.9998,0.9998,0.9998,0.9998,0.9997,0.9997,0.9998,0.9998,0.9998,0.9998,0.9998,0.9998,0.9998,0.9998,0.9997,0.9999,0.9998,0.9998,0.9999,0.1438,0.1191,0.1865,0.1761,0.1902,0.1870,0.1208,0.1891,0.1883,0.1498,0.1848,0.1325,0.1839,0.1449,0.1993,0.1449,0.1958,0.1884,0.1540,0.1514,0.1877,0.1958,0.1692,0.1584,0.1343,0.1244,0.1958,0.1498,0.1568,0.1806,0.1718,0.1162,0.1883,0.1410,0.1321,0.1761,0.1916,0.1162,0.1545,0.1978,0.1208,0.1917,0.1786,0.1584,0.1901,0.1860,0.1881,0.1633,0.1977,0.1843,IDLE,IDLE,IDLE,IDLE,IDLE,IDLE,IDLE,IDLE,IDLE,IDLE,IDLE,IDLE,IDLE,IDLE,IDLE,IDLE,IDLE,IDLE,IDLE,IDLE,IDLE,IDLE,IDLE,IDLE,IDLE,IDLE,IDLE,IDLE,IDLE,IDLE,IDLE,IDLE,IDLE,IDLE,IDLE,IDLE,IDLE,IDLE,IDLE,IDLE,IDLE,IDLE,IDLE,IDLE,IDLE,IDLE,IDLE,IDLE,IDLE,IDLE
635,2024-01-27 11:00:01,0.00,0.00,0,0.0000,0.0000,0.00,0.9998,0.9999,0.9997,0.9997,0.9998,0.9998,0.9998,0.9997,0.9998,0.9998,0.9999,0.9998,0.9998,0.9999,0.9998,0.9999,0.9998,0.9997,0.9998,0.9998,0.9997,0.9998,0.9999,0.9998,0.9998,0.9999,0.9998,0.9998,0.9998,0.9997,0.9998,0.9998,0.9998,0.9998,0.9998,0.9997,0.9997,0.9998,0.9998,0.9998,0.9998,0.9998,0.9998,0.9998,0.9998,0.9997,0.9999,0.9998,0.9998,0.9999,0.1438,0.1191,0.1865,0.1761,0.1902,0.1870,0.1208,0.1891,0.1883,0.1498,0.1848,0.1325,0.1839,0.1449,0.1993,0.1449,0.1958,0.1884,0.1540,0.1514,0.1877,0.1958,0.1692,0.1584,0.1343,0.1244,0.1958,0.1498,0.1568,0.1806,0.1718,0.1162,0.1883,0.1410,0.1321,0.1761,0.1916,0.1162,0.1545,0.1978,0.1208,0.1917,0.1786,0.1584,0.1901,0.1860,0.1881,0.1633,0.1977,0.1843,IDLE,IDLE,IDLE,IDLE,IDLE,IDLE,IDLE,IDLE,IDLE,IDLE,IDLE,IDLE,IDLE,IDLE,IDLE,IDLE,IDLE,IDLE,IDLE,IDLE,IDLE,IDLE,IDLE,IDLE,IDLE,IDLE,IDLE,IDLE,IDLE,IDLE,IDLE,IDLE,IDLE,IDLE,IDLE,IDLE,IDLE,IDLE,IDLE,IDLE,IDLE,IDLE,IDLE,IDLE,IDLE,IDLE,IDLE,IDLE,IDLE,IDLE
636,2024-01-27 12:00:01,0.00,0.00,0,0.0000,0.0000,0.00,0.9998,0.9999,0.9997,0.9997,0.9998,0.9998,0.9998,0.9997,0.9998,0.9998,0.9999,0.9998,0.9998,0.9999,0.9998,0.9999,0.9998,0.9997,0.9998,0.9998,0.9997,0.9998,0.9999,0.9998,0.9998,0.9999,0.9998,0.9998,0.9998,0.9997,0.9998,0.9998,0.9998,0.9998,0.9998,0.9997,0.9997,0.9998,0.9998,0.9998,0.9998,0.9998,0.9998,0.9998,0.9998,0.9997,0.9999,0.9998,0.9998,0.9999,0.1438,0.1191,0.1865,0.1761,0.1902,0.1870,0.1208,0.1891,0.1883,0.1498,0.1848,0.1325,0.1839,0.1449,0.1993,0.1449,0.1958,0.1884,0.1540,0.1514,0.1877,0.1958,0.1692,0.1584,0.1343,0.1244,0.1958,0.1498,0.1568,0.1806,0.1718,0.1162,0.1883,0.1410,0.1321,0.1761,0.1916,0.1162,0.1545,0.1978,0.1208,0.1917,0.1786,0.1584,0.1901,0.1860,0.1881,0.1633,0.1977,0.1843,IDLE,IDLE,IDLE,IDLE,IDLE,IDLE,IDLE,IDLE,IDLE,IDLE,IDLE,IDLE,IDLE,IDLE,IDLE,IDLE,IDLE,IDLE,IDLE,IDLE,IDLE,IDLE,IDLE,IDLE,IDLE,IDLE,IDLE,IDLE,IDLE,IDLE,IDLE,IDLE,IDLE,IDLE,IDLE,IDLE,IDLE,IDLE,IDLE,IDLE,IDLE,IDLE,IDLE,IDLE,IDLE,IDLE,IDLE,IDLE,IDLE,IDLE
637,2024-01-27 13:00:01,0.00,0.00,0,0.0000,0.0000,0.00,0.9998,0.9999,0.9997,0.9997,0.9998,0.9998,0.9998,0.9997,0.9998,0.9998,0.9999,0.9998,0.9998,0.9999,0.9998,0.9999,0.9998,0.9997,0.9998,0.9998,0.9997,0.9998,0.9999,0.9998,0.9998,0.9999,0.9998,0.9998,0.9998,0.9997,0.9998,0.9998,0.9998,0.9998,0.9998,0.9997,0.9997,0.9998,0.9998,0.9998,0.9998,0.9998,0.9998,0.9998,0.9998,0.9997,0.9999,0.9998,0.9998,0.9999,0.1438,0.1191,0.1865,0.1761,0.1902,0.1870,0.1208,0.1891,0.1883,0.1498,0.1848,0.1325,0.1839,0.1449,0.1993,0.1449,0.1958,0.1884,0.1540,0.1514,0.1877,0.1958,0.1692,0.1584,0.1343,0.1244,0.1958,0.1498,0.1568,0.1806,0.1718,0.1162,0.1883,0.1410,0.1321,0.1761,0.1916,0.1162,0.1545,0.1978,0.1208,0.1917,0.1786,0.1584,0.1901,0.1860,0.1881,0.1633,0.1977,0.1843,IDLE,IDLE,IDLE,IDLE,IDLE,IDLE,IDLE,IDLE,IDLE,IDLE,IDLE,IDLE,IDLE,IDLE,IDLE,IDLE,IDLE,IDLE,IDLE,IDLE,IDLE,IDLE,IDLE,IDLE,IDLE,IDLE,IDLE,IDLE,IDLE,IDLE,IDLE,IDLE,IDLE,IDLE,IDLE,IDLE,IDLE,IDLE,IDLE,IDLE,IDLE,IDLE,IDLE,IDLE,IDLE,IDLE,IDLE,IDLE,IDLE,IDLE
638,2024-01-27 14:00:01,0.00,0.00,0,0.0000,0.0000,0.00,0.9998,0.9999,0.9997,0.9997,0.9998,0.9998,0.9998,0.9997,0.9998,0.9998,0.9999,0.9998,0.9998,0.9999,0.9998,0.9999,0.9998,0.9997,0.9998,0.9998,0.9997,0.9998,0.9999,0.9998,0.9998,0.9999,0.9998,0.9998,0.9998,0.9997,0.9998,0.9998,0.9998,0.9998,0.9998,0.9997,0.9997,0.9998,0.9998,0.9998,0.9998,0.9998,0.9998,0.9998,0.9998,0.9997,0.9999,0.9998,0.9998,0.9999,0.1438,0.1191,0.1865,0.1761,0.1902,0.1870,0.1208,0.1891,0.1883,0.1498,0.1848,0.1325,0.1839,0.1449,0.1993,0.1449,0.1958,0.1884,0.1540,0.1514,0.1877,0.1958,0.1692,0.1584,0.1343,0.1244,0.1958,0.1498,0.1568,0.1806,0.1718,0.1162,0.1883,0.1410,0.1321,0.1761,0.1916,0.1162,0.1545,0.1978,0.1208,0.1917,0.1786,0.1584,0.1901,0.1860,0.1881,0.1633,0.1977,0.1843,IDLE,IDLE,IDLE,IDLE,IDLE,IDLE,IDLE,IDLE,IDLE,IDLE,IDLE,IDLE,IDLE,IDLE,IDLE,IDLE,IDLE,IDLE,IDLE,IDLE,IDLE,IDLE,IDLE,IDLE,IDLE,IDLE,IDLE,IDLE,IDLE,IDLE,IDLE,IDLE,IDLE,IDLE,IDLE,IDLE,IDLE,IDLE,IDLE,IDLE,IDLE,IDLE,IDLE,IDLE,IDLE,IDLE,IDLE,IDLE,IDLE,IDLE
639,2024-01-27 15:00:01,0.00,0.00,0,0.0000,0.0000,0.00,0.9998,0.9999,0.9997,0.9997,0.9998,0.9998,0.9998,0.9997,0.9998,0.9998,0.9999,0.9998,0.9998,0.9999,0.9998,0.9999,0.9998,0.9997,0.9998,0.9998,0.9997,0.9998,0.9999,0.9998,0.9998,0.9999,0.9998,0.9998,0.9998,0.9997,0.9998,0.9998,0.9998,0.9998,0.9998,0.9997,0.9997,0.9998,0.9998,0.9998,0.9998,0.9998,0.9998,0.9998,0.9998,0.9997,0.9999,0.9998,0.9998,0.9999,0.1438,0.1191,0.1865,0.1761,0.1902,0.1870,0.1208,0.1891,0.1883,0.1498,0.1848,0.1325,0.1839,0.1449,0.1993,0.1449,0.1958,0.1884,0.1540,0.1514,0.1877,0.1958,0.1692,0.1584,0.1343,0.1244,0.1958,0.1498,0.1568,0.1806,0.1718,0.1162,0.1883,0.1410,0.1321,0.1761,0.1916,0.1162,0.1545,0.1978,0.1208,0.1917,0.1786,0.1584,0.1901,0.1860,0.1881,0.1633,0.1977,0.1843,IDLE,IDLE,IDLE,IDLE,IDLE,IDLE,IDLE,IDLE,IDLE,IDLE,IDLE,IDLE,IDLE,IDLE,IDLE,IDLE,IDLE,IDLE,IDLE,IDLE,IDLE,IDLE,IDLE,IDLE,IDLE,IDLE,IDLE,IDLE,IDLE,IDLE,IDLE,IDLE,IDLE,IDLE,IDLE,IDLE,IDLE,IDLE,IDLE,IDLE,IDLE,IDLE,IDLE,IDLE,IDLE,IDLE,IDLE,IDLE,IDLE,IDLE
640,2024-01-27 16:00:01,0.00,0.00,0,0.0000,0.0000,0.00,0.9998,0.9999,0.9997,0.9997,0.9998,0.9998,0.9998,0.9997,0.9998,0.9998,0.9999,0.9998,0.9998,0.9999,0.9998,0.9999,0.9998,0.9997,0.9998,0.9998,0.9997,0.9998,0.9999,0.9998,0.9998,0.9999,0.9998,0.9998,0.9998,0.9997,0.9998,0.9998,0.9998,0.9998,0.9998,0.9997,0.9997,0.9998,0.9998,0.9998,0.9998,0.9998,0.9998,0.9998,0.9998,0.9997,0.9999,0.9998,0.9998,0.9999,0.1438,0.1191,0.1865,0.1761,0.1902,0.1870,0.1208,0.1891,0.1883,0.1498,0.1848,0.1325,0.1839,0.1449,0.1993,0.1449,0.1958,0.1884,0.1540,0.1514,0.1877,0.1958,0.1692,0.1584,0.1343,0.1244,0.1958,0.1498,0.1568,0.1806,0.1718,0.1162,0.1883,0.1410,0.1321,0.1761,0.1916,0.1162,0.1545,0.1978,0.1208,0.1917,0.1786,0.1584,0.1901,0.1860,0.1881,0.1633,0.1977,0.1843,IDLE,IDLE,IDLE,IDLE,IDLE,IDLE,IDLE,IDLE,IDLE,IDLE,IDLE,IDLE,IDLE,IDLE,IDLE,IDLE,IDLE,IDLE,IDLE,IDLE,IDLE,IDLE,IDLE,IDLE,IDLE,IDLE,IDLE,IDLE,IDLE,IDLE,IDLE,IDLE,IDLE,IDLE,IDLE,IDLE,IDLE,IDLE,IDLE,IDLE,IDLE,IDLE,IDLE,IDLE,IDLE,IDLE,IDLE,IDLE,IDLE,IDLE
641,2024-01-27 17:00:01,0.00,0.00,0,0.0000,0.0000,0.00,0.9998,0.9999,0.9997,0.9997,0.9998,0.9998,0.9998,0.9997,0.9998,0.9998,0.9999,0.9998,0.9998,0.9999,0.9998,0.9999,0.9998,0.9997,0.9998,0.9998,0.9997,0.9998,0.9999,0.9998,0.9998,0.9999,0.9998,0.9998,0.9998,0.9997,0.9998,0.9998,0.9998,0.9998,0.9998,0.9997,0.9997,0.9998,0.9998,0.9998,0.9998,0.9998,0.9998,0.9998,0.9998,0.9997,0.9999,0.9998,0.9998,0.9999,0.1438,0.1191,0.1865,0.1761,0.1902,0.1870,0.1208,0.1891,0.1883,0.1498,0.1848,0.1325,0.1839,0.1449,0.1993,0.1449,0.1958,0.1884,0.1540,0.1514,0.1877,0.1958,0.1692,0.1584,0.1343,0.1244,0.1958,0.1498,0.1568,0.1806,0.1718,0.1162,0.1883,0.1410,0.1321,0.1761,0.1916,0.1162,0.1545,0.1978,0.1208,0.1917,0.1786,0.1584,0.1901,0.1860,0.1881,0.1633,0.1977,0.1843,IDLE,IDLE,IDLE,IDLE,IDLE,IDLE,IDLE,IDLE,IDLE,IDLE,IDLE,IDLE,IDLE,IDLE,IDLE,IDLE,IDLE,IDLE,IDLE,IDLE,IDLE,IDLE,IDLE,IDLE,IDLE,IDLE,IDLE,IDLE,IDLE,IDLE,IDLE,IDLE,IDLE,IDLE,IDLE,IDLE,IDLE,IDLE,IDLE,IDLE,IDLE,IDLE,IDLE,IDLE,IDLE,IDLE,IDLE,IDLE,IDLE,IDLE
642,2024-01-27 18:00:01,0.00,0.00,0,0.0000,0.0000,0.00,0.9998,0.9999,0.9997,0.9997,0.9998,0.9998,0.9998,0.9997,0.9998,0.9998,0.9999,0.9998,0.9998,0.9999,0.9998,0.9999,0.9998,0.9997,0.9998,0.9998,0.9997,0.9998,0.9999,0.9998,0.9998,0.9999,0.9998,0.9998,0.9998,0.9997,0.9998,0.9998,0.9998,0.9998,0.9998,0.9997,0.9997,0.9998,0.9998,0.9998,0.9998,0.9998,0.9998,0.9998,0.9998,0.9997,0.9999,0.9998,0.9998,0.9999,0.1438,0.1191,0.1865,0.1761,0.1902,0.1870,0.1208,0.1891,0.1883,0.1498,0.1848,0.1325,0.1839,0.1449,0.1993,0.1449,0.1958,0.1884,0.1540,0.1514,0.1877,0.1958,0.1692,0.1584,0.1343,0.1244,0.1958,0.1498,0.1568,0.1806,0.1718,0.1162,0.1883,0.1410,0.1321,0.1761,0.1916,0.1162,0.1545,0.1978,0.1208,0.1917,0.1786,0.1584,0.1901,0.1860,0.1881,0.1633,0.1977,0.1843,IDLE,IDLE,IDLE,IDLE,IDLE,IDLE,IDLE,IDLE,IDLE,IDLE,IDLE,IDLE,IDLE,IDLE,IDLE,IDLE,IDLE,IDLE,IDLE,IDLE,IDLE,IDLE,IDLE,IDLE,IDLE,IDLE,IDLE,IDLE,IDLE,IDLE,IDLE,IDLE,IDLE,IDLE,IDLE,IDLE,IDLE,IDLE,IDLE,IDLE,IDLE,IDLE,IDLE,IDLE,IDLE,IDLE,IDLE,IDLE,IDLE,IDLE
643,2024-01-27 19:00:01,0.00,0.00,0,0.0000,0.0000,0.00,0.9998,0.9999,0.9997,0.9997,0.9998,0.9998,0.9998,0.9997,0.9998,0.9998,0.9999,0.9998,0.9998,0.9999,0.9998,0.9999,0.9998,0.9997,0.9998,0.9998,0.9997,0.9998,0.9999,0.9998,0.9998,0.9999,0.9998,0.9998,0.9998,0.9997,0.9998,0.9998,0.9998,0.9998,0.9998,0.9997,0.9997,0.9998,0.9998,0.9998,0.9998,0.9998,0.9998,0.9998,0.9998,0.9997,0.9999,0.9998,0.9998,0.9999,0.1438,0.1191,0.1865,0.1761,0.1902,0.1870,0.1208,0.1891,0.1883,0.1498,0.1848,0.1325,0.1839,0.1449,0.1993,0.1449,0.1958,0.1884,0.1540,0.1514,0.1877,0.1958,0.1692,0.1584,0.1343,0.1244,0.1958,0.1498,0.1568,0.1806,0.1718,0.1162,0.1883,0.1410,0.1321,0.1761,0.1916,0.1162,0.1545,0.1978,0.1208,0.1917,0.1786,0.1584,0.1901,0.1860,0.1881,0.1633,0.1977,0.1843,IDLE,IDLE,IDLE,IDLE,IDLE,IDLE,IDLE,IDLE,IDLE,IDLE,IDLE,IDLE,IDLE,IDLE,IDLE,IDLE,IDLE,IDLE,IDLE,IDLE,IDLE,IDLE,IDLE,IDLE,IDLE,IDLE,IDLE,IDLE,IDLE,IDLE,IDLE,IDLE,IDLE,IDLE,IDLE,IDLE,IDLE,IDLE,IDLE,IDLE,IDLE,IDLE,IDLE,IDLE,IDLE,IDLE,IDLE,IDLE,IDLE,IDLE
644,2024-01-27 20:00:01,0.00,0.00,0,0.0000,0.0000,0.00,0.9998,0.9999,0.9997,0.9997,0.9998,0.9998,0.9998,0.9997,0.9998,0.9998,0.9999,0.9998,0.9998,0.9999,0.9998,0.9999,0.9998,0.9997,0.9998,0.9998,0.9997,0.9998,0.9999,0.9998,0.9998,0.9999,0.9998,0.9998,0.9998,0.9997,0.9998,0.9998,0.9998,0.9998,0.9998,0.9997,0.9997,0.9998,0.9998,0.9998,0.9998,0.9998,0.9998,0.9998,0.9998,0.9997,0.9999,0.9998,0.9998,0.9999,0.1438,0.1191,0.1865,0.1761,0.1902,0.1870,0.1208,0.1891,0.1883,0.1498,0.1848,0.1325,0.1839,0.1449,0.1993,0.1449,0.1958,0.1884,0.1540,0.1514,0.1877,0.1958,0.1692,0.1584,0.1343,0.1244,0.1958,0.1498,0.1568,0.1806,0.1718,0.1162,0.1883,0.1410,0.1321,0.1761,0.1916,0.1162,0.1545,0.1978,0.1208,0.1917,0.1786,0.1584,0.1901,0.1860,0.1881,0.1633,0.1977,0.1843,IDLE,IDLE,IDLE,IDLE,IDLE,IDLE,IDLE,IDLE,IDLE,IDLE,IDLE,IDLE,IDLE,IDLE,IDLE,IDLE,IDLE,IDLE,IDLE,IDLE,IDLE,IDLE,IDLE,IDLE,IDLE,IDLE,IDLE,IDLE,IDLE,IDLE,IDLE,IDLE,IDLE,IDLE,IDLE,IDLE,IDLE,IDLE,IDLE,IDLE,IDLE,IDLE,IDLE,IDLE,IDLE,IDLE,IDLE,IDLE,IDLE,IDLE
645,2024-01-27 21:00:01,0.00,0.00,0,0.0000,0.0000,0.00,0.9998,0.9999,0.9997,0.9997,0.9998,0.9998,0.9998,0.9997,0.9998,0.9998,0.9999,0.9998,0.9998,0.9999,0.9998,0.9999,0.9998,0.9997,0.9998,0.9998,0.9997,0.9998,0.9999,0.9998,0.9998,0.9999,0.9998,0.9998,0.9998,0.9997,0.9998,0.9998,0.9998,0.9998,0.9998,0.9997,0.9997,0.9998,0.9998,0.9998,0.9998,0.9998,0.9998,0.9998,0.9998,0.9997,0.9999,0.9998,0.9998,0.9999,0.1438,0.1191,0.1865,0.1761,0.1902,0.1870,0.1208,0.1891,0.1883,0.1498,0.1848,0.1325,0.1839,0.1449,0.1993,0.1449,0.1958,0.1884,0.1540,0.1514,0.1877,0.1958,0.1692,0.1584,0.1343,0.1244,0.1958,0.1498,0.1568,0.1806,0.1718,0.1162,0.1883,0.1410,0.1321,0.1761,0.1916,0.1162,0.1545,0.1978,0.1208,0.1917,0.1786,0.1584,0.1901,0.1860,0.1881,0.1633,0.1977,0.1843,IDLE,IDLE,IDLE,IDLE,IDLE,IDLE,IDLE,IDLE,IDLE,IDLE,IDLE,IDLE,IDLE,IDLE,IDLE,IDLE,IDLE,IDLE,IDLE,IDLE,IDLE,IDLE,IDLE,IDLE,IDLE,IDLE,IDLE,IDLE,IDLE,IDLE,IDLE,IDLE,IDLE,IDLE,IDLE,IDLE,IDLE,IDLE,IDLE,IDLE,IDLE,IDLE,IDLE,IDLE,IDLE,IDLE,IDLE,IDLE,IDLE,IDLE
646,2024-01-27 22:00:01,0.00,0.00,0,0.0000,0.0000,0.00,0.9998,0.9999,0.9997,0.9997,0.9998,0.9998,0.9998,0.9997,0.9998,0.9998,0.9999,0.9998,0.9998,0.9999,0.9998,0.9999,0.9998,0.9997,0.9998,0.9998,0.9997,0.9998,0.9999,0.9998,0.9998,0.9999,0.9998,0.9998,0.9998,0.9997,0.9998,0.9998,0.9998,0.9998,0.9998,0.9997,0.9997,0.9998,0.9998,0.9998,0.9998,0.9998,0.9998,0.9998,0.9998,0.9997,0.9999,0.9998,0.9998,0.9999,0.1438,0.1191,0.1865,0.1761,0.1902,0.1870,0.1208,0.1891,0.1883,0.1498,0.1848,0.1325,0.1839,0.1449,0.1993,0.1449,0.1958,0.1884,0.1540,0.1514,0.1877,0.1958,0.1692,0.1584,0.1343,0.1244,0.1958,0.1498,0.1568,0.1806,0.1718,0.1162,0.1883,0.1410,0.1321,0.1761,0.1916,0.1162,0.1545,0.1978,0.1208,0.1917,0.1786,0.1584,0.1901,0.1860,0.1881,0.1633,0.1977,0.1843,IDLE,IDLE,IDLE,IDLE,IDLE,IDLE,IDLE,IDLE,IDLE,IDLE,IDLE,IDLE,IDLE,IDLE,IDLE,IDLE,IDLE,IDLE,IDLE,IDLE,IDLE,IDLE,IDLE,IDLE,IDLE,IDLE,IDLE,IDLE,IDLE,IDLE,IDLE,IDLE,IDLE,IDLE,IDLE,IDLE,IDLE,IDLE,IDLE,IDLE,IDLE,IDLE,IDLE,IDLE,IDLE,IDLE,IDLE,IDLE,IDLE,IDLE
647,2024-01-27 23:00:01,0.00,0.00,0,0.0000,0.0000,0.00,0.9998,0.9999,0.9997,0.9997,0.9998,0.9998,0.9998,0.9997,0.9998,0.9998,0.9999,0.9998,0.9998,0.9999,0.9998,0.9999,0.9998,0.9997,0.9998,0.9998,0.9997,0.9998,0.9999,0.9998,0.9998,0.9999,0.9998,0.9998,0.9998,0.9997,0.9998,0.9998,0.9998,0.9998,0.9998,0.9997,0.9997,0.9998,0.9998,0.9998,0.9998,0.9998,0.9998,0.9998,0.9998,0.9997,0.9999,0.9998,0.9998,0.9999,0.1438,0.1191,0.1865,0.1761,0.1902,0.1870,0.1208,0.1891,0.1883,0.1498,0.1848,0.1325,0.1839,0.1449,0.1993,0.1449,0.1958,0.1884,0.1540,0.1514,0.1877,0.1958,0.1692,0.1584,0.1343,0.1244,0.1958,0.1498,0.1568,0.1806,0.1718,0.1162,0.1883,0.1410,0.1321,0.1761,0.1916,0.1162,0.1545,0.1978,0.1208,0.1917,0.1786,0.1584,0.1901,0.1860,0.1881,0.1633,0.1977,0.1843,IDLE,IDLE,IDLE,IDLE,IDLE,IDLE,IDLE,IDLE,IDLE,IDLE,IDLE,IDLE,IDLE,IDLE,IDLE,IDLE,IDLE,IDLE,IDLE,IDLE,IDLE,IDLE,IDLE,IDLE,IDLE,IDLE,IDLE,IDLE,IDLE,IDLE,IDLE,IDLE,IDLE,IDLE,IDLE,IDLE,IDLE,IDLE,IDLE,IDLE,IDLE,IDLE,IDLE,IDLE,IDLE,IDLE,IDLE,IDLE,IDLE,IDLE
648,2024-01-28 00:00:01,0.00,0.00,0,0.0000,0.0000,0.00,0.9998,0.9999,0.9997,0.9997,0.9998,0.9998,0.9998,0.9997,0.9998,0.9998,0.9999,0.9998,0.9998,0.9999,0.9998,0.9999,0.9998,0.9997,0.9998,0.9998,0.9997,0.9998,0.9999,0.9998,0.9998,0.9999,0.9998,0.9998,0.9998,0.9997,0.9998,0.9998,0.9998,0.9998,0.9998,0.9997,0.9997,0.9998,0.9998,0.9998,0.9998,0.9998,0.9998,0.9998,0.9998,0.9997,0.9999,0.9998,0.9998,0.9999,0.1438,0.1191,0.1865,0.1761,0.1902,0.1870,0.1208,0.1891,0.1883,0.1498,0.1848,0.1325,0.1839,0.1449,0.1993,0.1449,0.1958,0.1884,0.1540,0.1514,0.1877,0.1958,0.1692,0.1584,0.1343,0.1244,0.1958,0.1498,0.1568,0.1806,0.1718,0.1162,0.1883,0.1410,0.1321,0.1761,0.1916,0.1162,0.1545,0.1978,0.1208,0.1917,0.1786,0.1584,0.1901,0.1860,0.1881,0.1633,0.1977,0.1843,IDLE,IDLE,IDLE,IDLE,IDLE,IDLE,IDLE,IDLE,IDLE,IDLE,IDLE,IDLE,IDLE,IDLE,IDLE,IDLE,IDLE,IDLE,IDLE,IDLE,IDLE,IDLE,IDLE,IDLE,IDLE,IDLE,IDLE,IDLE,IDLE,IDLE,IDLE,IDLE,IDLE,IDLE,IDLE,IDLE,IDLE,IDLE,IDLE,IDLE,IDLE,IDLE,IDLE,IDLE,IDLE,IDLE,IDLE,IDLE,IDLE,IDLE
649,2024-01-28 01:00:01,0.00,0.00,0,0.0000,0.0000,0.00,0.9998,0.9999,0.9997,0.9997,0.9998,0.9998,0.9998,0.9997,0.9998,0.9998,0.9999,0.9998,0.9998,0.9999,0.9998,0.9999,0.9998,0.9997,0.9998,0.9998,0.9997,0.9998,0.9999,0.9998,0.9998,0.9999,0.9998,0.9998,0.9998,0.9997,0.9998,0.9998,0.9998,0.9998,0.9998,0.9997,0.9997,0.9998,0.9998,0.9998,0.9998,0.9998,0.9998,0.9998,0.9998,0.9997,0.9999,0.9998,0.9998,0.9999,0.1438,0.1191,0.1865,0.1761,0.1902,0.1870,0.1208,0.1891,0.1883,0.1498,0.1848,0.1325,0.1839,0.1449,0.1993,0.1449,0.1958,0.1884,0.1540,0.1514,0.1877,0.1958,0.1692,0.1584,0.1343,0.1244,0.1958,0.1498,0.1568,0.1806,0.1718,0.1162,0.1883,0.1410,0.1321,0.1761,0.1916,0.1162,0.1545,0.1978,0.1208,0.1917,0.1786,0.1584,0.1901,0.1860,0.1881,0.1633,0.1977,0.1843,IDLE,IDLE,IDLE,IDLE,IDLE,IDLE,IDLE,IDLE,IDLE,IDLE,IDLE,IDLE,IDLE,IDLE,IDLE,IDLE,IDLE,IDLE,IDLE,IDLE,IDLE,IDLE,IDLE,IDLE,IDLE,IDLE,IDLE,IDLE,IDLE,IDLE,IDLE,IDLE,IDLE,IDLE,IDLE,IDLE,IDLE,IDLE,IDLE,IDLE,IDLE,IDLE,IDLE,IDLE,IDLE,IDLE,IDLE,IDLE,IDLE,IDLE
650,2024-01-28 02:00:01,0.00,0.00,0,0.0000,0.0000,0.00,0.9998,0.9999,0.9997,0.9997,0.9998,0.9998,0.9998,0.9997,0.9998,0.9998,0.9999,0.9998,0.9998,0.9999,0.9998,0.9999,0.9998,0.9997,0.9998,0.9998,0.9997,0.9998,0.9999,0.9998,0.9998,0.9999,0.9998,0.9998,0.9998,0.9997,0.9998,0.9998,0.9998,0.9998,0.9998,0.9997,0.9997,0.9998,0.9998,0.9998,0.9998,0.9998,0.9998,0.9998,0.9998,0.9997,0.9999,0.9998,0.9998,0.9999,0.1438,0.1191,0.1865,0.1761,0.1902,0.1870,0.1208,0.1891,0.1883,0.1498,0.1848,0.1325,0.1839,0.1449,0.1993,0.1449,0.1958,0.1884,0.1540,0.1514,0.1877,0.1958,0.1692,0.1584,0.1343,0.1244,0.1958,0.1498,0.1568,0.1806,0.1718,0.1162,0.1883,0.1410,0.1321,0.1761,0.1916,0.1162,0.1545,0.1978,0.1208,0.1917,0.1786,0.1584,0.1901,0.1860,0.1881,0.1633,0.1977,0.1843,IDLE,IDLE,IDLE,IDLE,IDLE,IDLE,IDLE,IDLE,IDLE,IDLE,IDLE,IDLE,IDLE,IDLE,IDLE,IDLE,IDLE,IDLE,IDLE,IDLE,IDLE,IDLE,IDLE,IDLE,IDLE,IDLE,IDLE,IDLE,IDLE,IDLE,IDLE,IDLE,IDLE,IDLE,IDLE,IDLE,IDLE,IDLE,IDLE,IDLE,IDLE,IDLE,IDLE,IDLE,IDLE,IDLE,IDLE,IDLE,IDLE,IDLE
651,2024-01-28 03:00:01,0.00,0.00,0,0.0000,0.0000,0.00,0.9998,0.9999,0.9997,0.9997,0.9998,0.9998,0.9998,0.9997,0.9998,0.9998,0.9999,0.9998,0.9998,0.9999,0.9998,0.9999,0.9998,0.9997,0.9998,0.9998,0.9997,0.9998,0.9999,0.9998,0.9998,0.9999,0.9998,0.9998,0.9998,0.9997,0.9998,0.9998,0.9998,0.9998,0.9998,0.9997,0.9997,0.9998,0.9998,0.9998,0.9998,0.9998,0.9998,0.9998,0.9998,0.9997,0.9999,0.9998,0.9998,0.9999,0.1438,0.1191,0.1865,0.1761,0.1902,0.1870,0.1208,0.1891,0.1883,0.1498,0.1848,0.1325,0.1839,0.1449,0.1993,0.1449,0.1958,0.1884,0.1540,0.1514,0.1877,0.1958,0.1692,0.1584,0.1343,0.1244,0.1958,0.1498,0.1568,0.1806,0.1718,0.1162,0.1883,0.1410,0.1321,0.1761,0.1916,0.1162,0.1545,0.1978,0.1208,0.1917,0.1786,0.1584,0.1901,0.1860,0.1881,0.1633,0.1977,0.1843,IDLE,IDLE,IDLE,IDLE,IDLE,IDLE,IDLE,IDLE,IDLE,IDLE,IDLE,IDLE,IDLE,IDLE,IDLE,IDLE,IDLE,IDLE,IDLE,IDLE,IDLE,IDLE,IDLE,IDLE,IDLE,IDLE,IDLE,IDLE,IDLE,IDLE,IDLE,IDLE,IDLE,IDLE,IDLE,IDLE,IDLE,IDLE,IDLE,IDLE,IDLE,IDLE,IDLE,IDLE,IDLE,IDLE,IDLE,IDLE,IDLE,IDLE
652,2024-01-28 04:00:01,0.00,0.00,0,0.0000,0.0000,0.00,0.9998,0.9999,0.9997,0.9997,0.9998,0.9998,0.9998,0.9997,0.9998,0.9998,0.9999,0.9998,0.9998,0.9999,0.9998,0.9999,0.9998,0.9997,0.9998,0.9998,0.9997,0.9998,0.9999,0.9998,0.9998,0.9999,0.9998,0.9998,0.9998,0.9997,0.9998,0.9998,0.9998,0.9998,0.9998,0.9997,0.9997,0.9998,0.9998,0.9998,0.9998,0.9998,0.9998,0.9998,0.9998,0.9997,0.9999,0.9998,0.9998,0.9999,0.1438,0.1191,0.1865,0.1761,0.1902,0.1870,0.1208,0.1891,0.1883,0.1498,0.1848,0.1325,0.1839,0.1449,0.1993,0.1449,0.1958,0.1884,0.1540,0.1514,0.1877,0.1958,0.1692,0.1584,0.1343,0.1244,0.1958,0.1498,0.1568,0.1806,0.1718,0.1162,0.1883,0.1410,0.1321,0.1761,0.1916,0.1162,0.1545,0.1978,0.1208,0.1917,0.1786,0.1584,0.1901,0.1860,0.1881,0.1633,0.1977,0.1843,IDLE,IDLE,IDLE,IDLE,IDLE,IDLE,IDLE,IDLE,IDLE,IDLE,IDLE,IDLE,IDLE,IDLE,IDLE,IDLE,IDLE,IDLE,IDLE,IDLE,IDLE,IDLE,IDLE,IDLE,IDLE,IDLE,IDLE,IDLE,IDLE,IDLE,IDLE,IDLE,IDLE,IDLE,IDLE,IDLE,IDLE,IDLE,IDLE,IDLE,IDLE,IDLE,IDLE,IDLE,IDLE,IDLE,IDLE,IDLE,IDLE,IDLE
653,2024-01-28 05:00:01,0.00,0.00,0,0.0000,0.0000,0.00,0.9998,0.9999,0.9997,0.9997,0.9998,0.9998,0.9998,0.9997,0.9998,0.9998,0.9999,0.9998,0.9998,0.9999,0.9998,0.9999,0.9998,0.9997,0.9998,0.9998,0.9997,0.9998,0.9999,0.9998,0.9998,0.9999,0.9998,0.9998,0.9998,0.9997,0.9998,0.9998,0.9998,0.9998,0.9998,0.9997,0.9997,0.9998,0.9998,0.9998,0.9998,0.9998,0.9998,0.9998,0.9998,0.9997,0.9999,0.9998,0.9998,0.9999,0.1438,0.1191,0.1865,0.1761,0.1902,0.1870,0.1208,0.1891,0.1883,0.1498,0.1848,0.1325,0.1839,0.1449,0.1993,0.1449,0.1958,0.1884,0.1540,0.1514,0.1877,0.1958,0.1692,0.1584,0.1343,0.1244,0.1958,0.1498,0.1568,0.1806,0.1718,0.1162,0.1883,0.1410,0.1321,0.1761,0.1916,0.1162,0.1545,0.1978,0.1208,0.1917,0.1786,0.1584,0.1901,0.1860,0.1881,0.1633,0.1977,0.1843,IDLE,IDLE,IDLE,IDLE,IDLE,IDLE,IDLE,IDLE,IDLE,IDLE,IDLE,IDLE,IDLE,IDLE,IDLE,IDLE,IDLE,IDLE,IDLE,IDLE,IDLE,IDLE,IDLE,IDLE,IDLE,IDLE,IDLE,IDLE,IDLE,IDLE,IDLE,IDLE,IDLE,IDLE,IDLE,IDLE,IDLE,IDLE,IDLE,IDLE,IDLE,IDLE,IDLE,IDLE,IDLE,IDLE,IDLE,IDLE,IDLE,IDLE
654,2024-01-28 06:00:01,0.00,0.00,0,0.0000,0.0000,0.00,0.9998,0.9999,0.9997,0.9997,0.9998,0.9998,0.9998,0.9997,0.9998,0.9998,0.9999,0.9998,0.9998,0.9999,0.9998,0.9999,0.9998,0.9997,0.9998,0.9998,0.9997,0.9998,0.9999,0.9998,0.9998,0.9999,0.9998,0.9998,0.9998,0.9997,0.9998,0.9998,0.9998,0.9998,0.9998,0.9997,0.9997,0.9998,0.9998,0.9998,0.9998,0.9998,0.9998,0.9998,0.9998,0.9997,0.9999,0.9998,0.9998,0.9999,0.1438,0.1191,0.1865,0.1761,0.1902,0.1870,0.1208,0.1891,0.1883,0.1498,0.1848,0.1325,0.1839,0.1449,0.1993,0.1449,0.1958,0.1884,0.1540,0.1514,0.1877,0.1958,0.1692,0.1584,0.1343,0.1244,0.1958,0.1498,0.1568,0.1806,0.1718,0.1162,0.1883,0.1410,0.1321,0.1761,0.1916,0.1162,0.1545,0.1978,0.1208,0.1917,0.1786,0.1584,0.1901,0.1860,0.1881,0.1633,0.1977,0.1843,IDLE,IDLE,IDLE,IDLE,IDLE,IDLE,IDLE,IDLE,IDLE,IDLE,IDLE,IDLE,IDLE,IDLE,IDLE,IDLE,IDLE,IDLE,IDLE,IDLE,IDLE,IDLE,IDLE,IDLE,IDLE,IDLE,IDLE,IDLE,IDLE,IDLE,IDLE,IDLE,IDLE,IDLE,IDLE,IDLE,IDLE,IDLE,IDLE,IDLE,IDLE,IDLE,IDLE,IDLE,IDLE,IDLE,IDLE,IDLE,IDLE,IDLE
655,2024-01-28 07:00:01,0.00,0.00,0,0.0000,0.0000,0.00,0.9998,0.9999,0.9997,0.9997,0.9998,0.9998,0.9998,0.9997,0.9998,0.9998,0.9999,0.9998,0.9998,0.9999,0.9998,0.9999,0.9998,0.9997,0.9998,0.9998,0.9997,0.9998,0.9999,0.9998,0.9998,0.9999,0.9998,0.9998,0.9998,0.9997,0.9998,0.9998,0.9998,0.9998,0.9998,0.9997,0.9997,0.9998,0.9998,0.9998,0.9998,0.9998,0.9998,0.9998,0.9998,0.9997,0.9999,0.9998,0.9998,0.9999,0.1438,0.1191,0.1865,0.1761,0.1902,0.1870,0.1208,0.1891,0.1883,0.1498,0.1848,0.1325,0.1839,0.1449,0.1993,0.1449,0.1958,0.1884,0.1540,0.1514,0.1877,0.1958,0.1692,0.1584,0.1343,0.1244,0.1958,0.1498,0.1568,0.1806,0.1718,0.1162,0.1883,0.1410,0.1321,0.1761,0.1916,0.1162,0.1545,0.1978,0.1208,0.1917,0.1786,0.1584,0.1901,0.1860,0.1881,0.1633,0.1977,0.1843,IDLE,IDLE,IDLE,IDLE,IDLE,IDLE,IDLE,IDLE,IDLE,IDLE,IDLE,IDLE,IDLE,IDLE,IDLE,IDLE,IDLE,IDLE,IDLE,IDLE,IDLE,IDLE,IDLE,IDLE,IDLE,IDLE,IDLE,IDLE,IDLE,IDLE,IDLE,IDLE,IDLE,IDLE,IDLE,IDLE,IDLE,IDLE,IDLE,IDLE,IDLE,IDLE,IDLE,IDLE,IDLE,IDLE,IDLE,IDLE,IDLE,IDLE
656,2024-01-28 08:00:01,0.00,0.00,0,0.0000,0.0000,0.00,0.9998,0.9999,0.9997,0.9997,0.9998,0.9998,0.9998,0.9997,0.9998,0.9998,0.9999,0.9998,0.9998,0.9999,0.9998,0.9999,0.9998,0.9997,0.9998,0.9998,0.9997,0.9998,0.9999,0.9998,0.9998,0.9999,0.9998,0.9998,0.9998,0.9997,0.9998,0.9998,0.9998,0.9998,0.9998,0.9997,0.9997,0.9998,0.9998,0.9998,0.9998,0.9998,0.9998,0.9998,0.9998,0.9997,0.9999,0.9998,0.9998,0.9999,0.1438,0.1191,0.1865,0.1761,0.1902,0.1870,0.1208,0.1891,0.1883,0.1498,0.1848,0.1325,0.1839,0.1449,0.1993,0.1449,0.1958,0.1884,0.1540,0.1514,0.1877,0.1958,0.1692,0.1584,0.1343,0.1244,0.1958,0.1498,0.1568,0.1806,0.1718,0.1162,0.1883,0.1410,0.1321,0.1761,0.1916,0.1162,0.1545,0.1978,0.1208,0.1917,0.1786,0.1584,0.1901,0.1860,0.1881,0.1633,0.1977,0.1843,IDLE,IDLE,IDLE,IDLE,IDLE,IDLE,IDLE,IDLE,IDLE,IDLE,IDLE,IDLE,IDLE,IDLE,IDLE,IDLE,IDLE,IDLE,IDLE,IDLE,IDLE,IDLE,IDLE,IDLE,IDLE,IDLE,IDLE,IDLE,IDLE,IDLE,IDLE,IDLE,IDLE,IDLE,IDLE,IDLE,IDLE,IDLE,IDLE,IDLE,IDLE,IDLE,IDLE,IDLE,IDLE,IDLE,IDLE,IDLE,IDLE,IDLE
657,2024-01-28 09:00:01,0.00,0.00,0,0.0000,0.0000,0.00,0.9998,0.9999,0.9997,0.9997,0.9998,0.9998,0.9998,0.9997,0.9998,0.9998,0.9999,0.9998,0.9998,0.9999,0.9998,0.9999,0.9998,0.9997,0.9998,0.9998,0.9997,0.9998,0.9999,0.9998,0.9998,0.9999,0.9998,0.9998,0.9998,0.9997,0.9998,0.9998,0.9998,0.9998,0.9998,0.9997,0.9997,0.9998,0.9998,0.9998,0.9998,0.9998,0.9998,0.9998,0.9998,0.9997,0.9999,0.9998,0.9998,0.9999,0.1438,0.1191,0.1865,0.1761,0.1902,0.1870,0.1208,0.1891,0.1883,0.1498,0.1848,0.1325,0.1839,0.1449,0.1993,0.1449,0.1958,0.1884,0.1540,0.1514,0.1877,0.1958,0.1692,0.1584,0.1343,0.1244,0.1958,0.1498,0.1568,0.1806,0.1718,0.1162,0.1883,0.1410,0.1321,0.1761,0.1916,0.1162,0.1545,0.1978,0.1208,0.1917,0.1786,0.1584,0.1901,0.1860,0.1881,0.1633,0.1977,0.1843,IDLE,IDLE,IDLE,IDLE,IDLE,IDLE,IDLE,IDLE,IDLE,IDLE,IDLE,IDLE,IDLE,IDLE,IDLE,IDLE,IDLE,IDLE,IDLE,IDLE,IDLE,IDLE,IDLE,IDLE,IDLE,IDLE,IDLE,IDLE,IDLE,IDLE,IDLE,IDLE,IDLE,IDLE,IDLE,IDLE,IDLE,IDLE,IDLE,IDLE,IDLE,IDLE,IDLE,IDLE,IDLE,IDLE,IDLE,IDLE,IDLE,IDLE
658,2024-01-28 10:00:01,0.00,0.00,0,0.0000,0.0000,0.00,0.9998,0.9999,0.9997,0.9997,0.9998,0.9998,0.9998,0.9997,0.9998,0.9998,0.9999,0.9998,0.9998,0.9999,0.9998,0.9999,0.9998,0.9997,0.9998,0.9998,0.9997,0.9998,0.9999,0.9998,0.9998,0.9999,0.9998,0.9998,0.9998,0.9997,0.9998,0.9998,0.9998,0.9998,0.9998,0.9997,0.9997,0.9998,0.9998,0.9998,0.9998,0.9998,0.9998,0.9998,0.9998,0.9997,0.9999,0.9998,0.9998,0.9999,0.1438,0.1191,0.1865,0.1761,0.1902,0.1870,0.1208,0.1891,0.1883,0.1498,0.1848,0.1325,0.1839,0.1449,0.1993,0.1449,0.1958,0.1884,0.1540,0.1514,0.1877,0.1958,0.1692,0.1584,0.1343,0.1244,0.1958,0.1498,0.1568,0.1806,0.1718,0.1162,0.1883,0.1410,0.1321,0.1761,0.1916,0.1162,0.1545,0.1978,0.1208,0.1917,0.1786,0.1584,0.1901,0.1860,0.1881,0.1633,0.1977,0.1843,IDLE,IDLE,IDLE,IDLE,IDLE,IDLE,IDLE,IDLE,IDLE,IDLE,IDLE,IDLE,IDLE,IDLE,IDLE,IDLE,IDLE,IDLE,IDLE,IDLE,IDLE,IDLE,IDLE,IDLE,IDLE,IDLE,IDLE,IDLE,IDLE,IDLE,IDLE,IDLE,IDLE,IDLE,IDLE,IDLE,IDLE,IDLE,IDLE,IDLE,IDLE,IDLE,IDLE,IDLE,IDLE,IDLE,IDLE,IDLE,IDLE,IDLE
659,2024-01-28 11:00:01,0.00,0.00,0,0.0000,0.0000,0.00,0.9998,0.9999,0.9997,0.9997,0.9998,0.9998,0.9998,0.9997,0.9998,0.9998,0.9999,0.9998,0.9998,0.9999,0.9998,0.9999,0.9998,0.9997,0.9998,0.9998,0.9997,0.9998,0.9999,0.9998,0.9998,0.9999,0.9998,0.9998,0.9998,0.9997,0.9998,0.9998,0.9998,0.9998,0.9998,0.9997,0.9997,0.9998,0.9998,0.9998,0.9998,0.9998,0.9998,0.9998,0.9998,0.9997,0.9999,0.9998,0.9998,0.9999,0.1438,0.1191,0.1865,0.1761,0.1902,0.1870,0.1208,0.1891,0.1883,0.1498,0.1848,0.1325,0.1839,0.1449,0.1993,0.1449,0.1958,0.1884,0.1540,0.1514,0.1877,0.1958,0.1692,0.1584,0.1343,0.1244,0.1958,0.1498,0.1568,0.1806,0.1718,0.1162,0.1883,0.1410,0.1321,0.1761,0.1916,0.1162,0.1545,0.1978,0.1208,0.1917,0.1786,0.1584,0.1901,0.1860,0.1881,0.1633,0.1977,0.1843,IDLE,IDLE,IDLE,IDLE,IDLE,IDLE,IDLE,IDLE,IDLE,IDLE,IDLE,IDLE,IDLE,IDLE,IDLE,IDLE,IDLE,IDLE,IDLE,IDLE,IDLE,IDLE,IDLE,IDLE,IDLE,IDLE,IDLE,IDLE,IDLE,IDLE,IDLE,IDLE,IDLE,IDLE,IDLE,IDLE,IDLE,IDLE,IDLE,IDLE,IDLE,IDLE,IDLE,IDLE,IDLE,IDLE,IDLE,IDLE,IDLE,IDLE
660,2024-01-28 12:00:01,0.00,0.00,0,0.0000,0.0000,0.00,0.9998,0.9999,0.9997,0.9997,0.9998,0.9998,0.9998,0.9997,0.9998,0.9998,0.9999,0.9998,0.9998,0.9999,0.9998,0.9999,0.9998,0.9997,0.9998,0.9998,0.9997,0.9998,0.9999,0.9998,0.9998,0.9999,0.9998,0.9998,0.9998,0.9997,0.9998,0.9998,0.9998,0.9998,0.9998,0.9997,0.9997,0.9998,0.9998,0.9998,0.9998,0.9998,0.9998,0.9998,0.9998,0.9997,0.9999,0.9998,0.9998,0.9999,0.1438,0.1191,0.1865,0.1761,0.1902,0.1870,0.1208,0.1891,0.1883,0.1498,0.1848,0.1325,0.1839,0.1449,0.1993,0.1449,0.1958,0.1884,0.1540,0.1514,0.1877,0.1958,0.1692,0.1584,0.1343,0.1244,0.1958,0.1498,0.1568,0.1806,0.1718,0.1162,0.1883,0.1410,0.1321,0.1761,0.1916,0.1162,0.1545,0.1978,0.1208,0.1917,0.1786,0.1584,0.1901,0.1860,0.1881,0.1633,0.1977,0.1843,IDLE,IDLE,IDLE,IDLE,IDLE,IDLE,IDLE,IDLE,IDLE,IDLE,IDLE,IDLE,IDLE,IDLE,IDLE,IDLE,IDLE,IDLE,IDLE,IDLE,IDLE,IDLE,IDLE,IDLE,IDLE,IDLE,IDLE,IDLE,IDLE,IDLE,IDLE,IDLE,IDLE,IDLE,IDLE,IDLE,IDLE,IDLE,IDLE,IDLE,IDLE,IDLE,IDLE,IDLE,IDLE,IDLE,IDLE,IDLE,IDLE,IDLE
661,2024-01-28 13:00:01,0.00,0.00,0,0.0000,0.0000,0.00,0.9998,0.9999,0.9997,0.9997,0.9998,0.9998,0.9998,0.9997,0.9998,0.9998,0.9999,0.9998,0.9998,0.9999,0.9998,0.9999,0.9998,0.9997,0.9998,0.9998,0.9997,0.9998,0.9999,0.9998,0.9998,0.9999,0.9998,0.9998,0.9998,0.9997,0.9998,0.9998,0.9998,0.9998,0.9998,0.9997,0.9997,0.9998,0.9998,0.9998,0.9998,0.9998,0.9998,0.9998,0.9998,0.9997,0.9999,0.9998,0.9998,0.9999,0.1438,0.1191,0.1865,0.1761,0.1902,0.1870,0.1208,0.1891,0.1883,0.1498,0.1848,0.1325,0.1839,0.1449,0.1993,0.1449,0.1958,0.1884,0.1540,0.1514,0.1877,0.1958,0.1692,0.1584,0.1343,0.1244,0.1958,0.1498,0.1568,0.1806,0.1718,0.1162,0.1883,0.1410,0.1321,0.1761,0.1916,0.1162,0.1545,0.1978,0.1208,0.1917,0.1786,0.1584,0.1901,0.1860,0.1881,0.1633,0.1977,0.1843,IDLE,IDLE,IDLE,IDLE,IDLE,IDLE,IDLE,IDLE,IDLE,IDLE,IDLE,IDLE,IDLE,IDLE,IDLE,IDLE,IDLE,IDLE,IDLE,IDLE,IDLE,IDLE,IDLE,IDLE,IDLE,IDLE,IDLE,IDLE,IDLE,IDLE,IDLE,IDLE,IDLE,IDLE,IDLE,IDLE,IDLE,IDLE,IDLE,IDLE,IDLE,IDLE,IDLE,IDLE,IDLE,IDLE,IDLE,IDLE,IDLE,IDLE
662,2024-01-28 14:00:01,0.00,0.00,0,0.0000,0.0000,0.00,0.9998,0.9999,0.9997,0.9997,0.9998,0.9998,0.9998,0.9997,0.9998,0.9998,0.9999,0.9998,0.9998,0.9999,0.9998,0.9999,0.9998,0.9997,0.9998,0.9998,0.9997,0.9998,0.9999,0.9998,0.9998,0.9999,0.9998,0.9998,0.9998,0.9997,0.9998,0.9998,0.9998,0.9998,0.9998,0.9997,0.9997,0.9998,0.9998,0.9998,0.9998,0.9998,0.9998,0.9998,0.9998,0.9997,0.9999,0.9998,0.9998,0.9999,0.1438,0.1191,0.1865,0.1761,0.1902,0.1870,0.1208,0.1891,0.1883,0.1498,0.1848,0.1325,0.1839,0.1449,0.1993,0.1449,0.1958,0.1884,0.1540,0.1514,0.1877,0.1958,0.1692,0.1584,0.1343,0.1244,0.1958,0.1498,0.1568,0.1806,0.1718,0.1162,0.1883,0.1410,0.1321,0.1761,0.1916,0.1162,0.1545,0.1978,0.1208,0.1917,0.1786,0.1584,0.1901,0.1860,0.1881,0.1633,0.1977,0.1843,IDLE,IDLE,IDLE,IDLE,IDLE,IDLE,IDLE,IDLE,IDLE,IDLE,IDLE,IDLE,IDLE,IDLE,IDLE,IDLE,IDLE,IDLE,IDLE,IDLE,IDLE,IDLE,IDLE,IDLE,IDLE,IDLE,IDLE,IDLE,IDLE,IDLE,IDLE,IDLE,IDLE,IDLE,IDLE,IDLE,IDLE,IDLE,IDLE,IDLE,IDLE,IDLE,IDLE,IDLE,IDLE,IDLE,IDLE,IDLE,IDLE,IDLE
663,2024-01-28 15:00:01,0.00,0.00,0,0.0000,0.0000,0.00,0.9998,0.9999,0.9997,0.9997,0.9998,0.9998,0.9998,0.9997,0.9998,0.9998,0.9999,0.9998,0.9998,0.9999,0.9998,0.9999,0.9998,0.9997,0.9998,0.9998,0.9997,0.9998,0.9999,0.9998,0.9998,0.9999,0.9998,0.9998,0.9998,0.9997,0.9998,0.9998,0.9998,0.9998,0.9998,0.9997,0.9997,0.9998,0.9998,0.9998,0.9998,0.9998,0.9998,0.9998,0.9998,0.9997,0.9999,0.9998,0.9998,0.9999,0.1438,0.1191,0.1865,0.1761,0.1902,0.1870,0.1208,0.1891,0.1883,0.1498,0.1848,0.1325,0.1839,0.1449,0.1993,0.1449,0.1958,0.1884,0.1540,0.1514,0.1877,0.1958,0.1692,0.1584,0.1343,0.1244,0.1958,0.1498,0.1568,0.1806,0.1718,0.1162,0.1883,0.1410,0.1321,0.1761,0.1916,0.1162,0.1545,0.1978,0.1208,0.1917,0.1786,0.1584,0.1901,0.1860,0.1881,0.1633,0.1977,0.1843,IDLE,IDLE,IDLE,IDLE,IDLE,IDLE,IDLE,IDLE,IDLE,IDLE,IDLE,IDLE,IDLE,IDLE,IDLE,IDLE,IDLE,IDLE,IDLE,IDLE,IDLE,IDLE,IDLE,IDLE,IDLE,IDLE,IDLE,IDLE,IDLE,IDLE,IDLE,IDLE,IDLE,IDLE,IDLE,IDLE,IDLE,IDLE,IDLE,IDLE,IDLE,IDLE,IDLE,IDLE,IDLE,IDLE,IDLE,IDLE,IDLE,IDLE
664,2024-01-28 16:00:01,0.00,0.00,0,0.0000,0.0000,0.00,0.9998,0.9999,0.9997,0.9997,0.9998,0.9998,0.9998,0.9997,0.9998,0.9998,0.9999,0.9998,0.9998,0.9999,0.9998,0.9999,0.9998,0.9997,0.9998,0.9998,0.9997,0.9998,0.9999,0.9998,0.9998,0.9999,0.9998,0.9998,0.9998,0.9997,0.9998,0.9998,0.9998,0.9998,0.9998,0.9997,0.9997,0.9998,0.9998,0.9998,0.9998,0.9998,0.9998,0.9998,0.9998,0.9997,0.9999,0.9998,0.9998,0.9999,0.1438,0.1191,0.1865,0.1761,0.1902,0.1870,0.1208,0.1891,0.1883,0.1498,0.1848,0.1325,0.1839,0.1449,0.1993,0.1449,0.1958,0.1884,0.1540,0.1514,0.1877,0.1958,0.1692,0.1584,0.1343,0.1244,0.1958,0.1498,0.1568,0.1806,0.1718,0.1162,0.1883,0.1410,0.1321,0.1761,0.1916,0.1162,0.1545,0.1978,0.1208,0.1917,0.1786,0.1584,0.1901,0.1860,0.1881,0.1633,0.1977,0.1843,IDLE,IDLE,IDLE,IDLE,IDLE,IDLE,IDLE,IDLE,IDLE,IDLE,IDLE,IDLE,IDLE,IDLE,IDLE,IDLE,IDLE,IDLE,IDLE,IDLE,IDLE,IDLE,IDLE,IDLE,IDLE,IDLE,IDLE,IDLE,IDLE,IDLE,IDLE,IDLE,IDLE,IDLE,IDLE,IDLE,IDLE,IDLE,IDLE,IDLE,IDLE,IDLE,IDLE,IDLE,IDLE,IDLE,IDLE,IDLE,IDLE,IDLE
665,2024-01-28 17:00:01,0.00,0.00,0,0.0000,0.0000,0.00,0.9998,0.9999,0.9997,0.9997,0.9998,0.9998,0.9998,0.9997,0.9998,0.9998,0.9999,0.9998,0.9998,0.9999,0.9998,0.9999,0.9998,0.9997,0.9998,0.9998,0.9997,0.9998,0.9999,0.9998,0.9998,0.9999,0.9998,0.9998,0.9998,0.9997,0.9998,0.9998,0.9998,0.9998,0.9998,0.9997,0.9997,0.9998,0.9998,0.9998,0.9998,0.9998,0.9998,0.9998,0.9998,0.9997,0.9999,0.9998,0.9998,0.9999,0.1438,0.1191,0.1865,0.1761,0.1902,0.1870,0.1208,0.1891,0.1883,0.1498,0.1848,0.1325,0.1839,0.1449,0.1993,0.1449,0.1958,0.1884,0.1540,0.1514,0.1877,0.1958,0.1692,0.1584,0.1343,0.1244,0.1958,0.1498,0.1568,0.1806,0.1718,0.1162,0.1883,0.1410,0.1321,0.1761,0.1916,0.1162,0.1545,0.1978,0.1208,0.1917,0.1786,0.1584,0.1901,0.1860,0.1881,0.1633,0.1977,0.1843,IDLE,IDLE,IDLE,IDLE,IDLE,IDLE,IDLE,IDLE,IDLE,IDLE,IDLE,IDLE,IDLE,IDLE,IDLE,IDLE,IDLE,IDLE,IDLE,IDLE,IDLE,IDLE,IDLE,IDLE,IDLE,IDLE,IDLE,IDLE,IDLE,IDLE,IDLE,IDLE,IDLE,IDLE,IDLE,IDLE,IDLE,IDLE,IDLE,IDLE,IDLE,IDLE,IDLE,IDLE,IDLE,IDLE,IDLE,IDLE,IDLE,IDLE
666,2024-01-28 18:00:01,0.00,0.00,0,0.0000,0.0000,0.00,0.9998,0.9999,0.9997,0.9997,0.9998,0.9998,0.9998,0.9997,0.9998,0.9998,0.9999,0.9998,0.9998,0.9999,0.9998,0.9999,0.9998,0.9997,0.9998,0.9998,0.9997,0.9998,0.9999,0.9998,0.9998,0.9999,0.9998,0.9998,0.9998,0.9997,0.9998,0.9998,0.9998,0.9998,0.9998,0.9997,0.9997,0.9998,0.9998,0.9998,0.9998,0.9998,0.9998,0.9998,0.9998,0.9997,0.9999,0.9998,0.9998,0.9999,0.1438,0.1191,0.1865,0.1761,0.1902,0.1870,0.1208,0.1891,0.1883,0.1498,0.1848,0.1325,0.1839,0.1449,0.1993,0.1449,0.1958,0.1884,0.1540,0.1514,0.1877,0.1958,0.1692,0.1584,0.1343,0.1244,0.1958,0.1498,0.1568,0.1806,0.1718,0.1162,0.1883,0.1410,0.1321,0.1761,0.1916,0.1162,0.1545,0.1978,0.1208,0.1917,0.1786,0.1584,0.1901,0.1860,0.1881,0.1633,0.1977,0.1843,IDLE,IDLE,IDLE,IDLE,IDLE,IDLE,IDLE,IDLE,IDLE,IDLE,IDLE,IDLE,IDLE,IDLE,IDLE,IDLE,IDLE,IDLE,IDLE,IDLE,IDLE,IDLE,IDLE,IDLE,IDLE,IDLE,IDLE,IDLE,IDLE,IDLE,IDLE,IDLE,IDLE,IDLE,IDLE,IDLE,IDLE,IDLE,IDLE,IDLE,IDLE,IDLE,IDLE,IDLE,IDLE,IDLE,IDLE,IDLE,IDLE,IDLE
667,2024-01-28 19:00:01,0.00,0.00,0,0.0000,0.0000,0.00,0.9998,0.9999,0.9997,0.9997,0.9998,0.9998,0.9998,0.9997,0.9998,0.9998,0.9999,0.9998,0.9998,0.9999,0.9998,0.9999,0.9998,0.9997,0.9998,0.9998,0.9997,0.9998,0.9999,0.9998,0.9998,0.9999,0.9998,0.9998,0.9998,0.9997,0.9998,0.9998,0.9998,0.9998,0.9998,0.9997,0.9997,0.9998,0.9998,0.9998,0.9998,0.9998,0.9998,0.9998,0.9998,0.9997,0.9999,0.9998,0.9998,0.9999,0.1438,0.1191,0.1865,0.1761,0.1902,0.1870,0.1208,0.1891,0.1883,0.1498,0.1848,0.1325,0.1839,0.1449,0.1993,0.1449,0.1958,0.1884,0.1540,0.1514,0.1877,0.1958,0.1692,0.1584,0.1343,0.1244,0.1958,0.1498,0.1568,0.1806,0.1718,0.1162,0.1883,0.1410,0.1321,0.1761,0.1916,0.1162,0.1545,0.1978,0.1208,0.1917,0.1786,0.1584,0.1901,0.1860,0.1881,0.1633,0.1977,0.1843,IDLE,IDLE,IDLE,IDLE,IDLE,IDLE,IDLE,IDLE,IDLE,IDLE,IDLE,IDLE,IDLE,IDLE,IDLE,IDLE,IDLE,IDLE,IDLE,IDLE,IDLE,IDLE,IDLE,IDLE,IDLE,IDLE,IDLE,IDLE,IDLE,IDLE,IDLE,IDLE,IDLE,IDLE,IDLE,IDLE,IDLE,IDLE,IDLE,IDLE,IDLE,IDLE,IDLE,IDLE,IDLE,IDLE,IDLE,IDLE,IDLE,IDLE
668,2024-01-28 20:00:01,0.00,0.00,0,0.0000,0.0000,0.00,0.9998,0.9999,0.9997,0.9997,0.9998,0.9998,0.9998,0.9997,0.9998,0.9998,0.9999,0.9998,0.9998,0.9999,0.9998,0.9999,0.9998,0.9997,0.9998,0.9998,0.9997,0.9998,0.9999,0.9998,0.9998,0.9999,0.9998,0.9998,0.9998,0.9997,0.9998,0.9998,0.9998,0.9998,0.9998,0.9997,0.9997,0.9998,0.9998,0.9998,0.9998,0.9998,0.9998,0.9998,0.9998,0.9997,0.9999,0.9998,0.9998,0.9999,0.1438,0.1191,0.1865,0.1761,0.1902,0.1870,0.1208,0.1891,0.1883,0.1498,0.1848,0.1325,0.1839,0.1449,0.1993,0.1449,0.1958,0.1884,0.1540,0.1514,0.1877,0.1958,0.1692,0.1584,0.1343,0.1244,0.1958,0.1498,0.1568,0.1806,0.1718,0.1162,0.1883,0.1410,0.1321,0.1761,0.1916,0.1162,0.1545,0.1978,0.1208,0.1917,0.1786,0.1584,0.1901,0.1860,0.1881,0.1633,0.1977,0.1843,IDLE,IDLE,IDLE,IDLE,IDLE,IDLE,IDLE,IDLE,IDLE,IDLE,IDLE,IDLE,IDLE,IDLE,IDLE,IDLE,IDLE,IDLE,IDLE,IDLE,IDLE,IDLE,IDLE,IDLE,IDLE,IDLE,IDLE,IDLE,IDLE,IDLE,IDLE,IDLE,IDLE,IDLE,IDLE,IDLE,IDLE,IDLE,IDLE,IDLE,IDLE,IDLE,IDLE,IDLE,IDLE,IDLE,IDLE,IDLE,IDLE,IDLE
669,2024-01-28 21:00:01,0.00,0.00,0,0.0000,0.0000,0.00,0.9998,0.9999,0.9997,0.9997,0.9998,0.9998,0.9998,0.9997,0.9998,0.9998,0.9999,0.9998,0.9998,0.9999,0.9998,0.9999,0.9998,0.9997,0.9998,0.9998,0.9997,0.9998,0.9999,0.9998,0.9998,0.9999,0.9998,0.9998,0.9998,0.9997,0.9998,0.9998,0.9998,0.9998,0.9998,0.9997,0.9997,0.9998,0.9998,0.9998,0.9998,0.9998,0.9998,0.9998,0.9998,0.9997,0.9999,0.9998,0.9998,0.9999,0.1438,0.1191,0.1865,0.1761,0.1902,0.1870,0.1208,0.1891,0.1883,0.1498,0.1848,0.1325,0.1839,0.1449,0.1993,0.1449,0.1958,0.1884,0.1540,0.1514,0.1877,0.1958,0.1692,0.1584,0.1343,0.1244,0.1958,0.1498,0.1568,0.1806,0.1718,0.1162,0.1883,0.1410,0.1321,0.1761,0.1916,0.1162,0.1545,0.1978,0.1208,0.1917,0.1786,0.1584,0.1901,0.1860,0.1881,0.1633,0.1977,0.1843,IDLE,IDLE,IDLE,IDLE,IDLE,IDLE,IDLE,IDLE,IDLE,IDLE,IDLE,IDLE,IDLE,IDLE,IDLE,IDLE,IDLE,IDLE,IDLE,IDLE,IDLE,IDLE,IDLE,IDLE,IDLE,IDLE,IDLE,IDLE,IDLE,IDLE,IDLE,IDLE,IDLE,IDLE,IDLE,IDLE,IDLE,IDLE,IDLE,IDLE,IDLE,IDLE,IDLE,IDLE,IDLE,IDLE,IDLE,IDLE,IDLE,IDLE
670,2024-01-28 22:00:01,0.00,0.00,0,0.0000,0.0000,0.00,0.9998,0.9999,0.9997,0.9997,0.9998,0.9998,0.9998,0.9997,0.9998,0.9998,0.9999,0.9998,0.9998,0.9999,0.9998,0.9999,0.9998,0.9997,0.9998,0.9998,0.9997,0.9998,0.9999,0.9998,0.9998,0.9999,0.9998,0.9998,0.9998,0.9997,0.9998,0.9998,0.9998,0.9998,0.9998,0.9997,0.9997,0.9998,0.9998,0.9998,0.9998,0.9998,0.9998,0.9998,0.9998,0.9997,0.9999,0.9998,0.9998,0.9999,0.1438,0.1191,0.1865,0.1761,0.1902,0.1870,0.1208,0.1891,0.1883,0.1498,0.1848,0.1325,0.1839,0.1449,0.1993,0.1449,0.1958,0.1884,0.1540,0.1514,0.1877,0.1958,0.1692,0.1584,0.1343,0.1244,0.1958,0.1498,0.1568,0.1806,0.1718,0.1162,0.1883,0.1410,0.1321,0.1761,0.1916,0.1162,0.1545,0.1978,0.1208,0.1917,0.1786,0.1584,0.1901,0.1860,0.1881,0.1633,0.1977,0.1843,IDLE,IDLE,IDLE,IDLE,IDLE,IDLE,IDLE,IDLE,IDLE,IDLE,IDLE,IDLE,IDLE,IDLE,IDLE,IDLE,IDLE,IDLE,IDLE,IDLE,IDLE,IDLE,IDLE,IDLE,IDLE,IDLE,IDLE,IDLE,IDLE,IDLE,IDLE,IDLE,IDLE,IDLE,IDLE,IDLE,IDLE,IDLE,IDLE,IDLE,IDLE,IDLE,IDLE,IDLE,IDLE,IDLE,IDLE,IDLE,IDLE,IDLE
671,2024-01-28 23:00:01,0.00,0.00,0,0.0000,0.0000,0.00,0.9998,0.9999,0.9997,0.9997,0.9998,0.9998,0.9998,0.9997,0.9998,0.9998,0.9999,0.9998,0.9998,0.9999,0.9998,0.9999,0.9998,0.9997,0.9998,0.9998,0.9997,0.9998,0.9999,0.9998,0.9998,0.9999,0.9998,0.9998,0.9998,0.9997,0.9998,0.9998,0.9998,0.9998,0.9998,0.9997,0.9997,0.9998,0.9998,0.9998,0.9998,0.9998,0.9998,0.9998,0.9998,0.9997,0.9999,0.9998,0.9998,0.9999,0.1438,0.1191,0.1865,0.1761,0.1902,0.1870,0.1208,0.1891,0.1883,0.1498,0.1848,0.1325,0.1839,0.1449,0.1993,0.1449,0.1958,0.1884,0.1540,0.1514,0.1877,0.1958,0.1692,0.1584,0.1343,0.1244,0.1958,0.1498,0.1568,0.1806,0.1718,0.1162,0.1883,0.1410,0.1321,0.1761,0.1916,0.1162,0.1545,0.1978,0.1208,0.1917,0.1786,0.1584,0.1901,0.1860,0.1881,0.1633,0.1977,0.1843,IDLE,IDLE,IDLE,IDLE,IDLE,IDLE,IDLE,IDLE,IDLE,IDLE,IDLE,IDLE,IDLE,IDLE,IDLE,IDLE,IDLE,IDLE,IDLE,IDLE,IDLE,IDLE,IDLE,IDLE,IDLE,IDLE,IDLE,IDLE,IDLE,IDLE,IDLE,IDLE,IDLE,IDLE,IDLE,IDLE,IDLE,IDLE,IDLE,IDLE,IDLE,IDLE,IDLE,IDLE,IDLE,IDLE,IDLE,IDLE,IDLE,IDLE
672,2024-01-29 00:00:01,0.00,0.00,0,0.0000,0.0000,0.00,0.9998,0.9999,0.9997,0.9997,0.9998,0.9998,0.9998,0.9997,0.9998,0.9998,0.9999,0.9998,0.9998,0.9999,0.9998,0.9999,0.9998,0.9997,0.9998,0.9998,0.9997,0.9998,0.9999,0.9998,0.9998,0.9999,0.9998,0.9998,0.9998,0.9997,0.9998,0.9998,0.9998,0.9998,0.9998,0.9997,0.9997,0.9998,0.9998,0.9998,0.9998,0.9998,0.9998,0.9998,0.9998,0.9997,0.9999,0.9998,0.9998,0.9999,0.1438,0.1191,0.1865,0.1761,0.1902,0.1870,0.1208,0.1891,0.1883,0.1498,0.1848,0.1325,0.1839,0.1449,0.1993,0.1449,0.1958,0.1884,0.1540,0.1514,0.1877,0.1958,0.1692,0.1584,0.1343,0.1244,0.1958,0.1498,0.1568,0.1806,0.1718,0.1162,0.1883,0.1410,0.1321,0.1761,0.1916,0.1162,0.1545,0.1978,0.1208,0.1917,0.1786,0.1584,0.1901,0.1860,0.1881,0.1633,0.1977,0.1843,IDLE,IDLE,IDLE,IDLE,IDLE,IDLE,IDLE,IDLE,IDLE,IDLE,IDLE,IDLE,IDLE,IDLE,IDLE,IDLE,IDLE,IDLE,IDLE,IDLE,IDLE,IDLE,IDLE,IDLE,IDLE,IDLE,IDLE,IDLE,IDLE,IDLE,IDLE,IDLE,IDLE,IDLE,IDLE,IDLE,IDLE,IDLE,IDLE,IDLE,IDLE,IDLE,IDLE,IDLE,IDLE,IDLE,IDLE,IDLE,IDLE,IDLE
673,2024-01-29 01:00:01,0.00,0.00,0,0.0000,0.0000,0.00,0.9998,0.9999,0.9997,0.9997,0.9998,0.9998,0.9998,0.9997,0.9998,0.9998,0.9999,0.9998,0.9998,0.9999,0.9998,0.9999,0.9998,0.9997,0.9998,0.9998,0.9997,0.9998,0.9999,0.9998,0.9998,0.9999,0.9998,0.9998,0.9998,0.9997,0.9998,0.9998,0.9998,0.9998,0.9998,0.9997,0.9997,0.9998,0.9998,0.9998,0.9998,0.9998,0.9998,0.9998,0.9998,0.9997,0.9999,0.9998,0.9998,0.9999,0.1438,0.1191,0.1865,0.1761,0.1902,0.1870,0.1208,0.1891,0.1883,0.1498,0.1848,0.1325,0.1839,0.1449,0.1993,0.1449,0.1958,0.1884,0.1540,0.1514,0.1877,0.1958,0.1692,0.1584,0.1343,0.1244,0.1958,0.1498,0.1568,0.1806,0.1718,0.1162,0.1883,0.1410,0.1321,0.1761,0.1916,0.1162,0.1545,0.1978,0.1208,0.1917,0.1786,0.1584,0.1901,0.1860,0.1881,0.1633,0.1977,0.1843,IDLE,IDLE,IDLE,IDLE,IDLE,IDLE,IDLE,IDLE,IDLE,IDLE,IDLE,IDLE,IDLE,IDLE,IDLE,IDLE,IDLE,IDLE,IDLE,IDLE,IDLE,IDLE,IDLE,IDLE,IDLE,IDLE,IDLE,IDLE,IDLE,IDLE,IDLE,IDLE,IDLE,IDLE,IDLE,IDLE,IDLE,IDLE,IDLE,IDLE,IDLE,IDLE,IDLE,IDLE,IDLE,IDLE,IDLE,IDLE,IDLE,IDLE
674,2024-01-29 02:00:01,0.00,0.00,0,0.0000,0.0000,0.00,0.9998,0.9999,0.9997,0.9997,0.9998,0.9998,0.9998,0.9997,0.9998,0.9998,0.9999,0.9998,0.9998,0.9999,0.9998,0.9999,0.9998,0.9997,0.9998,0.9998,0.9997,0.9998,0.9999,0.9998,0.9998,0.9999,0.9998,0.9998,0.9998,0.9997,0.9998,0.9998,0.9998,0.9998,0.9998,0.9997,0.9997,0.9998,0.9998,0.9998,0.9998,0.9998,0.9998,0.9998,0.9998,0.9997,0.9999,0.9998,0.9998,0.9999,0.1438,0.1191,0.1865,0.1761,0.1902,0.1870,0.1208,0.1891,0.1883,0.1498,0.1848,0.1325,0.1839,0.1449,0.1993,0.1449,0.1958,0.1884,0.1540,0.1514,0.1877,0.1958,0.1692,0.1584,0.1343,0.1244,0.1958,0.1498,0.1568,0.1806,0.1718,0.1162,0.1883,0.1410,0.1321,0.1761,0.1916,0.1162,0.1545,0.1978,0.1208,0.1917,0.1786,0.1584,0.1901,0.1860,0.1881,0.1633,0.1977,0.1843,IDLE,IDLE,IDLE,IDLE,IDLE,IDLE,IDLE,IDLE,IDLE,IDLE,IDLE,IDLE,IDLE,IDLE,IDLE,IDLE,IDLE,IDLE,IDLE,IDLE,IDLE,IDLE,IDLE,IDLE,IDLE,IDLE,IDLE,IDLE,IDLE,IDLE,IDLE,IDLE,IDLE,IDLE,IDLE,IDLE,IDLE,IDLE,IDLE,IDLE,IDLE,IDLE,IDLE,IDLE,IDLE,IDLE,IDLE,IDLE,IDLE,IDLE
675,2024-01-29 03:00:01,0.00,0.00,0,0.0000,0.0000,0.00,0.9998,0.9999,0.9997,0.9997,0.9998,0.9998,0.9998,0.9997,0.9998,0.9998,0.9999,0.9998,0.9998,0.9999,0.9998,0.9999,0.9998,0.9997,0.9998,0.9998,0.9997,0.9998,0.9999,0.9998,0.9998,0.9999,0.9998,0.9998,0.9998,0.9997,0.9998,0.9998,0.9998,0.9998,0.9998,0.9997,0.9997,0.9998,0.9998,0.9998,0.9998,0.9998,0.9998,0.9998,0.9998,0.9997,0.9999,0.9998,0.9998,0.9999,0.1438,0.1191,0.1865,0.1761,0.1902,0.1870,0.1208,0.1891,0.1883,0.1498,0.1848,0.1325,0.1839,0.1449,0.1993,0.1449,0.1958,0.1884,0.1540,0.1514,0.1877,0.1958,0.1692,0.1584,0.1343,0.1244,0.1958,0.1498,0.1568,0.1806,0.1718,0.1162,0.1883,0.1410,0.1321,0.1761,0.1916,0.1162,0.1545,0.1978,0.1208,0.1917,0.1786,0.1584,0.1901,0.1860,0.1881,0.1633,0.1977,0.1843,IDLE,IDLE,IDLE,IDLE,IDLE,IDLE,IDLE,IDLE,IDLE,IDLE,IDLE,IDLE,IDLE,IDLE,IDLE,IDLE,IDLE,IDLE,IDLE,IDLE,IDLE,IDLE,IDLE,IDLE,IDLE,IDLE,IDLE,IDLE,IDLE,IDLE,IDLE,IDLE,IDLE,IDLE,IDLE,IDLE,IDLE,IDLE,IDLE,IDLE,IDLE,IDLE,IDLE,IDLE,IDLE,IDLE,IDLE,IDLE,IDLE,IDLE
676,2024-01-29 04:00:01,0.00,0.00,0,0.0000,0.0000,0.00,0.9998,0.9999,0.9997,0.9997,0.9998,0.9998,0.9998,0.9997,0.9998,0.9998,0.9999,0.9998,0.9998,0.9999,0.9998,0.9999,0.9998,0.9997,0.9998,0.9998,0.9997,0.9998,0.9999,0.9998,0.9998,0.9999,0.9998,0.9998,0.9998,0.9997,0.9998,0.9998,0.9998,0.9998,0.9998,0.9997,0.9997,0.9998,0.9998,0.9998,0.9998,0.9998,0.9998,0.9998,0.9998,0.9997,0.9999,0.9998,0.9998,0.9999,0.1438,0.1191,0.1865,0.1761,0.1902,0.1870,0.1208,0.1891,0.1883,0.1498,0.1848,0.1325,0.1839,0.1449,0.1993,0.1449,0.1958,0.1884,0.1540,0.1514,0.1877,0.1958,0.1692,0.1584,0.1343,0.1244,0.1958,0.1498,0.1568,0.1806,0.1718,0.1162,0.1883,0.1410,0.1321,0.1761,0.1916,0.1162,0.1545,0.1978,0.1208,0.1917,0.1786,0.1584,0.1901,0.1860,0.1881,0.1633,0.1977,0.1843,IDLE,IDLE,IDLE,IDLE,IDLE,IDLE,IDLE,IDLE,IDLE,IDLE,IDLE,IDLE,IDLE,IDLE,IDLE,IDLE,IDLE,IDLE,IDLE,IDLE,IDLE,IDLE,IDLE,IDLE,IDLE,IDLE,IDLE,IDLE,IDLE,IDLE,IDLE,IDLE,IDLE,IDLE,IDLE,IDLE,IDLE,IDLE,IDLE,IDLE,IDLE,IDLE,IDLE,IDLE,IDLE,IDLE,IDLE,IDLE,IDLE,IDLE
677,2024-01-29 05:00:01,0.00,0.00,0,0.0000,0.0000,0.00,0.9998,0.9999,0.9997,0.9997,0.9998,0.9998,0.9998,0.9997,0.9998,0.9998,0.9999,0.9998,0.9998,0.9999,0.9998,0.9999,0.9998,0.9997,0.9998,0.9998,0.9997,0.9998,0.9999,0.9998,0.9998,0.9999,0.9998,0.9998,0.9998,0.9997,0.9998,0.9998,0.9998,0.9998,0.9998,0.9997,0.9997,0.9998,0.9998,0.9998,0.9998,0.9998,0.9998,0.9998,0.9998,0.9997,0.9999,0.9998,0.9998,0.9999,0.1438,0.1191,0.1865,0.1761,0.1902,0.1870,0.1208,0.1891,0.1883,0.1498,0.1848,0.1325,0.1839,0.1449,0.1993,0.1449,0.1958,0.1884,0.1540,0.1514,0.1877,0.1958,0.1692,0.1584,0.1343,0.1244,0.1958,0.1498,0.1568,0.1806,0.1718,0.1162,0.1883,0.1410,0.1321,0.1761,0.1916,0.1162,0.1545,0.1978,0.1208,0.1917,0.1786,0.1584,0.1901,0.1860,0.1881,0.1633,0.1977,0.1843,IDLE,IDLE,IDLE,IDLE,IDLE,IDLE,IDLE,IDLE,IDLE,IDLE,IDLE,IDLE,IDLE,IDLE,IDLE,IDLE,IDLE,IDLE,IDLE,IDLE,IDLE,IDLE,IDLE,IDLE,IDLE,IDLE,IDLE,IDLE,IDLE,IDLE,IDLE,IDLE,IDLE,IDLE,IDLE,IDLE,IDLE,IDLE,IDLE,IDLE,IDLE,IDLE,IDLE,IDLE,IDLE,IDLE,IDLE,IDLE,IDLE,IDLE
678,2024-01-29 06:00:01,0.00,0.00,0,0.0000,0.0000,0.00,0.9998,0.9999,0.9997,0.9997,0.9998,0.9998,0.9998,0.9997,0.9998,0.9998,0.9999,0.9998,0.9998,0.9999,0.9998,0.9999,0.9998,0.9997,0.9998,0.9998,0.9997,0.9998,0.9999,0.9998,0.9998,0.9999,0.9998,0.9998,0.9998,0.9997,0.9998,0.9998,0.9998,0.9998,0.9998,0.9997,0.9997,0.9998,0.9998,0.9998,0.9998,0.9998,0.9998,0.9998,0.9998,0.9997,0.9999,0.9998,0.9998,0.9999,0.1438,0.1191,0.1865,0.1761,0.1902,0.1870,0.1208,0.1891,0.1883,0.1498,0.1848,0.1325,0.1839,0.1449,0.1993,0.1449,0.1958,0.1884,0.1540,0.1514,0.1877,0.1958,0.1692,0.1584,0.1343,0.1244,0.1958,0.1498,0.1568,0.1806,0.1718,0.1162,0.1883,0.1410,0.1321,0.1761,0.1916,0.1162,0.1545,0.1978,0.1208,0.1917,0.1786,0.1584,0.1901,0.1860,0.1881,0.1633,0.1977,0.1843,IDLE,IDLE,IDLE,IDLE,IDLE,IDLE,IDLE,IDLE,IDLE,IDLE,IDLE,IDLE,IDLE,IDLE,IDLE,IDLE,IDLE,IDLE,IDLE,IDLE,IDLE,IDLE,IDLE,IDLE,IDLE,IDLE,IDLE,IDLE,IDLE,IDLE,IDLE,IDLE,IDLE,IDLE,IDLE,IDLE,IDLE,IDLE,IDLE,IDLE,IDLE,IDLE,IDLE,IDLE,IDLE,IDLE,IDLE,IDLE,IDLE,IDLE
679,2024-01-29 07:00:01,0.00,0.00,0,0.0000,0.0000,0.00,0.9998,0.9999,0.9997,0.9997,0.9998,0.9998,0.9998,0.9997,0.9998,0.9998,0.9999,0.9998,0.9998,0.9999,0.9998,0.9999,0.9998,0.9997,0.9998,0.9998,0.9997,0.9998,0.9999,0.9998,0.9998,0.9999,0.9998,0.9998,0.9998,0.9997,0.9998,0.9998,0.9998,0.9998,0.9998,0.9997,0.9997,0.9998,0.9998,0.9998,0.9998,0.9998,0.9998,0.9998,0.9998,0.9997,0.9999,0.9998,0.9998,0.9999,0.1438,0.1191,0.1865,0.1761,0.1902,0.1870,0.1208,0.1891,0.1883,0.1498,0.1848,0.1325,0.1839,0.1449,0.1993,0.1449,0.1958,0.1884,0.1540,0.1514,0.1877,0.1958,0.1692,0.1584,0.1343,0.1244,0.1958,0.1498,0.1568,0.1806,0.1718,0.1162,0.1883,0.1410,0.1321,0.1761,0.1916,0.1162,0.1545,0.1978,0.1208,0.1917,0.1786,0.1584,0.1901,0.1860,0.1881,0.1633,0.1977,0.1843,IDLE,IDLE,IDLE,IDLE,IDLE,IDLE,IDLE,IDLE,IDLE,IDLE,IDLE,IDLE,IDLE,IDLE,IDLE,IDLE,IDLE,IDLE,IDLE,IDLE,IDLE,IDLE,IDLE,IDLE,IDLE,IDLE,IDLE,IDLE,IDLE,IDLE,IDLE,IDLE,IDLE,IDLE,IDLE,IDLE,IDLE,IDLE,IDLE,IDLE,IDLE,IDLE,IDLE,IDLE,IDLE,IDLE,IDLE,IDLE,IDLE,IDLE
680,2024-01-29 08:00:01,0.00,0.00,0,0.0000,0.0000,0.00,0.9998,0.9999,0.9997,0.9997,0.9998,0.9998,0.9998,0.9997,0.9998,0.9998,0.9999,0.9998,0.9998,0.9999,0.9998,0.9999,0.9998,0.9997,0.9998,0.9998,0.9997,0.9998,0.9999,0.9998,0.9998,0.9999,0.9998,0.9998,0.9998,0.9997,0.9998,0.9998,0.9998,0.9998,0.9998,0.9997,0.9997,0.9998,0.9998,0.9998,0.9998,0.9998,0.9998,0.9998,0.9998,0.9997,0.9999,0.9998,0.9998,0.9999,0.1438,0.1191,0.1865,0.1761,0.1902,0.1870,0.1208,0.1891,0.1883,0.1498,0.1848,0.1325,0.1839,0.1449,0.1993,0.1449,0.1958,0.1884,0.1540,0.1514,0.1877,0.1958,0.1692,0.1584,0.1343,0.1244,0.1958,0.1498,0.1568,0.1806,0.1718,0.1162,0.1883,0.1410,0.1321,0.1761,0.1916,0.1162,0.1545,0.1978,0.1208,0.1917,0.1786,0.1584,0.1901,0.1860,0.1881,0.1633,0.1977,0.1843,IDLE,IDLE,IDLE,IDLE,IDLE,IDLE,IDLE,IDLE,IDLE,IDLE,IDLE,IDLE,IDLE,IDLE,IDLE,IDLE,IDLE,IDLE,IDLE,IDLE,IDLE,IDLE,IDLE,IDLE,IDLE,IDLE,IDLE,IDLE,IDLE,IDLE,IDLE,IDLE,IDLE,IDLE,IDLE,IDLE,IDLE,IDLE,IDLE,IDLE,IDLE,IDLE,IDLE,IDLE,IDLE,IDLE,IDLE,IDLE,IDLE,IDLE
681,2024-01-29 09:00:01,0.00,0.00,0,0.0000,0.0000,0.00,0.9998,0.9999,0.9997,0.9997,0.9998,0.9998,0.9998,0.9997,0.9998,0.9998,0.9999,0.9998,0.9998,0.9999,0.9998,0.9999,0.9998,0.9997,0.9998,0.9998,0.9997,0.9998,0.9999,0.9998,0.9998,0.9999,0.9998,0.9998,0.9998,0.9997,0.9998,0.9998,0.9998,0.9998,0.9998,0.9997,0.9997,0.9998,0.9998,0.9998,0.9998,0.9998,0.9998,0.9998,0.9998,0.9997,0.9999,0.9998,0.9998,0.9999,0.1438,0.1191,0.1865,0.1761,0.1902,0.1870,0.1208,0.1891,0.1883,0.1498,0.1848,0.1325,0.1839,0.1449,0.1993,0.1449,0.1958,0.1884,0.1540,0.1514,0.1877,0.1958,0.1692,0.1584,0.1343,0.1244,0.1958,0.1498,0.1568,0.1806,0.1718,0.1162,0.1883,0.1410,0.1321,0.1761,0.1916,0.1162,0.1545,0.1978,0.1208,0.1917,0.1786,0.1584,0.1901,0.1860,0.1881,0.1633,0.1977,0.1843,IDLE,IDLE,IDLE,IDLE,IDLE,IDLE,IDLE,IDLE,IDLE,IDLE,IDLE,IDLE,IDLE,IDLE,IDLE,IDLE,IDLE,IDLE,IDLE,IDLE,IDLE,IDLE,IDLE,IDLE,IDLE,IDLE,IDLE,IDLE,IDLE,IDLE,IDLE,IDLE,IDLE,IDLE,IDLE,IDLE,IDLE,IDLE,IDLE,IDLE,IDLE,IDLE,IDLE,IDLE,IDLE,IDLE,IDLE,IDLE,IDLE,IDLE
682,2024-01-29 10:00:01,0.00,0.00,0,0.0000,0.0000,0.00,0.9998,0.9999,0.9997,0.9997,0.9998,0.9998,0.9998,0.9997,0.9998,0.9998,0.9999,0.9998,0.9998,0.9999,0.9998,0.9999,0.9998,0.9997,0.9998,0.9998,0.9997,0.9998,0.9999,0.9998,0.9998,0.9999,0.9998,0.9998,0.9998,0.9997,0.9998,0.9998,0.9998,0.9998,0.9998,0.9997,0.9997,0.9998,0.9998,0.9998,0.9998,0.9998,0.9998,0.9998,0.9998,0.9997,0.9999,0.9998,0.9998,0.9999,0.1438,0.1191,0.1865,0.1761,0.1902,0.1870,0.1208,0.1891,0.1883,0.1498,0.1848,0.1325,0.1839,0.1449,0.1993,0.1449,0.1958,0.1884,0.1540,0.1514,0.1877,0.1958,0.1692,0.1584,0.1343,0.1244,0.1958,0.1498,0.1568,0.1806,0.1718,0.1162,0.1883,0.1410,0.1321,0.1761,0.1916,0.1162,0.1545,0.1978,0.1208,0.1917,0.1786,0.1584,0.1901,0.1860,0.1881,0.1633,0.1977,0.1843,IDLE,IDLE,IDLE,IDLE,IDLE,IDLE,IDLE,IDLE,IDLE,IDLE,IDLE,IDLE,IDLE,IDLE,IDLE,IDLE,IDLE,IDLE,IDLE,IDLE,IDLE,IDLE,IDLE,IDLE,IDLE,IDLE,IDLE,IDLE,IDLE,IDLE,IDLE,IDLE,IDLE,IDLE,IDLE,IDLE,IDLE,IDLE,IDLE,IDLE,IDLE,IDLE,IDLE,IDLE,IDLE,IDLE,IDLE,IDLE,IDLE,IDLE
683,2024-01-29 11:00:01,0.00,0.00,0,0.0000,0.0000,0.00,0.9998,0.9999,0.9997,0.9997,0.9998,0.9998,0.9998,0.9997,0.9998,0.9998,0.9999,0.9998,0.9998,0.9999,0.9998,0.9999,0.9998,0.9997,0.9998,0.9998,0.9997,0.9998,0.9999,0.9998,0.9998,0.9999,0.9998,0.9998,0.9998,0.9997,0.9998,0.9998,0.9998,0.9998,0.9998,0.9997,0.9997,0.9998,0.9998,0.9998,0.9998,0.9998,0.9998,0.9998,0.9998,0.9997,0.9999,0.9998,0.9998,0.9999,0.1438,0.1191,0.1865,0.1761,0.1902,0.1870,0.1208,0.1891,0.1883,0.1498,0.1848,0.1325,0.1839,0.1449,0.1993,0.1449,0.1958,0.1884,0.1540,0.1514,0.1877,0.1958,0.1692,0.1584,0.1343,0.1244,0.1958,0.1498,0.1568,0.1806,0.1718,0.1162,0.1883,0.1410,0.1321,0.1761,0.1916,0.1162,0.1545,0.1978,0.1208,0.1917,0.1786,0.1584,0.1901,0.1860,0.1881,0.1633,0.1977,0.1843,IDLE,IDLE,IDLE,IDLE,IDLE,IDLE,IDLE,IDLE,IDLE,IDLE,IDLE,IDLE,IDLE,IDLE,IDLE,IDLE,IDLE,IDLE,IDLE,IDLE,IDLE,IDLE,IDLE,IDLE,IDLE,IDLE,IDLE,IDLE,IDLE,IDLE,IDLE,IDLE,IDLE,IDLE,IDLE,IDLE,IDLE,IDLE,IDLE,IDLE,IDLE,IDLE,IDLE,IDLE,IDLE,IDLE,IDLE,IDLE,IDLE,IDLE
684,2024-01-29 12:00:01,0.00,0.00,0,0.0000,0.0000,0.00,0.9998,0.9999,0.9997,0.9997,0.9998,0.9998,0.9998,0.9997,0.9998,0.9998,0.9999,0.9998,0.9998,0.9999,0.9998,0.9999,0.9998,0.9997,0.9998,0.9998,0.9997,0.9998,0.9999,0.9998,0.9998,0.9999,0.9998,0.9998,0.9998,0.9997,0.9998,0.9998,0.9998,0.9998,0.9998,0.9997,0.9997,0.9998,0.9998,0.9998,0.9998,0.9998,0.9998,0.9998,0.9998,0.9997,0.9999,0.9998,0.9998,0.9999,0.1438,0.1191,0.1865,0.1761,0.1902,0.1870,0.1208,0.1891,0.1883,0.1498,0.1848,0.1325,0.1839,0.1449,0.1993,0.1449,0.1958,0.1884,0.1540,0.1514,0.1877,0.1958,0.1692,0.1584,0.1343,0.1244,0.1958,0.1498,0.1568,0.1806,0.1718,0.1162,0.1883,0.1410,0.1321,0.1761,0.1916,0.1162,0.1545,0.1978,0.1208,0.1917,0.1786,0.1584,0.1901,0.1860,0.1881,0.1633,0.1977,0.1843,IDLE,IDLE,IDLE,IDLE,IDLE,IDLE,IDLE,IDLE,IDLE,IDLE,IDLE,IDLE,IDLE,IDLE,IDLE,IDLE,IDLE,IDLE,IDLE,IDLE,IDLE,IDLE,IDLE,IDLE,IDLE,IDLE,IDLE,IDLE,IDLE,IDLE,IDLE,IDLE,IDLE,IDLE,IDLE,IDLE,IDLE,IDLE,IDLE,IDLE,IDLE,IDLE,IDLE,IDLE,IDLE,IDLE,IDLE,IDLE,IDLE,IDLE
685,2024-01-29 13:00:01,0.00,0.00,0,0.0000,0.0000,0.00,0.9998,0.9999,0.9997,0.9997,0.9998,0.9998,0.9998,0.9997,0.9998,0.9998,0.9999,0.9998,0.9998,0.9999,0.9998,0.9999,0.9998,0.9997,0.9998,0.9998,0.9997,0.9998,0.9999,0.9998,0.9998,0.9999,0.9998,0.9998,0.9998,0.9997,0.9998,0.9998,0.9998,0.9998,0.9998,0.9997,0.9997,0.9998,0.9998,0.9998,0.9998,0.9998,0.9998,0.9998,0.9998,0.9997,0.9999,0.9998,0.9998,0.9999,0.1438,0.1191,0.1865,0.1761,0.1902,0.1870,0.1208,0.1891,0.1883,0.1498,0.1848,0.1325,0.1839,0.1449,0.1993,0.1449,0.1958,0.1884,0.1540,0.1514,0.1877,0.1958,0.1692,0.1584,0.1343,0.1244,0.1958,0.1498,0.1568,0.1806,0.1718,0.1162,0.1883,0.1410,0.1321,0.1761,0.1916,0.1162,0.1545,0.1978,0.1208,0.1917,0.1786,0.1584,0.1901,0.1860,0.1881,0.1633,0.1977,0.1843,IDLE,IDLE,IDLE,IDLE,IDLE,IDLE,IDLE,IDLE,IDLE,IDLE,IDLE,IDLE,IDLE,IDLE,IDLE,IDLE,IDLE,IDLE,IDLE,IDLE,IDLE,IDLE,IDLE,IDLE,IDLE,IDLE,IDLE,IDLE,IDLE,IDLE,IDLE,IDLE,IDLE,IDLE,IDLE,IDLE,IDLE,IDLE,IDLE,IDLE,IDLE,IDLE,IDLE,IDLE,IDLE,IDLE,IDLE,IDLE,IDLE,IDLE
686,2024-01-29 14:00:01,0.00,0.00,0,0.0000,0.0000,0.00,0.9998,0.9999,0.9997,0.9997,0.9998,0.9998,0.9998,0.9997,0.9998,0.9998,0.9999,0.9998,0.9998,0.9999,0.9998,0.9999,0.9998,0.9997,0.9998,0.9998,0.9997,0.9998,0.9999,0.9998,0.9998,0.9999,0.9998,0.9998,0.9998,0.9997,0.9998,0.9998,0.9998,0.9998,0.9998,0.9997,0.9997,0.9998,0.9998,0.9998,0.9998,0.9998,0.9998,0.9998,0.9998,0.9997,0.9999,0.9998,0.9998,0.9999,0.1438,0.1191,0.1865,0.1761,0.1902,0.1870,0.1208,0.1891,0.1883,0.1498,0.1848,0.1325,0.1839,0.1449,0.1993,0.1449,0.1958,0.1884,0.1540,0.1514,0.1877,0.1958,0.1692,0.1584,0.1343,0.1244,0.1958,0.1498,0.1568,0.1806,0.1718,0.1162,0.1883,0.1410,0.1321,0.1761,0.1916,0.1162,0.1545,0.1978,0.1208,0.1917,0.1786,0.1584,0.1901,0.1860,0.1881,0.1633,0.1977,0.1843,IDLE,IDLE,IDLE,IDLE,IDLE,IDLE,IDLE,IDLE,IDLE,IDLE,IDLE,IDLE,IDLE,IDLE,IDLE,IDLE,IDLE,IDLE,IDLE,IDLE,IDLE,IDLE,IDLE,IDLE,IDLE,IDLE,IDLE,IDLE,IDLE,IDLE,IDLE,IDLE,IDLE,IDLE,IDLE,IDLE,IDLE,IDLE,IDLE,IDLE,IDLE,IDLE,IDLE,IDLE,IDLE,IDLE,IDLE,IDLE,IDLE,IDLE
687,2024-01-29 15:00:01,0.00,0.00,0,0.0000,0.0000,0.00,0.9998,0.9999,0.9997,0.9997,0.9998,0.9998,0.9998,0.9997,0.9998,0.9998,0.9999,0.9998,0.9998,0.9999,0.9998,0.9999,0.9998,0.9997,0.9998,0.9998,0.9997,0.9998,0.9999,0.9998,0.9998,0.9999,0.9998,0.9998,0.9998,0.9997,0.9998,0.9998,0.9998,0.9998,0.9998,0.9997,0.9997,0.9998,0.9998,0.9998,0.9998,0.9998,0.9998,0.9998,0.9998,0.9997,0.9999,0.9998,0.9998,0.9999,0.1438,0.1191,0.1865,0.1761,0.1902,0.1870,0.1208,0.1891,0.1883,0.1498,0.1848,0.1325,0.1839,0.1449,0.1993,0.1449,0.1958,0.1884,0.1540,0.1514,0.1877,0.1958,0.1692,0.1584,0.1343,0.1244,0.1958,0.1498,0.1568,0.1806,0.1718,0.1162,0.1883,0.1410,0.1321,0.1761,0.1916,0.1162,0.1545,0.1978,0.1208,0.1917,0.1786,0.1584,0.1901,0.1860,0.1881,0.1633,0.1977,0.1843,IDLE,IDLE,IDLE,IDLE,IDLE,IDLE,IDLE,IDLE,IDLE,IDLE,IDLE,IDLE,IDLE,IDLE,IDLE,IDLE,IDLE,IDLE,IDLE,IDLE,IDLE,IDLE,IDLE,IDLE,IDLE,IDLE,IDLE,IDLE,IDLE,IDLE,IDLE,IDLE,IDLE,IDLE,IDLE,IDLE,IDLE,IDLE,IDLE,IDLE,IDLE,IDLE,IDLE,IDLE,IDLE,IDLE,IDLE,IDLE,IDLE,IDLE
688,2024-01-29 16:00:01,0.00,0.00,0,0.0000,0.0000,0.00,0.9998,0.9999,0.9997,0.9997,0.9998,0.9998,0.9998,0.9997,0.9998,0.9998,0.9999,0.9998,0.9998,0.9999,0.9998,0.9999,0.9998,0.9997,0.9998,0.9998,0.9997,0.9998,0.9999,0.9998,0.9998,0.9999,0.9998,0.9998,0.9998,0.9997,0.9998,0.9998,0.9998,0.9998,0.9998,0.9997,0.9997,0.9998,0.9998,0.9998,0.9998,0.9998,0.9998,0.9998,0.9998,0.9997,0.9999,0.9998,0.9998,0.9999,0.1438,0.1191,0.1865,0.1761,0.1902,0.1870,0.1208,0.1891,0.1883,0.1498,0.1848,0.1325,0.1839,0.1449,0.1993,0.1449,0.1958,0.1884,0.1540,0.1514,0.1877,0.1958,0.1692,0.1584,0.1343,0.1244,0.1958,0.1498,0.1568,0.1806,0.1718,0.1162,0.1883,0.1410,0.1321,0.1761,0.1916,0.1162,0.1545,0.1978,0.1208,0.1917,0.1786,0.1584,0.1901,0.1860,0.1881,0.1633,0.1977,0.1843,IDLE,IDLE,IDLE,IDLE,IDLE,IDLE,IDLE,IDLE,IDLE,IDLE,IDLE,IDLE,IDLE,IDLE,IDLE,IDLE,IDLE,IDLE,IDLE,IDLE,IDLE,IDLE,IDLE,IDLE,IDLE,IDLE,IDLE,IDLE,IDLE,IDLE,IDLE,IDLE,IDLE,IDLE,IDLE,IDLE,IDLE,IDLE,IDLE,IDLE,IDLE,IDLE,IDLE,IDLE,IDLE,IDLE,IDLE,IDLE,IDLE,IDLE
689,2024-01-29 17:00:01,0.00,0.00,0,0.0000,0.0000,0.00,0.9998,0.9999,0.9997,0.9997,0.9998,0.9998,0.9998,0.9997,0.9998,0.9998,0.9999,0.9998,0.9998,0.9999,0.9998,0.9999,0.9998,0.9997,0.9998,0.9998,0.9997,0.9998,0.9999,0.9998,0.9998,0.9999,0.9998,0.9998,0.9998,0.9997,0.9998,0.9998,0.9998,0.9998,0.9998,0.9997,0.9997,0.9998,0.9998,0.9998,0.9998,0.9998,0.9998,0.9998,0.9998,0.9997,0.9999,0.9998,0.9998,0.9999,0.1438,0.1191,0.1865,0.1761,0.1902,0.1870,0.1208,0.1891,0.1883,0.1498,0.1848,0.1325,0.1839,0.1449,0.1993,0.1449,0.1958,0.1884,0.1540,0.1514,0.1877,0.1958,0.1692,0.1584,0.1343,0.1244,0.1958,0.1498,0.1568,0.1806,0.1718,0.1162,0.1883,0.1410,0.1321,0.1761,0.1916,0.1162,0.1545,0.1978,0.1208,0.1917,0.1786,0.1584,0.1901,0.1860,0.1881,0.1633,0.1977,0.1843,IDLE,IDLE,IDLE,IDLE,IDLE,IDLE,IDLE,IDLE,IDLE,IDLE,IDLE,IDLE,IDLE,IDLE,IDLE,IDLE,IDLE,IDLE,IDLE,IDLE,IDLE,IDLE,IDLE,IDLE,IDLE,IDLE,IDLE,IDLE,IDLE,IDLE,IDLE,IDLE,IDLE,IDLE,IDLE,IDLE,IDLE,IDLE,IDLE,IDLE,IDLE,IDLE,IDLE,IDLE,IDLE,IDLE,IDLE,IDLE,IDLE,IDLE
690,2024-01-29 18:00:01,0.00,0.00,0,0.0000,0.0000,0.00,0.9998,0.9999,0.9997,0.9997,0.9998,0.9998,0.9998,0.9997,0.9998,0.9998,0.9999,0.9998,0.9998,0.9999,0.9998,0.9999,0.9998,0.9997,0.9998,0.9998,0.9997,0.9998,0.9999,0.9998,0.9998,0.9999,0.9998,0.9998,0.9998,0.9997,0.9998,0.9998,0.9998,0.9998,0.9998,0.9997,0.9997,0.9998,0.9998,0.9998,0.9998,0.9998,0.9998,0.9998,0.9998,0.9997,0.9999,0.9998,0.9998,0.9999,0.1438,0.1191,0.1865,0.1761,0.1902,0.1870,0.1208,0.1891,0.1883,0.1498,0.1848,0.1325,0.1839,0.1449,0.1993,0.1449,0.1958,0.1884,0.1540,0.1514,0.1877,0.1958,0.1692,0.1584,0.1343,0.1244,0.1958,0.1498,0.1568,0.1806,0.1718,0.1162,0.1883,0.1410,0.1321,0.1761,0.1916,0.1162,0.1545,0.1978,0.1208,0.1917,0.1786,0.1584,0.1901,0.1860,0.1881,0.1633,0.1977,0.1843,IDLE,IDLE,IDLE,IDLE,IDLE,IDLE,IDLE,IDLE,IDLE,IDLE,IDLE,IDLE,IDLE,IDLE,IDLE,IDLE,IDLE,IDLE,IDLE,IDLE,IDLE,IDLE,IDLE,IDLE,IDLE,IDLE,IDLE,IDLE,IDLE,IDLE,IDLE,IDLE,IDLE,IDLE,IDLE,IDLE,IDLE,IDLE,IDLE,IDLE,IDLE,IDLE,IDLE,IDLE,IDLE,IDLE,IDLE,IDLE,IDLE,IDLE
691,2024-01-29 19:00:01,0.00,0.00,0,0.0000,0.0000,0.00,0.9998,0.9999,0.9997,0.9997,0.9998,0.9998,0.9998,0.9997,0.9998,0.9998,0.9999,0.9998,0.9998,0.9999,0.9998,0.9999,0.9998,0.9997,0.9998,0.9998,0.9997,0.9998,0.9999,0.9998,0.9998,0.9999,0.9998,0.9998,0.9998,0.9997,0.9998,0.9998,0.9998,0.9998,0.9998,0.9997,0.9997,0.9998,0.9998,0.9998,0.9998,0.9998,0.9998,0.9998,0.9998,0.9997,0.9999,0.9998,0.9998,0.9999,0.1438,0.1191,0.1865,0.1761,0.1902,0.1870,0.1208,0.1891,0.1883,0.1498,0.1848,0.1325,0.1839,0.1449,0.1993,0.1449,0.1958,0.1884,0.1540,0.1514,0.1877,0.1958,0.1692,0.1584,0.1343,0.1244,0.1958,0.1498,0.1568,0.1806,0.1718,0.1162,0.1883,0.1410,0.1321,0.1761,0.1916,0.1162,0.1545,0.1978,0.1208,0.1917,0.1786,0.1584,0.1901,0.1860,0.1881,0.1633,0.1977,0.1843,IDLE,IDLE,IDLE,IDLE,IDLE,IDLE,IDLE,IDLE,IDLE,IDLE,IDLE,IDLE,IDLE,IDLE,IDLE,IDLE,IDLE,IDLE,IDLE,IDLE,IDLE,IDLE,IDLE,IDLE,IDLE,IDLE,IDLE,IDLE,IDLE,IDLE,IDLE,IDLE,IDLE,IDLE,IDLE,IDLE,IDLE,IDLE,IDLE,IDLE,IDLE,IDLE,IDLE,IDLE,IDLE,IDLE,IDLE,IDLE,IDLE,IDLE
692,2024-01-29 20:00:01,0.00,0.00,0,0.0000,0.0000,0.00,0.9998,0.9999,0.9997,0.9997,0.9998,0.9998,0.9998,0.9997,0.9998,0.9998,0.9999,0.9998,0.9998,0.9999,0.9998,0.9999,0.9998,0.9997,0.9998,0.9998,0.9997,0.9998,0.9999,0.9998,0.9998,0.9999,0.9998,0.9998,0.9998,0.9997,0.9998,0.9998,0.9998,0.9998,0.9998,0.9997,0.9997,0.9998,0.9998,0.9998,0.9998,0.9998,0.9998,0.9998,0.9998,0.9997,0.9999,0.9998,0.9998,0.9999,0.1438,0.1191,0.1865,0.1761,0.1902,0.1870,0.1208,0.1891,0.1883,0.1498,0.1848,0.1325,0.1839,0.1449,0.1993,0.1449,0.1958,0.1884,0.1540,0.1514,0.1877,0.1958,0.1692,0.1584,0.1343,0.1244,0.1958,0.1498,0.1568,0.1806,0.1718,0.1162,0.1883,0.1410,0.1321,0.1761,0.1916,0.1162,0.1545,0.1978,0.1208,0.1917,0.1786,0.1584,0.1901,0.1860,0.1881,0.1633,0.1977,0.1843,IDLE,IDLE,IDLE,IDLE,IDLE,IDLE,IDLE,IDLE,IDLE,IDLE,IDLE,IDLE,IDLE,IDLE,IDLE,IDLE,IDLE,IDLE,IDLE,IDLE,IDLE,IDLE,IDLE,IDLE,IDLE,IDLE,IDLE,IDLE,IDLE,IDLE,IDLE,IDLE,IDLE,IDLE,IDLE,IDLE,IDLE,IDLE,IDLE,IDLE,IDLE,IDLE,IDLE,IDLE,IDLE,IDLE,IDLE,IDLE,IDLE,IDLE
693,2024-01-29 21:00:01,0.00,0.00,0,0.0000,0.0000,0.00,0.9998,0.9999,0.9997,0.9997,0.9998,0.9998,0.9998,0.9997,0.9998,0.9998,0.9999,0.9998,0.9998,0.9999,0.9998,0.9999,0.9998,0.9997,0.9998,0.9998,0.9997,0.9998,0.9999,0.9998,0.9998,0.9999,0.9998,0.9998,0.9998,0.9997,0.9998,0.9998,0.9998,0.9998,0.9998,0.9997,0.9997,0.9998,0.9998,0.9998,0.9998,0.9998,0.9998,0.9998,0.9998,0.9997,0.9999,0.9998,0.9998,0.9999,0.1438,0.1191,0.1865,0.1761,0.1902,0.1870,0.1208,0.1891,0.1883,0.1498,0.1848,0.1325,0.1839,0.1449,0.1993,0.1449,0.1958,0.1884,0.1540,0.1514,0.1877,0.1958,0.1692,0.1584,0.1343,0.1244,0.1958,0.1498,0.1568,0.1806,0.1718,0.1162,0.1883,0.1410,0.1321,0.1761,0.1916,0.1162,0.1545,0.1978,0.1208,0.1917,0.1786,0.1584,0.1901,0.1860,0.1881,0.1633,0.1977,0.1843,IDLE,IDLE,IDLE,IDLE,IDLE,IDLE,IDLE,IDLE,IDLE,IDLE,IDLE,IDLE,IDLE,IDLE,IDLE,IDLE,IDLE,IDLE,IDLE,IDLE,IDLE,IDLE,IDLE,IDLE,IDLE,IDLE,IDLE,IDLE,IDLE,IDLE,IDLE,IDLE,IDLE,IDLE,IDLE,IDLE,IDLE,IDLE,IDLE,IDLE,IDLE,IDLE,IDLE,IDLE,IDLE,IDLE,IDLE,IDLE,IDLE,IDLE
694,2024-01-29 22:00:01,0.00,0.00,0,0.0000,0.0000,0.00,0.9998,0.9999,0.9997,0.9997,0.9998,0.9998,0.9998,0.9997,0.9998,0.9998,0.9999,0.9998,0.9998,0.9999,0.9998,0.9999,0.9998,0.9997,0.9998,0.9998,0.9997,0.9998,0.9999,0.9998,0.9998,0.9999,0.9998,0.9998,0.9998,0.9997,0.9998,0.9998,0.9998,0.9998,0.9998,0.9997,0.9997,0.9998,0.9998,0.9998,0.9998,0.9998,0.9998,0.9998,0.9998,0.9997,0.9999,0.9998,0.9998,0.9999,0.1438,0.1191,0.1865,0.1761,0.1902,0.1870,0.1208,0.1891,0.1883,0.1498,0.1848,0.1325,0.1839,0.1449,0.1993,0.1449,0.1958,0.1884,0.1540,0.1514,0.1877,0.1958,0.1692,0.1584,0.1343,0.1244,0.1958,0.1498,0.1568,0.1806,0.1718,0.1162,0.1883,0.1410,0.1321,0.1761,0.1916,0.1162,0.1545,0.1978,0.1208,0.1917,0.1786,0.1584,0.1901,0.1860,0.1881,0.1633,0.1977,0.1843,IDLE,IDLE,IDLE,IDLE,IDLE,IDLE,IDLE,IDLE,IDLE,IDLE,IDLE,IDLE,IDLE,IDLE,IDLE,IDLE,IDLE,IDLE,IDLE,IDLE,IDLE,IDLE,IDLE,IDLE,IDLE,IDLE,IDLE,IDLE,IDLE,IDLE,IDLE,IDLE,IDLE,IDLE,IDLE,IDLE,IDLE,IDLE,IDLE,IDLE,IDLE,IDLE,IDLE,IDLE,IDLE,IDLE,IDLE,IDLE,IDLE,IDLE
695,2024-01-29 23:00:01,0.00,0.00,0,0.0000,0.0000,0.00,0.9998,0.9999,0.9997,0.9997,0.9998,0.9998,0.9998,0.9997,0.9998,0.9998,0.9999,0.9998,0.9998,0.9999,0.9998,0.9999,0.9998,0.9997,0.9998,0.9998,0.9997,0.9998,0.9999,0.9998,0.9998,0.9999,0.9998,0.9998,0.9998,0.9997,0.9998,0.9998,0.9998,0.9998,0.9998,0.9997,0.9997,0.9998,0.9998,0.9998,0.9998,0.9998,0.9998,0.9998,0.9998,0.9997,0.9999,0.9998,0.9998,0.9999,0.1438,0.1191,0.1865,0.1761,0.1902,0.1870,0.1208,0.1891,0.1883,0.1498,0.1848,0.1325,0.1839,0.1449,0.1993,0.1449,0.1958,0.1884,0.1540,0.1514,0.1877,0.1958,0.1692,0.1584,0.1343,0.1244,0.1958,0.1498,0.1568,0.1806,0.1718,0.1162,0.1883,0.1410,0.1321,0.1761,0.1916,0.1162,0.1545,0.1978,0.1208,0.1917,0.1786,0.1584,0.1901,0.1860,0.1881,0.1633,0.1977,0.1843,IDLE,IDLE,IDLE,IDLE,IDLE,IDLE,IDLE,IDLE,IDLE,IDLE,IDLE,IDLE,IDLE,IDLE,IDLE,IDLE,IDLE,IDLE,IDLE,IDLE,IDLE,IDLE,IDLE,IDLE,IDLE,IDLE,IDLE,IDLE,IDLE,IDLE,IDLE,IDLE,IDLE,IDLE,IDLE,IDLE,IDLE,IDLE,IDLE,IDLE,IDLE,IDLE,IDLE,IDLE,IDLE,IDLE,IDLE,IDLE,IDLE,IDLE
696,2024-01-30 00:00:01,0.00,0.00,0,0.0000,0.0000,0.00,0.9998,0.9999,0.9997,0.9997,0.9998,0.9998,0.9998,0.9997,0.9998,0.9998,0.9999,0.9998,0.9998,0.9999,0.9998,0.9999,0.9998,0.9997,0.9998,0.9998,0.9997,0.9998,0.9999,0.9998,0.9998,0.9999,0.9998,0.9998,0.9998,0.9997,0.9998,0.9998,0.9998,0.9998,0.9998,0.9997,0.9997,0.9998,0.9998,0.9998,0.9998,0.9998,0.9998,0.9998,0.9998,0.9997,0.9999,0.9998,0.9998,0.9999,0.1438,0.1191,0.1865,0.1761,0.1902,0.1870,0.1208,0.1891,0.1883,0.1498,0.1848,0.1325,0.1839,0.1449,0.1993,0.1449,0.1958,0.1884,0.1540,0.1514,0.1877,0.1958,0.1692,0.1584,0.1343,0.1244,0.1958,0.1498,0.1568,0.1806,0.1718,0.1162,0.1883,0.1410,0.1321,0.1761,0.1916,0.1162,0.1545,0.1978,0.1208,0.1917,0.1786,0.1584,0.1901,0.1860,0.1881,0.1633,0.1977,0.1843,IDLE,IDLE,IDLE,IDLE,IDLE,IDLE,IDLE,IDLE,IDLE,IDLE,IDLE,IDLE,IDLE,IDLE,IDLE,IDLE,IDLE,IDLE,IDLE,IDLE,IDLE,IDLE,IDLE,IDLE,IDLE,IDLE,IDLE,IDLE,IDLE,IDLE,IDLE,IDLE,IDLE,IDLE,IDLE,IDLE,IDLE,IDLE,IDLE,IDLE,IDLE,IDLE,IDLE,IDLE,IDLE,IDLE,IDLE,IDLE,IDLE,IDLE
697,2024-01-30 01:00:01,0.00,0.00,0,0.0000,0.0000,0.00,0.9998,0.9999,0.9997,0.9997,0.9998,0.9998,0.9998,0.9997,0.9998,0.9998,0.9999,0.9998,0.9998,0.9999,0.9998,0.9999,0.9998,0.9997,0.9998,0.9998,0.9997,0.9998,0.9999,0.9998,0.9998,0.9999,0.9998,0.9998,0.9998,0.9997,0.9998,0.9998,0.9998,0.9998,0.9998,0.9997,0.9997,0.9998,0.9998,0.9998,0.9998,0.9998,0.9998,0.9998,0.9998,0.9997,0.9999,0.9998,0.9998,0.9999,0.1438,0.1191,0.1865,0.1761,0.1902,0.1870,0.1208,0.1891,0.1883,0.1498,0.1848,0.1325,0.1839,0.1449,0.1993,0.1449,0.1958,0.1884,0.1540,0.1514,0.1877,0.1958,0.1692,0.1584,0.1343,0.1244,0.1958,0.1498,0.1568,0.1806,0.1718,0.1162,0.1883,0.1410,0.1321,0.1761,0.1916,0.1162,0.1545,0.1978,0.1208,0.1917,0.1786,0.1584,0.1901,0.1860,0.1881,0.1633,0.1977,0.1843,IDLE,IDLE,IDLE,IDLE,IDLE,IDLE,IDLE,IDLE,IDLE,IDLE,IDLE,IDLE,IDLE,IDLE,IDLE,IDLE,IDLE,IDLE,IDLE,IDLE,IDLE,IDLE,IDLE,IDLE,IDLE,IDLE,IDLE,IDLE,IDLE,IDLE,IDLE,IDLE,IDLE,IDLE,IDLE,IDLE,IDLE,IDLE,IDLE,IDLE,IDLE,IDLE,IDLE,IDLE,IDLE,IDLE,IDLE,IDLE,IDLE,IDLE
698,2024-01-30 02:00:01,0.00,0.00,0,0.0000,0.0000,0.00,0.9998,0.9999,0.9997,0.9997,0.9998,0.9998,0.9998,0.9997,0.9998,0.9998,0.9999,0.9998,0.9998,0.9999,0.9998,0.9999,0.9998,0.9997,0.9998,0.9998,0.9997,0.9998,0.9999,0.9998,0.9998,0.9999,0.9998,0.9998,0.9998,0.9997,0.9998,0.9998,0.9998,0.9998,0.9998,0.9997,0.9997,0.9998,0.9998,0.9998,0.9998,0.9998,0.9998,0.9998,0.9998,0.9997,0.9999,0.9998,0.9998,0.9999,0.1438,0.1191,0.1865,0.1761,0.1902,0.1870,0.1208,0.1891,0.1883,0.1498,0.1848,0.1325,0.1839,0.1449,0.1993,0.1449,0.1958,0.1884,0.1540,0.1514,0.1877,0.1958,0.1692,0.1584,0.1343,0.1244,0.1958,0.1498,0.1568,0.1806,0.1718,0.1162,0.1883,0.1410,0.1321,0.1761,0.1916,0.1162,0.1545,0.1978,0.1208,0.1917,0.1786,0.1584,0.1901,0.1860,0.1881,0.1633,0.1977,0.1843,IDLE,IDLE,IDLE,IDLE,IDLE,IDLE,IDLE,IDLE,IDLE,IDLE,IDLE,IDLE,IDLE,IDLE,IDLE,IDLE,IDLE,IDLE,IDLE,IDLE,IDLE,IDLE,IDLE,IDLE,IDLE,IDLE,IDLE,IDLE,IDLE,IDLE,IDLE,IDLE,IDLE,IDLE,IDLE,IDLE,IDLE,IDLE,IDLE,IDLE,IDLE,IDLE,IDLE,IDLE,IDLE,IDLE,IDLE,IDLE,IDLE,IDLE
699,2024-01-30 03:00:01,0.00,0.00,0,0.0000,0.0000,0.00,0.9998,0.9999,0.9997,0.9997,0.9998,0.9998,0.9998,0.9997,0.9998,0.9998,0.9999,0.9998,0.9998,0.9999,0.9998,0.9999,0.9998,0.9997,0.9998,0.9998,0.9997,0.9998,0.9999,0.9998,0.9998,0.9999,0.9998,0.9998,0.9998,0.9997,0.9998,0.9998,0.9998,0.9998,0.9998,0.9997,0.9997,0.9998,0.9998,0.9998,0.9998,0.9998,0.9998,0.9998,0.9998,0.9997,0.9999,0.9998,0.9998,0.9999,0.1438,0.1191,0.1865,0.1761,0.1902,0.1870,0.1208,0.1891,0.1883,0.1498,0.1848,0.1325,0.1839,0.1449,0.1993,0.1449,0.1958,0.1884,0.1540,0.1514,0.1877,0.1958,0.1692,0.1584,0.1343,0.1244,0.1958,0.1498,0.1568,0.1806,0.1718,0.1162,0.1883,0.1410,0.1321,0.1761,0.1916,0.1162,0.1545,0.1978,0.1208,0.1917,0.1786,0.1584,0.1901,0.1860,0.1881,0.1633,0.1977,0.1843,IDLE,IDLE,IDLE,IDLE,IDLE,IDLE,IDLE,IDLE,IDLE,IDLE,IDLE,IDLE,IDLE,IDLE,IDLE,IDLE,IDLE,IDLE,IDLE,IDLE,IDLE,IDLE,IDLE,IDLE,IDLE,IDLE,IDLE,IDLE,IDLE,IDLE,IDLE,IDLE,IDLE,IDLE,IDLE,IDLE,IDLE,IDLE,IDLE,IDLE,IDLE,IDLE,IDLE,IDLE,IDLE,IDLE,IDLE,IDLE,IDLE,IDLE
700,2024-01-30 04:00:01,0.00,0.00,0,0.0000,0.0000,0.00,0.9998,0.9999,0.9997,0.9997,0.9998,0.9998,0.9998,0.9997,0.9998,0.9998,0.9999,0.9998,0.9998,0.9999,0.9998,0.9999,0.9998,0.9997,0.9998,0.9998,0.9997,0.9998,0.9999,0.9998,0.9998,0.9999,0.9998,0.9998,0.9998,0.9997,0.9998,0.9998,0.9998,0.9998,0.9998,0.9997,0.9997,0.9998,0.9998,0.9998,0.9998,0.9998,0.9998,0.9998,0.9998,0.9997,0.9999,0.9998,0.9998,0.9999,0.1438,0.1191,0.1865,0.1761,0.1902,0.1870,0.1208,0.1891,0.1883,0.1498,0.1848,0.1325,0.1839,0.1449,0.1993,0.1449,0.1958,0.1884,0.1540,0.1514,0.1877,0.1958,0.1692,0.1584,0.1343,0.1244,0.1958,0.1498,0.1568,0.1806,0.1718,0.1162,0.1883,0.1410,0.1321,0.1761,0.1916,0.1162,0.1545,0.1978,0.1208,0.1917,0.1786,0.1584,0.1901,0.1860,0.1881,0.1633,0.1977,0.1843,IDLE,IDLE,IDLE,IDLE,IDLE,IDLE,IDLE,IDLE,IDLE,IDLE,IDLE,IDLE,IDLE,IDLE,IDLE,IDLE,IDLE,IDLE,IDLE,IDLE,IDLE,IDLE,IDLE,IDLE,IDLE,IDLE,IDLE,IDLE,IDLE,IDLE,IDLE,IDLE,IDLE,IDLE,IDLE,IDLE,IDLE,IDLE,IDLE,IDLE,IDLE,IDLE,IDLE,IDLE,IDLE,IDLE,IDLE,IDLE,IDLE,IDLE
701,2024-01-30 05:00:01,0.00,0.00,0,0.0000,0.0000,0.00,0.9998,0.9999,0.9997,0.9997,0.9998,0.9998,0.9998,0.9997,0.9998,0.9998,0.9999,0.9998,0.9998,0.9999,0.9998,0.9999,0.9998,0.9997,0.9998,0.9998,0.9997,0.9998,0.9999,0.9998,0.9998,0.9999,0.9998,0.9998,0.9998,0.9997,0.9998,0.9998,0.9998,0.9998,0.9998,0.9997,0.9997,0.9998,0.9998,0.9998,0.9998,0.9998,0.9998,0.9998,0.9998,0.9997,0.9999,0.9998,0.9998,0.9999,0.1438,0.1191,0.1865,0.1761,0.1902,0.1870,0.1208,0.1891,0.1883,0.1498,0.1848,0.1325,0.1839,0.1449,0.1993,0.1449,0.1958,0.1884,0.1540,0.1514,0.1877,0.1958,0.1692,0.1584,0.1343,0.1244,0.1958,0.1498,0.1568,0.1806,0.1718,0.1162,0.1883,0.1410,0.1321,0.1761,0.1916,0.1162,0.1545,0.1978,0.1208,0.1917,0.1786,0.1584,0.1901,0.1860,0.1881,0.1633,0.1977,0.1843,IDLE,IDLE,IDLE,IDLE,IDLE,IDLE,IDLE,IDLE,IDLE,IDLE,IDLE,IDLE,IDLE,IDLE,IDLE,IDLE,IDLE,IDLE,IDLE,IDLE,IDLE,IDLE,IDLE,IDLE,IDLE,IDLE,IDLE,IDLE,IDLE,IDLE,IDLE,IDLE,IDLE,IDLE,IDLE,IDLE,IDLE,IDLE,IDLE,IDLE,IDLE,IDLE,IDLE,IDLE,IDLE,IDLE,IDLE,IDLE,IDLE,IDLE
702,2024-01-30 06:00:01,0.00,0.00,0,0.0000,0.0000,0.00,0.9998,0.9999,0.9997,0.9997,0.9998,0.9998,0.9998,0.9997,0.9998,0.9998,0.9999,0.9998,0.9998,0.9999,0.9998,0.9999,0.9998,0.9997,0.9998,0.9998,0.9997,0.9998,0.9999,0.9998,0.9998,0.9999,0.9998,0.9998,0.9998,0.9997,0.9998,0.9998,0.9998,0.9998,0.9998,0.9997,0.9997,0.9998,0.9998,0.9998,0.9998,0.9998,0.9998,0.9998,0.9998,0.9997,0.9999,0.9998,0.9998,0.9999,0.1438,0.1191,0.1865,0.1761,0.1902,0.1870,0.1208,0.1891,0.1883,0.1498,0.1848,0.1325,0.1839,0.1449,0.1993,0.1449,0.1958,0.1884,0.1540,0.1514,0.1877,0.1958,0.1692,0.1584,0.1343,0.1244,0.1958,0.1498,0.1568,0.1806,0.1718,0.1162,0.1883,0.1410,0.1321,0.1761,0.1916,0.1162,0.1545,0.1978,0.1208,0.1917,0.1786,0.1584,0.1901,0.1860,0.1881,0.1633,0.1977,0.1843,IDLE,IDLE,IDLE,IDLE,IDLE,IDLE,IDLE,IDLE,IDLE,IDLE,IDLE,IDLE,IDLE,IDLE,IDLE,IDLE,IDLE,IDLE,IDLE,IDLE,IDLE,IDLE,IDLE,IDLE,IDLE,IDLE,IDLE,IDLE,IDLE,IDLE,IDLE,IDLE,IDLE,IDLE,IDLE,IDLE,IDLE,IDLE,IDLE,IDLE,IDLE,IDLE,IDLE,IDLE,IDLE,IDLE,IDLE,IDLE,IDLE,IDLE
703,2024-01-30 07:00:01,0.00,0.00,0,0.0000,0.0000,0.00,0.9998,0.9999,0.9997,0.9997,0.9998,0.9998,0.9998,0.9997,0.9998,0.9998,0.9999,0.9998,0.9998,0.9999,0.9998,0.9999,0.9998,0.9997,0.9998,0.9998,0.9997,0.9998,0.9999,0.9998,0.9998,0.9999,0.9998,0.9998,0.9998,0.9997,0.9998,0.9998,0.9998,0.9998,0.9998,0.9997,0.9997,0.9998,0.9998,0.9998,0.9998,0.9998,0.9998,0.9998,0.9998,0.9997,0.9999,0.9998,0.9998,0.9999,0.1438,0.1191,0.1865,0.1761,0.1902,0.1870,0.1208,0.1891,0.1883,0.1498,0.1848,0.1325,0.1839,0.1449,0.1993,0.1449,0.1958,0.1884,0.1540,0.1514,0.1877,0.1958,0.1692,0.1584,0.1343,0.1244,0.1958,0.1498,0.1568,0.1806,0.1718,0.1162,0.1883,0.1410,0.1321,0.1761,0.1916,0.1162,0.1545,0.1978,0.1208,0.1917,0.1786,0.1584,0.1901,0.1860,0.1881,0.1633,0.1977,0.1843,IDLE,IDLE,IDLE,IDLE,IDLE,IDLE,IDLE,IDLE,IDLE,IDLE,IDLE,IDLE,IDLE,IDLE,IDLE,IDLE,IDLE,IDLE,IDLE,IDLE,IDLE,IDLE,IDLE,IDLE,IDLE,IDLE,IDLE,IDLE,IDLE,IDLE,IDLE,IDLE,IDLE,IDLE,IDLE,IDLE,IDLE,IDLE,IDLE,IDLE,IDLE,IDLE,IDLE,IDLE,IDLE,IDLE,IDLE,IDLE,IDLE,IDLE
704,2024-01-30 08:00:01,0.00,0.00,0,0.0000,0.0000,0.00,0.9998,0.9999,0.9997,0.9997,0.9998,0.9998,0.9998,0.9997,0.9998,0.9998,0.9999,0.9998,0.9998,0.9999,0.9998,0.9999,0.9998,0.9997,0.9998,0.9998,0.9997,0.9998,0.9999,0.9998,0.9998,0.9999,0.9998,0.9998,0.9998,0.9997,0.9998,0.9998,0.9998,0.9998,0.9998,0.9997,0.9997,0.9998,0.9998,0.9998,0.9998,0.9998,0.9998,0.9998,0.9998,0.9997,0.9999,0.9998,0.9998,0.9999,0.1438,0.1191,0.1865,0.1761,0.1902,0.1870,0.1208,0.1891,0.1883,0.1498,0.1848,0.1325,0.1839,0.1449,0.1993,0.1449,0.1958,0.1884,0.1540,0.1514,0.1877,0.1958,0.1692,0.1584,0.1343,0.1244,0.1958,0.1498,0.1568,0.1806,0.1718,0.1162,0.1883,0.1410,0.1321,0.1761,0.1916,0.1162,0.1545,0.1978,0.1208,0.1917,0.1786,0.1584,0.1901,0.1860,0.1881,0.1633,0.1977,0.1843,IDLE,IDLE,IDLE,IDLE,IDLE,IDLE,IDLE,IDLE,IDLE,IDLE,IDLE,IDLE,IDLE,IDLE,IDLE,IDLE,IDLE,IDLE,IDLE,IDLE,IDLE,IDLE,IDLE,IDLE,IDLE,IDLE,IDLE,IDLE,IDLE,IDLE,IDLE,IDLE,IDLE,IDLE,IDLE,IDLE,IDLE,IDLE,IDLE,IDLE,IDLE,IDLE,IDLE,IDLE,IDLE,IDLE,IDLE,IDLE,IDLE,IDLE
705,2024-01-30 09:00:01,0.00,0.00,0,0.0000,0.0000,0.00,0.9998,0.9999,0.9997,0.9997,0.9998,0.9998,0.9998,0.9997,0.9998,0.9998,0.9999,0.9998,0.9998,0.9999,0.9998,0.9999,0.9998,0.9997,0.9998,0.9998,0.9997,0.9998,0.9999,0.9998,0.9998,0.9999,0.9998,0.9998,0.9998,0.9997,0.9998,0.9998,0.9998,0.9998,0.9998,0.9997,0.9997,0.9998,0.9998,0.9998,0.9998,0.9998,0.9998,0.9998,0.9998,0.9997,0.9999,0.9998,0.9998,0.9999,0.1438,0.1191,0.1865,0.1761,0.1902,0.1870,0.1208,0.1891,0.1883,0.1498,0.1848,0.1325,0.1839,0.1449,0.1993,0.1449,0.1958,0.1884,0.1540,0.1514,0.1877,0.1958,0.1692,0.1584,0.1343,0.1244,0.1958,0.1498,0.1568,0.1806,0.1718,0.1162,0.1883,0.1410,0.1321,0.1761,0.1916,0.1162,0.1545,0.1978,0.1208,0.1917,0.1786,0.1584,0.1901,0.1860,0.1881,0.1633,0.1977,0.1843,IDLE,IDLE,IDLE,IDLE,IDLE,IDLE,IDLE,IDLE,IDLE,IDLE,IDLE,IDLE,IDLE,IDLE,IDLE,IDLE,IDLE,IDLE,IDLE,IDLE,IDLE,IDLE,IDLE,IDLE,IDLE,IDLE,IDLE,IDLE,IDLE,IDLE,IDLE,IDLE,IDLE,IDLE,IDLE,IDLE,IDLE,IDLE,IDLE,IDLE,IDLE,IDLE,IDLE,IDLE,IDLE,IDLE,IDLE,IDLE,IDLE,IDLE
706,2024-01-30 10:00:01,0.00,0.00,0,0.0000,0.0000,0.00,0.9998,0.9999,0.9997,0.9997,0.9998,0.9998,0.9998,0.9997,0.9998,0.9998,0.9999,0.9998,0.9998,0.9999,0.9998,0.9999,0.9998,0.9997,0.9998,0.9998,0.9997,0.9998,0.9999,0.9998,0.9998,0.9999,0.9998,0.9998,0.9998,0.9997,0.9998,0.9998,0.9998,0.9998,0.9998,0.9997,0.9997,0.9998,0.9998,0.9998,0.9998,0.9998,0.9998,0.9998,0.9998,0.9997,0.9999,0.9998,0.9998,0.9999,0.1438,0.1191,0.1865,0.1761,0.1902,0.1870,0.1208,0.1891,0.1883,0.1498,0.1848,0.1325,0.1839,0.1449,0.1993,0.1449,0.1958,0.1884,0.1540,0.1514,0.1877,0.1958,0.1692,0.1584,0.1343,0.1244,0.1958,0.1498,0.1568,0.1806,0.1718,0.1162,0.1883,0.1410,0.1321,0.1761,0.1916,0.1162,0.1545,0.1978,0.1208,0.1917,0.1786,0.1584,0.1901,0.1860,0.1881,0.1633,0.1977,0.1843,IDLE,IDLE,IDLE,IDLE,IDLE,IDLE,IDLE,IDLE,IDLE,IDLE,IDLE,IDLE,IDLE,IDLE,IDLE,IDLE,IDLE,IDLE,IDLE,IDLE,IDLE,IDLE,IDLE,IDLE,IDLE,IDLE,IDLE,IDLE,IDLE,IDLE,IDLE,IDLE,IDLE,IDLE,IDLE,IDLE,IDLE,IDLE,IDLE,IDLE,IDLE,IDLE,IDLE,IDLE,IDLE,IDLE,IDLE,IDLE,IDLE,IDLE
707,2024-01-30 11:00:01,0.00,0.00,0,0.0000,0.0000,0.00,0.9998,0.9999,0.9997,0.9997,0.9998,0.9998,0.9998,0.9997,0.9998,0.9998,0.9999,0.9998,0.9998,0.9999,0.9998,0.9999,0.9998,0.9997,0.9998,0.9998,0.9997,0.9998,0.9999,0.9998,0.9998,0.9999,0.9998,0.9998,0.9998,0.9997,0.9998,0.9998,0.9998,0.9998,0.9998,0.9997,0.9997,0.9998,0.9998,0.9998,0.9998,0.9998,0.9998,0.9998,0.9998,0.9997,0.9999,0.9998,0.9998,0.9999,0.1438,0.1191,0.1865,0.1761,0.1902,0.1870,0.1208,0.1891,0.1883,0.1498,0.1848,0.1325,0.1839,0.1449,0.1993,0.1449,0.1958,0.1884,0.1540,0.1514,0.1877,0.1958,0.1692,0.1584,0.1343,0.1244,0.1958,0.1498,0.1568,0.1806,0.1718,0.1162,0.1883,0.1410,0.1321,0.1761,0.1916,0.1162,0.1545,0.1978,0.1208,0.1917,0.1786,0.1584,0.1901,0.1860,0.1881,0.1633,0.1977,0.1843,IDLE,IDLE,IDLE,IDLE,IDLE,IDLE,IDLE,IDLE,IDLE,IDLE,IDLE,IDLE,IDLE,IDLE,IDLE,IDLE,IDLE,IDLE,IDLE,IDLE,IDLE,IDLE,IDLE,IDLE,IDLE,IDLE,IDLE,IDLE,IDLE,IDLE,IDLE,IDLE,IDLE,IDLE,IDLE,IDLE,IDLE,IDLE,IDLE,IDLE,IDLE,IDLE,IDLE,IDLE,IDLE,IDLE,IDLE,IDLE,IDLE,IDLE
708,2024-01-30 12:00:01,0.00,0.00,0,0.0000,0.0000,0.00,0.9998,0.9999,0.9997,0.9997,0.9998,0.9998,0.9998,0.9997,0.9998,0.9998,0.9999,0.9998,0.9998,0.9999,0.9998,0.9999,0.9998,0.9997,0.9998,0.9998,0.9997,0.9998,0.9999,0.9998,0.9998,0.9999,0.9998,0.9998,0.9998,0.9997,0.9998,0.9998,0.9998,0.9998,0.9998,0.9997,0.9997,0.9998,0.9998,0.9998,0.9998,0.9998,0.9998,0.9998,0.9998,0.9997,0.9999,0.9998,0.9998,0.9999,0.1438,0.1191,0.1865,0.1761,0.1902,0.1870,0.1208,0.1891,0.1883,0.1498,0.1848,0.1325,0.1839,0.1449,0.1993,0.1449,0.1958,0.1884,0.1540,0.1514,0.1877,0.1958,0.1692,0.1584,0.1343,0.1244,0.1958,0.1498,0.1568,0.1806,0.1718,0.1162,0.1883,0.1410,0.1321,0.1761,0.1916,0.1162,0.1545,0.1978,0.1208,0.1917,0.1786,0.1584,0.1901,0.1860,0.1881,0.1633,0.1977,0.1843,IDLE,IDLE,IDLE,IDLE,IDLE,IDLE,IDLE,IDLE,IDLE,IDLE,IDLE,IDLE,IDLE,IDLE,IDLE,IDLE,IDLE,IDLE,IDLE,IDLE,IDLE,IDLE,IDLE,IDLE,IDLE,IDLE,IDLE,IDLE,IDLE,IDLE,IDLE,IDLE,IDLE,IDLE,IDLE,IDLE,IDLE,IDLE,IDLE,IDLE,IDLE,IDLE,IDLE,IDLE,IDLE,IDLE,IDLE,IDLE,IDLE,IDLE
709,2024-01-30 13:00:01,0.00,0.00,0,0.0000,0.0000,0.00,0.9998,0.9999,0.9997,0.9997,0.9998,0.9998,0.9998,0.9997,0.9998,0.9998,0.9999,0.9998,0.9998,0.9999,0.9998,0.9999,0.9998,0.9997,0.9998,0.9998,0.9997,0.9998,0.9999,0.9998,0.9998,0.9999,0.9998,0.9998,0.9998,0.9997,0.9998,0.9998,0.9998,0.9998,0.9998,0.9997,0.9997,0.9998,0.9998,0.9998,0.9998,0.9998,0.9998,0.9998,0.9998,0.9997,0.9999,0.9998,0.9998,0.9999,0.1438,0.1191,0.1865,0.1761,0.1902,0.1870,0.1208,0.1891,0.1883,0.1498,0.1848,0.1325,0.1839,0.1449,0.1993,0.1449,0.1958,0.1884,0.1540,0.1514,0.1877,0.1958,0.1692,0.1584,0.1343,0.1244,0.1958,0.1498,0.1568,0.1806,0.1718,0.1162,0.1883,0.1410,0.1321,0.1761,0.1916,0.1162,0.1545,0.1978,0.1208,0.1917,0.1786,0.1584,0.1901,0.1860,0.1881,0.1633,0.1977,0.1843,IDLE,IDLE,IDLE,IDLE,IDLE,IDLE,IDLE,IDLE,IDLE,IDLE,IDLE,IDLE,IDLE,IDLE,IDLE,IDLE,IDLE,IDLE,IDLE,IDLE,IDLE,IDLE,IDLE,IDLE,IDLE,IDLE,IDLE,IDLE,IDLE,IDLE,IDLE,IDLE,IDLE,IDLE,IDLE,IDLE,IDLE,IDLE,IDLE,IDLE,IDLE,IDLE,IDLE,IDLE,IDLE,IDLE,IDLE,IDLE,IDLE,IDLE
710,2024-01-30 14:00:01,0.00,0.00,0,0.0000,0.0000,0.00,0.9998,0.9999,0.9997,0.9997,0.9998,0.9998,0.9998,0.9997,0.9998,0.9998,0.9999,0.9998,0.9998,0.9999,0.9998,0.9999,0.9998,0.9997,0.9998,0.9998,0.9997,0.9998,0.9999,0.9998,0.9998,0.9999,0.9998,0.9998,0.9998,0.9997,0.9998,0.9998,0.9998,0.9998,0.9998,0.9997,0.9997,0.9998,0.9998,0.9998,0.9998,0.9998,0.9998,0.9998,0.9998,0.9997,0.9999,0.9998,0.9998,0.9999,0.1438,0.1191,0.1865,0.1761,0.1902,0.1870,0.1208,0.1891,0.1883,0.1498,0.1848,0.1325,0.1839,0.1449,0.1993,0.1449,0.1958,0.1884,0.1540,0.1514,0.1877,0.1958,0.1692,0.1584,0.1343,0.1244,0.1958,0.1498,0.1568,0.1806,0.1718,0.1162,0.1883,0.1410,0.1321,0.1761,0.1916,0.1162,0.1545,0.1978,0.1208,0.1917,0.1786,0.1584,0.1901,0.1860,0.1881,0.1633,0.1977,0.1843,IDLE,IDLE,IDLE,IDLE,IDLE,IDLE,IDLE,IDLE,IDLE,IDLE,IDLE,IDLE,IDLE,IDLE,IDLE,IDLE,IDLE,IDLE,IDLE,IDLE,IDLE,IDLE,IDLE,IDLE,IDLE,IDLE,IDLE,IDLE,IDLE,IDLE,IDLE,IDLE,IDLE,IDLE,IDLE,IDLE,IDLE,IDLE,IDLE,IDLE,IDLE,IDLE,IDLE,IDLE,IDLE,IDLE,IDLE,IDLE,IDLE,IDLE
711,2024-01-30 15:00:01,0.00,0.00,0,0.0000,0.0000,0.00,0.9998,0.9999,0.9997,0.9997,0.9998,0.9998,0.9998,0.9997,0.9998,0.9998,0.9999,0.9998,0.9998,0.9999,0.9998,0.9999,0.9998,0.9997,0.9998,0.9998,0.9997,0.9998,0.9999,0.9998,0.9998,0.9999,0.9998,0.9998,0.9998,0.9997,0.9998,0.9998,0.9998,0.9998,0.9998,0.9997,0.9997,0.9998,0.9998,0.9998,0.9998,0.9998,0.9998,0.9998,0.9998,0.9997,0.9999,0.9998,0.9998,0.9999,0.1438,0.1191,0.1865,0.1761,0.1902,0.1870,0.1208,0.1891,0.1883,0.1498,0.1848,0.1325,0.1839,0.1449,0.1993,0.1449,0.1958,0.1884,0.1540,0.1514,0.1877,0.1958,0.1692,0.1584,0.1343,0.1244,0.1958,0.1498,0.1568,0.1806,0.1718,0.1162,0.1883,0.1410,0.1321,0.1761,0.1916,0.1162,0.1545,0.1978,0.1208,0.1917,0.1786,0.1584,0.1901,0.1860,0.1881,0.1633,0.1977,0.1843,IDLE,IDLE,IDLE,IDLE,IDLE,IDLE,IDLE,IDLE,IDLE,IDLE,IDLE,IDLE,IDLE,IDLE,IDLE,IDLE,IDLE,IDLE,IDLE,IDLE,IDLE,IDLE,IDLE,IDLE,IDLE,IDLE,IDLE,IDLE,IDLE,IDLE,IDLE,IDLE,IDLE,IDLE,IDLE,IDLE,IDLE,IDLE,IDLE,IDLE,IDLE,IDLE,IDLE,IDLE,IDLE,IDLE,IDLE,IDLE,IDLE,IDLE
712,2024-01-30 16:00:01,0.00,0.00,0,0.0000,0.0000,0.00,0.9998,0.9999,0.9997,0.9997,0.9998,0.9998,0.9998,0.9997,0.9998,0.9998,0.9999,0.9998,0.9998,0.9999,0.9998,0.9999,0.9998,0.9997,0.9998,0.9998,0.9997,0.9998,0.9999,0.9998,0.9998,0.9999,0.9998,0.9998,0.9998,0.9997,0.9998,0.9998,0.9998,0.9998,0.9998,0.9997,0.9997,0.9998,0.9998,0.9998,0.9998,0.9998,0.9998,0.9998,0.9998,0.9997,0.9999,0.9998,0.9998,0.9999,0.1438,0.1191,0.1865,0.1761,0.1902,0.1870,0.1208,0.1891,0.1883,0.1498,0.1848,0.1325,0.1839,0.1449,0.1993,0.1449,0.1958,0.1884,0.1540,0.1514,0.1877,0.1958,0.1692,0.1584,0.1343,0.1244,0.1958,0.1498,0.1568,0.1806,0.1718,0.1162,0.1883,0.1410,0.1321,0.1761,0.1916,0.1162,0.1545,0.1978,0.1208,0.1917,0.1786,0.1584,0.1901,0.1860,0.1881,0.1633,0.1977,0.1843,IDLE,IDLE,IDLE,IDLE,IDLE,IDLE,IDLE,IDLE,IDLE,IDLE,IDLE,IDLE,IDLE,IDLE,IDLE,IDLE,IDLE,IDLE,IDLE,IDLE,IDLE,IDLE,IDLE,IDLE,IDLE,IDLE,IDLE,IDLE,IDLE,IDLE,IDLE,IDLE,IDLE,IDLE,IDLE,IDLE,IDLE,IDLE,IDLE,IDLE,IDLE,IDLE,IDLE,IDLE,IDLE,IDLE,IDLE,IDLE,IDLE,IDLE
713,2024-01-30 17:00:01,0.00,0.00,0,0.0000,0.0000,0.00,0.9998,0.9999,0.9997,0.9997,0.9998,0.9998,0.9998,0.9997,0.9998,0.9998,0.9999,0.9998,0.9998,0.9999,0.9998,0.9999,0.9998,0.9997,0.9998,0.9998,0.9997,0.9998,0.9999,0.9998,0.9998,0.9999,0.9998,0.9998,0.9998,0.9997,0.9998,0.9998,0.9998,0.9998,0.9998,0.9997,0.9997,0.9998,0.9998,0.9998,0.9998,0.9998,0.9998,0.9998,0.9998,0.9997,0.9999,0.9998,0.9998,0.9999,0.1438,0.1191,0.1865,0.1761,0.1902,0.1870,0.1208,0.1891,0.1883,0.1498,0.1848,0.1325,0.1839,0.1449,0.1993,0.1449,0.1958,0.1884,0.1540,0.1514,0.1877,0.1958,0.1692,0.1584,0.1343,0.1244,0.1958,0.1498,0.1568,0.1806,0.1718,0.1162,0.1883,0.1410,0.1321,0.1761,0.1916,0.1162,0.1545,0.1978,0.1208,0.1917,0.1786,0.1584,0.1901,0.1860,0.1881,0.1633,0.1977,0.1843,IDLE,IDLE,IDLE,IDLE,IDLE,IDLE,IDLE,IDLE,IDLE,IDLE,IDLE,IDLE,IDLE,IDLE,IDLE,IDLE,IDLE,IDLE,IDLE,IDLE,IDLE,IDLE,IDLE,IDLE,IDLE,IDLE,IDLE,IDLE,IDLE,IDLE,IDLE,IDLE,IDLE,IDLE,IDLE,IDLE,IDLE,IDLE,IDLE,IDLE,IDLE,IDLE,IDLE,IDLE,IDLE,IDLE,IDLE,IDLE,IDLE,IDLE
714,2024-01-30 18:00:01,0.00,0.00,0,0.0000,0.0000,0.00,0.9998,0.9999,0.9997,0.9997,0.9998,0.9998,0.9998,0.9997,0.9998,0.9998,0.9999,0.9998,0.9998,0.9999,0.9998,0.9999,0.9998,0.9997,0.9998,0.9998,0.9997,0.9998,0.9999,0.9998,0.9998,0.9999,0.9998,0.9998,0.9998,0.9997,0.9998,0.9998,0.9998,0.9998,0.9998,0.9997,0.9997,0.9998,0.9998,0.9998,0.9998,0.9998,0.9998,0.9998,0.9998,0.9997,0.9999,0.9998,0.9998,0.9999,0.1438,0.1191,0.1865,0.1761,0.1902,0.1870,0.1208,0.1891,0.1883,0.1498,0.1848,0.1325,0.1839,0.1449,0.1993,0.1449,0.1958,0.1884,0.1540,0.1514,0.1877,0.1958,0.1692,0.1584,0.1343,0.1244,0.1958,0.1498,0.1568,0.1806,0.1718,0.1162,0.1883,0.1410,0.1321,0.1761,0.1916,0.1162,0.1545,0.1978,0.1208,0.1917,0.1786,0.1584,0.1901,0.1860,0.1881,0.1633,0.1977,0.1843,IDLE,IDLE,IDLE,IDLE,IDLE,IDLE,IDLE,IDLE,IDLE,IDLE,IDLE,IDLE,IDLE,IDLE,IDLE,IDLE,IDLE,IDLE,IDLE,IDLE,IDLE,IDLE,IDLE,IDLE,IDLE,IDLE,IDLE,IDLE,IDLE,IDLE,IDLE,IDLE,IDLE,IDLE,IDLE,IDLE,IDLE,IDLE,IDLE,IDLE,IDLE,IDLE,IDLE,IDLE,IDLE,IDLE,IDLE,IDLE,IDLE,IDLE
715,2024-01-30 19:00:01,0.00,0.00,0,0.0000,0.0000,0.00,0.9998,0.9999,0.9997,0.9997,0.9998,0.9998,0.9998,0.9997,0.9998,0.9998,0.9999,0.9998,0.9998,0.9999,0.9998,0.9999,0.9998,0.9997,0.9998,0.9998,0.9997,0.9998,0.9999,0.9998,0.9998,0.9999,0.9998,0.9998,0.9998,0.9997,0.9998,0.9998,0.9998,0.9998,0.9998,0.9997,0.9997,0.9998,0.9998,0.9998,0.9998,0.9998,0.9998,0.9998,0.9998,0.9997,0.9999,0.9998,0.9998,0.9999,0.1438,0.1191,0.1865,0.1761,0.1902,0.1870,0.1208,0.1891,0.1883,0.1498,0.1848,0.1325,0.1839,0.1449,0.1993,0.1449,0.1958,0.1884,0.1540,0.1514,0.1877,0.1958,0.1692,0.1584,0.1343,0.1244,0.1958,0.1498,0.1568,0.1806,0.1718,0.1162,0.1883,0.1410,0.1321,0.1761,0.1916,0.1162,0.1545,0.1978,0.1208,0.1917,0.1786,0.1584,0.1901,0.1860,0.1881,0.1633,0.1977,0.1843,IDLE,IDLE,IDLE,IDLE,IDLE,IDLE,IDLE,IDLE,IDLE,IDLE,IDLE,IDLE,IDLE,IDLE,IDLE,IDLE,IDLE,IDLE,IDLE,IDLE,IDLE,IDLE,IDLE,IDLE,IDLE,IDLE,IDLE,IDLE,IDLE,IDLE,IDLE,IDLE,IDLE,IDLE,IDLE,IDLE,IDLE,IDLE,IDLE,IDLE,IDLE,IDLE,IDLE,IDLE,IDLE,IDLE,IDLE,IDLE,IDLE,IDLE
716,2024-01-30 20:00:01,0.00,0.00,0,0.0000,0.0000,0.00,0.9998,0.9999,0.9997,0.9997,0.9998,0.9998,0.9998,0.9997,0.9998,0.9998,0.9999,0.9998,0.9998,0.9999,0.9998,0.9999,0.9998,0.9997,0.9998,0.9998,0.9997,0.9998,0.9999,0.9998,0.9998,0.9999,0.9998,0.9998,0.9998,0.9997,0.9998,0.9998,0.9998,0.9998,0.9998,0.9997,0.9997,0.9998,0.9998,0.9998,0.9998,0.9998,0.9998,0.9998,0.9998,0.9997,0.9999,0.9998,0.9998,0.9999,0.1438,0.1191,0.1865,0.1761,0.1902,0.1870,0.1208,0.1891,0.1883,0.1498,0.1848,0.1325,0.1839,0.1449,0.1993,0.1449,0.1958,0.1884,0.1540,0.1514,0.1877,0.1958,0.1692,0.1584,0.1343,0.1244,0.1958,0.1498,0.1568,0.1806,0.1718,0.1162,0.1883,0.1410,0.1321,0.1761,0.1916,0.1162,0.1545,0.1978,0.1208,0.1917,0.1786,0.1584,0.1901,0.1860,0.1881,0.1633,0.1977,0.1843,IDLE,IDLE,IDLE,IDLE,IDLE,IDLE,IDLE,IDLE,IDLE,IDLE,IDLE,IDLE,IDLE,IDLE,IDLE,IDLE,IDLE,IDLE,IDLE,IDLE,IDLE,IDLE,IDLE,IDLE,IDLE,IDLE,IDLE,IDLE,IDLE,IDLE,IDLE,IDLE,IDLE,IDLE,IDLE,IDLE,IDLE,IDLE,IDLE,IDLE,IDLE,IDLE,IDLE,IDLE,IDLE,IDLE,IDLE,IDLE,IDLE,IDLE
717,2024-01-30 21:00:01,0.00,0.00,0,0.0000,0.0000,0.00,0.9998,0.9999,0.9997,0.9997,0.9998,0.9998,0.9998,0.9997,0.9998,0.9998,0.9999,0.9998,0.9998,0.9999,0.9998,0.9999,0.9998,0.9997,0.9998,0.9998,0.9997,0.9998,0.9999,0.9998,0.9998,0.9999,0.9998,0.9998,0.9998,0.9997,0.9998,0.9998,0.9998,0.9998,0.9998,0.9997,0.9997,0.9998,0.9998,0.9998,0.9998,0.9998,0.9998,0.9998,0.9998,0.9997,0.9999,0.9998,0.9998,0.9999,0.1438,0.1191,0.1865,0.1761,0.1902,0.1870,0.1208,0.1891,0.1883,0.1498,0.1848,0.1325,0.1839,0.1449,0.1993,0.1449,0.1958,0.1884,0.1540,0.1514,0.1877,0.1958,0.1692,0.1584,0.1343,0.1244,0.1958,0.1498,0.1568,0.1806,0.1718,0.1162,0.1883,0.1410,0.1321,0.1761,0.1916,0.1162,0.1545,0.1978,0.1208,0.1917,0.1786,0.1584,0.1901,0.1860,0.1881,0.1633,0.1977,0.1843,IDLE,IDLE,IDLE,IDLE,IDLE,IDLE,IDLE,IDLE,IDLE,IDLE,IDLE,IDLE,IDLE,IDLE,IDLE,IDLE,IDLE,IDLE,IDLE,IDLE,IDLE,IDLE,IDLE,IDLE,IDLE,IDLE,IDLE,IDLE,IDLE,IDLE,IDLE,IDLE,IDLE,IDLE,IDLE,IDLE,IDLE,IDLE,IDLE,IDLE,IDLE,IDLE,IDLE,IDLE,IDLE,IDLE,IDLE,IDLE,IDLE,IDLE
718,2024-01-30 22:00:01,0.00,0.00,0,0.0000,0.0000,0.00,0.9998,0.9999,0.9997,0.9997,0.9998,0.9998,0.9998,0.9997,0.9998,0.9998,0.9999,0.9998,0.9998,0.9999,0.9998,0.9999,0.9998,0.9997,0.9998,0.9998,0.9997,0.9998,0.9999,0.9998,0.9998,0.9999,0.9998,0.9998,0.9998,0.9997,0.9998,0.9998,0.9998,0.9998,0.9998,0.9997,0.9997,0.9998,0.9998,0.9998,0.9998,0.9998,0.9998,0.9998,0.9998,0.9997,0.9999,0.9998,0.9998,0.9999,0.1438,0.1191,0.1865,0.1761,0.1902,0.1870,0.1208,0.1891,0.1883,0.1498,0.1848,0.1325,0.1839,0.1449,0.1993,0.1449,0.1958,0.1884,0.1540,0.1514,0.1877,0.1958,0.1692,0.1584,0.1343,0.1244,0.1958,0.1498,0.1568,0.1806,0.1718,0.1162,0.1883,0.1410,0.1321,0.1761,0.1916,0.1162,0.1545,0.1978,0.1208,0.1917,0.1786,0.1584,0.1901,0.1860,0.1881,0.1633,0.1977,0.1843,IDLE,IDLE,IDLE,IDLE,IDLE,IDLE,IDLE,IDLE,IDLE,IDLE,IDLE,IDLE,IDLE,IDLE,IDLE,IDLE,IDLE,IDLE,IDLE,IDLE,IDLE,IDLE,IDLE,IDLE,IDLE,IDLE,IDLE,IDLE,IDLE,IDLE,IDLE,IDLE,IDLE,IDLE,IDLE,IDLE,IDLE,IDLE,IDLE,IDLE,IDLE,IDLE,IDLE,IDLE,IDLE,IDLE,IDLE,IDLE,IDLE,IDLE
719,2024-01-30 23:00:01,0.00,0.00,0,0.0000,0.0000,0.00,0.9998,0.9999,0.9997,0.9997,0.9998,0.9998,0.9998,0.9997,0.9998,0.9998,0.9999,0.9998,0.9998,0.9999,0.9998,0.9999,0.9998,0.9997,0.9998,0.9998,0.9997,0.9998,0.9999,0.9998,0.9998,0.9999,0.9998,0.9998,0.9998,0.9997,0.9998,0.9998,0.9998,0.9998,0.9998,0.9997,0.9997,0.9998,0.9998,0.9998,0.9998,0.9998,0.9998,0.9998,0.9998,0.9997,0.9999,0.9998,0.9998,0.9999,0.1438,0.1191,0.1865,0.1761,0.1902,0.1870,0.1208,0.1891,0.1883,0.1498,0.1848,0.1325,0.1839,0.1449,0.1993,0.1449,0.1958,0.1884,0.1540,0.1514,0.1877,0.1958,0.1692,0.1584,0.1343,0.1244,0.1958,0.1498,0.1568,0.1806,0.1718,0.1162,0.1883,0.1410,0.1321,0.1761,0.1916,0.1162,0.1545,0.1978,0.1208,0.1917,0.1786,0.1584,0.1901,0.1860,0.1881,0.1633,0.1977,0.1843,IDLE,IDLE,IDLE,IDLE,IDLE,IDLE,IDLE,IDLE,IDLE,IDLE,IDLE,IDLE,IDLE,IDLE,IDLE,IDLE,IDLE,IDLE,IDLE,IDLE,IDLE,IDLE,IDLE,IDLE,IDLE,IDLE,IDLE,IDLE,IDLE,IDLE,IDLE,IDLE,IDLE,IDLE,IDLE,IDLE,IDLE,IDLE,IDLE,IDLE,IDLE,IDLE,IDLE,IDLE,IDLE,IDLE,IDLE,IDLE,IDLE,IDLE
720,2024-01-31 00:00:01,0.00,0.00,0,0.0000,0.0000,0.00,0.9998,0.9999,0.9997,0.9997,0.9998,0.9998,0.9998,0.9997,0.9998,0.9998,0.9999,0.9998,0.9998,0.9999,0.9998,0.9999,0.9998,0.9997,0.9998,0.9998,0.9997,0.9998,0.9999,0.9998,0.9998,0.9999,0.9998,0.9998,0.9998,0.9997,0.9998,0.9998,0.9998,0.9998,0.9998,0.9997,0.9997,0.9998,0.9998,0.9998,0.9998,0.9998,0.9998,0.9998,0.9998,0.9997,0.9999,0.9998,0.9998,0.9999,0.1438,0.1191,0.1865,0.1761,0.1902,0.1870,0.1208,0.1891,0.1883,0.1498,0.1848,0.1325,0.1839,0.1449,0.1993,0.1449,0.1958,0.1884,0.1540,0.1514,0.1877,0.1958,0.1692,0.1584,0.1343,0.1244,0.1958,0.1498,0.1568,0.1806,0.1718,0.1162,0.1883,0.1410,0.1321,0.1761,0.1916,0.1162,0.1545,0.1978,0.1208,0.1917,0.1786,0.1584,0.1901,0.1860,0.1881,0.1633,0.1977,0.1843,IDLE,IDLE,IDLE,IDLE,IDLE,IDLE,IDLE,IDLE,IDLE,IDLE,IDLE,IDLE,IDLE,IDLE,IDLE,IDLE,IDLE,IDLE,IDLE,IDLE,IDLE,IDLE,IDLE,IDLE,IDLE,IDLE,IDLE,IDLE,IDLE,IDLE,IDLE,IDLE,IDLE,IDLE,IDLE,IDLE,IDLE,IDLE,IDLE,IDLE,IDLE,IDLE,IDLE,IDLE,IDLE,IDLE,IDLE,IDLE,IDLE,IDLE
721,2024-01-31 01:00:01,0.00,0.00,0,0.0000,0.0000,0.00,0.9998,0.9999,0.9997,0.9997,0.9998,0.9998,0.9998,0.9997,0.9998,0.9998,0.9999,0.9998,0.9998,0.9999,0.9998,0.9999,0.9998,0.9997,0.9998,0.9998,0.9997,0.9998,0.9999,0.9998,0.9998,0.9999,0.9998,0.9998,0.9998,0.9997,0.9998,0.9998,0.9998,0.9998,0.9998,0.9997,0.9997,0.9998,0.9998,0.9998,0.9998,0.9998,0.9998,0.9998,0.9998,0.9997,0.9999,0.9998,0.9998,0.9999,0.1438,0.1191,0.1865,0.1761,0.1902,0.1870,0.1208,0.1891,0.1883,0.1498,0.1848,0.1325,0.1839,0.1449,0.1993,0.1449,0.1958,0.1884,0.1540,0.1514,0.1877,0.1958,0.1692,0.1584,0.1343,0.1244,0.1958,0.1498,0.1568,0.1806,0.1718,0.1162,0.1883,0.1410,0.1321,0.1761,0.1916,0.1162,0.1545,0.1978,0.1208,0.1917,0.1786,0.1584,0.1901,0.1860,0.1881,0.1633,0.1977,0.1843,IDLE,IDLE,IDLE,IDLE,IDLE,IDLE,IDLE,IDLE,IDLE,IDLE,IDLE,IDLE,IDLE,IDLE,IDLE,IDLE,IDLE,IDLE,IDLE,IDLE,IDLE,IDLE,IDLE,IDLE,IDLE,IDLE,IDLE,IDLE,IDLE,IDLE,IDLE,IDLE,IDLE,IDLE,IDLE,IDLE,IDLE,IDLE,IDLE,IDLE,IDLE,IDLE,IDLE,IDLE,IDLE,IDLE,IDLE,IDLE,IDLE,IDLE
722,2024-01-31 02:00:01,0.00,0.00,0,0.0000,0.0000,0.00,0.9998,0.9999,0.9997,0.9997,0.9998,0.9998,0.9998,0.9997,0.9998,0.9998,0.9999,0.9998,0.9998,0.9999,0.9998,0.9999,0.9998,0.9997,0.9998,0.9998,0.9997,0.9998,0.9999,0.9998,0.9998,0.9999,0.9998,0.9998,0.9998,0.9997,0.9998,0.9998,0.9998,0.9998,0.9998,0.9997,0.9997,0.9998,0.9998,0.9998,0.9998,0.9998,0.9998,0.9998,0.9998,0.9997,0.9999,0.9998,0.9998,0.9999,0.1438,0.1191,0.1865,0.1761,0.1902,0.1870,0.1208,0.1891,0.1883,0.1498,0.1848,0.1325,0.1839,0.1449,0.1993,0.1449,0.1958,0.1884,0.1540,0.1514,0.1877,0.1958,0.1692,0.1584,0.1343,0.1244,0.1958,0.1498,0.1568,0.1806,0.1718,0.1162,0.1883,0.1410,0.1321,0.1761,0.1916,0.1162,0.1545,0.1978,0.1208,0.1917,0.1786,0.1584,0.1901,0.1860,0.1881,0.1633,0.1977,0.1843,IDLE,IDLE,IDLE,IDLE,IDLE,IDLE,IDLE,IDLE,IDLE,IDLE,IDLE,IDLE,IDLE,IDLE,IDLE,IDLE,IDLE,IDLE,IDLE,IDLE,IDLE,IDLE,IDLE,IDLE,IDLE,IDLE,IDLE,IDLE,IDLE,IDLE,IDLE,IDLE,IDLE,IDLE,IDLE,IDLE,IDLE,IDLE,IDLE,IDLE,IDLE,IDLE,IDLE,IDLE,IDLE,IDLE,IDLE,IDLE,IDLE,IDLE
723,2024-01-31 03:00:01,0.00,0.00,0,0.0000,0.0000,0.00,0.9998,0.9999,0.9997,0.9997,0.9998,0.9998,0.9998,0.9997,0.9998,0.9998,0.9999,0.9998,0.9998,0.9999,0.9998,0.9999,0.9998,0.9997,0.9998,0.9998,0.9997,0.9998,0.9999,0.9998,0.9998,0.9999,0.9998,0.9998,0.9998,0.9997,0.9998,0.9998,0.9998,0.9998,0.9998,0.9997,0.9997,0.9998,0.9998,0.9998,0.9998,0.9998,0.9998,0.9998,0.9998,0.9997,0.9999,0.9998,0.9998,0.9999,0.1438,0.1191,0.1865,0.1761,0.1902,0.1870,0.1208,0.1891,0.1883,0.1498,0.1848,0.1325,0.1839,0.1449,0.1993,0.1449,0.1958,0.1884,0.1540,0.1514,0.1877,0.1958,0.1692,0.1584,0.1343,0.1244,0.1958,0.1498,0.1568,0.1806,0.1718,0.1162,0.1883,0.1410,0.1321,0.1761,0.1916,0.1162,0.1545,0.1978,0.1208,0.1917,0.1786,0.1584,0.1901,0.1860,0.1881,0.1633,0.1977,0.1843,IDLE,IDLE,IDLE,IDLE,IDLE,IDLE,IDLE,IDLE,IDLE,IDLE,IDLE,IDLE,IDLE,IDLE,IDLE,IDLE,IDLE,IDLE,IDLE,IDLE,IDLE,IDLE,IDLE,IDLE,IDLE,IDLE,IDLE,IDLE,IDLE,IDLE,IDLE,IDLE,IDLE,IDLE,IDLE,IDLE,IDLE,IDLE,IDLE,IDLE,IDLE,IDLE,IDLE,IDLE,IDLE,IDLE,IDLE,IDLE,IDLE,IDLE
724,2024-01-31 04:00:01,0.00,0.00,0,0.0000,0.0000,0.00,0.9998,0.9999,0.9997,0.9997,0.9998,0.9998,0.9998,0.9997,0.9998,0.9998,0.9999,0.9998,0.9998,0.9999,0.9998,0.9999,0.9998,0.9997,0.9998,0.9998,0.9997,0.9998,0.9999,0.9998,0.9998,0.9999,0.9998,0.9998,0.9998,0.9997,0.9998,0.9998,0.9998,0.9998,0.9998,0.9997,0.9997,0.9998,0.9998,0.9998,0.9998,0.9998,0.9998,0.9998,0.9998,0.9997,0.9999,0.9998,0.9998,0.9999,0.1438,0.1191,0.1865,0.1761,0.1902,0.1870,0.1208,0.1891,0.1883,0.1498,0.1848,0.1325,0.1839,0.1449,0.1993,0.1449,0.1958,0.1884,0.1540,0.1514,0.1877,0.1958,0.1692,0.1584,0.1343,0.1244,0.1958,0.1498,0.1568,0.1806,0.1718,0.1162,0.1883,0.1410,0.1321,0.1761,0.1916,0.1162,0.1545,0.1978,0.1208,0.1917,0.1786,0.1584,0.1901,0.1860,0.1881,0.1633,0.1977,0.1843,IDLE,IDLE,IDLE,IDLE,IDLE,IDLE,IDLE,IDLE,IDLE,IDLE,IDLE,IDLE,IDLE,IDLE,IDLE,IDLE,IDLE,IDLE,IDLE,IDLE,IDLE,IDLE,IDLE,IDLE,IDLE,IDLE,IDLE,IDLE,IDLE,IDLE,IDLE,IDLE,IDLE,IDLE,IDLE,IDLE,IDLE,IDLE,IDLE,IDLE,IDLE,IDLE,IDLE,IDLE,IDLE,IDLE,IDLE,IDLE,IDLE,IDLE
725,2024-01-31 05:00:01,0.00,0.00,0,0.0000,0.0000,0.00,0.9998,0.9999,0.9997,0.9997,0.9998,0.9998,0.9998,0.9997,0.9998,0.9998,0.9999,0.9998,0.9998,0.9999,0.9998,0.9999,0.9998,0.9997,0.9998,0.9998,0.9997,0.9998,0.9999,0.9998,0.9998,0.9999,0.9998,0.9998,0.9998,0.9997,0.9998,0.9998,0.9998,0.9998,0.9998,0.9997,0.9997,0.9998,0.9998,0.9998,0.9998,0.9998,0.9998,0.9998,0.9998,0.9997,0.9999,0.9998,0.9998,0.9999,0.1438,0.1191,0.1865,0.1761,0.1902,0.1870,0.1208,0.1891,0.1883,0.1498,0.1848,0.1325,0.1839,0.1449,0.1993,0.1449,0.1958,0.1884,0.1540,0.1514,0.1877,0.1958,0.1692,0.1584,0.1343,0.1244,0.1958,0.1498,0.1568,0.1806,0.1718,0.1162,0.1883,0.1410,0.1321,0.1761,0.1916,0.1162,0.1545,0.1978,0.1208,0.1917,0.1786,0.1584,0.1901,0.1860,0.1881,0.1633,0.1977,0.1843,IDLE,IDLE,IDLE,IDLE,IDLE,IDLE,IDLE,IDLE,IDLE,IDLE,IDLE,IDLE,IDLE,IDLE,IDLE,IDLE,IDLE,IDLE,IDLE,IDLE,IDLE,IDLE,IDLE,IDLE,IDLE,IDLE,IDLE,IDLE,IDLE,IDLE,IDLE,IDLE,IDLE,IDLE,IDLE,IDLE,IDLE,IDLE,IDLE,IDLE,IDLE,IDLE,IDLE,IDLE,IDLE,IDLE,IDLE,IDLE,IDLE,IDLE
726,2024-01-31 06:00:01,0.00,0.00,0,0.0000,0.0000,0.00,0.9998,0.9999,0.9997,0.9997,0.9998,0.9998,0.9998,0.9997,0.9998,0.9998,0.9999,0.9998,0.9998,0.9999,0.9998,0.9999,0.9998,0.9997,0.9998,0.9998,0.9997,0.9998,0.9999,0.9998,0.9998,0.9999,0.9998,0.9998,0.9998,0.9997,0.9998,0.9998,0.9998,0.9998,0.9998,0.9997,0.9997,0.9998,0.9998,0.9998,0.9998,0.9998,0.9998,0.9998,0.9998,0.9997,0.9999,0.9998,0.9998,0.9999,0.1438,0.1191,0.1865,0.1761,0.1902,0.1870,0.1208,0.1891,0.1883,0.1498,0.1848,0.1325,0.1839,0.1449,0.1993,0.1449,0.1958,0.1884,0.1540,0.1514,0.1877,0.1958,0.1692,0.1584,0.1343,0.1244,0.1958,0.1498,0.1568,0.1806,0.1718,0.1162,0.1883,0.1410,0.1321,0.1761,0.1916,0.1162,0.1545,0.1978,0.1208,0.1917,0.1786,0.1584,0.1901,0.1860,0.1881,0.1633,0.1977,0.1843,IDLE,IDLE,IDLE,IDLE,IDLE,IDLE,IDLE,IDLE,IDLE,IDLE,IDLE,IDLE,IDLE,IDLE,IDLE,IDLE,IDLE,IDLE,IDLE,IDLE,IDLE,IDLE,IDLE,IDLE,IDLE,IDLE,IDLE,IDLE,IDLE,IDLE,IDLE,IDLE,IDLE,IDLE,IDLE,IDLE,IDLE,IDLE,IDLE,IDLE,IDLE,IDLE,IDLE,IDLE,IDLE,IDLE,IDLE,IDLE,IDLE,IDLE
727,2024-01-31 07:00:01,0.00,0.00,0,0.0000,0.0000,0.00,0.9998,0.9999,0.9997,0.9997,0.9998,0.9998,0.9998,0.9997,0.9998,0.9998,0.9999,0.9998,0.9998,0.9999,0.9998,0.9999,0.9998,0.9997,0.9998,0.9998,0.9997,0.9998,0.9999,0.9998,0.9998,0.9999,0.9998,0.9998,0.9998,0.9997,0.9998,0.9998,0.9998,0.9998,0.9998,0.9997,0.9997,0.9998,0.9998,0.9998,0.9998,0.9998,0.9998,0.9998,0.9998,0.9997,0.9999,0.9998,0.9998,0.9999,0.1438,0.1191,0.1865,0.1761,0.1902,0.1870,0.1208,0.1891,0.1883,0.1498,0.1848,0.1325,0.1839,0.1449,0.1993,0.1449,0.1958,0.1884,0.1540,0.1514,0.1877,0.1958,0.1692,0.1584,0.1343,0.1244,0.1958,0.1498,0.1568,0.1806,0.1718,0.1162,0.1883,0.1410,0.1321,0.1761,0.1916,0.1162,0.1545,0.1978,0.1208,0.1917,0.1786,0.1584,0.1901,0.1860,0.1881,0.1633,0.1977,0.1843,IDLE,IDLE,IDLE,IDLE,IDLE,IDLE,IDLE,IDLE,IDLE,IDLE,IDLE,IDLE,IDLE,IDLE,IDLE,IDLE,IDLE,IDLE,IDLE,IDLE,IDLE,IDLE,IDLE,IDLE,IDLE,IDLE,IDLE,IDLE,IDLE,IDLE,IDLE,IDLE,IDLE,IDLE,IDLE,IDLE,IDLE,IDLE,IDLE,IDLE,IDLE,IDLE,IDLE,IDLE,IDLE,IDLE,IDLE,IDLE,IDLE,IDLE
728,2024-01-31 08:00:01,0.00,0.00,0,0.0000,0.0000,0.00,0.9998,0.9999,0.9997,0.9997,0.9998,0.9998,0.9998,0.9997,0.9998,0.9998,0.9999,0.9998,0.9998,0.9999,0.9998,0.9999,0.9998,0.9997,0.9998,0.9998,0.9997,0.9998,0.9999,0.9998,0.9998,0.9999,0.9998,0.9998,0.9998,0.9997,0.9998,0.9998,0.9998,0.9998,0.9998,0.9997,0.9997,0.9998,0.9998,0.9998,0.9998,0.9998,0.9998,0.9998,0.9998,0.9997,0.9999,0.9998,0.9998,0.9999,0.1438,0.1191,0.1865,0.1761,0.1902,0.1870,0.1208,0.1891,0.1883,0.1498,0.1848,0.1325,0.1839,0.1449,0.1993,0.1449,0.1958,0.1884,0.1540,0.1514,0.1877,0.1958,0.1692,0.1584,0.1343,0.1244,0.1958,0.1498,0.1568,0.1806,0.1718,0.1162,0.1883,0.1410,0.1321,0.1761,0.1916,0.1162,0.1545,0.1978,0.1208,0.1917,0.1786,0.1584,0.1901,0.1860,0.1881,0.1633,0.1977,0.1843,IDLE,IDLE,IDLE,IDLE,IDLE,IDLE,IDLE,IDLE,IDLE,IDLE,IDLE,IDLE,IDLE,IDLE,IDLE,IDLE,IDLE,IDLE,IDLE,IDLE,IDLE,IDLE,IDLE,IDLE,IDLE,IDLE,IDLE,IDLE,IDLE,IDLE,IDLE,IDLE,IDLE,IDLE,IDLE,IDLE,IDLE,IDLE,IDLE,IDLE,IDLE,IDLE,IDLE,IDLE,IDLE,IDLE,IDLE,IDLE,IDLE,IDLE
729,2024-01-31 09:00:01,0.00,0.00,0,0.0000,0.0000,0.00,0.9998,0.9999,0.9997,0.9997,0.9998,0.9998,0.9998,0.9997,0.9998,0.9998,0.9999,0.9998,0.9998,0.9999,0.9998,0.9999,0.9998,0.9997,0.9998,0.9998,0.9997,0.9998,0.9999,0.9998,0.9998,0.9999,0.9998,0.9998,0.9998,0.9997,0.9998,0.9998,0.9998,0.9998,0.9998,0.9997,0.9997,0.9998,0.9998,0.9998,0.9998,0.9998,0.9998,0.9998,0.9998,0.9997,0.9999,0.9998,0.9998,0.9999,0.1438,0.1191,0.1865,0.1761,0.1902,0.1870,0.1208,0.1891,0.1883,0.1498,0.1848,0.1325,0.1839,0.1449,0.1993,0.1449,0.1958,0.1884,0.1540,0.1514,0.1877,0.1958,0.1692,0.1584,0.1343,0.1244,0.1958,0.1498,0.1568,0.1806,0.1718,0.1162,0.1883,0.1410,0.1321,0.1761,0.1916,0.1162,0.1545,0.1978,0.1208,0.1917,0.1786,0.1584,0.1901,0.1860,0.1881,0.1633,0.1977,0.1843,IDLE,IDLE,IDLE,IDLE,IDLE,IDLE,IDLE,IDLE,IDLE,IDLE,IDLE,IDLE,IDLE,IDLE,IDLE,IDLE,IDLE,IDLE,IDLE,IDLE,IDLE,IDLE,IDLE,IDLE,IDLE,IDLE,IDLE,IDLE,IDLE,IDLE,IDLE,IDLE,IDLE,IDLE,IDLE,IDLE,IDLE,IDLE,IDLE,IDLE,IDLE,IDLE,IDLE,IDLE,IDLE,IDLE,IDLE,IDLE,IDLE,IDLE
730,2024-01-31 10:00:01,0.00,0.00,0,0.0000,0.0000,0.00,0.9998,0.9999,0.9997,0.9997,0.9998,0.9998,0.9998,0.9997,0.9998,0.9998,0.9999,0.9998,0.9998,0.9999,0.9998,0.9999,0.9998,0.9997,0.9998,0.9998,0.9997,0.9998,0.9999,0.9998,0.9998,0.9999,0.9998,0.9998,0.9998,0.9997,0.9998,0.9998,0.9998,0.9998,0.9998,0.9997,0.9997,0.9998,0.9998,0.9998,0.9998,0.9998,0.9998,0.9998,0.9998,0.9997,0.9999,0.9998,0.9998,0.9999,0.1438,0.1191,0.1865,0.1761,0.1902,0.1870,0.1208,0.1891,0.1883,0.1498,0.1848,0.1325,0.1839,0.1449,0.1993,0.1449,0.1958,0.1884,0.1540,0.1514,0.1877,0.1958,0.1692,0.1584,0.1343,0.1244,0.1958,0.1498,0.1568,0.1806,0.1718,0.1162,0.1883,0.1410,0.1321,0.1761,0.1916,0.1162,0.1545,0.1978,0.1208,0.1917,0.1786,0.1584,0.1901,0.1860,0.1881,0.1633,0.1977,0.1843,IDLE,IDLE,IDLE,IDLE,IDLE,IDLE,IDLE,IDLE,IDLE,IDLE,IDLE,IDLE,IDLE,IDLE,IDLE,IDLE,IDLE,IDLE,IDLE,IDLE,IDLE,IDLE,IDLE,IDLE,IDLE,IDLE,IDLE,IDLE,IDLE,IDLE,IDLE,IDLE,IDLE,IDLE,IDLE,IDLE,IDLE,IDLE,IDLE,IDLE,IDLE,IDLE,IDLE,IDLE,IDLE,IDLE,IDLE,IDLE,IDLE,IDLE
731,2024-01-31 11:00:01,0.00,0.00,0,0.0000,0.0000,0.00,0.9998,0.9999,0.9997,0.9997,0.9998,0.9998,0.9998,0.9997,0.9998,0.9998,0.9999,0.9998,0.9998,0.9999,0.9998,0.9999,0.9998,0.9997,0.9998,0.9998,0.9997,0.9998,0.9999,0.9998,0.9998,0.9999,0.9998,0.9998,0.9998,0.9997,0.9998,0.9998,0.9998,0.9998,0.9998,0.9997,0.9997,0.9998,0.9998,0.9998,0.9998,0.9998,0.9998,0.9998,0.9998,0.9997,0.9999,0.9998,0.9998,0.9999,0.1438,0.1191,0.1865,0.1761,0.1902,0.1870,0.1208,0.1891,0.1883,0.1498,0.1848,0.1325,0.1839,0.1449,0.1993,0.1449,0.1958,0.1884,0.1540,0.1514,0.1877,0.1958,0.1692,0.1584,0.1343,0.1244,0.1958,0.1498,0.1568,0.1806,0.1718,0.1162,0.1883,0.1410,0.1321,0.1761,0.1916,0.1162,0.1545,0.1978,0.1208,0.1917,0.1786,0.1584,0.1901,0.1860,0.1881,0.1633,0.1977,0.1843,IDLE,IDLE,IDLE,IDLE,IDLE,IDLE,IDLE,IDLE,IDLE,IDLE,IDLE,IDLE,IDLE,IDLE,IDLE,IDLE,IDLE,IDLE,IDLE,IDLE,IDLE,IDLE,IDLE,IDLE,IDLE,IDLE,IDLE,IDLE,IDLE,IDLE,IDLE,IDLE,IDLE,IDLE,IDLE,IDLE,IDLE,IDLE,IDLE,IDLE,IDLE,IDLE,IDLE,IDLE,IDLE,IDLE,IDLE,IDLE,IDLE,IDLE
732,2024-01-31 12:00:01,0.00,0.00,0,0.0000,0.0000,0.00,0.9998,0.9999,0.9997,0.9997,0.9998,0.9998,0.9998,0.9997,0.9998,0.9998,0.9999,0.9998,0.9998,0.9999,0.9998,0.9999,0.9998,0.9997,0.9998,0.9998,0.9997,0.9998,0.9999,0.9998,0.9998,0.9999,0.9998,0.9998,0.9998,0.9997,0.9998,0.9998,0.9998,0.9998,0.9998,0.9997,0.9997,0.9998,0.9998,0.9998,0.9998,0.9998,0.9998,0.9998,0.9998,0.9997,0.9999,0.9998,0.9998,0.9999,0.1438,0.1191,0.1865,0.1761,0.1902,0.1870,0.1208,0.1891,0.1883,0.1498,0.1848,0.1325,0.1839,0.1449,0.1993,0.1449,0.1958,0.1884,0.1540,0.1514,0.1877,0.1958,0.1692,0.1584,0.1343,0.1244,0.1958,0.1498,0.1568,0.1806,0.1718,0.1162,0.1883,0.1410,0.1321,0.1761,0.1916,0.1162,0.1545,0.1978,0.1208,0.1917,0.1786,0.1584,0.1901,0.1860,0.1881,0.1633,0.1977,0.1843,IDLE,IDLE,IDLE,IDLE,IDLE,IDLE,IDLE,IDLE,IDLE,IDLE,IDLE,IDLE,IDLE,IDLE,IDLE,IDLE,IDLE,IDLE,IDLE,IDLE,IDLE,IDLE,IDLE,IDLE,IDLE,IDLE,IDLE,IDLE,IDLE,IDLE,IDLE,IDLE,IDLE,IDLE,IDLE,IDLE,IDLE,IDLE,IDLE,IDLE,IDLE,IDLE,IDLE,IDLE,IDLE,IDLE,IDLE,IDLE,IDLE,IDLE
733,2024-01-31 13:00:01,0.00,0.00,0,0.0000,0.0000,0.00,0.9998,0.9999,0.9997,0.9997,0.9998,0.9998,0.9998,0.9997,0.9998,0.9998,0.9999,0.9998,0.9998,0.9999,0.9998,0.9999,0.9998,0.9997,0.9998,0.9998,0.9997,0.9998,0.9999,0.9998,0.9998,0.9999,0.9998,0.9998,0.9998,0.9997,0.9998,0.9998,0.9998,0.9998,0.9998,0.9997,0.9997,0.9998,0.9998,0.9998,0.9998,0.9998,0.9998,0.9998,0.9998,0.9997,0.9999,0.9998,0.9998,0.9999,0.1438,0.1191,0.1865,0.1761,0.1902,0.1870,0.1208,0.1891,0.1883,0.1498,0.1848,0.1325,0.1839,0.1449,0.1993,0.1449,0.1958,0.1884,0.1540,0.1514,0.1877,0.1958,0.1692,0.1584,0.1343,0.1244,0.1958,0.1498,0.1568,0.1806,0.1718,0.1162,0.1883,0.1410,0.1321,0.1761,0.1916,0.1162,0.1545,0.1978,0.1208,0.1917,0.1786,0.1584,0.1901,0.1860,0.1881,0.1633,0.1977,0.1843,IDLE,IDLE,IDLE,IDLE,IDLE,IDLE,IDLE,IDLE,IDLE,IDLE,IDLE,IDLE,IDLE,IDLE,IDLE,IDLE,IDLE,IDLE,IDLE,IDLE,IDLE,IDLE,IDLE,IDLE,IDLE,IDLE,IDLE,IDLE,IDLE,IDLE,IDLE,IDLE,IDLE,IDLE,IDLE,IDLE,IDLE,IDLE,IDLE,IDLE,IDLE,IDLE,IDLE,IDLE,IDLE,IDLE,IDLE,IDLE,IDLE,IDLE
734,2024-01-31 14:00:01,0.00,0.00,0,0.0000,0.0000,0.00,0.9998,0.9999,0.9997,0.9997,0.9998,0.9998,0.9998,0.9997,0.9998,0.9998,0.9999,0.9998,0.9998,0.9999,0.9998,0.9999,0.9998,0.9997,0.9998,0.9998,0.9997,0.9998,0.9999,0.9998,0.9998,0.9999,0.9998,0.9998,0.9998,0.9997,0.9998,0.9998,0.9998,0.9998,0.9998,0.9997,0.9997,0.9998,0.9998,0.9998,0.9998,0.9998,0.9998,0.9998,0.9998,0.9997,0.9999,0.9998,0.9998,0.9999,0.1438,0.1191,0.1865,0.1761,0.1902,0.1870,0.1208,0.1891,0.1883,0.1498,0.1848,0.1325,0.1839,0.1449,0.1993,0.1449,0.1958,0.1884,0.1540,0.1514,0.1877,0.1958,0.1692,0.1584,0.1343,0.1244,0.1958,0.1498,0.1568,0.1806,0.1718,0.1162,0.1883,0.1410,0.1321,0.1761,0.1916,0.1162,0.1545,0.1978,0.1208,0.1917,0.1786,0.1584,0.1901,0.1860,0.1881,0.1633,0.1977,0.1843,IDLE,IDLE,IDLE,IDLE,IDLE,IDLE,IDLE,IDLE,IDLE,IDLE,IDLE,IDLE,IDLE,IDLE,IDLE,IDLE,IDLE,IDLE,IDLE,IDLE,IDLE,IDLE,IDLE,IDLE,IDLE,IDLE,IDLE,IDLE,IDLE,IDLE,IDLE,IDLE,IDLE,IDLE,IDLE,IDLE,IDLE,IDLE,IDLE,IDLE,IDLE,IDLE,IDLE,IDLE,IDLE,IDLE,IDLE,IDLE,IDLE,IDLE
735,2024-01-31 15:00:01,0.00,0.00,0,0.0000,0.0000,0.00,0.9998,0.9999,0.9997,0.9997,0.9998,0.9998,0.9998,0.9997,0.9998,0.9998,0.9999,0.9998,0.9998,0.9999,0.9998,0.9999,0.9998,0.9997,0.9998,0.9998,0.9997,0.9998,0.9999,0.9998,0.9998,0.9999,0.9998,0.9998,0.9998,0.9997,0.9998,0.9998,0.9998,0.9998,0.9998,0.9997,0.9997,0.9998,0.9998,0.9998,0.9998,0.9998,0.9998,0.9998,0.9998,0.9997,0.9999,0.9998,0.9998,0.9999,0.1438,0.1191,0.1865,0.1761,0.1902,0.1870,0.1208,0.1891,0.1883,0.1498,0.1848,0.1325,0.1839,0.1449,0.1993,0.1449,0.1958,0.1884,0.1540,0.1514,0.1877,0.1958,0.1692,0.1584,0.1343,0.1244,0.1958,0.1498,0.1568,0.1806,0.1718,0.1162,0.1883,0.1410,0.1321,0.1761,0.1916,0.1162,0.1545,0.1978,0.1208,0.1917,0.1786,0.1584,0.1901,0.1860,0.1881,0.1633,0.1977,0.1843,IDLE,IDLE,IDLE,IDLE,IDLE,IDLE,IDLE,IDLE,IDLE,IDLE,IDLE,IDLE,IDLE,IDLE,IDLE,IDLE,IDLE,IDLE,IDLE,IDLE,IDLE,IDLE,IDLE,IDLE,IDLE,IDLE,IDLE,IDLE,IDLE,IDLE,IDLE,IDLE,IDLE,IDLE,IDLE,IDLE,IDLE,IDLE,IDLE,IDLE,IDLE,IDLE,IDLE,IDLE,IDLE,IDLE,IDLE,IDLE,IDLE,IDLE
736,2024-01-31 16:00:01,0.00,0.00,0,0.0000,0.0000,0.00,0.9998,0.9999,0.9997,0.9997,0.9998,0.9998,0.9998,0.9997,0.9998,0.9998,0.9999,0.9998,0.9998,0.9999,0.9998,0.9999,0.9998,0.9997,0.9998,0.9998,0.9997,0.9998,0.9999,0.9998,0.9998,0.9999,0.9998,0.9998,0.9998,0.9997,0.9998,0.9998,0.9998,0.9998,0.9998,0.9997,0.9997,0.9998,0.9998,0.9998,0.9998,0.9998,0.9998,0.9998,0.9998,0.9997,0.9999,0.9998,0.9998,0.9999,0.1438,0.1191,0.1865,0.1761,0.1902,0.1870,0.1208,0.1891,0.1883,0.1498,0.1848,0.1325,0.1839,0.1449,0.1993,0.1449,0.1958,0.1884,0.1540,0.1514,0.1877,0.1958,0.1692,0.1584,0.1343,0.1244,0.1958,0.1498,0.1568,0.1806,0.1718,0.1162,0.1883,0.1410,0.1321,0.1761,0.1916,0.1162,0.1545,0.1978,0.1208,0.1917,0.1786,0.1584,0.1901,0.1860,0.1881,0.1633,0.1977,0.1843,IDLE,IDLE,IDLE,IDLE,IDLE,IDLE,IDLE,IDLE,IDLE,IDLE,IDLE,IDLE,IDLE,IDLE,IDLE,IDLE,IDLE,IDLE,IDLE,IDLE,IDLE,IDLE,IDLE,IDLE,IDLE,IDLE,IDLE,IDLE,IDLE,IDLE,IDLE,IDLE,IDLE,IDLE,IDLE,IDLE,IDLE,IDLE,IDLE,IDLE,IDLE,IDLE,IDLE,IDLE,IDLE,IDLE,IDLE,IDLE,IDLE,IDLE
737,2024-01-31 17:00:01,0.00,0.00,0,0.0000,0.0000,0.00,0.9998,0.9999,0.9997,0.9997,0.9998,0.9998,0.9998,0.9997,0.9998,0.9998,0.9999,0.9998,0.9998,0.9999,0.9998,0.9999,0.9998,0.9997,0.9998,0.9998,0.9997,0.9998,0.9999,0.9998,0.9998,0.9999,0.9998,0.9998,0.9998,0.9997,0.9998,0.9998,0.9998,0.9998,0.9998,0.9997,0.9997,0.9998,0.9998,0.9998,0.9998,0.9998,0.9998,0.9998,0.9998,0.9997,0.9999,0.9998,0.9998,0.9999,0.1438,0.1191,0.1865,0.1761,0.1902,0.1870,0.1208,0.1891,0.1883,0.1498,0.1848,0.1325,0.1839,0.1449,0.1993,0.1449,0.1958,0.1884,0.1540,0.1514,0.1877,0.1958,0.1692,0.1584,0.1343,0.1244,0.1958,0.1498,0.1568,0.1806,0.1718,0.1162,0.1883,0.1410,0.1321,0.1761,0.1916,0.1162,0.1545,0.1978,0.1208,0.1917,0.1786,0.1584,0.1901,0.1860,0.1881,0.1633,0.1977,0.1843,IDLE,IDLE,IDLE,IDLE,IDLE,IDLE,IDLE,IDLE,IDLE,IDLE,IDLE,IDLE,IDLE,IDLE,IDLE,IDLE,IDLE,IDLE,IDLE,IDLE,IDLE,IDLE,IDLE,IDLE,IDLE,IDLE,IDLE,IDLE,IDLE,IDLE,IDLE,IDLE,IDLE,IDLE,IDLE,IDLE,IDLE,IDLE,IDLE,IDLE,IDLE,IDLE,IDLE,IDLE,IDLE,IDLE,IDLE,IDLE,IDLE,IDLE
738,2024-01-31 18:00:01,0.00,0.00,0,0.0000,0.0000,0.00,0.9998,0.9999,0.9997,0.9997,0.9998,0.9998,0.9998,0.9997,0.9998,0.9998,0.9999,0.9998,0.9998,0.9999,0.9998,0.9999,0.9998,0.9997,0.9998,0.9998,0.9997,0.9998,0.9999,0.9998,0.9998,0.9999,0.9998,0.9998,0.9998,0.9997,0.9998,0.9998,0.9998,0.9998,0.9998,0.9997,0.9997,0.9998,0.9998,0.9998,0.9998,0.9998,0.9998,0.9998,0.9998,0.9997,0.9999,0.9998,0.9998,0.9999,0.1438,0.1191,0.1865,0.1761,0.1902,0.1870,0.1208,0.1891,0.1883,0.1498,0.1848,0.1325,0.1839,0.1449,0.1993,0.1449,0.1958,0.1884,0.1540,0.1514,0.1877,0.1958,0.1692,0.1584,0.1343,0.1244,0.1958,0.1498,0.1568,0.1806,0.1718,0.1162,0.1883,0.1410,0.1321,0.1761,0.1916,0.1162,0.1545,0.1978,0.1208,0.1917,0.1786,0.1584,0.1901,0.1860,0.1881,0.1633,0.1977,0.1843,IDLE,IDLE,IDLE,IDLE,IDLE,IDLE,IDLE,IDLE,IDLE,IDLE,IDLE,IDLE,IDLE,IDLE,IDLE,IDLE,IDLE,IDLE,IDLE,IDLE,IDLE,IDLE,IDLE,IDLE,IDLE,IDLE,IDLE,IDLE,IDLE,IDLE,IDLE,IDLE,IDLE,IDLE,IDLE,IDLE,IDLE,IDLE,IDLE,IDLE,IDLE,IDLE,IDLE,IDLE,IDLE,IDLE,IDLE,IDLE,IDLE,IDLE
739,2024-01-31 19:00:01,0.00,0.00,0,0.0000,0.0000,0.00,0.9998,0.9999,0.9997,0.9997,0.9998,0.9998,0.9998,0.9997,0.9998,0.9998,0.9999,0.9998,0.9998,0.9999,0.9998,0.9999,0.9998,0.9997,0.9998,0.9998,0.9997,0.9998,0.9999,0.9998,0.9998,0.9999,0.9998,0.9998,0.9998,0.9997,0.9998,0.9998,0.9998,0.9998,0.9998,0.9997,0.9997,0.9998,0.9998,0.9998,0.9998,0.9998,0.9998,0.9998,0.9998,0.9997,0.9999,0.9998,0.9998,0.9999,0.1438,0.1191,0.1865,0.1761,0.1902,0.1870,0.1208,0.1891,0.1883,0.1498,0.1848,0.1325,0.1839,0.1449,0.1993,0.1449,0.1958,0.1884,0.1540,0.1514,0.1877,0.1958,0.1692,0.1584,0.1343,0.1244,0.1958,0.1498,0.1568,0.1806,0.1718,0.1162,0.1883,0.1410,0.1321,0.1761,0.1916,0.1162,0.1545,0.1978,0.1208,0.1917,0.1786,0.1584,0.1901,0.1860,0.1881,0.1633,0.1977,0.1843,IDLE,IDLE,IDLE,IDLE,IDLE,IDLE,IDLE,IDLE,IDLE,IDLE,IDLE,IDLE,IDLE,IDLE,IDLE,IDLE,IDLE,IDLE,IDLE,IDLE,IDLE,IDLE,IDLE,IDLE,IDLE,IDLE,IDLE,IDLE,IDLE,IDLE,IDLE,IDLE,IDLE,IDLE,IDLE,IDLE,IDLE,IDLE,IDLE,IDLE,IDLE,IDLE,IDLE,IDLE,IDLE,IDLE,IDLE,IDLE,IDLE,IDLE
740,2024-01-31 20:00:01,0.00,0.00,0,0.0000,0.0000,0.00,0.9998,0.9999,0.9997,0.9997,0.9998,0.9998,0.9998,0.9997,0.9998,0.9998,0.9999,0.9998,0.9998,0.9999,0.9998,0.9999,0.9998,0.9997,0.9998,0.9998,0.9997,0.9998,0.9999,0.9998,0.9998,0.9999,0.9998,0.9998,0.9998,0.9997,0.9998,0.9998,0.9998,0.9998,0.9998,0.9997,0.9997,0.9998,0.9998,0.9998,0.9998,0.9998,0.9998,0.9998,0.9998,0.9997,0.9999,0.9998,0.9998,0.9999,0.1438,0.1191,0.1865,0.1761,0.1902,0.1870,0.1208,0.1891,0.1883,0.1498,0.1848,0.1325,0.1839,0.1449,0.1993,0.1449,0.1958,0.1884,0.1540,0.1514,0.1877,0.1958,0.1692,0.1584,0.1343,0.1244,0.1958,0.1498,0.1568,0.1806,0.1718,0.1162,0.1883,0.1410,0.1321,0.1761,0.1916,0.1162,0.1545,0.1978,0.1208,0.1917,0.1786,0.1584,0.1901,0.1860,0.1881,0.1633,0.1977,0.1843,IDLE,IDLE,IDLE,IDLE,IDLE,IDLE,IDLE,IDLE,IDLE,IDLE,IDLE,IDLE,IDLE,IDLE,IDLE,IDLE,IDLE,IDLE,IDLE,IDLE,IDLE,IDLE,IDLE,IDLE,IDLE,IDLE,IDLE,IDLE,IDLE,IDLE,IDLE,IDLE,IDLE,IDLE,IDLE,IDLE,IDLE,IDLE,IDLE,IDLE,IDLE,IDLE,IDLE,IDLE,IDLE,IDLE,IDLE,IDLE,IDLE,IDLE
741,2024-01-31 21:00:01,0.00,0.00,0,0.0000,0.0000,0.00,0.9998,0.9999,0.9997,0.9997,0.9998,0.9998,0.9998,0.9997,0.9998,0.9998,0.9999,0.9998,0.9998,0.9999,0.9998,0.9999,0.9998,0.9997,0.9998,0.9998,0.9997,0.9998,0.9999,0.9998,0.9998,0.9999,0.9998,0.9998,0.9998,0.9997,0.9998,0.9998,0.9998,0.9998,0.9998,0.9997,0.9997,0.9998,0.9998,0.9998,0.9998,0.9998,0.9998,0.9998,0.9998,0.9997,0.9999,0.9998,0.9998,0.9999,0.1438,0.1191,0.1865,0.1761,0.1902,0.1870,0.1208,0.1891,0.1883,0.1498,0.1848,0.1325,0.1839,0.1449,0.1993,0.1449,0.1958,0.1884,0.1540,0.1514,0.1877,0.1958,0.1692,0.1584,0.1343,0.1244,0.1958,0.1498,0.1568,0.1806,0.1718,0.1162,0.1883,0.1410,0.1321,0.1761,0.1916,0.1162,0.1545,0.1978,0.1208,0.1917,0.1786,0.1584,0.1901,0.1860,0.1881,0.1633,0.1977,0.1843,IDLE,IDLE,IDLE,IDLE,IDLE,IDLE,IDLE,IDLE,IDLE,IDLE,IDLE,IDLE,IDLE,IDLE,IDLE,IDLE,IDLE,IDLE,IDLE,IDLE,IDLE,IDLE,IDLE,IDLE,IDLE,IDLE,IDLE,IDLE,IDLE,IDLE,IDLE,IDLE,IDLE,IDLE,IDLE,IDLE,IDLE,IDLE,IDLE,IDLE,IDLE,IDLE,IDLE,IDLE,IDLE,IDLE,IDLE,IDLE,IDLE,IDLE
742,2024-01-31 22:00:01,0.00,0.00,0,0.0000,0.0000,0.00,0.9998,0.9999,0.9997,0.9997,0.9998,0.9998,0.9998,0.9997,0.9998,0.9998,0.9999,0.9998,0.9998,0.9999,0.9998,0.9999,0.9998,0.9997,0.9998,0.9998,0.9997,0.9998,0.9999,0.9998,0.9998,0.9999,0.9998,0.9998,0.9998,0.9997,0.9998,0.9998,0.9998,0.9998,0.9998,0.9997,0.9997,0.9998,0.9998,0.9998,0.9998,0.9998,0.9998,0.9998,0.9998,0.9997,0.9999,0.9998,0.9998,0.9999,0.1438,0.1191,0.1865,0.1761,0.1902,0.1870,0.1208,0.1891,0.1883,0.1498,0.1848,0.1325,0.1839,0.1449,0.1993,0.1449,0.1958,0.1884,0.1540,0.1514,0.1877,0.1958,0.1692,0.1584,0.1343,0.1244,0.1958,0.1498,0.1568,0.1806,0.1718,0.1162,0.1883,0.1410,0.1321,0.1761,0.1916,0.1162,0.1545,0.1978,0.1208,0.1917,0.1786,0.1584,0.1901,0.1860,0.1881,0.1633,0.1977,0.1843,IDLE,IDLE,IDLE,IDLE,IDLE,IDLE,IDLE,IDLE,IDLE,IDLE,IDLE,IDLE,IDLE,IDLE,IDLE,IDLE,IDLE,IDLE,IDLE,IDLE,IDLE,IDLE,IDLE,IDLE,IDLE,IDLE,IDLE,IDLE,IDLE,IDLE,IDLE,IDLE,IDLE,IDLE,IDLE,IDLE,IDLE,IDLE,IDLE,IDLE,IDLE,IDLE,IDLE,IDLE,IDLE,IDLE,IDLE,IDLE,IDLE,IDLE
743,2024-01-31 23:00:01,0.00,0.00,0,0.0000,0.0000,0.00,0.9998,0.9999,0.9997,0.9997,0.9998,0.9998,0.9998,0.9997,0.9998,0.9998,0.9999,0.9998,0.9998,0.9999,0.9998,0.9999,0.9998,0.9997,0.9998,0.9998,0.9997,0.9998,0.9999,0.9998,0.9998,0.9999,0.9998,0.9998,0.9998,0.9997,0.9998,0.9998,0.9998,0.9998,0.9998,0.9997,0.9997,0.9998,0.9998,0.9998,0.9998,0.9998,0.9998,0.9998,0.9998,0.9997,0.9999,0.9998,0.9998,0.9999,0.1438,0.1191,0.1865,0.1761,0.1902,0.1870,0.1208,0.1891,0.1883,0.1498,0.1848,0.1325,0.1839,0.1449,0.1993,0.1449,0.1958,0.1884,0.1540,0.1514,0.1877,0.1958,0.1692,0.1584,0.1343,0.1244,0.1958,0.1498,0.1568,0.1806,0.1718,0.1162,0.1883,0.1410,0.1321,0.1761,0.1916,0.1162,0.1545,0.1978,0.1208,0.1917,0.1786,0.1584,0.1901,0.1860,0.1881,0.1633,0.1977,0.1843,IDLE,IDLE,IDLE,IDLE,IDLE,IDLE,IDLE,IDLE,IDLE,IDLE,IDLE,IDLE,IDLE,IDLE,IDLE,IDLE,IDLE,IDLE,IDLE,IDLE,IDLE,IDLE,IDLE,IDLE,IDLE,IDLE,IDLE,IDLE,IDLE,IDLE,IDLE,IDLE,IDLE,IDLE,IDLE,IDLE,IDLE,IDLE,IDLE,IDLE,IDLE,IDLE,IDLE,IDLE,IDLE,IDLE,IDLE,IDLE,IDLE,IDLE
744,2024-02-01 00:00:01,0.00,0.00,0,0.0000,0.0000,0.00,0.9998,0.9999,0.9997,0.9997,0.9998,0.9998,0.9998,0.9997,0.9998,0.9998,0.9999,0.9998,0.9998,0.9999,0.9998,0.9999,0.9998,0.9997,0.9998,0.9998,0.9997,0.9998,0.9999,0.9998,0.9998,0.9999,0.9998,0.9998,0.9998,0.9997,0.9998,0.9998,0.9998,0.9998,0.9998,0.9997,0.9997,0.9998,0.9998,0.9998,0.9998,0.9998,0.9998,0.9998,0.9998,0.9997,0.9999,0.9998,0.9998,0.9999,0.1438,0.1191,0.1865,0.1761,0.1902,0.1870,0.1208,0.1891,0.1883,0.1498,0.1848,0.1325,0.1839,0.1449,0.1993,0.1449,0.1958,0.1884,0.1540,0.1514,0.1877,0.1958,0.1692,0.1584,0.1343,0.1244,0.1958,0.1498,0.1568,0.1806,0.1718,0.1162,0.1883,0.1410,0.1321,0.1761,0.1916,0.1162,0.1545,0.1978,0.1208,0.1917,0.1786,0.1584,0.1901,0.1860,0.1881,0.1633,0.1977,0.1843,IDLE,IDLE,IDLE,IDLE,IDLE,IDLE,IDLE,IDLE,IDLE,IDLE,IDLE,IDLE,IDLE,IDLE,IDLE,IDLE,IDLE,IDLE,IDLE,IDLE,IDLE,IDLE,IDLE,IDLE,IDLE,IDLE,IDLE,IDLE,IDLE,IDLE,IDLE,IDLE,IDLE,IDLE,IDLE,IDLE,IDLE,IDLE,IDLE,IDLE,IDLE,IDLE,IDLE,IDLE,IDLE,IDLE,IDLE,IDLE,IDLE,IDLE
