step,timestamp,net_building_load,total_grid_power,step_completed,v2b_revenue,current_price,taxi_profit,soh_0,soh_1,soh_2,soh_3,soh_4,soh_5,soh_6,soh_7,soh_8,soh_9,soh_10,soh_11,soh_12,soh_13,soh_14,soh_15,soh_16,soh_17,soh_18,soh_19,soh_20,soh_21,soh_22,soh_23,soh_24,soh_25,soh_26,soh_27,soh_28,soh_29,soh_30,soh_31,soh_32,soh_33,soh_34,soh_35,soh_36,soh_37,soh_38,soh_39,soh_40,soh_41,soh_42,soh_43,soh_44,soh_45,soh_46,soh_47,soh_48,soh_49,soc_0,soc_1,soc_2,soc_3,soc_4,soc_5,soc_6,soc_7,soc_8,soc_9,soc_10,soc_11,soc_12,soc_13,soc_14,soc_15,soc_16,soc_17,soc_18,soc_19,soc_20,soc_21,soc_22,soc_23,soc_24,soc_25,soc_26,soc_27,soc_28,soc_29,soc_30,soc_31,soc_32,soc_33,soc_34,soc_35,soc_36,soc_37,soc_38,soc_39,soc_40,soc_41,soc_42,soc_43,soc_44,soc_45,soc_46,soc_47,soc_48,soc_49,status_0,status_1,status_2,status_3,status_4,status_5,status_6,status_7,status_8,status_9,status_10,status_11,status_12,status_13,status_14,status_15,status_16,status_17,status_18,status_19,status_20,status_21,status_22,status_23,status_24,status_25,status_26,status_27,status_28,status_29,status_30,status_31,status_32,status_33,status_34,status_35,status_36,status_37,status_38,status_39,status_40,status_41,status_42,status_43,status_44,status_45,status_46,status_47,status_48,status_49
0,2024-01-01 00:00:01,0.00,0.00,0,0.0000,0.0000,0.00,1.0000,1.0000,1.0000,1.0000,1.0000,1.0000,1.0000,1.0000,1.0000,1.0000,1.0000,1.0000,1.0000,1.0000,1.0000,1.0000,1.0000,1.0000,1.0000,1.0000,1.0000,1.0000,1.0000,1.0000,1.0000,1.0000,1.0000,1.0000,1.0000,1.0000,1.0000,1.0000,1.0000,1.0000,1.0000,1.0000,1.0000,1.0000,1.0000,1.0000,1.0000,1.0000,1.0000,1.0000,1.0000,1.0000,1.0000,1.0000,1.0000,1.0000,1.0000,1.0000,1.0000,1.0000,1.0000,1.0000,1.0000,1.0000,1.0000,1.0000,1.0000,1.0000,1.0000,1.0000,1.0000,1.0000,1.0000,1.0000,1.0000,1.0000,1.0000,1.0000,1.0000,1.0000,1.0000,1.0000,1.0000,1.0000,1.0000,1.0000,1.0000,1.0000,1.0000,1.0000,1.0000,1.0000,1.0000,1.0000,1.0000,1.0000,1.0000,1.0000,1.0000,1.0000,1.0000,1.0000,1.0000,1.0000,1.0000,1.0000,IDLE,IDLE,IDLE,IDLE,IDLE,IDLE,IDLE,IDLE,IDLE,IDLE,IDLE,IDLE,IDLE,IDLE,IDLE,IDLE,IDLE,IDLE,IDLE,IDLE,IDLE,IDLE,IDLE,IDLE,IDLE,IDLE,IDLE,IDLE,IDLE,IDLE,IDLE,IDLE,IDLE,IDLE,IDLE,IDLE,IDLE,IDLE,IDLE,IDLE,IDLE,IDLE,IDLE,IDLE,IDLE,IDLE,IDLE,IDLE,IDLE,IDLE
1,2024-01-01 01:00:01,0.00,0.00,0,0.0000,0.0000,436.45,1.0000,1.0000,1.0000,1.0000,1.0000,1.0000,1.0000,1.0000,1.0000,1.0000,1.0000,1.0000,1.0000,1.0000,1.0000,1.0000,1.0000,1.0000,1.0000,1.0000,1.0000,1.0000,1.0000,1.0000,1.0000,1.0000,1.0000,1.0000,1.0000,1.0000,1.0000,1.0000,1.0000,1.0000,1.0000,1.0000,1.0000,1.0000,1.0000,1.0000,1.0000,1.0000,1.0000,1.0000,1.0000,1.0000,1.0000,1.0000,1.0000,1.0000,0.9843,0.9689,0.9939,0.9914,0.9895,0.9905,0.9742,0.9892,0.9918,0.9793,0.9710,0.9948,0.9884,0.9801,0.9837,0.9801,0.9854,0.9927,0.9842,0.9855,0.9871,0.9854,0.9864,0.9803,0.9877,0.9804,0.9854,0.9793,0.9826,0.9919,0.9917,0.9863,0.9918,0.9842,0.9862,0.9914,0.9953,0.9863,0.9889,0.9861,0.9742,0.9897,0.9914,0.9803,0.9956,0.9876,0.9879,0.9874,0.9794,0.9868,ONJOB,ONJOB,ONJOB,ONJOB,ONJOB,ONJOB,ONJOB,ONJOB,ONJOB,ONJOB,ONJOB,ONJOB,ONJOB,ONJOB,ONJOB,ONJOB,ONJOB,ONJOB,ONJOB,ONJOB,ONJOB,ONJOB,ONJOB,ONJOB,ONJOB,ONJOB,ONJOB,ONJOB,ONJOB,ONJOB,ONJOB,ONJOB,ONJOB,ONJOB,ONJOB,ONJOB,ONJOB,ONJOB,ONJOB,ONJOB,ONJOB,ONJOB,ONJOB,ONJOB,ONJOB,ONJOB,ONJOB,ONJOB,ONJOB,ONJOB
2,2024-01-01 02:00:01,0.00,0.00,0,0.0000,0.0000,0.00,1.0000,1.0000,1.0000,1.0000,1.0000,1.0000,1.0000,1.0000,1.0000,1.0000,1.0000,1.0000,1.0000,1.0000,1.0000,1.0000,1.0000,1.0000,1.0000,1.0000,1.0000,1.0000,1.0000,1.0000,1.0000,1.0000,1.0000,1.0000,1.0000,1.0000,1.0000,1.0000,1.0000,1.0000,1.0000,1.0000,1.0000,1.0000,1.0000,1.0000,1.0000,1.0000,1.0000,1.0000,1.0000,1.0000,1.0000,1.0000,1.0000,1.0000,0.9437,0.9198,0.9877,0.9759,0.9148,0.9225,0.9365,0.9702,0.9836,0.9346,0.9049,0.9833,0.9768,0.9476,0.9498,0.9476,0.9522,0.9811,0.9417,0.9621,0.9609,0.9522,0.9426,0.9397,0.9546,0.9472,0.9522,0.9346,0.9535,0.9639,0.9526,0.9359,0.9836,0.9684,0.9186,0.9759,0.9907,0.9359,0.9780,0.9504,0.9365,0.9745,0.9828,0.9397,0.9867,0.9535,0.9592,0.9451,0.9226,0.9355,IDLE,IDLE,IDLE,IDLE,IDLE,IDLE,IDLE,IDLE,IDLE,IDLE,IDLE,IDLE,IDLE,IDLE,IDLE,IDLE,IDLE,IDLE,IDLE,IDLE,IDLE,IDLE,IDLE,IDLE,IDLE,IDLE,IDLE,IDLE,IDLE,IDLE,IDLE,IDLE,IDLE,IDLE,IDLE,IDLE,IDLE,IDLE,IDLE,IDLE,IDLE,IDLE,IDLE,IDLE,IDLE,IDLE,IDLE,IDLE,IDLE,IDLE
3,2024-01-01 03:00:01,0.00,0.00,0,0.0000,0.0000,469.08,0.9999,0.9999,0.9999,0.9999,0.9999,0.9999,0.9999,0.9999,0.9999,0.9999,0.9999,0.9999,0.9999,0.9999,0.9999,0.9999,0.9999,0.9999,0.9999,0.9999,0.9999,0.9999,0.9999,0.9999,0.9999,0.9999,0.9999,0.9999,0.9999,0.9999,0.9999,0.9999,0.9999,0.9999,0.9999,0.9999,0.9999,0.9999,0.9999,0.9999,0.9999,0.9999,0.9999,0.9999,0.9999,0.9999,0.9999,0.9999,0.9999,0.9999,0.9269,0.8889,0.9816,0.9673,0.8994,0.9082,0.9083,0.9511,0.9754,0.9165,0.8842,0.9782,0.9652,0.9317,0.9275,0.9317,0.9389,0.9746,0.9233,0.9500,0.9357,0.9389,0.9225,0.9261,0.9386,0.9305,0.9389,0.9165,0.9338,0.9487,0.9376,0.9196,0.9754,0.9526,0.9017,0.9673,0.9860,0.9196,0.9669,0.9356,0.9083,0.9642,0.9742,0.9261,0.9823,0.9394,0.9397,0.9329,0.9067,0.9204,ONJOB,ONJOB,ONJOB,ONJOB,ONJOB,ONJOB,ONJOB,ONJOB,ONJOB,ONJOB,ONJOB,ONJOB,ONJOB,ONJOB,ONJOB,ONJOB,ONJOB,ONJOB,ONJOB,ONJOB,ONJOB,ONJOB,ONJOB,ONJOB,ONJOB,ONJOB,ONJOB,ONJOB,ONJOB,ONJOB,ONJOB,ONJOB,ONJOB,ONJOB,ONJOB,ONJOB,ONJOB,ONJOB,ONJOB,ONJOB,ONJOB,ONJOB,ONJOB,ONJOB,ONJOB,ONJOB,ONJOB,ONJOB,ONJOB,ONJOB
4,2024-01-01 04:00:01,0.00,0.00,0,0.0000,0.0000,0.00,0.9999,0.9999,0.9999,0.9999,0.9999,0.9999,0.9999,0.9999,0.9999,0.9999,0.9999,0.9999,0.9999,0.9999,0.9999,0.9999,0.9999,0.9999,0.9999,0.9999,0.9999,0.9999,0.9999,0.9999,0.9999,0.9999,0.9999,0.9999,0.9999,0.9999,0.9999,0.9999,0.9999,0.9999,0.9999,0.9999,0.9999,0.9999,0.9999,0.9999,0.9999,0.9999,0.9999,0.9999,0.9999,0.9999,0.9999,0.9999,0.9999,0.9999,0.8358,0.7733,0.9662,0.9270,0.8526,0.9082,0.8640,0.9338,0.9133,0.8753,0.7872,0.9706,0.8963,0.8761,0.8820,0.8761,0.9133,0.9446,0.9000,0.9149,0.8845,0.9133,0.8920,0.8877,0.8966,0.8367,0.9133,0.8753,0.8709,0.9299,0.8924,0.8693,0.9133,0.9002,0.8585,0.9270,0.9701,0.8693,0.9559,0.9088,0.8640,0.9490,0.9742,0.8877,0.9764,0.9193,0.9075,0.8897,0.9067,0.8700,IDLE,IDLE,IDLE,IDLE,IDLE,ONJOB,IDLE,IDLE,IDLE,IDLE,IDLE,IDLE,IDLE,IDLE,IDLE,IDLE,IDLE,IDLE,IDLE,IDLE,IDLE,IDLE,IDLE,IDLE,IDLE,IDLE,IDLE,IDLE,IDLE,IDLE,IDLE,IDLE,IDLE,IDLE,IDLE,IDLE,IDLE,IDLE,IDLE,IDLE,IDLE,IDLE,ONJOB,IDLE,IDLE,IDLE,IDLE,IDLE,ONJOB,IDLE
5,2024-01-01 05:00:01,0.00,0.00,0,0.0000,0.0000,545.71,0.9999,0.9999,0.9999,0.9999,0.9999,0.9999,0.9999,0.9999,0.9999,0.9999,0.9999,0.9999,0.9999,0.9999,0.9999,0.9999,0.9999,0.9999,0.9999,0.9999,0.9999,0.9999,0.9999,0.9999,0.9999,0.9999,0.9999,0.9999,0.9999,0.9999,0.9999,0.9999,0.9999,0.9999,0.9999,0.9999,0.9999,0.9999,0.9999,0.9999,0.9999,0.9999,0.9999,0.9999,0.9999,0.9999,0.9999,0.9999,0.9999,0.9999,0.8191,0.7424,0.9601,0.9184,0.8238,0.8431,0.8462,0.9254,0.8779,0.8578,0.7665,0.9654,0.8635,0.8569,0.8656,0.8569,0.8978,0.9373,0.8827,0.9028,0.8720,0.8978,0.8718,0.8741,0.8805,0.8240,0.8978,0.8578,0.8337,0.9209,0.8775,0.8541,0.8779,0.8686,0.8354,0.9184,0.9654,0.8541,0.9448,0.9088,0.8462,0.9387,0.9077,0.8741,0.9721,0.9096,0.8879,0.8647,0.8178,0.8549,ONJOB,ONJOB,ONJOB,ONJOB,ONJOB,IDLE,ONJOB,ONJOB,ONJOB,ONJOB,ONJOB,ONJOB,ONJOB,ONJOB,ONJOB,ONJOB,ONJOB,ONJOB,ONJOB,ONJOB,ONJOB,ONJOB,ONJOB,ONJOB,ONJOB,ONJOB,ONJOB,ONJOB,ONJOB,ONJOB,ONJOB,ONJOB,ONJOB,ONJOB,ONJOB,ONJOB,ONJOB,ONJOB,ONJOB,TOPICKUP,ONJOB,ONJOB,IDLE,ONJOB,ONJOB,ONJOB,ONJOB,ONJOB,IDLE,ONJOB
6,2024-01-01 06:00:01,0.00,0.00,0,0.0000,0.0000,68.33,0.9999,0.9999,0.9999,0.9999,0.9999,0.9999,0.9999,0.9999,0.9999,0.9999,0.9999,0.9999,0.9999,0.9999,0.9999,0.9999,0.9999,0.9999,0.9999,0.9999,0.9999,0.9999,0.9999,0.9999,0.9999,0.9999,0.9999,0.9999,0.9999,0.9999,0.9999,0.9999,0.9999,0.9999,0.9999,0.9999,0.9999,0.9999,0.9999,0.9999,0.9999,0.9999,0.9999,0.9999,0.9999,0.9999,0.9999,0.9999,0.9999,0.9999,0.7655,0.6695,0.9314,0.8414,0.7820,0.8318,0.8111,0.8794,0.8367,0.8265,0.7042,0.9264,0.8635,0.8310,0.8191,0.8310,0.8724,0.8573,0.8437,0.8850,0.8353,0.8724,0.8448,0.8269,0.8303,0.7032,0.8724,0.8265,0.7196,0.8755,0.8555,0.7451,0.8367,0.8686,0.7339,0.8414,0.9286,0.7451,0.9074,0.8938,0.8111,0.9034,0.8860,0.8269,0.9328,0.8644,0.8546,0.8339,0.7954,0.8277,IDLE,IDLE,IDLE,IDLE,IDLE,ONJOB,IDLE,IDLE,IDLE,IDLE,IDLE,IDLE,ONJOB,IDLE,IDLE,IDLE,IDLE,IDLE,IDLE,IDLE,IDLE,IDLE,IDLE,IDLE,IDLE,IDLE,IDLE,IDLE,IDLE,IDLE,IDLE,IDLE,IDLE,ONJOB,IDLE,IDLE,IDLE,IDLE,IDLE,ONJOB,IDLE,IDLE,ONJOB,IDLE,IDLE,IDLE,IDLE,IDLE,ONJOB,IDLE
7,2024-01-01 07:00:01,0.00,0.00,0,0.0000,0.0000,646.49,0.9999,0.9999,0.9999,0.9999,0.9999,0.9999,0.9999,0.9999,0.9999,0.9999,0.9999,0.9999,0.9999,0.9999,0.9999,0.9999,0.9999,0.9999,0.9999,0.9999,0.9999,0.9999,0.9999,0.9999,0.9999,0.9999,0.9999,0.9999,0.9999,0.9999,0.9999,0.9999,0.9999,0.9999,0.9999,0.9999,0.9999,0.9999,0.9999,0.9999,0.9999,0.9999,0.9999,0.9999,0.9999,0.9999,0.9999,0.9999,0.9999,0.9999,0.7488,0.6386,0.9252,0.8328,0.7597,0.8318,0.7899,0.8659,0.8285,0.8086,0.6852,0.9212,0.7518,0.8118,0.8027,0.8118,0.8578,0.8507,0.8279,0.8729,0.8186,0.8578,0.8302,0.8134,0.8142,0.6864,0.8578,0.8086,0.6999,0.8603,0.8405,0.7314,0.8285,0.7627,0.7116,0.8328,0.9239,0.7314,0.8965,0.8748,0.7899,0.8932,0.8860,0.8134,0.9284,0.8503,0.8383,0.8089,0.7632,0.8126,ONJOB,ONJOB,ONJOB,ONJOB,ONJOB,ONJOB,ONJOB,ONJOB,ONJOB,ONJOB,ONJOB,ONJOB,IDLE,ONJOB,ONJOB,ONJOB,ONJOB,ONJOB,ONJOB,ONJOB,ONJOB,ONJOB,ONJOB,ONJOB,ONJOB,ONJOB,ONJOB,ONJOB,ONJOB,ONJOB,ONJOB,ONJOB,ONJOB,IDLE,ONJOB,ONJOB,ONJOB,ONJOB,ONJOB,IDLE,ONJOB,ONJOB,ONJOB,ONJOB,ONJOB,ONJOB,ONJOB,ONJOB,IDLE,ONJOB
8,2024-01-01 08:00:01,0.00,0.00,0,0.0000,0.0000,120.00,0.9999,0.9999,0.9999,0.9999,0.9999,0.9999,0.9999,0.9999,0.9999,0.9999,0.9999,0.9999,0.9999,0.9999,0.9999,0.9999,0.9999,0.9999,0.9999,0.9999,0.9999,0.9999,0.9999,0.9999,0.9999,0.9999,0.9999,0.9999,0.9999,0.9999,0.9999,0.9999,0.9999,0.9999,0.9999,0.9999,0.9998,0.9999,0.9999,0.9999,0.9999,0.9999,0.9999,0.9999,0.9998,0.9999,0.9999,0.9999,0.9999,0.9999,0.6618,0.5331,0.8695,0.7879,0.7440,0.8318,0.7376,0.8282,0.8193,0.7670,0.6353,0.8548,0.7402,0.8118,0.7671,0.8118,0.8423,0.8054,0.7854,0.8334,0.7884,0.8423,0.7897,0.7760,0.7818,0.5933,0.8423,0.7670,0.6874,0.8323,0.7966,0.6810,0.8193,0.7469,0.6683,0.7879,0.9157,0.6810,0.8642,0.8559,0.7376,0.8639,0.8183,0.7760,0.8585,0.8162,0.7969,0.7605,0.7473,0.7662,IDLE,IDLE,IDLE,IDLE,IDLE,ONJOB,IDLE,IDLE,IDLE,IDLE,IDLE,IDLE,ONJOB,ONJOB,IDLE,ONJOB,IDLE,IDLE,IDLE,IDLE,IDLE,IDLE,IDLE,IDLE,IDLE,IDLE,IDLE,IDLE,IDLE,IDLE,IDLE,IDLE,IDLE,ONJOB,IDLE,IDLE,IDLE,IDLE,IDLE,ONJOB,IDLE,IDLE,IDLE,IDLE,IDLE,IDLE,IDLE,IDLE,ONJOB,IDLE
9,2024-01-01 09:00:01,0.00,0.00,0,0.0000,0.0000,711.73,0.9999,0.9999,0.9998,0.9999,0.9999,0.9999,0.9999,0.9999,0.9999,0.9999,0.9999,0.9998,0.9999,0.9999,0.9999,0.9999,0.9999,0.9999,0.9999,0.9999,0.9999,0.9999,0.9999,0.9999,0.9999,0.9999,0.9999,0.9999,0.9999,0.9999,0.9999,0.9999,0.9999,0.9999,0.9999,0.9999,0.9998,0.9999,0.9998,0.9999,0.9999,0.9998,0.9999,0.9999,0.9998,0.9999,0.9999,0.9999,0.9999,0.9999,0.6450,0.5094,0.8634,0.7793,0.7246,0.8318,0.7164,0.8186,0.8111,0.7550,0.6216,0.8496,0.7044,0.7687,0.7557,0.7687,0.8291,0.7988,0.7708,0.8234,0.7755,0.8291,0.7661,0.7624,0.7702,0.5808,0.8291,0.7550,0.6677,0.8229,0.7883,0.6673,0.8111,0.6991,0.6536,0.7793,0.9110,0.6673,0.8533,0.8170,0.7164,0.8536,0.8097,0.7624,0.8542,0.8041,0.7690,0.7480,0.7164,0.7529,ONJOB,ONJOB,ONJOB,ONJOB,ONJOB,ONJOB,ONJOB,ONJOB,ONJOB,ONJOB,ONJOB,ONJOB,IDLE,IDLE,ONJOB,IDLE,ONJOB,ONJOB,ONJOB,ONJOB,ONJOB,ONJOB,ONJOB,ONJOB,ONJOB,ONJOB,ONJOB,ONJOB,ONJOB,ONJOB,ONJOB,ONJOB,ONJOB,IDLE,ONJOB,ONJOB,ONJOB,ONJOB,ONJOB,IDLE,ONJOB,ONJOB,ONJOB,ONJOB,ONJOB,ONJOB,ONJOB,ONJOB,IDLE,ONJOB
10,2024-01-01 10:00:01,0.00,0.00,0,0.0000,0.0000,162.95,0.9999,0.9999,0.9998,0.9999,0.9999,0.9999,0.9999,0.9999,0.9999,0.9999,0.9999,0.9998,0.9999,0.9999,0.9999,0.9999,0.9999,0.9999,0.9999,0.9999,0.9999,0.9999,0.9999,0.9999,0.9999,0.9999,0.9999,0.9999,0.9999,0.9999,0.9999,0.9999,0.9999,0.9999,0.9999,0.9999,0.9998,0.9999,0.9998,0.9999,0.9999,0.9998,0.9999,0.9999,0.9998,0.9999,0.9999,0.9999,0.9999,0.9999,0.5969,0.4685,0.8453,0.7638,0.6813,0.8318,0.6733,0.7674,0.7656,0.7368,0.6009,0.7832,0.6928,0.7632,0.7040,0.7632,0.7872,0.7556,0.7482,0.8078,0.7187,0.7872,0.7162,0.7251,0.7244,0.5640,0.7872,0.7368,0.6193,0.7911,0.7342,0.6410,0.7656,0.6905,0.6155,0.7638,0.9063,0.6410,0.8424,0.8031,0.6733,0.8102,0.7560,0.7251,0.7843,0.7661,0.7690,0.6900,0.7045,0.6925,IDLE,IDLE,IDLE,IDLE,IDLE,ONJOB,IDLE,IDLE,IDLE,IDLE,IDLE,IDLE,ONJOB,ONJOB,IDLE,ONJOB,IDLE,IDLE,IDLE,IDLE,IDLE,IDLE,IDLE,IDLE,IDLE,IDLE,IDLE,IDLE,IDLE,IDLE,IDLE,IDLE,IDLE,ONJOB,IDLE,IDLE,IDLE,IDLE,IDLE,ONJOB,IDLE,IDLE,IDLE,IDLE,IDLE,IDLE,ONJOB,IDLE,ONJOB,IDLE
11,2024-01-01 11:00:01,0.00,0.00,0,0.0000,0.0000,788.30,0.9999,0.9999,0.9998,0.9999,0.9999,0.9999,0.9999,0.9998,0.9999,0.9999,0.9999,0.9998,0.9999,0.9999,0.9999,0.9999,0.9999,0.9998,0.9999,0.9998,0.9999,0.9999,0.9999,0.9999,0.9999,0.9999,0.9999,0.9999,0.9999,0.9998,0.9999,0.9999,0.9999,0.9999,0.9999,0.9999,0.9998,0.9999,0.9998,0.9999,0.9999,0.9998,0.9999,0.9999,0.9998,0.9999,0.9999,0.9999,0.9999,0.9999,0.5811,0.4376,0.8391,0.7552,0.6660,0.8318,0.6527,0.7590,0.7574,0.7189,0.5803,0.7780,0.6928,0.7296,0.6926,0.7296,0.7750,0.7491,0.7335,0.7923,0.7063,0.7750,0.6926,0.7115,0.7121,0.5513,0.7750,0.7189,0.5996,0.7830,0.7234,0.6289,0.7574,0.6421,0.6007,0.7552,0.9017,0.6289,0.8315,0.7716,0.6527,0.7999,0.7475,0.7115,0.7800,0.7564,0.7161,0.6778,0.6729,0.6809,ONJOB,ONJOB,ONJOB,ONJOB,ONJOB,ONJOB,ONJOB,ONJOB,ONJOB,ONJOB,ONJOB,ONJOB,ONJOB,IDLE,ONJOB,IDLE,ONJOB,ONJOB,ONJOB,ONJOB,ONJOB,ONJOB,ONJOB,ONJOB,ONJOB,ONJOB,ONJOB,ONJOB,ONJOB,ONJOB,ONJOB,ONJOB,ONJOB,IDLE,ONJOB,ONJOB,ONJOB,ONJOB,ONJOB,IDLE,ONJOB,ONJOB,ONJOB,ONJOB,ONJOB,ONJOB,IDLE,ONJOB,IDLE,ONJOB
12,2024-01-01 12:00:01,0.00,0.00,0,0.0000,0.0000,124.75,0.9999,0.9999,0.9998,0.9998,0.9999,0.9999,0.9999,0.9998,0.9998,0.9999,0.9999,0.9998,0.9999,0.9999,0.9999,0.9999,0.9998,0.9998,0.9999,0.9998,0.9999,0.9998,0.9999,0.9999,0.9999,0.9999,0.9998,0.9999,0.9999,0.9998,0.9999,0.9999,0.9998,0.9999,0.9999,0.9998,0.9998,0.9999,0.9998,0.9999,0.9999,0.9998,0.9999,0.9999,0.9998,0.9998,0.9999,0.9999,0.9999,0.9999,0.5330,0.4065,0.7922,0.7102,0.6408,0.7818,0.6096,0.7210,0.6996,0.6811,0.5501,0.7704,0.6179,0.7103,0.6645,0.7103,0.7364,0.6984,0.6952,0.7823,0.6752,0.7364,0.6427,0.6654,0.7022,0.4992,0.7364,0.6811,0.5429,0.7678,0.6837,0.6039,0.6996,0.6279,0.5754,0.7102,0.8958,0.6039,0.7848,0.7577,0.6096,0.7646,0.7475,0.6654,0.7741,0.7259,0.7039,0.6439,0.6570,0.6385,IDLE,IDLE,IDLE,IDLE,IDLE,IDLE,IDLE,IDLE,IDLE,IDLE,IDLE,IDLE,IDLE,ONJOB,IDLE,ONJOB,IDLE,IDLE,IDLE,IDLE,IDLE,IDLE,IDLE,IDLE,IDLE,IDLE,IDLE,IDLE,IDLE,IDLE,IDLE,IDLE,IDLE,ONJOB,IDLE,IDLE,IDLE,IDLE,IDLE,ONJOB,IDLE,IDLE,ONJOB,IDLE,IDLE,IDLE,ONJOB,IDLE,ONJOB,IDLE
13,2024-01-01 13:00:01,0.00,0.00,0,0.0000,0.0000,587.47,0.9999,0.9999,0.9998,0.9998,0.9999,0.9999,0.9999,0.9998,0.9998,0.9999,0.9999,0.9998,0.9999,0.9999,0.9999,0.9999,0.9998,0.9998,0.9999,0.9998,0.9999,0.9998,0.9999,0.9999,0.9999,0.9999,0.9998,0.9999,0.9999,0.9998,0.9999,0.9999,0.9998,0.9999,0.9999,0.9998,0.9998,0.9999,0.9998,0.9998,0.9999,0.9998,0.9999,0.9999,0.9998,0.9998,0.9999,0.9999,0.9999,0.9999,0.5172,0.3828,0.7860,0.7015,0.6299,0.7706,0.5889,0.7126,0.6914,0.6690,0.5364,0.7653,0.6063,0.6686,0.6531,0.6686,0.7232,0.6911,0.6805,0.7667,0.6628,0.7232,0.6191,0.6518,0.6923,0.4866,0.7232,0.6690,0.5255,0.7597,0.6729,0.5918,0.6914,0.5862,0.5611,0.7015,0.8912,0.5918,0.7739,0.7376,0.5889,0.7543,0.6856,0.6518,0.7697,0.7163,0.6622,0.6316,0.6168,0.6269,ONJOB,ONJOB,ONJOB,ONJOB,ONJOB,ONJOB,ONJOB,ONJOB,ONJOB,ONJOB,ONJOB,ONJOB,ONJOB,IDLE,ONJOB,IDLE,ONJOB,ONJOB,ONJOB,ONJOB,ONJOB,ONJOB,ONJOB,ONJOB,ONJOB,ONJOB,ONJOB,ONJOB,ONJOB,ONJOB,ONJOB,ONJOB,ONJOB,IDLE,ONJOB,ONJOB,ONJOB,ONJOB,ONJOB,IDLE,ONJOB,ONJOB,IDLE,ONJOB,ONJOB,ONJOB,IDLE,ONJOB,IDLE,ONJOB
14,2024-01-01 14:00:01,0.00,0.00,0,0.0000,0.0000,155.50,0.9999,0.9999,0.9998,0.9998,0.9999,0.9999,0.9999,0.9998,0.9998,0.9999,0.9999,0.9998,0.9999,0.9999,0.9999,0.9999,0.9998,0.9998,0.9999,0.9998,0.9999,0.9998,0.9999,0.9999,0.9999,0.9999,0.9998,0.9999,0.9999,0.9998,0.9999,0.9999,0.9998,0.9999,0.9999,0.9998,0.9998,0.9999,0.9998,0.9998,0.9999,0.9998,0.9999,0.9999,0.9998,0.9998,0.9999,0.9999,0.9999,0.9999,0.4821,0.3433,0.7629,0.6861,0.6028,0.7387,0.5607,0.6982,0.6459,0.6509,0.5074,0.7577,0.5542,0.6597,0.6278,0.6597,0.6974,0.6795,0.6480,0.7316,0.6495,0.6974,0.5692,0.6144,0.6568,0.4627,0.6974,0.6509,0.4674,0.7409,0.6358,0.5669,0.6459,0.5737,0.5388,0.6861,0.8853,0.5669,0.7416,0.7376,0.5607,0.7138,0.6770,0.6144,0.7638,0.7039,0.6452,0.5949,0.6049,0.5867,IDLE,IDLE,IDLE,IDLE,IDLE,IDLE,IDLE,IDLE,IDLE,IDLE,IDLE,IDLE,IDLE,ONJOB,IDLE,ONJOB,IDLE,IDLE,IDLE,IDLE,IDLE,IDLE,IDLE,IDLE,IDLE,IDLE,IDLE,IDLE,IDLE,IDLE,IDLE,IDLE,IDLE,ONJOB,IDLE,IDLE,IDLE,IDLE,IDLE,TOPICKUP,IDLE,IDLE,ONJOB,IDLE,IDLE,IDLE,ONJOB,IDLE,ONJOB,IDLE
15,2024-01-01 15:00:01,0.00,0.00,0,0.0000,0.0000,677.44,0.9999,0.9999,0.9998,0.9998,0.9999,0.9999,0.9999,0.9998,0.9998,0.9999,0.9999,0.9998,0.9999,0.9999,0.9999,0.9999,0.9998,0.9998,0.9999,0.9998,0.9999,0.9998,0.9999,0.9999,0.9999,0.9999,0.9998,0.9999,0.9999,0.9998,0.9998,0.9999,0.9998,0.9999,0.9999,0.9998,0.9998,0.9999,0.9998,0.9998,0.9999,0.9998,0.9999,0.9999,0.9998,0.9998,0.9999,0.9999,0.9999,0.9999,0.4664,0.3197,0.7568,0.6775,0.5922,0.7292,0.5429,0.6898,0.6393,0.6333,0.4884,0.7525,0.5426,0.6397,0.6163,0.6397,0.6851,0.6730,0.6333,0.7171,0.6370,0.6851,0.5556,0.6008,0.6451,0.4460,0.6851,0.6333,0.4554,0.7328,0.6275,0.5548,0.6393,0.5407,0.5250,0.6775,0.8806,0.5548,0.7307,0.7226,0.5429,0.7036,0.6273,0.6008,0.7595,0.6942,0.5967,0.5823,0.5611,0.5735,ONJOB,ONJOB,ONJOB,ONJOB,ONJOB,ONJOB,ONJOB,ONJOB,ONJOB,ONJOB,ONJOB,ONJOB,ONJOB,IDLE,ONJOB,IDLE,ONJOB,ONJOB,ONJOB,ONJOB,ONJOB,ONJOB,ONJOB,ONJOB,ONJOB,ONJOB,ONJOB,ONJOB,ONJOB,ONJOB,ONJOB,ONJOB,ONJOB,IDLE,ONJOB,ONJOB,ONJOB,ONJOB,ONJOB,ONJOB,ONJOB,ONJOB,IDLE,ONJOB,ONJOB,ONJOB,IDLE,ONJOB,IDLE,ONJOB
16,2024-01-01 16:00:01,0.00,0.00,0,0.0000,0.0000,164.90,0.9999,0.9999,0.9998,0.9998,0.9999,0.9999,0.9999,0.9998,0.9998,0.9999,0.9999,0.9998,0.9999,0.9999,0.9999,0.9999,0.9998,0.9998,0.9999,0.9998,0.9999,0.9998,0.9999,0.9999,0.9999,0.9999,0.9998,0.9999,0.9999,0.9998,0.9998,0.9999,0.9998,0.9999,0.9999,0.9998,0.9997,0.9999,0.9998,0.9998,0.9999,0.9998,0.9999,0.9999,0.9998,0.9998,0.9999,0.9999,0.9999,0.9999,0.4313,0.2729,0.7506,0.6540,0.5577,0.6902,0.4998,0.6601,0.6195,0.5981,0.4594,0.7288,0.4830,0.6343,0.5910,0.6343,0.6672,0.6170,0.5773,0.6899,0.6042,0.6672,0.5320,0.5582,0.5924,0.3989,0.6672,0.5981,0.4318,0.7234,0.6085,0.5136,0.6195,0.5321,0.4910,0.6540,0.8617,0.5136,0.6897,0.6619,0.4998,0.6724,0.6187,0.5582,0.7334,0.6559,0.5798,0.5484,0.5491,0.5489,IDLE,IDLE,IDLE,IDLE,IDLE,IDLE,IDLE,IDLE,IDLE,IDLE,IDLE,IDLE,IDLE,ONJOB,IDLE,ONJOB,IDLE,IDLE,IDLE,IDLE,IDLE,IDLE,IDLE,IDLE,IDLE,IDLE,IDLE,IDLE,IDLE,IDLE,IDLE,IDLE,IDLE,ONJOB,IDLE,IDLE,IDLE,IDLE,IDLE,IDLE,IDLE,IDLE,ONJOB,IDLE,IDLE,IDLE,ONJOB,IDLE,ONJOB,IDLE
17,2024-01-01 17:00:01,0.00,0.00,0,0.0000,0.0000,607.12,0.9999,0.9999,0.9998,0.9998,0.9999,0.9999,0.9999,0.9998,0.9998,0.9999,0.9999,0.9998,0.9999,0.9999,0.9999,0.9999,0.9998,0.9998,0.9998,0.9998,0.9999,0.9998,0.9999,0.9999,0.9998,0.9999,0.9998,0.9999,0.9999,0.9998,0.9998,0.9999,0.9998,0.9999,0.9999,0.9998,0.9997,0.9999,0.9998,0.9998,0.9999,0.9998,0.9999,0.9999,0.9998,0.9998,0.9999,0.9999,0.9999,0.9999,0.4155,0.2418,0.7445,0.6453,0.5472,0.6807,0.4781,0.6517,0.6113,0.5860,0.4405,0.7236,0.4714,0.5943,0.5784,0.5943,0.6521,0.6104,0.5627,0.6744,0.5917,0.6521,0.5183,0.5447,0.5825,0.3823,0.6521,0.5860,0.4193,0.7153,0.5984,0.5014,0.6113,0.4930,0.4773,0.6453,0.8570,0.5014,0.6788,0.6430,0.4781,0.6622,0.6187,0.5447,0.7290,0.6462,0.5798,0.5329,0.5053,0.5374,ONJOB,ONJOB,ONJOB,ONJOB,ONJOB,ONJOB,ONJOB,ONJOB,ONJOB,ONJOB,ONJOB,ONJOB,ONJOB,IDLE,ONJOB,IDLE,ONJOB,ONJOB,ONJOB,ONJOB,ONJOB,ONJOB,ONJOB,ONJOB,ONJOB,ONJOB,ONJOB,ONJOB,ONJOB,ONJOB,ONJOB,ONJOB,ONJOB,IDLE,ONJOB,ONJOB,ONJOB,ONJOB,ONJOB,ONJOB,ONJOB,ONJOB,ONJOB,ONJOB,ONJOB,ONJOB,ONJOB,ONJOB,IDLE,ONJOB
18,2024-01-01 18:00:01,0.00,0.00,0,0.0000,0.0000,94.50,0.9999,0.9999,0.9998,0.9998,0.9999,0.9999,0.9999,0.9998,0.9998,0.9999,0.9999,0.9998,0.9999,0.9999,0.9999,0.9999,0.9998,0.9998,0.9998,0.9998,0.9998,0.9998,0.9999,0.9999,0.9998,0.9999,0.9998,0.9999,0.9999,0.9998,0.9998,0.9999,0.9998,0.9999,0.9999,0.9998,0.9997,0.9999,0.9998,0.9998,0.9999,0.9998,0.9999,0.9999,0.9998,0.9998,0.9999,0.9999,0.9999,0.9999,0.3870,0.2030,0.7214,0.6005,0.5201,0.6488,0.4337,0.6136,0.5701,0.5496,0.4040,0.7161,0.4251,0.5784,0.5589,0.5784,0.6389,0.5818,0.5195,0.6510,0.5489,0.6389,0.5183,0.5182,0.5614,0.3695,0.6389,0.5496,0.3943,0.6936,0.5592,0.4863,0.5701,0.4772,0.4549,0.6005,0.8512,0.4863,0.6572,0.6043,0.4337,0.6517,0.5522,0.5182,0.7232,0.6010,0.5269,0.5055,0.4908,0.4965,IDLE,IDLE,IDLE,IDLE,IDLE,IDLE,IDLE,IDLE,IDLE,IDLE,IDLE,IDLE,IDLE,ONJOB,IDLE,ONJOB,IDLE,IDLE,IDLE,IDLE,IDLE,IDLE,ONJOB,IDLE,IDLE,IDLE,IDLE,IDLE,IDLE,IDLE,IDLE,IDLE,IDLE,ONJOB,IDLE,IDLE,IDLE,IDLE,IDLE,IDLE,IDLE,IDLE,IDLE,IDLE,IDLE,IDLE,IDLE,IDLE,ONJOB,IDLE
19,2024-01-01 19:00:01,0.00,0.00,0,0.0000,0.0000,680.70,0.9999,0.9999,0.9998,0.9998,0.9999,0.9999,0.9999,0.9998,0.9998,0.9999,0.9999,0.9998,0.9999,0.9999,0.9999,0.9999,0.9998,0.9998,0.9998,0.9998,0.9998,0.9998,0.9999,0.9999,0.9998,0.9999,0.9998,0.9999,0.9999,0.9998,0.9998,0.9999,0.9998,0.9999,0.9999,0.9998,0.9997,0.9999,0.9998,0.9998,0.9999,0.9998,0.9999,0.9999,0.9998,0.9998,0.9998,0.9999,0.9999,0.9999,0.3713,0.1721,0.7152,0.5919,0.5007,0.6346,0.4159,0.6053,0.5635,0.5375,0.3851,0.7109,0.4135,0.5367,0.5475,0.5367,0.6256,0.5745,0.5049,0.6389,0.5364,0.6256,0.4715,0.5046,0.5491,0.3568,0.6256,0.5375,0.3822,0.6855,0.5443,0.4725,0.5635,0.4348,0.4402,0.5919,0.8465,0.4725,0.6463,0.5895,0.4159,0.6415,0.5436,0.5046,0.7188,0.5913,0.5099,0.4933,0.4552,0.4814,ONJOB,ONJOB,ONJOB,ONJOB,ONJOB,ONJOB,ONJOB,ONJOB,ONJOB,ONJOB,ONJOB,ONJOB,ONJOB,IDLE,ONJOB,IDLE,ONJOB,ONJOB,ONJOB,ONJOB,ONJOB,ONJOB,IDLE,ONJOB,ONJOB,ONJOB,ONJOB,ONJOB,ONJOB,ONJOB,ONJOB,ONJOB,ONJOB,IDLE,ONJOB,ONJOB,ONJOB,ONJOB,ONJOB,ONJOB,ONJOB,ONJOB,ONJOB,ONJOB,ONJOB,ONJOB,ONJOB,ONJOB,IDLE,ONJOB
20,2024-01-01 20:00:01,0.00,0.00,0,0.0000,0.0000,135.45,0.9999,0.9999,0.9998,0.9998,0.9999,0.9999,0.9999,0.9998,0.9998,0.9999,0.9999,0.9998,0.9999,0.9999,0.9999,0.9999,0.9998,0.9998,0.9998,0.9998,0.9998,0.9998,0.9999,0.9999,0.9998,0.9999,0.9998,0.9999,0.9999,0.9998,0.9998,0.9999,0.9998,0.9999,0.9999,0.9998,0.9997,0.9999,0.9998,0.9998,0.9999,0.9998,0.9999,0.9999,0.9998,0.9998,0.9998,0.9999,0.9999,0.9999,0.3428,0.1119,0.7091,0.5463,0.4703,0.6251,0.3716,0.5969,0.5438,0.5104,0.3526,0.7044,0.3614,0.5208,0.5020,0.5208,0.5871,0.5288,0.4891,0.5994,0.5240,0.5871,0.4479,0.4620,0.5043,0.3097,0.5871,0.5104,0.3587,0.6537,0.5014,0.4560,0.5438,0.4262,0.4108,0.5463,0.8306,0.4560,0.6339,0.5575,0.3716,0.5980,0.4900,0.4620,0.7125,0.5816,0.4722,0.4488,0.4407,0.4437,IDLE,IDLE,IDLE,IDLE,IDLE,IDLE,IDLE,IDLE,IDLE,IDLE,IDLE,IDLE,IDLE,ONJOB,IDLE,ONJOB,IDLE,IDLE,IDLE,IDLE,IDLE,IDLE,ONJOB,IDLE,IDLE,IDLE,IDLE,IDLE,IDLE,IDLE,IDLE,IDLE,IDLE,ONJOB,IDLE,IDLE,IDLE,IDLE,IDLE,IDLE,IDLE,IDLE,IDLE,IDLE,IDLE,IDLE,IDLE,IDLE,ONJOB,IDLE
21,2024-01-01 21:00:01,0.00,0.00,0,0.0000,0.0000,608.31,0.9999,0.9999,0.9998,0.9998,0.9999,0.9999,0.9999,0.9998,0.9998,0.9999,0.9999,0.9998,0.9999,0.9999,0.9999,0.9999,0.9998,0.9998,0.9998,0.9998,0.9998,0.9998,0.9999,0.9999,0.9998,0.9999,0.9998,0.9999,0.9999,0.9998,0.9998,0.9999,0.9998,0.9999,0.9999,0.9998,0.9997,0.9999,0.9998,0.9998,0.9999,0.9998,0.9999,0.9999,0.9998,0.9998,0.9998,0.9999,0.9999,0.9999,0.3172,0.0723,0.7030,0.5377,0.4598,0.6156,0.3572,0.5873,0.5355,0.4925,0.3291,0.6992,0.3515,0.4435,0.4906,0.4435,0.5722,0.5215,0.4744,0.5838,0.5108,0.5722,0.3980,0.4484,0.4926,0.2970,0.5722,0.4925,0.3459,0.6442,0.4865,0.4422,0.5355,0.4004,0.3970,0.5377,0.8259,0.4422,0.6230,0.5374,0.3572,0.5878,0.4814,0.4484,0.7081,0.5695,0.4442,0.4366,0.4006,0.4341,ONJOB,CHARGING,ONJOB,ONJOB,ONJOB,ONJOB,ONJOB,ONJOB,ONJOB,ONJOB,ONJOB,ONJOB,ONJOB,IDLE,ONJOB,IDLE,ONJOB,ONJOB,ONJOB,ONJOB,ONJOB,ONJOB,IDLE,ONJOB,ONJOB,ONJOB,ONJOB,ONJOB,ONJOB,ONJOB,ONJOB,ONJOB,ONJOB,IDLE,ONJOB,ONJOB,ONJOB,ONJOB,ONJOB,ONJOB,ONJOB,ONJOB,ONJOB,ONJOB,ONJOB,ONJOB,ONJOB,ONJOB,IDLE,ONJOB
22,2024-01-01 22:00:01,0.00,50.00,0,0.0000,0.0000,118.17,0.9999,0.9999,0.9998,0.9998,0.9999,0.9999,0.9999,0.9998,0.9998,0.9999,0.9999,0.9998,0.9999,0.9999,0.9999,0.9999,0.9998,0.9998,0.9998,0.9998,0.9998,0.9998,0.9999,0.9999,0.9998,0.9999,0.9998,0.9999,0.9999,0.9998,0.9998,0.9999,0.9998,0.9999,0.9999,0.9998,0.9997,0.9999,0.9998,0.9998,0.9999,0.9998,0.9999,0.9999,0.9998,0.9998,0.9998,0.9999,0.9999,0.9999,0.2724,0.7697,0.6779,0.4962,0.4129,0.5730,0.3128,0.5579,0.4900,0.4561,0.2699,0.6396,0.3149,0.4188,0.4593,0.4188,0.5567,0.4819,0.4543,0.5538,0.4812,0.5567,0.3744,0.4058,0.4510,0.2449,0.5567,0.4561,0.3045,0.6120,0.4548,0.3988,0.4900,0.3878,0.3538,0.4962,0.7843,0.3988,0.5763,0.4985,0.3128,0.5725,0.4278,0.4058,0.6544,0.5334,0.4273,0.3991,0.3846,0.4089,IDLE,CHARGING,IDLE,IDLE,IDLE,IDLE,IDLE,IDLE,IDLE,IDLE,IDLE,IDLE,IDLE,ONJOB,IDLE,ONJOB,IDLE,IDLE,IDLE,IDLE,IDLE,IDLE,ONJOB,IDLE,IDLE,IDLE,IDLE,IDLE,IDLE,IDLE,IDLE,IDLE,IDLE,ONJOB,IDLE,IDLE,IDLE,IDLE,IDLE,IDLE,IDLE,IDLE,IDLE,IDLE,IDLE,IDLE,IDLE,IDLE,ONJOB,IDLE
23,2024-01-01 23:00:01,0.00,0.00,0,0.0000,0.0000,596.56,0.9999,0.9999,0.9997,0.9998,0.9999,0.9999,0.9999,0.9998,0.9998,0.9999,0.9999,0.9998,0.9999,0.9999,0.9999,0.9999,0.9998,0.9998,0.9998,0.9998,0.9998,0.9998,0.9999,0.9999,0.9998,0.9999,0.9998,0.9999,0.9999,0.9998,0.9998,0.9999,0.9998,0.9999,0.9999,0.9998,0.9997,0.9999,0.9998,0.9998,0.9999,0.9998,0.9999,0.9999,0.9998,0.9998,0.9998,0.9999,0.9999,0.9999,0.2556,0.7388,0.6718,0.4876,0.3975,0.5587,0.2950,0.5483,0.4818,0.4385,0.2509,0.6344,0.3033,0.3782,0.4479,0.3782,0.5421,0.4754,0.4397,0.5393,0.4683,0.5421,0.3637,0.3915,0.4387,0.2281,0.5421,0.4385,0.2848,0.6026,0.4446,0.3851,0.4818,0.3512,0.3391,0.4876,0.7797,0.3851,0.5653,0.4846,0.2950,0.5619,0.4192,0.3915,0.6500,0.5213,0.4109,0.3788,0.3531,0.3974,ONJOB,ONJOB,ONJOB,ONJOB,ONJOB,ONJOB,ONJOB,ONJOB,ONJOB,ONJOB,ONJOB,ONJOB,ONJOB,IDLE,ONJOB,IDLE,ONJOB,ONJOB,ONJOB,ONJOB,ONJOB,ONJOB,IDLE,ONJOB,ONJOB,ONJOB,ONJOB,ONJOB,ONJOB,ONJOB,ONJOB,ONJOB,ONJOB,IDLE,ONJOB,ONJOB,ONJOB,ONJOB,ONJOB,ONJOB,ONJOB,ONJOB,ONJOB,ONJOB,ONJOB,ONJOB,ONJOB,ONJOB,IDLE,ONJOB
24,2024-01-02 00:00:01,0.00,0.00,0,0.0000,0.0000,155.30,0.9999,0.9999,0.9997,0.9998,0.9999,0.9999,0.9999,0.9998,0.9998,0.9999,0.9999,0.9998,0.9999,0.9999,0.9999,0.9999,0.9998,0.9998,0.9998,0.9998,0.9998,0.9998,0.9999,0.9999,0.9998,0.9999,0.9998,0.9999,0.9999,0.9998,0.9998,0.9999,0.9998,0.9999,0.9999,0.9998,0.9997,0.9999,0.9998,0.9998,0.9999,0.9998,0.9999,0.9999,0.9998,0.9998,0.9998,0.9999,0.9999,0.9999,0.2110,0.6845,0.6582,0.4528,0.3607,0.4907,0.2322,0.5348,0.4069,0.3909,0.2059,0.6160,0.2254,0.3624,0.4315,0.3624,0.5081,0.4417,0.4006,0.4944,0.4315,0.5081,0.3401,0.3508,0.4114,0.1873,0.5081,0.3909,0.2099,0.5708,0.4007,0.3347,0.4069,0.3354,0.2834,0.4528,0.7567,0.3347,0.5215,0.4364,0.2322,0.5157,0.3419,0.3508,0.6296,0.4833,0.3558,0.3326,0.3356,0.3510,IDLE,IDLE,IDLE,IDLE,IDLE,IDLE,IDLE,IDLE,IDLE,IDLE,IDLE,IDLE,IDLE,ONJOB,IDLE,ONJOB,IDLE,IDLE,IDLE,IDLE,IDLE,IDLE,ONJOB,IDLE,IDLE,IDLE,IDLE,IDLE,IDLE,IDLE,IDLE,IDLE,IDLE,ONJOB,IDLE,IDLE,IDLE,IDLE,IDLE,IDLE,IDLE,IDLE,IDLE,IDLE,IDLE,IDLE,IDLE,IDLE,ONJOB,IDLE
25,2024-01-02 01:00:01,0.00,0.00,0,0.0000,0.0000,399.48,0.9999,0.9999,0.9997,0.9998,0.9999,0.9999,0.9999,0.9998,0.9998,0.9999,0.9999,0.9998,0.9999,0.9999,0.9999,0.9999,0.9998,0.9998,0.9998,0.9998,0.9998,0.9998,0.9999,0.9999,0.9998,0.9999,0.9998,0.9999,0.9999,0.9998,0.9998,0.9999,0.9998,0.9999,0.9999,0.9998,0.9997,0.9999,0.9998,0.9998,0.9999,0.9998,0.9999,0.9999,0.9998,0.9998,0.9998,0.9999,0.9999,0.9999,0.1953,0.6534,0.6520,0.4414,0.3455,0.4811,0.2064,0.5251,0.3987,0.3727,0.1758,0.6108,0.2154,0.3166,0.4200,0.3166,0.4932,0.4332,0.3841,0.4788,0.4161,0.4932,0.3131,0.3372,0.3967,0.1423,0.4932,0.3727,0.1972,0.5591,0.3906,0.3176,0.3987,0.2905,0.2687,0.4414,0.7520,0.3176,0.5106,0.4175,0.2064,0.5053,0.3333,0.3372,0.6252,0.4692,0.3389,0.3124,0.2963,0.3395,ONJOB,ONJOB,ONJOB,ONJOB,ONJOB,ONJOB,ONJOB,ONJOB,ONJOB,ONJOB,ONJOB,ONJOB,ONJOB,IDLE,ONJOB,IDLE,ONJOB,ONJOB,ONJOB,ONJOB,ONJOB,ONJOB,IDLE,ONJOB,ONJOB,CHARGING,ONJOB,ONJOB,ONJOB,ONJOB,ONJOB,ONJOB,ONJOB,IDLE,ONJOB,ONJOB,ONJOB,ONJOB,ONJOB,ONJOB,ONJOB,ONJOB,ONJOB,ONJOB,ONJOB,ONJOB,ONJOB,ONJOB,IDLE,ONJOB
26,2024-01-02 02:00:01,0.00,50.00,0,0.0000,0.0000,89.25,0.9999,0.9999,0.9997,0.9998,0.9999,0.9999,0.9999,0.9998,0.9998,0.9999,0.9999,0.9998,0.9999,0.9999,0.9999,0.9999,0.9998,0.9998,0.9998,0.9998,0.9998,0.9998,0.9999,0.9999,0.9998,0.9999,0.9998,0.9999,0.9999,0.9998,0.9998,0.9999,0.9998,0.9999,0.9999,0.9998,0.9997,0.9999,0.9998,0.9998,0.9999,0.9998,0.9999,0.9999,0.9998,0.9998,0.9998,0.9999,0.9999,0.9999,0.1668,0.6146,0.6360,0.4057,0.3167,0.4441,0.1782,0.4791,0.3622,0.3281,0.1363,0.5871,0.1786,0.2967,0.3800,0.2967,0.4494,0.4046,0.3406,0.4393,0.3781,0.4494,0.2995,0.2966,0.3612,0.8397,0.4494,0.3281,0.1398,0.5137,0.3454,0.2690,0.3622,0.2746,0.2241,0.4057,0.7105,0.2690,0.4666,0.3789,0.1782,0.4618,0.2938,0.2966,0.6036,0.4312,0.2961,0.2545,0.2843,0.2921,IDLE,IDLE,IDLE,IDLE,IDLE,IDLE,IDLE,IDLE,IDLE,IDLE,IDLE,IDLE,IDLE,ONJOB,IDLE,ONJOB,IDLE,IDLE,IDLE,IDLE,IDLE,IDLE,ONJOB,IDLE,IDLE,CHARGING,IDLE,IDLE,IDLE,IDLE,IDLE,IDLE,IDLE,ONJOB,IDLE,IDLE,IDLE,IDLE,IDLE,IDLE,IDLE,IDLE,IDLE,IDLE,IDLE,IDLE,IDLE,IDLE,ONJOB,IDLE
27,2024-01-02 03:00:01,0.00,0.00,0,0.0000,0.0000,410.04,0.9999,0.9999,0.9997,0.9998,0.9999,0.9999,0.9999,0.9998,0.9998,0.9999,0.9999,0.9998,0.9999,0.9999,0.9999,0.9999,0.9998,0.9998,0.9998,0.9998,0.9998,0.9998,0.9999,0.9999,0.9998,0.9999,0.9998,0.9999,0.9999,0.9998,0.9998,0.9999,0.9998,0.9999,0.9999,0.9998,0.9997,0.9999,0.9998,0.9998,0.9999,0.9998,0.9999,0.9999,0.9998,0.9998,0.9998,0.9999,0.9999,0.9999,0.1317,0.5744,0.6279,0.3970,0.2944,0.4299,0.1576,0.4684,0.3540,0.3102,0.0921,0.5806,0.1139,0.2567,0.3637,0.2567,0.4345,0.3973,0.3242,0.4225,0.3652,0.4345,0.2529,0.2803,0.3490,0.8181,0.4345,0.3102,0.1398,0.5021,0.3304,0.2487,0.3540,0.2616,0.2011,0.3970,0.7058,0.2487,0.4545,0.3576,0.1576,0.4516,0.2852,0.2803,0.5977,0.4159,0.2648,0.2422,0.2684,0.2789,CHARGING,ONJOB,ONJOB,ONJOB,ONJOB,ONJOB,CHARGING,ONJOB,ONJOB,ONJOB,CHARGING,ONJOB,CHARGING,IDLE,ONJOB,IDLE,ONJOB,ONJOB,ONJOB,ONJOB,ONJOB,ONJOB,IDLE,ONJOB,ONJOB,ONJOB,ONJOB,ONJOB,TOCHARGE,ONJOB,ONJOB,ONJOB,ONJOB,IDLE,ONJOB,ONJOB,ONJOB,ONJOB,ONJOB,ONJOB,CHARGING,ONJOB,ONJOB,ONJOB,ONJOB,ONJOB,ONJOB,ONJOB,IDLE,ONJOB
28,2024-01-02 04:00:01,0.00,250.00,0,0.0000,0.0000,115.25,0.9999,0.9999,0.9997,0.9998,0.9999,0.9999,0.9999,0.9998,0.9998,0.9999,0.9999,0.9998,0.9999,0.9999,0.9999,0.9999,0.9998,0.9998,0.9998,0.9998,0.9998,0.9998,0.9999,0.9999,0.9998,0.9999,0.9998,0.9999,0.9999,0.9998,0.9998,0.9999,0.9998,0.9999,0.9999,0.9998,0.9996,0.9999,0.9998,0.9998,0.9999,0.9998,0.9999,0.9999,0.9997,0.9998,0.9998,0.9999,0.9999,0.9999,0.8292,0.5014,0.5721,0.3522,0.2197,0.3618,0.8550,0.3775,0.2791,0.2626,0.7895,0.5621,0.8113,0.2409,0.2781,0.2409,0.4166,0.3565,0.2852,0.4125,0.2682,0.4166,0.2327,0.2377,0.2591,0.7659,0.4166,0.2626,0.0500,0.4063,0.2987,0.2052,0.2791,0.2458,0.0997,0.3522,0.6953,0.2052,0.4420,0.3290,0.8550,0.4081,0.2079,0.2377,0.5856,0.3171,0.2283,0.1619,0.2539,0.2657,CHARGING,IDLE,IDLE,IDLE,IDLE,IDLE,CHARGING,IDLE,IDLE,IDLE,CHARGING,IDLE,CHARGING,ONJOB,IDLE,ONJOB,IDLE,IDLE,IDLE,IDLE,IDLE,IDLE,ONJOB,IDLE,IDLE,IDLE,IDLE,IDLE,CHARGING,IDLE,IDLE,IDLE,IDLE,ONJOB,IDLE,IDLE,IDLE,IDLE,IDLE,IDLE,CHARGING,IDLE,IDLE,IDLE,IDLE,IDLE,IDLE,IDLE,ONJOB,IDLE
29,2024-01-02 05:00:01,0.00,50.00,0,0.0000,0.0000,778.55,0.9999,0.9999,0.9997,0.9998,0.9999,0.9999,0.9999,0.9998,0.9998,0.9999,0.9999,0.9998,0.9999,0.9999,0.9999,0.9999,0.9998,0.9998,0.9998,0.9998,0.9998,0.9998,0.9999,0.9999,0.9998,0.9999,0.9998,0.9999,0.9999,0.9998,0.9998,0.9999,0.9998,0.9999,0.9999,0.9998,0.9996,0.9999,0.9998,0.9998,0.9999,0.9998,0.9999,0.9999,0.9997,0.9998,0.9998,0.9999,0.9999,0.9999,0.8034,0.4638,0.5660,0.3436,0.2197,0.3618,0.8268,0.3650,0.2709,0.2444,0.7705,0.5569,0.7997,0.1625,0.2619,0.1625,0.4015,0.3493,0.2705,0.4038,0.2550,0.4015,0.2091,0.2241,0.2429,0.7532,0.4015,0.2444,0.7474,0.3982,0.2879,0.1915,0.2709,0.2372,0.0516,0.3436,0.6906,0.1915,0.4311,0.3089,0.8268,0.3979,0.1993,0.2241,0.5813,0.3049,0.2035,0.1136,0.2035,0.2561,ONJOB,ONJOB,ONJOB,ONJOB,TOPICKUP,TOPICKUP,ONJOB,ONJOB,ONJOB,ONJOB,ONJOB,ONJOB,ONJOB,IDLE,ONJOB,IDLE,ONJOB,ONJOB,ONJOB,ONJOB,ONJOB,ONJOB,IDLE,ONJOB,ONJOB,ONJOB,ONJOB,ONJOB,CHARGING,ONJOB,ONJOB,ONJOB,ONJOB,IDLE,CHARGING,ONJOB,ONJOB,ONJOB,ONJOB,ONJOB,ONJOB,ONJOB,ONJOB,ONJOB,ONJOB,ONJOB,ONJOB,CHARGING,IDLE,ONJOB
30,2024-01-02 06:00:01,0.00,60.00,0,0.0000,0.0000,174.35,0.9999,0.9999,0.9997,0.9998,0.9999,0.9999,0.9998,0.9998,0.9998,0.9999,0.9999,0.9998,0.9999,0.9999,0.9999,0.9999,0.9998,0.9998,0.9998,0.9998,0.9998,0.9998,0.9999,0.9999,0.9998,0.9999,0.9998,0.9999,0.9999,0.9998,0.9998,0.9999,0.9998,0.9999,0.9999,0.9998,0.9996,0.9999,0.9998,0.9998,0.9998,0.9998,0.9999,0.9999,0.9997,0.9998,0.9998,0.9999,0.9999,0.9999,0.7482,0.3908,0.5296,0.2665,0.2197,0.3618,0.7689,0.3356,0.2170,0.1998,0.7247,0.4905,0.7588,0.1625,0.2184,0.1625,0.3630,0.2692,0.2248,0.3589,0.2201,0.3630,0.1955,0.1834,0.2096,0.6323,0.3630,0.1998,0.7349,0.3525,0.2464,0.1481,0.2170,0.2217,0.7490,0.2665,0.6231,0.1481,0.3937,0.2652,0.7689,0.3826,0.1533,0.1834,0.5114,0.2670,0.1550,0.2531,0.1876,0.2042,IDLE,IDLE,IDLE,IDLE,TOPICKUP,TOPICKUP,IDLE,IDLE,IDLE,IDLE,IDLE,IDLE,IDLE,TOCHARGE,IDLE,TOCHARGE,IDLE,IDLE,IDLE,IDLE,IDLE,IDLE,ONJOB,IDLE,IDLE,IDLE,IDLE,IDLE,ONJOB,IDLE,IDLE,IDLE,IDLE,ONJOB,CHARGING,IDLE,IDLE,IDLE,IDLE,IDLE,IDLE,IDLE,IDLE,IDLE,IDLE,IDLE,IDLE,CHARGING,ONJOB,IDLE
31,2024-01-02 07:00:01,0.00,0.00,0,0.0000,0.0000,662.90,0.9999,0.9999,0.9997,0.9998,0.9999,0.9999,0.9998,0.9998,0.9998,0.9999,0.9999,0.9998,0.9998,0.9999,0.9999,0.9999,0.9998,0.9998,0.9998,0.9998,0.9998,0.9998,0.9999,0.9999,0.9998,0.9999,0.9998,0.9999,0.9999,0.9998,0.9998,0.9999,0.9998,0.9999,0.9999,0.9998,0.9996,0.9999,0.9998,0.9998,0.9998,0.9998,0.9999,0.9999,0.9997,0.9998,0.9998,0.9999,0.9999,0.9999,0.7324,0.3671,0.5234,0.2579,0.2197,0.3618,0.7511,0.3260,0.2088,0.1619,0.7110,0.4853,0.7472,0.1194,0.2070,0.1194,0.3507,0.2627,0.2102,0.3488,0.2072,0.3507,0.1317,0.1445,0.1979,0.6198,0.3507,0.1619,0.7224,0.3444,0.2382,0.1041,0.2088,0.2062,0.7347,0.2579,0.6184,0.1041,0.3828,0.2504,0.7511,0.3724,0.0545,0.1445,0.5070,0.2549,0.1271,0.2408,0.0965,0.1909,ONJOB,ONJOB,ONJOB,ONJOB,TOPICKUP,TOPICKUP,ONJOB,ONJOB,ONJOB,CHARGING,ONJOB,ONJOB,ONJOB,CHARGING,ONJOB,CHARGING,ONJOB,ONJOB,ONJOB,ONJOB,ONJOB,ONJOB,IDLE,CHARGING,ONJOB,ONJOB,ONJOB,CHARGING,IDLE,ONJOB,ONJOB,CHARGING,ONJOB,IDLE,ONJOB,ONJOB,ONJOB,CHARGING,ONJOB,ONJOB,ONJOB,ONJOB,CHARGING,CHARGING,ONJOB,ONJOB,CHARGING,ONJOB,IDLE,ONJOB
32,2024-01-02 08:00:01,0.00,380.00,0,0.0000,0.0000,25.50,0.9999,0.9999,0.9997,0.9998,0.9999,0.9999,0.9998,0.9998,0.9998,0.9998,0.9999,0.9998,0.9998,0.9999,0.9999,0.9999,0.9998,0.9998,0.9998,0.9998,0.9998,0.9998,0.9999,0.9998,0.9998,0.9999,0.9998,0.9998,0.9999,0.9998,0.9998,0.9999,0.9998,0.9999,0.9999,0.9998,0.9996,0.9999,0.9998,0.9998,0.9998,0.9998,0.9998,0.9998,0.9997,0.9998,0.9998,0.9999,0.9999,0.9999,0.6710,0.3295,0.4677,0.2129,0.2197,0.3618,0.6932,0.2963,0.1673,0.8594,0.6691,0.4777,0.7028,0.2589,0.1817,0.2589,0.3330,0.2278,0.1718,0.3305,0.1744,0.3330,0.1081,0.8419,0.1636,0.5856,0.3330,0.8594,0.7096,0.2986,0.2232,0.8015,0.1673,0.1932,0.6968,0.2129,0.5816,0.8015,0.3706,0.2115,0.6932,0.3370,0.7520,0.8419,0.5012,0.2043,0.2666,0.2078,0.0575,0.1758,IDLE,IDLE,IDLE,IDLE,TOPICKUP,TOPICKUP,IDLE,IDLE,IDLE,CHARGING,IDLE,IDLE,IDLE,CHARGING,IDLE,CHARGING,IDLE,IDLE,IDLE,IDLE,IDLE,IDLE,CHARGING,CHARGING,IDLE,IDLE,IDLE,CHARGING,ONJOB,IDLE,IDLE,CHARGING,IDLE,ONJOB,IDLE,IDLE,IDLE,CHARGING,IDLE,IDLE,IDLE,IDLE,CHARGING,CHARGING,IDLE,IDLE,CHARGING,IDLE,CHARGING,IDLE
33,2024-01-02 09:00:01,0.00,60.00,0,0.0000,0.0000,593.58,0.9999,0.9999,0.9997,0.9998,0.9999,0.9999,0.9998,0.9998,0.9998,0.9998,0.9999,0.9998,0.9998,0.9999,0.9999,0.9999,0.9998,0.9998,0.9998,0.9998,0.9998,0.9998,0.9999,0.9998,0.9998,0.9999,0.9998,0.9998,0.9999,0.9998,0.9998,0.9999,0.9998,0.9999,0.9999,0.9998,0.9996,0.9999,0.9998,0.9998,0.9998,0.9998,0.9998,0.9998,0.9997,0.9998,0.9998,0.9999,0.9999,0.9999,0.6552,0.2986,0.4616,0.2042,0.2197,0.3618,0.6787,0.2879,0.0958,0.8473,0.6554,0.4725,0.6912,0.2371,0.1316,0.2371,0.3207,0.2213,0.1287,0.3160,0.1254,0.3207,0.2476,0.8284,0.1122,0.5731,0.3207,0.8473,0.6709,0.2905,0.2149,0.7878,0.0958,0.1590,0.6821,0.2042,0.5769,0.7878,0.3597,0.1976,0.6787,0.3268,0.7434,0.8284,0.4968,0.1946,0.2502,0.1952,0.7549,0.1077,ONJOB,ONJOB,ONJOB,ONJOB,TOPICKUP,TOPICKUP,ONJOB,ONJOB,CHARGING,ONJOB,ONJOB,ONJOB,ONJOB,ONJOB,CHARGING,ONJOB,ONJOB,ONJOB,CHARGING,ONJOB,CHARGING,ONJOB,CHARGING,ONJOB,CHARGING,ONJOB,ONJOB,ONJOB,IDLE,ONJOB,ONJOB,ONJOB,CHARGING,IDLE,ONJOB,ONJOB,ONJOB,ONJOB,ONJOB,ONJOB,ONJOB,ONJOB,ONJOB,ONJOB,ONJOB,ONJOB,ONJOB,ONJOB,CHARGING,CHARGING
34,2024-01-02 10:00:01,0.00,310.00,0,0.0000,0.0000,88.98,0.9998,0.9999,0.9997,0.9998,0.9999,0.9999,0.9998,0.9998,0.9998,0.9998,0.9999,0.9997,0.9998,0.9999,0.9998,0.9999,0.9998,0.9998,0.9998,0.9998,0.9998,0.9998,0.9999,0.9998,0.9998,0.9999,0.9998,0.9998,0.9999,0.9998,0.9998,0.9999,0.9998,0.9999,0.9999,0.9998,0.9996,0.9999,0.9998,0.9998,0.9998,0.9998,0.9998,0.9998,0.9997,0.9998,0.9998,0.9999,0.9999,0.9999,0.6178,0.2518,0.4462,0.1716,0.2197,0.3618,0.5996,0.2585,0.7932,0.8157,0.6130,0.4650,0.6511,0.2025,0.8290,0.2025,0.3056,0.1826,0.8261,0.2765,0.8228,0.3056,0.2340,0.7877,0.8097,0.5344,0.3056,0.8157,0.6575,0.1947,0.1861,0.7437,0.7932,0.0883,0.6468,0.1716,0.5723,0.7437,0.3187,0.1587,0.5996,0.3063,0.6945,0.7877,0.4909,0.1566,0.2222,0.1581,0.7430,0.2472,IDLE,IDLE,IDLE,IDLE,TOPICKUP,TOPICKUP,IDLE,IDLE,CHARGING,IDLE,IDLE,IDLE,IDLE,IDLE,CHARGING,IDLE,IDLE,IDLE,CHARGING,IDLE,CHARGING,IDLE,ONJOB,IDLE,CHARGING,IDLE,IDLE,IDLE,ONJOB,IDLE,IDLE,IDLE,CHARGING,CHARGING,IDLE,IDLE,IDLE,IDLE,IDLE,IDLE,IDLE,IDLE,IDLE,IDLE,IDLE,IDLE,IDLE,IDLE,ONJOB,CHARGING
35,2024-01-02 11:00:01,0.00,50.00,0,0.0000,0.0000,555.56,0.9998,0.9999,0.9997,0.9998,0.9999,0.9999,0.9998,0.9998,0.9998,0.9998,0.9999,0.9997,0.9998,0.9999,0.9998,0.9999,0.9998,0.9998,0.9998,0.9998,0.9998,0.9998,0.9999,0.9998,0.9998,0.9999,0.9998,0.9998,0.9999,0.9998,0.9998,0.9999,0.9998,0.9999,0.9999,0.9998,0.9996,0.9999,0.9998,0.9998,0.9998,0.9998,0.9998,0.9998,0.9997,0.9998,0.9998,0.9999,0.9999,0.9999,0.6039,0.2281,0.4400,0.1098,0.2197,0.3618,0.5851,0.2502,0.7850,0.8036,0.5992,0.4598,0.6395,0.1867,0.8176,0.1867,0.2933,0.1104,0.8115,0.2644,0.8104,0.2933,0.1982,0.7741,0.7997,0.5218,0.2933,0.8036,0.5982,0.1494,0.1152,0.7316,0.7850,0.7858,0.6331,0.1098,0.5676,0.7316,0.3078,0.1198,0.5851,0.2961,0.6859,0.7741,0.4865,0.1133,0.2101,0.1581,0.6949,0.2376,ONJOB,ONJOB,ONJOB,CHARGING,TOPICKUP,TOPICKUP,ONJOB,ONJOB,ONJOB,ONJOB,ONJOB,ONJOB,ONJOB,ONJOB,ONJOB,ONJOB,ONJOB,CHARGING,ONJOB,ONJOB,ONJOB,ONJOB,IDLE,ONJOB,ONJOB,ONJOB,ONJOB,ONJOB,IDLE,CHARGING,CHARGING,ONJOB,ONJOB,CHARGING,ONJOB,CHARGING,ONJOB,ONJOB,ONJOB,CHARGING,ONJOB,ONJOB,ONJOB,ONJOB,ONJOB,CHARGING,ONJOB,IDLE,IDLE,ONJOB
36,2024-01-02 12:00:01,0.00,270.00,0,0.0000,0.0000,161.75,0.9998,0.9999,0.9997,0.9998,0.9999,0.9999,0.9998,0.9998,0.9998,0.9998,0.9999,0.9997,0.9998,0.9999,0.9998,0.9999,0.9998,0.9998,0.9998,0.9998,0.9998,0.9998,0.9999,0.9998,0.9998,0.9999,0.9998,0.9998,0.9999,0.9998,0.9998,0.9998,0.9998,0.9999,0.9999,0.9998,0.9996,0.9998,0.9998,0.9998,0.9998,0.9998,0.9998,0.9998,0.9997,0.9998,0.9998,0.9999,0.9999,0.9999,0.5544,0.1872,0.4190,0.8072,0.2197,0.3618,0.5420,0.2228,0.7395,0.7858,0.5599,0.4267,0.5875,0.1542,0.7923,0.1542,0.2548,0.8079,0.7914,0.2274,0.7935,0.2548,0.1982,0.7315,0.7682,0.4890,0.2548,0.7858,0.5857,0.8469,0.2547,0.7021,0.7395,0.7772,0.6193,0.8072,0.5327,0.7021,0.2969,0.2593,0.5420,0.2473,0.6323,0.7315,0.4574,0.8108,0.1569,0.1581,0.6829,0.2105,IDLE,IDLE,IDLE,CHARGING,TOPICKUP,TOPICKUP,IDLE,IDLE,IDLE,IDLE,IDLE,IDLE,IDLE,IDLE,IDLE,IDLE,IDLE,CHARGING,IDLE,IDLE,IDLE,IDLE,IDLE,IDLE,IDLE,IDLE,IDLE,IDLE,ONJOB,CHARGING,CHARGING,IDLE,IDLE,ONJOB,IDLE,CHARGING,IDLE,IDLE,IDLE,CHARGING,IDLE,IDLE,IDLE,IDLE,IDLE,CHARGING,IDLE,IDLE,ONJOB,IDLE
37,2024-01-02 13:00:01,0.00,0.00,0,0.0000,0.0000,663.14,0.9998,0.9999,0.9997,0.9998,0.9999,0.9999,0.9998,0.9998,0.9998,0.9998,0.9999,0.9997,0.9998,0.9999,0.9998,0.9999,0.9998,0.9998,0.9998,0.9998,0.9998,0.9998,0.9999,0.9998,0.9998,0.9999,0.9998,0.9998,0.9999,0.9998,0.9998,0.9998,0.9998,0.9999,0.9999,0.9998,0.9996,0.9998,0.9998,0.9998,0.9998,0.9998,0.9998,0.9998,0.9997,0.9998,0.9998,0.9999,0.9999,0.9999,0.5406,0.1872,0.4128,0.7986,0.2197,0.3618,0.5242,0.2145,0.7313,0.7737,0.5462,0.4215,0.5759,0.1542,0.7808,0.1542,0.2425,0.8014,0.7768,0.2174,0.7811,0.2425,0.1982,0.7179,0.7565,0.4764,0.2425,0.7737,0.5531,0.8388,0.2446,0.6900,0.7313,0.7240,0.6056,0.7986,0.5280,0.6900,0.2860,0.2454,0.5242,0.2371,0.6237,0.7179,0.4530,0.8011,0.1569,0.1581,0.6413,0.2009,ONJOB,IDLE,ONJOB,ONJOB,TOPICKUP,TOPICKUP,ONJOB,ONJOB,ONJOB,ONJOB,ONJOB,ONJOB,ONJOB,IDLE,ONJOB,IDLE,ONJOB,ONJOB,ONJOB,ONJOB,ONJOB,ONJOB,IDLE,ONJOB,ONJOB,ONJOB,ONJOB,ONJOB,IDLE,ONJOB,ONJOB,ONJOB,ONJOB,IDLE,ONJOB,ONJOB,ONJOB,ONJOB,ONJOB,ONJOB,ONJOB,ONJOB,ONJOB,ONJOB,ONJOB,ONJOB,IDLE,IDLE,IDLE,ONJOB
38,2024-01-02 14:00:01,0.00,0.00,0,0.0000,0.0000,48.00,0.9998,0.9999,0.9997,0.9998,0.9999,0.9999,0.9998,0.9998,0.9998,0.9998,0.9999,0.9997,0.9998,0.9999,0.9998,0.9999,0.9998,0.9998,0.9998,0.9998,0.9998,0.9998,0.9999,0.9998,0.9998,0.9999,0.9998,0.9998,0.9999,0.9998,0.9998,0.9998,0.9998,0.9998,0.9999,0.9998,0.9996,0.9998,0.9998,0.9998,0.9998,0.9998,0.9998,0.9998,0.9997,0.9998,0.9998,0.9999,0.9999,0.9999,0.5133,0.1872,0.3974,0.7513,0.2197,0.3618,0.4650,0.1871,0.6858,0.7555,0.5078,0.4100,0.5238,0.1542,0.7340,0.1542,0.2039,0.7506,0.7332,0.1765,0.7642,0.2039,0.1982,0.6983,0.7165,0.4430,0.2039,0.7555,0.5411,0.8160,0.2094,0.6628,0.6858,0.7114,0.5832,0.7513,0.5198,0.6628,0.2554,0.2240,0.4650,0.1702,0.5701,0.6983,0.4441,0.7834,0.1569,0.1581,0.6293,0.1646,IDLE,IDLE,IDLE,IDLE,TOPICKUP,TOPICKUP,IDLE,IDLE,IDLE,IDLE,IDLE,IDLE,IDLE,IDLE,IDLE,IDLE,IDLE,IDLE,IDLE,IDLE,IDLE,IDLE,IDLE,IDLE,IDLE,IDLE,IDLE,IDLE,ONJOB,IDLE,IDLE,IDLE,IDLE,ONJOB,IDLE,IDLE,IDLE,IDLE,IDLE,IDLE,IDLE,IDLE,IDLE,IDLE,IDLE,IDLE,IDLE,IDLE,ONJOB,IDLE
39,2024-01-02 15:00:01,0.00,0.00,0,0.0000,0.0000,588.79,0.9998,0.9999,0.9997,0.9998,0.9999,0.9999,0.9998,0.9998,0.9998,0.9998,0.9999,0.9997,0.9998,0.9999,0.9998,0.9999,0.9998,0.9998,0.9998,0.9998,0.9998,0.9998,0.9999,0.9998,0.9998,0.9999,0.9998,0.9998,0.9998,0.9997,0.9998,0.9998,0.9998,0.9998,0.9999,0.9998,0.9996,0.9998,0.9998,0.9998,0.9998,0.9998,0.9998,0.9998,0.9997,0.9998,0.9998,0.9999,0.9999,0.9999,0.4976,0.1872,0.3913,0.7427,0.2197,0.3618,0.4506,0.1388,0.6776,0.7435,0.4941,0.4048,0.5139,0.1542,0.7226,0.1542,0.1917,0.7441,0.7186,0.1370,0.7517,0.1917,0.1982,0.6847,0.7048,0.4304,0.1917,0.7435,0.5038,0.8079,0.2011,0.6491,0.6776,0.6799,0.5690,0.7427,0.5151,0.6491,0.2445,0.2101,0.4506,0.1147,0.5615,0.6847,0.4397,0.7737,0.1569,0.1581,0.5937,0.1646,ONJOB,IDLE,ONJOB,ONJOB,TOPICKUP,TOPICKUP,ONJOB,CHARGING,ONJOB,ONJOB,ONJOB,ONJOB,ONJOB,IDLE,ONJOB,IDLE,ONJOB,ONJOB,ONJOB,CHARGING,ONJOB,ONJOB,IDLE,ONJOB,ONJOB,ONJOB,ONJOB,ONJOB,IDLE,ONJOB,ONJOB,ONJOB,ONJOB,IDLE,ONJOB,ONJOB,ONJOB,ONJOB,ONJOB,ONJOB,ONJOB,CHARGING,ONJOB,ONJOB,ONJOB,ONJOB,IDLE,IDLE,IDLE,IDLE
40,2024-01-02 16:00:01,0.00,70.00,0,0.0000,0.0000,105.29,0.9998,0.9999,0.9997,0.9998,0.9999,0.9999,0.9998,0.9998,0.9998,0.9998,0.9999,0.9997,0.9998,0.9999,0.9998,0.9999,0.9998,0.9998,0.9998,0.9998,0.9998,0.9998,0.9999,0.9998,0.9998,0.9998,0.9998,0.9998,0.9998,0.9997,0.9998,0.9998,0.9998,0.9998,0.9999,0.9998,0.9996,0.9998,0.9998,0.9998,0.9998,0.9998,0.9998,0.9998,0.9997,0.9998,0.9998,0.9999,0.9999,0.9999,0.4524,0.1872,0.3695,0.7273,0.2197,0.3618,0.4224,0.8363,0.6414,0.7037,0.4517,0.3934,0.4416,0.1542,0.6757,0.1542,0.1501,0.7045,0.6927,0.2765,0.7351,0.1501,0.1982,0.6703,0.6521,0.3917,0.1501,0.7037,0.4906,0.7760,0.1491,0.6339,0.6414,0.6642,0.5322,0.7273,0.5069,0.6339,0.2230,0.1911,0.4224,0.2542,0.5189,0.6703,0.4308,0.7514,0.1569,0.1581,0.5792,0.1646,IDLE,IDLE,IDLE,IDLE,TOPICKUP,TOPICKUP,IDLE,CHARGING,IDLE,IDLE,IDLE,IDLE,IDLE,IDLE,IDLE,IDLE,IDLE,IDLE,IDLE,CHARGING,IDLE,IDLE,IDLE,IDLE,IDLE,IDLE,IDLE,IDLE,ONJOB,IDLE,IDLE,IDLE,IDLE,ONJOB,IDLE,IDLE,IDLE,IDLE,IDLE,IDLE,IDLE,CHARGING,IDLE,IDLE,IDLE,IDLE,IDLE,IDLE,ONJOB,IDLE
41,2024-01-02 17:00:01,0.00,0.00,0,0.0000,0.0000,498.34,0.9998,0.9999,0.9997,0.9998,0.9999,0.9999,0.9998,0.9998,0.9998,0.9998,0.9999,0.9997,0.9998,0.9999,0.9998,0.9999,0.9998,0.9998,0.9998,0.9998,0.9998,0.9998,0.9999,0.9998,0.9998,0.9998,0.9998,0.9998,0.9998,0.9997,0.9998,0.9998,0.9998,0.9998,0.9999,0.9998,0.9996,0.9998,0.9998,0.9998,0.9998,0.9998,0.9998,0.9998,0.9997,0.9998,0.9998,0.9999,0.9999,0.9999,0.4356,0.1872,0.3634,0.7186,0.2197,0.3618,0.4045,0.8279,0.6331,0.6916,0.4310,0.3882,0.4300,0.1542,0.6643,0.1542,0.1083,0.6980,0.6780,0.2665,0.7226,0.1083,0.1982,0.6567,0.6422,0.3790,0.1083,0.6916,0.4277,0.7679,0.1491,0.6202,0.6331,0.6192,0.5185,0.7186,0.5022,0.6202,0.2121,0.1911,0.4045,0.2440,0.5103,0.6567,0.4264,0.7418,0.1569,0.1581,0.5311,0.1646,ONJOB,IDLE,ONJOB,ONJOB,TOPICKUP,TOPICKUP,ONJOB,ONJOB,ONJOB,ONJOB,ONJOB,ONJOB,ONJOB,IDLE,ONJOB,IDLE,CHARGING,ONJOB,ONJOB,ONJOB,ONJOB,CHARGING,IDLE,ONJOB,ONJOB,ONJOB,CHARGING,ONJOB,IDLE,ONJOB,IDLE,ONJOB,ONJOB,IDLE,ONJOB,ONJOB,ONJOB,ONJOB,ONJOB,IDLE,ONJOB,ONJOB,ONJOB,ONJOB,ONJOB,ONJOB,IDLE,IDLE,IDLE,IDLE
42,2024-01-02 18:00:01,0.00,30.00,0,0.0000,0.0000,105.55,0.9998,0.9999,0.9997,0.9998,0.9999,0.9999,0.9998,0.9998,0.9998,0.9998,0.9999,0.9997,0.9998,0.9999,0.9998,0.9999,0.9998,0.9998,0.9998,0.9998,0.9998,0.9998,0.9999,0.9998,0.9998,0.9998,0.9998,0.9998,0.9998,0.9997,0.9998,0.9998,0.9998,0.9998,0.9999,0.9998,0.9996,0.9998,0.9998,0.9998,0.9998,0.9998,0.9998,0.9998,0.9997,0.9998,0.9998,0.9999,0.9999,0.9999,0.4005,0.1872,0.3480,0.7064,0.2197,0.3618,0.3610,0.8034,0.5948,0.6567,0.3964,0.3550,0.3875,0.1542,0.6389,0.1542,0.2478,0.6864,0.6483,0.2481,0.6936,0.2478,0.1982,0.6194,0.5973,0.3594,0.2478,0.6567,0.4152,0.7175,0.1491,0.5767,0.5948,0.6062,0.4752,0.7064,0.4922,0.5767,0.1906,0.1911,0.3610,0.2287,0.4698,0.6194,0.3973,0.7077,0.1569,0.1581,0.5166,0.1646,IDLE,IDLE,IDLE,IDLE,TOPICKUP,TOPICKUP,IDLE,IDLE,IDLE,IDLE,IDLE,IDLE,IDLE,IDLE,IDLE,IDLE,CHARGING,IDLE,IDLE,IDLE,IDLE,CHARGING,IDLE,IDLE,IDLE,IDLE,CHARGING,IDLE,ONJOB,IDLE,IDLE,IDLE,IDLE,ONJOB,IDLE,IDLE,IDLE,IDLE,IDLE,IDLE,IDLE,IDLE,IDLE,IDLE,IDLE,IDLE,IDLE,IDLE,ONJOB,IDLE
43,2024-01-02 19:00:01,0.00,0.00,0,0.0000,0.0000,544.45,0.9998,0.9999,0.9997,0.9998,0.9999,0.9999,0.9998,0.9998,0.9998,0.9998,0.9999,0.9997,0.9998,0.9999,0.9998,0.9999,0.9998,0.9998,0.9998,0.9998,0.9998,0.9998,0.9999,0.9998,0.9998,0.9998,0.9998,0.9998,0.9998,0.9997,0.9998,0.9998,0.9998,0.9998,0.9998,0.9998,0.9996,0.9998,0.9998,0.9998,0.9998,0.9998,0.9998,0.9998,0.9997,0.9998,0.9998,0.9999,0.9998,0.9999,0.3838,0.1872,0.3419,0.6978,0.2197,0.3618,0.3466,0.7951,0.5866,0.6385,0.3774,0.3498,0.3759,0.1542,0.6275,0.1542,0.2355,0.6791,0.6336,0.2360,0.6812,0.2355,0.1982,0.6058,0.5874,0.3467,0.2355,0.6385,0.3751,0.7094,0.1491,0.5630,0.5866,0.5696,0.4608,0.6978,0.4875,0.5630,0.1439,0.1911,0.3466,0.2185,0.4612,0.6058,0.3929,0.6980,0.1569,0.1581,0.4599,0.1646,ONJOB,IDLE,ONJOB,ONJOB,TOPICKUP,TOPICKUP,ONJOB,ONJOB,ONJOB,ONJOB,ONJOB,ONJOB,ONJOB,IDLE,ONJOB,IDLE,ONJOB,ONJOB,ONJOB,ONJOB,ONJOB,ONJOB,IDLE,ONJOB,ONJOB,ONJOB,ONJOB,ONJOB,IDLE,ONJOB,IDLE,ONJOB,ONJOB,IDLE,ONJOB,ONJOB,ONJOB,ONJOB,CHARGING,IDLE,ONJOB,ONJOB,ONJOB,ONJOB,ONJOB,ONJOB,IDLE,IDLE,IDLE,IDLE
44,2024-01-02 20:00:01,0.00,10.00,0,0.0000,0.0000,46.00,0.9998,0.9999,0.9997,0.9998,0.9999,0.9999,0.9998,0.9998,0.9998,0.9998,0.9999,0.9997,0.9998,0.9999,0.9998,0.9999,0.9998,0.9998,0.9998,0.9998,0.9998,0.9998,0.9999,0.9998,0.9998,0.9998,0.9998,0.9998,0.9998,0.9997,0.9998,0.9998,0.9998,0.9998,0.9998,0.9998,0.9996,0.9998,0.9998,0.9998,0.9998,0.9998,0.9998,0.9998,0.9997,0.9998,0.9998,0.9999,0.9998,0.9999,0.3670,0.1872,0.3208,0.6563,0.2197,0.3618,0.3056,0.7696,0.5482,0.5987,0.3276,0.3349,0.3333,0.1542,0.5875,0.1542,0.1970,0.6395,0.6081,0.2183,0.6614,0.1970,0.1982,0.5726,0.5483,0.3071,0.1970,0.5987,0.3577,0.6814,0.1491,0.5196,0.5482,0.5696,0.4369,0.6563,0.4828,0.5196,0.2834,0.1911,0.3056,0.2082,0.4208,0.5726,0.3788,0.6821,0.1569,0.1581,0.4454,0.1646,IDLE,IDLE,IDLE,IDLE,TOPICKUP,TOPICKUP,IDLE,IDLE,IDLE,IDLE,IDLE,IDLE,IDLE,IDLE,IDLE,IDLE,IDLE,IDLE,IDLE,IDLE,IDLE,IDLE,IDLE,IDLE,IDLE,IDLE,IDLE,IDLE,ONJOB,IDLE,IDLE,IDLE,IDLE,TOPICKUP,IDLE,IDLE,IDLE,IDLE,CHARGING,IDLE,IDLE,IDLE,IDLE,IDLE,IDLE,IDLE,IDLE,IDLE,ONJOB,IDLE
45,2024-01-02 21:00:01,0.00,0.00,0,0.0000,0.0000,552.70,0.9998,0.9999,0.9997,0.9998,0.9999,0.9999,0.9998,0.9998,0.9998,0.9998,0.9999,0.9997,0.9998,0.9999,0.9998,0.9999,0.9998,0.9998,0.9998,0.9998,0.9998,0.9998,0.9999,0.9998,0.9998,0.9998,0.9998,0.9998,0.9998,0.9997,0.9998,0.9998,0.9998,0.9998,0.9998,0.9998,0.9996,0.9998,0.9998,0.9998,0.9998,0.9998,0.9998,0.9998,0.9997,0.9998,0.9998,0.9999,0.9998,0.9999,0.3513,0.1872,0.3147,0.6477,0.2197,0.3618,0.2912,0.7570,0.5400,0.5867,0.3086,0.3297,0.3217,0.1542,0.5712,0.1542,0.1970,0.6322,0.5934,0.2037,0.6483,0.1970,0.1982,0.5590,0.5321,0.2944,0.1970,0.5867,0.3157,0.6733,0.1491,0.5058,0.5400,0.5696,0.4226,0.6477,0.4782,0.5058,0.2725,0.1911,0.2912,0.1980,0.4122,0.5590,0.3745,0.6700,0.1569,0.1581,0.4094,0.1646,ONJOB,IDLE,ONJOB,ONJOB,TOPICKUP,TOPICKUP,ONJOB,ONJOB,ONJOB,ONJOB,ONJOB,ONJOB,ONJOB,IDLE,ONJOB,IDLE,IDLE,ONJOB,ONJOB,ONJOB,ONJOB,IDLE,IDLE,ONJOB,ONJOB,ONJOB,IDLE,ONJOB,IDLE,ONJOB,IDLE,ONJOB,ONJOB,TOPICKUP,ONJOB,ONJOB,ONJOB,ONJOB,ONJOB,IDLE,ONJOB,ONJOB,ONJOB,ONJOB,ONJOB,ONJOB,IDLE,IDLE,IDLE,IDLE
46,2024-01-02 22:00:01,0.00,0.00,0,0.0000,0.0000,60.00,0.9998,0.9999,0.9997,0.9998,0.9999,0.9999,0.9998,0.9997,0.9998,0.9998,0.9999,0.9997,0.9998,0.9999,0.9998,0.9999,0.9998,0.9998,0.9998,0.9998,0.9998,0.9998,0.9999,0.9998,0.9998,0.9998,0.9998,0.9998,0.9998,0.9997,0.9998,0.9998,0.9998,0.9998,0.9998,0.9998,0.9996,0.9998,0.9998,0.9998,0.9998,0.9998,0.9998,0.9998,0.9997,0.9997,0.9998,0.9999,0.9998,0.9999,0.3162,0.1872,0.2898,0.6123,0.2197,0.3618,0.2468,0.7273,0.5318,0.5390,0.2796,0.3060,0.3101,0.1542,0.5311,0.1542,0.1970,0.5941,0.5477,0.1642,0.6154,0.1970,0.1982,0.5348,0.5079,0.2675,0.1970,0.5390,0.3030,0.6279,0.1491,0.4624,0.5318,0.5696,0.3845,0.6123,0.4735,0.4624,0.2351,0.1911,0.2468,0.1626,0.4036,0.5348,0.3529,0.6317,0.1569,0.1581,0.3975,0.1646,IDLE,IDLE,IDLE,IDLE,TOPICKUP,TOPICKUP,IDLE,IDLE,IDLE,IDLE,IDLE,IDLE,IDLE,IDLE,IDLE,IDLE,IDLE,IDLE,IDLE,IDLE,IDLE,IDLE,IDLE,IDLE,IDLE,IDLE,IDLE,IDLE,ONJOB,IDLE,IDLE,IDLE,IDLE,TOPICKUP,IDLE,IDLE,IDLE,IDLE,IDLE,IDLE,IDLE,IDLE,IDLE,IDLE,IDLE,IDLE,IDLE,IDLE,ONJOB,IDLE
47,2024-01-02 23:00:01,0.00,0.00,0,0.0000,0.0000,457.44,0.9998,0.9999,0.9997,0.9998,0.9999,0.9999,0.9998,0.9997,0.9998,0.9998,0.9999,0.9997,0.9998,0.9999,0.9998,0.9999,0.9998,0.9998,0.9998,0.9998,0.9998,0.9998,0.9999,0.9998,0.9998,0.9998,0.9998,0.9998,0.9998,0.9997,0.9998,0.9998,0.9998,0.9998,0.9998,0.9998,0.9996,0.9998,0.9998,0.9998,0.9998,0.9998,0.9998,0.9998,0.9997,0.9997,0.9998,0.9999,0.9998,0.9999,0.3004,0.1872,0.2837,0.6036,0.2197,0.3618,0.2256,0.7189,0.5236,0.5212,0.2589,0.3008,0.2985,0.1542,0.5147,0.1542,0.1970,0.5868,0.5330,0.1642,0.6030,0.1970,0.1982,0.5213,0.4962,0.2508,0.1970,0.5212,0.2456,0.6189,0.1491,0.4503,0.5236,0.5696,0.3697,0.6036,0.4688,0.4503,0.2240,0.1911,0.2256,0.1626,0.3950,0.5213,0.3485,0.6220,0.1569,0.1581,0.3537,0.1646,ONJOB,IDLE,ONJOB,ONJOB,TOPICKUP,TOPICKUP,ONJOB,ONJOB,ONJOB,ONJOB,ONJOB,ONJOB,ONJOB,IDLE,ONJOB,IDLE,IDLE,ONJOB,ONJOB,IDLE,ONJOB,IDLE,IDLE,ONJOB,ONJOB,ONJOB,IDLE,ONJOB,IDLE,ONJOB,IDLE,ONJOB,ONJOB,TOPICKUP,ONJOB,ONJOB,ONJOB,ONJOB,ONJOB,IDLE,ONJOB,IDLE,ONJOB,ONJOB,ONJOB,ONJOB,IDLE,IDLE,IDLE,IDLE
48,2024-01-03 00:00:01,0.00,0.00,0,0.0000,0.0000,69.25,0.9998,0.9999,0.9997,0.9998,0.9999,0.9999,0.9998,0.9997,0.9998,0.9998,0.9999,0.9997,0.9998,0.9999,0.9998,0.9999,0.9998,0.9998,0.9998,0.9998,0.9998,0.9998,0.9999,0.9998,0.9998,0.9998,0.9998,0.9998,0.9998,0.9997,0.9998,0.9998,0.9998,0.9998,0.9998,0.9998,0.9996,0.9998,0.9998,0.9998,0.9998,0.9998,0.9998,0.9998,0.9997,0.9997,0.9998,0.9999,0.9998,0.9999,0.2634,0.1872,0.2743,0.5616,0.2197,0.3618,0.1677,0.6998,0.4792,0.4765,0.1997,0.2860,0.2507,0.1542,0.4809,0.1542,0.1970,0.5436,0.4905,0.1642,0.5767,0.1970,0.1982,0.4839,0.4504,0.1987,0.1970,0.4765,0.2259,0.6037,0.1491,0.4069,0.4792,0.5696,0.3318,0.5616,0.4642,0.4069,0.1709,0.1911,0.1677,0.1626,0.3358,0.4839,0.3344,0.6079,0.1569,0.1581,0.3417,0.1646,IDLE,IDLE,IDLE,IDLE,TOPICKUP,TOPICKUP,IDLE,IDLE,IDLE,IDLE,IDLE,IDLE,IDLE,IDLE,IDLE,IDLE,IDLE,IDLE,IDLE,IDLE,IDLE,IDLE,IDLE,IDLE,IDLE,IDLE,IDLE,IDLE,ONJOB,IDLE,IDLE,IDLE,IDLE,TOPICKUP,IDLE,IDLE,IDLE,IDLE,IDLE,IDLE,IDLE,IDLE,IDLE,IDLE,IDLE,IDLE,IDLE,IDLE,ONJOB,IDLE
49,2024-01-03 01:00:01,0.00,0.00,0,0.0000,0.0000,206.35,0.9998,0.9999,0.9997,0.9998,0.9999,0.9999,0.9998,0.9997,0.9998,0.9998,0.9999,0.9997,0.9998,0.9999,0.9998,0.9999,0.9998,0.9998,0.9998,0.9998,0.9998,0.9998,0.9999,0.9998,0.9998,0.9998,0.9998,0.9998,0.9998,0.9997,0.9998,0.9998,0.9998,0.9998,0.9998,0.9998,0.9996,0.9998,0.9998,0.9998,0.9998,0.9998,0.9998,0.9998,0.9997,0.9997,0.9998,0.9999,0.9998,0.9999,0.2376,0.1872,0.2682,0.5530,0.2197,0.3618,0.1677,0.6915,0.4710,0.4583,0.1997,0.2808,0.2391,0.1542,0.4614,0.1542,0.1970,0.5363,0.4747,0.1642,0.5643,0.1970,0.1982,0.4703,0.4293,0.1987,0.1970,0.4583,0.1759,0.5947,0.1491,0.3931,0.4710,0.5696,0.3094,0.5530,0.4595,0.3931,0.1709,0.1911,0.1677,0.1626,0.3272,0.4703,0.3301,0.5982,0.1569,0.1581,0.3061,0.1646,ONJOB,IDLE,ONJOB,ONJOB,TOPICKUP,TOPICKUP,IDLE,ONJOB,ONJOB,ONJOB,IDLE,ONJOB,ONJOB,IDLE,ONJOB,IDLE,IDLE,ONJOB,ONJOB,IDLE,ONJOB,IDLE,IDLE,ONJOB,ONJOB,IDLE,IDLE,ONJOB,IDLE,ONJOB,IDLE,ONJOB,ONJOB,TOPICKUP,ONJOB,ONJOB,ONJOB,ONJOB,IDLE,IDLE,IDLE,IDLE,ONJOB,ONJOB,ONJOB,ONJOB,IDLE,IDLE,IDLE,IDLE
50,2024-01-03 02:00:01,0.00,0.00,0,0.0000,0.0000,21.25,0.9998,0.9999,0.9997,0.9998,0.9999,0.9999,0.9998,0.9997,0.9998,0.9998,0.9999,0.9997,0.9998,0.9999,0.9998,0.9999,0.9998,0.9998,0.9998,0.9998,0.9998,0.9998,0.9999,0.9998,0.9998,0.9998,0.9998,0.9998,0.9998,0.9997,0.9998,0.9998,0.9998,0.9998,0.9998,0.9998,0.9996,0.9998,0.9998,0.9998,0.9998,0.9998,0.9998,0.9998,0.9997,0.9997,0.9998,0.9999,0.9998,0.9999,0.1622,0.1872,0.2621,0.5243,0.2197,0.3618,0.1677,0.6770,0.4255,0.4137,0.1997,0.2548,0.1870,0.1542,0.4451,0.1542,0.1970,0.5111,0.4269,0.1642,0.5510,0.1970,0.1982,0.4297,0.4121,0.1987,0.1970,0.4137,0.1759,0.5866,0.1491,0.3367,0.4255,0.5696,0.2600,0.5243,0.4194,0.3367,0.1709,0.1911,0.1677,0.1626,0.2736,0.4297,0.3061,0.5858,0.1569,0.1581,0.2807,0.1646,IDLE,IDLE,IDLE,IDLE,TOPICKUP,TOPICKUP,IDLE,IDLE,IDLE,IDLE,IDLE,IDLE,IDLE,IDLE,IDLE,IDLE,IDLE,IDLE,IDLE,IDLE,IDLE,IDLE,IDLE,IDLE,IDLE,IDLE,IDLE,IDLE,IDLE,IDLE,IDLE,IDLE,IDLE,TOPICKUP,IDLE,IDLE,IDLE,IDLE,IDLE,IDLE,IDLE,IDLE,IDLE,IDLE,IDLE,IDLE,IDLE,IDLE,ONJOB,IDLE
51,2024-01-03 03:00:01,0.00,0.00,0,0.0000,0.0000,396.93,0.9998,0.9999,0.9997,0.9998,0.9999,0.9999,0.9998,0.9997,0.9998,0.9998,0.9999,0.9997,0.9998,0.9999,0.9998,0.9999,0.9998,0.9998,0.9998,0.9998,0.9998,0.9998,0.9999,0.9998,0.9998,0.9998,0.9998,0.9998,0.9998,0.9997,0.9998,0.9998,0.9998,0.9998,0.9998,0.9998,0.9996,0.9998,0.9998,0.9998,0.9998,0.9998,0.9998,0.9998,0.9997,0.9997,0.9998,0.9999,0.9998,0.9999,0.1622,0.1872,0.2559,0.5156,0.2197,0.3618,0.1677,0.6662,0.4173,0.3955,0.1997,0.2482,0.1870,0.1542,0.4288,0.1542,0.1970,0.5038,0.4122,0.1642,0.5381,0.1970,0.1982,0.4161,0.3998,0.1987,0.1970,0.3955,0.1759,0.5750,0.1491,0.3229,0.4173,0.5696,0.2412,0.5156,0.4147,0.3229,0.1709,0.1911,0.1677,0.1626,0.2650,0.4161,0.3003,0.5716,0.1569,0.1581,0.2566,0.1646,IDLE,IDLE,ONJOB,ONJOB,TOPICKUP,TOPICKUP,IDLE,ONJOB,ONJOB,ONJOB,IDLE,ONJOB,IDLE,IDLE,ONJOB,IDLE,IDLE,ONJOB,ONJOB,IDLE,ONJOB,IDLE,IDLE,ONJOB,ONJOB,IDLE,IDLE,ONJOB,IDLE,ONJOB,IDLE,ONJOB,ONJOB,TOPICKUP,ONJOB,ONJOB,ONJOB,ONJOB,IDLE,IDLE,IDLE,IDLE,ONJOB,ONJOB,ONJOB,ONJOB,IDLE,IDLE,IDLE,IDLE
52,2024-01-03 04:00:01,0.00,0.00,0,0.0000,0.0000,77.79,0.9998,0.9999,0.9997,0.9998,0.9999,0.9999,0.9998,0.9997,0.9998,0.9998,0.9999,0.9997,0.9998,0.9999,0.9998,0.9999,0.9998,0.9998,0.9998,0.9998,0.9998,0.9998,0.9999,0.9998,0.9998,0.9998,0.9998,0.9998,0.9998,0.9997,0.9998,0.9998,0.9998,0.9998,0.9998,0.9998,0.9996,0.9998,0.9998,0.9998,0.9998,0.9998,0.9998,0.9998,0.9997,0.9997,0.9998,0.9999,0.9998,0.9999,0.1622,0.1872,0.1866,0.4708,0.2197,0.3618,0.1677,0.5754,0.3717,0.3479,0.1997,0.2245,0.1870,0.1542,0.3432,0.1542,0.1970,0.4630,0.3665,0.1642,0.4410,0.1970,0.1982,0.3735,0.3100,0.1987,0.1970,0.3479,0.1759,0.4792,0.1491,0.2795,0.3717,0.5696,0.1993,0.4708,0.3472,0.2795,0.1709,0.1911,0.1677,0.1626,0.2114,0.3735,0.2304,0.5333,0.1569,0.1581,0.2407,0.1646,IDLE,IDLE,IDLE,IDLE,TOPICKUP,TOPICKUP,IDLE,IDLE,IDLE,IDLE,IDLE,IDLE,IDLE,IDLE,IDLE,IDLE,IDLE,IDLE,IDLE,IDLE,IDLE,IDLE,IDLE,IDLE,IDLE,IDLE,IDLE,IDLE,IDLE,IDLE,IDLE,IDLE,IDLE,TOPICKUP,IDLE,IDLE,IDLE,IDLE,IDLE,IDLE,IDLE,IDLE,IDLE,IDLE,IDLE,IDLE,IDLE,IDLE,ONJOB,IDLE
53,2024-01-03 05:00:01,0.00,0.00,0,0.0000,0.0000,354.02,0.9998,0.9999,0.9997,0.9997,0.9999,0.9999,0.9998,0.9997,0.9998,0.9998,0.9999,0.9997,0.9998,0.9999,0.9998,0.9999,0.9998,0.9998,0.9998,0.9998,0.9998,0.9998,0.9999,0.9998,0.9998,0.9998,0.9998,0.9998,0.9998,0.9997,0.9998,0.9998,0.9998,0.9998,0.9998,0.9997,0.9996,0.9998,0.9998,0.9998,0.9998,0.9998,0.9998,0.9998,0.9997,0.9997,0.9998,0.9999,0.9998,0.9999,0.1622,0.1872,0.1309,0.4622,0.2197,0.3618,0.1677,0.5646,0.3635,0.3358,0.1997,0.2193,0.1870,0.1542,0.3270,0.1542,0.1970,0.4557,0.3518,0.1642,0.4281,0.1970,0.1982,0.3581,0.2977,0.1987,0.1970,0.3358,0.1759,0.4711,0.1491,0.2658,0.3635,0.5696,0.1993,0.4622,0.3426,0.2658,0.1709,0.1911,0.1677,0.1626,0.2028,0.3581,0.2260,0.5209,0.1569,0.1581,0.2086,0.1646,IDLE,IDLE,CHARGING,ONJOB,TOPICKUP,TOPICKUP,IDLE,ONJOB,ONJOB,ONJOB,IDLE,ONJOB,IDLE,IDLE,ONJOB,IDLE,IDLE,ONJOB,ONJOB,IDLE,ONJOB,IDLE,IDLE,ONJOB,ONJOB,IDLE,IDLE,ONJOB,IDLE,ONJOB,IDLE,ONJOB,ONJOB,TOPICKUP,IDLE,ONJOB,ONJOB,ONJOB,IDLE,IDLE,IDLE,IDLE,ONJOB,ONJOB,ONJOB,ONJOB,IDLE,IDLE,IDLE,IDLE
54,2024-01-03 06:00:01,0.00,10.00,0,0.0000,0.0000,39.63,0.9998,0.9999,0.9997,0.9997,0.9999,0.9999,0.9998,0.9997,0.9998,0.9998,0.9999,0.9997,0.9998,0.9999,0.9998,0.9999,0.9998,0.9998,0.9998,0.9998,0.9998,0.9998,0.9999,0.9998,0.9998,0.9998,0.9998,0.9998,0.9998,0.9997,0.9998,0.9998,0.9998,0.9998,0.9998,0.9997,0.9996,0.9998,0.9998,0.9998,0.9998,0.9998,0.9998,0.9998,0.9997,0.9997,0.9998,0.9999,0.9998,0.9999,0.1622,0.1872,0.2704,0.4173,0.2197,0.3618,0.1677,0.5402,0.3058,0.2736,0.1997,0.1529,0.1870,0.1542,0.2994,0.1542,0.1970,0.4149,0.2926,0.1642,0.3991,0.1970,0.1982,0.3051,0.2661,0.1987,0.1970,0.2736,0.1759,0.4253,0.1491,0.2224,0.3058,0.5696,0.1993,0.4173,0.2751,0.2224,0.1709,0.1911,0.1677,0.1626,0.2028,0.3051,0.1562,0.4752,0.1569,0.1581,0.1941,0.1646,IDLE,IDLE,CHARGING,IDLE,TOPICKUP,TOPICKUP,IDLE,IDLE,IDLE,IDLE,IDLE,IDLE,IDLE,IDLE,IDLE,IDLE,IDLE,IDLE,IDLE,IDLE,IDLE,IDLE,IDLE,IDLE,IDLE,IDLE,IDLE,IDLE,IDLE,IDLE,IDLE,IDLE,IDLE,TOPICKUP,IDLE,IDLE,IDLE,IDLE,IDLE,IDLE,IDLE,IDLE,ONJOB,IDLE,IDLE,IDLE,IDLE,IDLE,ONJOB,IDLE
55,2024-01-03 07:00:01,0.00,0.00,0,0.0000,0.0000,467.81,0.9998,0.9999,0.9997,0.9997,0.9999,0.9999,0.9998,0.9997,0.9998,0.9998,0.9999,0.9997,0.9998,0.9999,0.9998,0.9999,0.9998,0.9998,0.9998,0.9998,0.9998,0.9998,0.9999,0.9998,0.9998,0.9998,0.9998,0.9998,0.9998,0.9997,0.9998,0.9998,0.9998,0.9998,0.9998,0.9997,0.9996,0.9998,0.9998,0.9998,0.9998,0.9998,0.9998,0.9998,0.9997,0.9997,0.9998,0.9999,0.9998,0.9999,0.1622,0.1872,0.2642,0.4087,0.2197,0.3618,0.1677,0.5318,0.2975,0.2561,0.1997,0.0865,0.1870,0.1542,0.2879,0.1542,0.1970,0.4084,0.2780,0.1642,0.3866,0.1970,0.1982,0.2915,0.2544,0.1987,0.1970,0.2561,0.1759,0.4172,0.1491,0.2102,0.2975,0.5696,0.1993,0.4087,0.2704,0.2102,0.1709,0.1911,0.1677,0.1626,0.1409,0.2915,0.0864,0.4655,0.1569,0.1581,0.1373,0.1646,IDLE,IDLE,ONJOB,ONJOB,TOPICKUP,TOPICKUP,IDLE,ONJOB,ONJOB,ONJOB,IDLE,CHARGING,IDLE,IDLE,ONJOB,IDLE,IDLE,ONJOB,ONJOB,IDLE,ONJOB,IDLE,IDLE,ONJOB,ONJOB,IDLE,IDLE,ONJOB,IDLE,ONJOB,IDLE,ONJOB,ONJOB,TOPICKUP,IDLE,ONJOB,ONJOB,ONJOB,IDLE,IDLE,IDLE,IDLE,IDLE,ONJOB,CHARGING,ONJOB,IDLE,IDLE,IDLE,IDLE
56,2024-01-03 08:00:01,0.00,20.00,0,0.0000,0.0000,0.00,0.9998,0.9999,0.9997,0.9997,0.9999,0.9999,0.9998,0.9997,0.9998,0.9998,0.9999,0.9997,0.9998,0.9999,0.9998,0.9999,0.9998,0.9998,0.9998,0.9998,0.9998,0.9998,0.9999,0.9998,0.9998,0.9998,0.9998,0.9998,0.9998,0.9997,0.9998,0.9998,0.9998,0.9998,0.9998,0.9997,0.9996,0.9998,0.9998,0.9998,0.9998,0.9998,0.9998,0.9998,0.9997,0.9997,0.9998,0.9999,0.9998,0.9999,0.1622,0.1872,0.2488,0.3317,0.2197,0.3618,0.1677,0.4858,0.2582,0.2145,0.1997,0.2260,0.1870,0.1542,0.2504,0.1542,0.1970,0.3524,0.2396,0.1642,0.3499,0.1970,0.1982,0.2541,0.1844,0.1987,0.1970,0.2145,0.1759,0.3841,0.1491,0.1286,0.2582,0.5696,0.1993,0.3317,0.2645,0.1286,0.1709,0.1911,0.1677,0.1626,0.1409,0.2541,0.2259,0.4204,0.1569,0.1581,0.1373,0.1646,IDLE,IDLE,IDLE,IDLE,TOPICKUP,TOPICKUP,IDLE,IDLE,IDLE,IDLE,IDLE,CHARGING,IDLE,IDLE,IDLE,IDLE,IDLE,IDLE,IDLE,IDLE,IDLE,IDLE,IDLE,IDLE,IDLE,IDLE,IDLE,IDLE,IDLE,IDLE,IDLE,IDLE,IDLE,TOPICKUP,IDLE,IDLE,IDLE,IDLE,IDLE,IDLE,IDLE,IDLE,IDLE,IDLE,CHARGING,IDLE,IDLE,IDLE,IDLE,IDLE
57,2024-01-03 09:00:01,0.00,0.00,0,0.0000,0.0000,344.44,0.9998,0.9999,0.9997,0.9997,0.9999,0.9999,0.9998,0.9997,0.9998,0.9998,0.9999,0.9997,0.9998,0.9999,0.9998,0.9999,0.9998,0.9998,0.9998,0.9998,0.9998,0.9998,0.9999,0.9998,0.9998,0.9998,0.9998,0.9998,0.9998,0.9997,0.9998,0.9998,0.9998,0.9998,0.9998,0.9997,0.9996,0.9998,0.9998,0.9998,0.9998,0.9998,0.9998,0.9998,0.9997,0.9997,0.9998,0.9999,0.9998,0.9999,0.1622,0.1872,0.2427,0.3230,0.2197,0.3618,0.1677,0.4774,0.2500,0.1966,0.1997,0.2208,0.1870,0.1542,0.2390,0.1542,0.1970,0.3459,0.2242,0.1642,0.3374,0.1970,0.1982,0.2406,0.1844,0.1987,0.1970,0.1966,0.1759,0.3760,0.1491,0.1286,0.2500,0.5696,0.1993,0.3230,0.2599,0.1286,0.1709,0.1911,0.1677,0.1626,0.1409,0.2406,0.2215,0.4107,0.1569,0.1581,0.1373,0.1646,IDLE,IDLE,ONJOB,ONJOB,TOPICKUP,TOPICKUP,IDLE,ONJOB,ONJOB,ONJOB,IDLE,ONJOB,IDLE,IDLE,ONJOB,IDLE,IDLE,ONJOB,ONJOB,IDLE,ONJOB,IDLE,IDLE,ONJOB,IDLE,IDLE,IDLE,ONJOB,IDLE,ONJOB,IDLE,IDLE,ONJOB,TOPICKUP,IDLE,ONJOB,ONJOB,IDLE,IDLE,IDLE,IDLE,IDLE,IDLE,ONJOB,ONJOB,ONJOB,IDLE,IDLE,IDLE,IDLE
58,2024-01-03 10:00:01,0.00,0.00,0,0.0000,0.0000,0.00,0.9998,0.9999,0.9997,0.9997,0.9999,0.9999,0.9998,0.9997,0.9998,0.9998,0.9999,0.9997,0.9998,0.9999,0.9998,0.9999,0.9998,0.9998,0.9998,0.9998,0.9998,0.9998,0.9999,0.9998,0.9998,0.9998,0.9998,0.9998,0.9998,0.9997,0.9998,0.9998,0.9998,0.9998,0.9998,0.9997,0.9996,0.9998,0.9998,0.9998,0.9998,0.9998,0.9998,0.9998,0.9997,0.9997,0.9998,0.9999,0.9998,0.9999,0.1622,0.1872,0.2190,0.3076,0.2197,0.3618,0.1677,0.4481,0.2120,0.1490,0.1997,0.2143,0.1870,0.1542,0.2127,0.1542,0.1970,0.3097,0.2096,0.1642,0.3025,0.1970,0.1982,0.1980,0.1844,0.1987,0.1970,0.1490,0.1759,0.3464,0.1491,0.1286,0.2120,0.5696,0.1993,0.3076,0.2552,0.1286,0.1709,0.1911,0.1677,0.1626,0.1409,0.1980,0.2152,0.3727,0.1569,0.1581,0.1373,0.1646,IDLE,IDLE,IDLE,IDLE,TOPICKUP,TOPICKUP,IDLE,IDLE,IDLE,IDLE,IDLE,IDLE,IDLE,IDLE,IDLE,IDLE,IDLE,IDLE,IDLE,IDLE,IDLE,IDLE,IDLE,IDLE,IDLE,IDLE,IDLE,IDLE,IDLE,IDLE,IDLE,IDLE,IDLE,TOPICKUP,IDLE,IDLE,IDLE,IDLE,IDLE,IDLE,IDLE,IDLE,IDLE,IDLE,IDLE,IDLE,IDLE,IDLE,IDLE,IDLE
59,2024-01-03 11:00:01,0.00,0.00,0,0.0000,0.0000,284.81,0.9998,0.9999,0.9997,0.9997,0.9999,0.9999,0.9998,0.9997,0.9998,0.9998,0.9999,0.9997,0.9998,0.9999,0.9998,0.9999,0.9998,0.9998,0.9998,0.9998,0.9998,0.9998,0.9999,0.9998,0.9998,0.9998,0.9998,0.9998,0.9998,0.9997,0.9998,0.9998,0.9998,0.9998,0.9998,0.9997,0.9996,0.9998,0.9998,0.9998,0.9998,0.9998,0.9998,0.9998,0.9997,0.9997,0.9998,0.9999,0.9998,0.9999,0.1622,0.1872,0.2129,0.2989,0.2197,0.3618,0.1677,0.4397,0.2038,0.1490,0.1997,0.2091,0.1870,0.1542,0.2013,0.1542,0.1970,0.3032,0.1949,0.1642,0.2901,0.1970,0.1982,0.1980,0.1844,0.1987,0.1970,0.1490,0.1759,0.3384,0.1491,0.1286,0.2038,0.5696,0.1993,0.2989,0.2505,0.1286,0.1709,0.1911,0.1677,0.1626,0.1409,0.1980,0.2108,0.3631,0.1569,0.1581,0.1373,0.1646,IDLE,IDLE,ONJOB,ONJOB,TOPICKUP,TOPICKUP,IDLE,ONJOB,ONJOB,IDLE,IDLE,ONJOB,IDLE,IDLE,ONJOB,IDLE,IDLE,ONJOB,ONJOB,IDLE,ONJOB,IDLE,IDLE,IDLE,IDLE,IDLE,IDLE,IDLE,IDLE,ONJOB,IDLE,IDLE,ONJOB,TOPICKUP,IDLE,ONJOB,ONJOB,IDLE,IDLE,IDLE,IDLE,IDLE,IDLE,IDLE,ONJOB,ONJOB,IDLE,IDLE,IDLE,IDLE
60,2024-01-03 12:00:01,0.00,0.00,0,0.0000,0.0000,0.00,0.9998,0.9999,0.9997,0.9997,0.9999,0.9999,0.9998,0.9997,0.9998,0.9998,0.9999,0.9997,0.9998,0.9999,0.9998,0.9999,0.9998,0.9998,0.9998,0.9998,0.9998,0.9998,0.9999,0.9998,0.9998,0.9998,0.9998,0.9998,0.9998,0.9997,0.9998,0.9998,0.9998,0.9998,0.9998,0.9997,0.9996,0.9998,0.9998,0.9998,0.9998,0.9998,0.9998,0.9998,0.9997,0.9997,0.9998,0.9999,0.9998,0.9999,0.1622,0.1872,0.1898,0.2569,0.2021,0.3518,0.1677,0.4267,0.1623,0.1490,0.1997,0.2016,0.1870,0.1542,0.1730,0.1542,0.1970,0.2611,0.1753,0.1642,0.2901,0.1970,0.1982,0.1980,0.1844,0.1987,0.1970,0.1490,0.1759,0.2816,0.1491,0.1286,0.1623,0.5696,0.1993,0.2569,0.2074,0.1286,0.1709,0.1911,0.1677,0.1626,0.1409,0.1980,0.2049,0.3504,0.1569,0.1581,0.1373,0.1646,IDLE,IDLE,IDLE,IDLE,ONJOB,ONJOB,IDLE,IDLE,IDLE,IDLE,IDLE,IDLE,IDLE,IDLE,IDLE,IDLE,IDLE,IDLE,IDLE,IDLE,ONJOB,IDLE,IDLE,IDLE,IDLE,IDLE,IDLE,IDLE,IDLE,IDLE,IDLE,IDLE,IDLE,TOPICKUP,IDLE,IDLE,IDLE,IDLE,IDLE,IDLE,IDLE,IDLE,IDLE,IDLE,IDLE,IDLE,IDLE,IDLE,IDLE,IDLE
61,2024-01-03 13:00:01,0.00,0.00,0,0.0000,0.0000,164.01,0.9998,0.9999,0.9997,0.9997,0.9999,0.9999,0.9998,0.9997,0.9998,0.9998,0.9999,0.9997,0.9998,0.9999,0.9998,0.9999,0.9998,0.9998,0.9998,0.9998,0.9998,0.9998,0.9999,0.9998,0.9998,0.9998,0.9998,0.9998,0.9998,0.9997,0.9998,0.9998,0.9998,0.9998,0.9998,0.9997,0.9996,0.9998,0.9998,0.9998,0.9998,0.9998,0.9998,0.9998,0.9997,0.9997,0.9998,0.9999,0.9998,0.9999,0.1622,0.1872,0.1898,0.2483,0.1644,0.3197,0.1677,0.4183,0.1623,0.1490,0.1997,0.1964,0.1870,0.1542,0.1730,0.1542,0.1970,0.2546,0.1753,0.1642,0.2587,0.1970,0.1982,0.1980,0.1844,0.1987,0.1970,0.1490,0.1759,0.2735,0.1491,0.1286,0.1623,0.5696,0.1993,0.2483,0.2027,0.1286,0.1709,0.1911,0.1677,0.1626,0.1409,0.1980,0.2006,0.3407,0.1569,0.1581,0.1373,0.1646,IDLE,IDLE,IDLE,ONJOB,IDLE,IDLE,IDLE,ONJOB,IDLE,IDLE,IDLE,ONJOB,IDLE,IDLE,IDLE,IDLE,IDLE,ONJOB,IDLE,IDLE,IDLE,IDLE,IDLE,IDLE,IDLE,IDLE,IDLE,IDLE,IDLE,ONJOB,IDLE,IDLE,IDLE,TOPICKUP,IDLE,ONJOB,ONJOB,IDLE,IDLE,IDLE,IDLE,IDLE,IDLE,IDLE,ONJOB,ONJOB,IDLE,IDLE,IDLE,IDLE
62,2024-01-03 14:00:01,0.00,0.00,0,0.0000,0.0000,24.75,0.9998,0.9999,0.9997,0.9997,0.9999,0.9999,0.9998,0.9997,0.9998,0.9998,0.9999,0.9997,0.9998,0.9999,0.9998,0.9999,0.9998,0.9998,0.9998,0.9998,0.9998,0.9998,0.9999,0.9998,0.9998,0.9998,0.9998,0.9998,0.9998,0.9997,0.9998,0.9998,0.9998,0.9998,0.9998,0.9997,0.9996,0.9998,0.9998,0.9998,0.9998,0.9998,0.9998,0.9998,0.9997,0.9997,0.9998,0.9999,0.9998,0.9999,0.1622,0.1872,0.1898,0.2150,0.1025,0.3102,0.1677,0.3886,0.1623,0.1490,0.1997,0.1315,0.1870,0.1542,0.1730,0.1542,0.1970,0.1985,0.1753,0.1642,0.2462,0.1970,0.1982,0.1980,0.1844,0.1987,0.1970,0.1490,0.1759,0.2455,0.1491,0.1286,0.1623,0.5696,0.1993,0.2150,0.1921,0.1286,0.1709,0.1911,0.1677,0.1626,0.1409,0.1980,0.1412,0.3024,0.1569,0.1581,0.1373,0.1646,IDLE,IDLE,IDLE,IDLE,CHARGING,ONJOB,IDLE,IDLE,IDLE,IDLE,IDLE,IDLE,IDLE,IDLE,IDLE,IDLE,IDLE,IDLE,IDLE,IDLE,ONJOB,IDLE,IDLE,IDLE,IDLE,IDLE,IDLE,IDLE,IDLE,IDLE,IDLE,IDLE,IDLE,TOPICKUP,IDLE,IDLE,IDLE,IDLE,IDLE,IDLE,IDLE,IDLE,IDLE,IDLE,IDLE,IDLE,IDLE,IDLE,IDLE,IDLE
63,2024-01-03 15:00:01,0.00,50.00,0,0.0000,0.0000,69.82,0.9998,0.9999,0.9997,0.9997,0.9999,0.9999,0.9998,0.9997,0.9998,0.9998,0.9999,0.9997,0.9998,0.9999,0.9998,0.9999,0.9998,0.9998,0.9998,0.9998,0.9998,0.9998,0.9999,0.9998,0.9998,0.9998,0.9998,0.9998,0.9998,0.9997,0.9998,0.9998,0.9998,0.9998,0.9998,0.9997,0.9996,0.9998,0.9998,0.9998,0.9998,0.9998,0.9998,0.9998,0.9997,0.9997,0.9998,0.9999,0.9998,0.9999,0.1622,0.1872,0.1898,0.2064,0.7999,0.2989,0.1677,0.3802,0.1623,0.1490,0.1997,0.1315,0.1870,0.1542,0.1730,0.1542,0.1970,0.1985,0.1753,0.1642,0.2313,0.1970,0.1982,0.1980,0.1844,0.1987,0.1970,0.1490,0.1759,0.2374,0.1491,0.1286,0.1623,0.5696,0.1993,0.2064,0.1246,0.1286,0.1709,0.1911,0.1677,0.1626,0.1409,0.1980,0.1412,0.2928,0.1569,0.1581,0.1373,0.1646,IDLE,IDLE,IDLE,ONJOB,CHARGING,IDLE,IDLE,ONJOB,IDLE,IDLE,IDLE,IDLE,IDLE,IDLE,IDLE,IDLE,IDLE,IDLE,IDLE,IDLE,IDLE,IDLE,IDLE,IDLE,IDLE,IDLE,IDLE,IDLE,IDLE,ONJOB,IDLE,IDLE,IDLE,TOPICKUP,IDLE,ONJOB,CHARGING,IDLE,IDLE,IDLE,IDLE,IDLE,IDLE,IDLE,IDLE,ONJOB,IDLE,IDLE,IDLE,IDLE
64,2024-01-03 16:00:01,0.00,10.00,0,0.0000,0.0000,157.40,0.9998,0.9999,0.9997,0.9997,0.9999,0.9999,0.9998,0.9997,0.9998,0.9998,0.9999,0.9997,0.9998,0.9999,0.9998,0.9999,0.9998,0.9998,0.9998,0.9998,0.9998,0.9998,0.9999,0.9998,0.9998,0.9998,0.9998,0.9998,0.9998,0.9997,0.9998,0.9998,0.9998,0.9998,0.9998,0.9997,0.9996,0.9998,0.9998,0.9998,0.9998,0.9998,0.9998,0.9998,0.9997,0.9997,0.9998,0.9999,0.9998,0.9999,0.1622,0.1872,0.1898,0.1763,0.7894,0.2934,0.1677,0.3299,0.1623,0.1490,0.1997,0.1315,0.1870,0.1542,0.1730,0.1542,0.1970,0.1985,0.1753,0.1642,0.2189,0.1970,0.1982,0.1980,0.1844,0.1987,0.1970,0.1490,0.1759,0.2222,0.1491,0.1286,0.1623,0.5696,0.1993,0.1763,0.2641,0.1286,0.1709,0.1911,0.1677,0.1626,0.1409,0.1980,0.1412,0.2514,0.1569,0.1581,0.1373,0.1646,IDLE,IDLE,IDLE,IDLE,ONJOB,ONJOB,IDLE,IDLE,IDLE,IDLE,IDLE,IDLE,IDLE,IDLE,IDLE,IDLE,IDLE,IDLE,IDLE,IDLE,ONJOB,IDLE,IDLE,IDLE,IDLE,IDLE,IDLE,IDLE,IDLE,IDLE,IDLE,IDLE,IDLE,TOPICKUP,IDLE,IDLE,CHARGING,IDLE,IDLE,IDLE,IDLE,IDLE,IDLE,IDLE,IDLE,IDLE,IDLE,IDLE,IDLE,IDLE
65,2024-01-03 17:00:01,0.00,0.00,0,0.0000,0.0000,169.44,0.9998,0.9999,0.9997,0.9997,0.9998,0.9999,0.9998,0.9997,0.9998,0.9998,0.9999,0.9997,0.9998,0.9999,0.9998,0.9999,0.9998,0.9998,0.9998,0.9998,0.9998,0.9998,0.9999,0.9998,0.9998,0.9998,0.9998,0.9998,0.9998,0.9997,0.9998,0.9998,0.9998,0.9998,0.9998,0.9997,0.9996,0.9998,0.9998,0.9998,0.9998,0.9998,0.9998,0.9998,0.9997,0.9997,0.9998,0.9999,0.9998,0.9999,0.1622,0.1872,0.1898,0.1763,0.7508,0.2934,0.1677,0.3215,0.1623,0.1490,0.1997,0.1315,0.1870,0.1542,0.1730,0.1542,0.1970,0.1985,0.1753,0.1642,0.1937,0.1970,0.1982,0.1980,0.1844,0.1987,0.1970,0.1490,0.1759,0.2141,0.1491,0.1286,0.1623,0.5696,0.1993,0.1763,0.2595,0.1286,0.1709,0.1911,0.1677,0.1626,0.1409,0.1980,0.1412,0.2417,0.1569,0.1581,0.1373,0.1646,IDLE,IDLE,IDLE,IDLE,IDLE,ONJOB,IDLE,ONJOB,IDLE,IDLE,IDLE,IDLE,IDLE,IDLE,IDLE,IDLE,IDLE,IDLE,IDLE,IDLE,IDLE,IDLE,IDLE,IDLE,IDLE,IDLE,IDLE,IDLE,IDLE,ONJOB,IDLE,IDLE,IDLE,TOPICKUP,IDLE,IDLE,ONJOB,IDLE,IDLE,IDLE,IDLE,IDLE,IDLE,IDLE,IDLE,ONJOB,IDLE,IDLE,IDLE,IDLE
66,2024-01-03 18:00:01,0.00,0.00,0,0.0000,0.0000,30.00,0.9998,0.9999,0.9997,0.9997,0.9998,0.9999,0.9998,0.9997,0.9998,0.9998,0.9999,0.9997,0.9998,0.9999,0.9998,0.9999,0.9998,0.9998,0.9998,0.9998,0.9998,0.9998,0.9999,0.9998,0.9998,0.9998,0.9998,0.9998,0.9998,0.9997,0.9998,0.9998,0.9998,0.9998,0.9998,0.9997,0.9996,0.9998,0.9998,0.9998,0.9998,0.9998,0.9998,0.9998,0.9997,0.9997,0.9998,0.9999,0.9998,0.9999,0.1622,0.1872,0.1898,0.1763,0.7403,0.1845,0.1677,0.2918,0.1623,0.1490,0.1997,0.1315,0.1870,0.1542,0.1730,0.1542,0.1970,0.1985,0.1753,0.1642,0.1937,0.1970,0.1982,0.1980,0.1844,0.1987,0.1970,0.1490,0.1759,0.1861,0.1491,0.1286,0.1623,0.5696,0.1993,0.1763,0.2512,0.1286,0.1709,0.1911,0.1677,0.1626,0.1409,0.1980,0.1412,0.2034,0.1569,0.1581,0.1373,0.1646,IDLE,IDLE,IDLE,IDLE,ONJOB,IDLE,IDLE,IDLE,IDLE,IDLE,IDLE,IDLE,IDLE,IDLE,IDLE,IDLE,IDLE,IDLE,IDLE,IDLE,IDLE,IDLE,IDLE,IDLE,IDLE,IDLE,IDLE,IDLE,IDLE,IDLE,IDLE,IDLE,IDLE,TOPICKUP,IDLE,IDLE,IDLE,IDLE,IDLE,IDLE,IDLE,IDLE,IDLE,IDLE,IDLE,IDLE,IDLE,IDLE,IDLE,IDLE
67,2024-01-03 19:00:01,0.00,0.00,0,0.0000,0.0000,41.25,0.9998,0.9999,0.9997,0.9997,0.9998,0.9999,0.9998,0.9997,0.9998,0.9998,0.9999,0.9997,0.9998,0.9999,0.9998,0.9999,0.9998,0.9998,0.9998,0.9998,0.9998,0.9998,0.9999,0.9998,0.9998,0.9998,0.9998,0.9998,0.9998,0.9997,0.9998,0.9998,0.9998,0.9998,0.9998,0.9997,0.9996,0.9998,0.9998,0.9998,0.9998,0.9998,0.9998,0.9998,0.9997,0.9997,0.9998,0.9999,0.9998,0.9999,0.1622,0.1872,0.1898,0.1763,0.7058,0.1273,0.1677,0.2834,0.1623,0.1490,0.1997,0.1315,0.1870,0.1542,0.1730,0.1542,0.1970,0.1985,0.1753,0.1642,0.1937,0.1970,0.1982,0.1980,0.1844,0.1987,0.1970,0.1490,0.1759,0.1861,0.1491,0.1286,0.1623,0.5696,0.1993,0.1763,0.2466,0.1286,0.1709,0.1911,0.1677,0.1626,0.1409,0.1980,0.1412,0.1937,0.1569,0.1581,0.1373,0.1646,IDLE,IDLE,IDLE,IDLE,IDLE,CHARGING,IDLE,ONJOB,IDLE,IDLE,IDLE,IDLE,IDLE,IDLE,IDLE,IDLE,IDLE,IDLE,IDLE,IDLE,IDLE,IDLE,IDLE,IDLE,IDLE,IDLE,IDLE,IDLE,IDLE,IDLE,IDLE,IDLE,IDLE,TOPICKUP,IDLE,IDLE,ONJOB,IDLE,IDLE,IDLE,IDLE,IDLE,IDLE,IDLE,IDLE,ONJOB,IDLE,IDLE,IDLE,IDLE
68,2024-01-03 20:00:01,0.00,50.00,0,0.0000,0.0000,28.75,0.9998,0.9999,0.9997,0.9997,0.9998,0.9999,0.9998,0.9997,0.9998,0.9998,0.9999,0.9997,0.9998,0.9999,0.9998,0.9999,0.9998,0.9998,0.9998,0.9998,0.9998,0.9998,0.9999,0.9998,0.9998,0.9998,0.9998,0.9998,0.9998,0.9997,0.9998,0.9998,0.9998,0.9998,0.9998,0.9997,0.9996,0.9998,0.9998,0.9998,0.9998,0.9998,0.9998,0.9998,0.9997,0.9997,0.9998,0.9999,0.9998,0.9999,0.1622,0.1872,0.1898,0.1763,0.6953,0.8247,0.1677,0.2541,0.1623,0.1490,0.1997,0.1315,0.1870,0.1542,0.1730,0.1542,0.1970,0.1985,0.1753,0.1642,0.1937,0.1970,0.1982,0.1980,0.1844,0.1987,0.1970,0.1490,0.1759,0.1861,0.1491,0.1286,0.1623,0.5696,0.1993,0.1763,0.2407,0.1286,0.1709,0.1911,0.1677,0.1626,0.1409,0.1980,0.1412,0.1557,0.1569,0.1581,0.1373,0.1646,IDLE,IDLE,IDLE,IDLE,ONJOB,CHARGING,IDLE,IDLE,IDLE,IDLE,IDLE,IDLE,IDLE,IDLE,IDLE,IDLE,IDLE,IDLE,IDLE,IDLE,IDLE,IDLE,IDLE,IDLE,IDLE,IDLE,IDLE,IDLE,IDLE,IDLE,IDLE,IDLE,IDLE,TOPICKUP,IDLE,IDLE,IDLE,IDLE,IDLE,IDLE,IDLE,IDLE,IDLE,IDLE,IDLE,IDLE,IDLE,IDLE,IDLE,IDLE
69,2024-01-03 21:00:01,0.00,0.00,0,0.0000,0.0000,71.27,0.9998,0.9999,0.9997,0.9997,0.9998,0.9999,0.9998,0.9997,0.9998,0.9998,0.9999,0.9997,0.9998,0.9999,0.9998,0.9999,0.9998,0.9998,0.9998,0.9998,0.9998,0.9998,0.9999,0.9998,0.9998,0.9998,0.9998,0.9998,0.9998,0.9997,0.9998,0.9998,0.9998,0.9998,0.9998,0.9997,0.9996,0.9998,0.9998,0.9998,0.9998,0.9998,0.9998,0.9998,0.9997,0.9997,0.9998,0.9999,0.9998,0.9999,0.1622,0.1872,0.1898,0.1763,0.6534,0.8105,0.1677,0.2457,0.1623,0.1490,0.1997,0.1315,0.1870,0.1542,0.1730,0.1542,0.1970,0.1985,0.1753,0.1642,0.1937,0.1970,0.1982,0.1980,0.1844,0.1987,0.1970,0.1490,0.1759,0.1861,0.1491,0.1286,0.1623,0.5696,0.1993,0.1763,0.2360,0.1286,0.1709,0.1911,0.1677,0.1626,0.1409,0.1980,0.1412,0.1557,0.1569,0.1581,0.1373,0.1646,IDLE,IDLE,IDLE,IDLE,IDLE,ONJOB,IDLE,ONJOB,IDLE,IDLE,IDLE,IDLE,IDLE,IDLE,IDLE,IDLE,IDLE,IDLE,IDLE,IDLE,IDLE,IDLE,IDLE,IDLE,IDLE,IDLE,IDLE,IDLE,IDLE,IDLE,IDLE,IDLE,IDLE,TOPICKUP,IDLE,IDLE,ONJOB,IDLE,IDLE,IDLE,IDLE,IDLE,IDLE,IDLE,IDLE,IDLE,IDLE,IDLE,IDLE,IDLE
70,2024-01-03 22:00:01,0.00,0.00,0,0.0000,0.0000,30.50,0.9998,0.9999,0.9997,0.9997,0.9998,0.9998,0.9998,0.9997,0.9998,0.9998,0.9999,0.9997,0.9998,0.9999,0.9998,0.9999,0.9998,0.9998,0.9998,0.9998,0.9998,0.9998,0.9999,0.9998,0.9998,0.9998,0.9998,0.9998,0.9998,0.9997,0.9998,0.9998,0.9998,0.9998,0.9998,0.9997,0.9996,0.9998,0.9998,0.9998,0.9998,0.9998,0.9998,0.9998,0.9997,0.9997,0.9998,0.9999,0.9998,0.9999,0.1622,0.1872,0.1898,0.1763,0.6341,0.7776,0.1677,0.2184,0.1623,0.1490,0.1997,0.1315,0.1870,0.1542,0.1730,0.1542,0.1970,0.1985,0.1753,0.1642,0.1937,0.1970,0.1982,0.1980,0.1844,0.1987,0.1970,0.1490,0.1759,0.1861,0.1491,0.1286,0.1623,0.5696,0.1993,0.1763,0.2302,0.1286,0.1709,0.1911,0.1677,0.1626,0.1409,0.1980,0.1412,0.1557,0.1569,0.1581,0.1373,0.1646,IDLE,IDLE,IDLE,IDLE,ONJOB,IDLE,IDLE,IDLE,IDLE,IDLE,IDLE,IDLE,IDLE,IDLE,IDLE,IDLE,IDLE,IDLE,IDLE,IDLE,IDLE,IDLE,IDLE,IDLE,IDLE,IDLE,IDLE,IDLE,IDLE,IDLE,IDLE,IDLE,IDLE,TOPICKUP,IDLE,IDLE,IDLE,IDLE,IDLE,IDLE,IDLE,IDLE,IDLE,IDLE,IDLE,IDLE,IDLE,IDLE,IDLE,IDLE
71,2024-01-03 23:00:01,0.00,0.00,0,0.0000,0.0000,61.05,0.9998,0.9999,0.9997,0.9997,0.9998,0.9998,0.9998,0.9997,0.9998,0.9998,0.9999,0.9997,0.9998,0.9999,0.9998,0.9999,0.9998,0.9998,0.9998,0.9998,0.9998,0.9998,0.9999,0.9998,0.9998,0.9998,0.9998,0.9998,0.9998,0.9997,0.9998,0.9998,0.9998,0.9998,0.9998,0.9997,0.9996,0.9998,0.9998,0.9998,0.9998,0.9998,0.9998,0.9998,0.9997,0.9997,0.9998,0.9999,0.9998,0.9999,0.1622,0.1872,0.1898,0.1763,0.5873,0.7652,0.1677,0.2087,0.1623,0.1490,0.1997,0.1315,0.1870,0.1542,0.1730,0.1542,0.1970,0.1985,0.1753,0.1642,0.1937,0.1970,0.1982,0.1980,0.1844,0.1987,0.1970,0.1490,0.1759,0.1861,0.1491,0.1286,0.1623,0.5696,0.1993,0.1763,0.2255,0.1286,0.1709,0.1911,0.1677,0.1626,0.1409,0.1980,0.1412,0.1557,0.1569,0.1581,0.1373,0.1646,IDLE,IDLE,IDLE,IDLE,IDLE,ONJOB,IDLE,ONJOB,IDLE,IDLE,IDLE,IDLE,IDLE,IDLE,IDLE,IDLE,IDLE,IDLE,IDLE,IDLE,IDLE,IDLE,IDLE,IDLE,IDLE,IDLE,IDLE,IDLE,IDLE,IDLE,IDLE,IDLE,IDLE,TOPICKUP,IDLE,IDLE,ONJOB,IDLE,IDLE,IDLE,IDLE,IDLE,IDLE,IDLE,IDLE,IDLE,IDLE,IDLE,IDLE,IDLE
72,2024-01-04 00:00:01,0.00,0.00,0,0.0000,0.0000,35.50,0.9998,0.9999,0.9997,0.9997,0.9998,0.9998,0.9998,0.9997,0.9998,0.9998,0.9999,0.9997,0.9998,0.9999,0.9998,0.9999,0.9998,0.9998,0.9998,0.9998,0.9998,0.9998,0.9999,0.9998,0.9998,0.9998,0.9998,0.9998,0.9998,0.9997,0.9998,0.9998,0.9998,0.9998,0.9998,0.9997,0.9996,0.9998,0.9998,0.9998,0.9998,0.9998,0.9998,0.9998,0.9997,0.9997,0.9998,0.9999,0.9998,0.9999,0.1622,0.1872,0.1898,0.1763,0.5764,0.7025,0.1677,0.1781,0.1623,0.1490,0.1997,0.1315,0.1870,0.1542,0.1730,0.1542,0.1970,0.1985,0.1753,0.1642,0.1937,0.1970,0.1982,0.1980,0.1844,0.1987,0.1970,0.1490,0.1759,0.1861,0.1491,0.1286,0.1623,0.5696,0.1993,0.1763,0.2209,0.1286,0.1709,0.1911,0.1677,0.1626,0.1409,0.1980,0.1412,0.1557,0.1569,0.1581,0.1373,0.1646,IDLE,IDLE,IDLE,IDLE,ONJOB,IDLE,IDLE,IDLE,IDLE,IDLE,IDLE,IDLE,IDLE,IDLE,IDLE,IDLE,IDLE,IDLE,IDLE,IDLE,IDLE,IDLE,IDLE,IDLE,IDLE,IDLE,IDLE,IDLE,IDLE,IDLE,IDLE,IDLE,IDLE,TOPICKUP,IDLE,IDLE,IDLE,IDLE,IDLE,IDLE,IDLE,IDLE,IDLE,IDLE,IDLE,IDLE,IDLE,IDLE,IDLE,IDLE
73,2024-01-04 01:00:01,0.00,0.00,0,0.0000,0.0000,47.50,0.9998,0.9999,0.9997,0.9997,0.9998,0.9998,0.9998,0.9997,0.9998,0.9998,0.9999,0.9997,0.9998,0.9999,0.9998,0.9999,0.9998,0.9998,0.9998,0.9998,0.9998,0.9998,0.9999,0.9998,0.9998,0.9998,0.9998,0.9998,0.9998,0.9997,0.9998,0.9998,0.9998,0.9998,0.9998,0.9997,0.9996,0.9998,0.9998,0.9998,0.9998,0.9998,0.9998,0.9998,0.9997,0.9997,0.9998,0.9999,0.9998,0.9999,0.1622,0.1872,0.1898,0.1763,0.5288,0.6883,0.1677,0.1781,0.1623,0.1490,0.1997,0.1315,0.1870,0.1542,0.1730,0.1542,0.1970,0.1985,0.1753,0.1642,0.1937,0.1970,0.1982,0.1980,0.1844,0.1987,0.1970,0.1490,0.1759,0.1861,0.1491,0.1286,0.1623,0.5696,0.1993,0.1763,0.2162,0.1286,0.1709,0.1911,0.1677,0.1626,0.1409,0.1980,0.1412,0.1557,0.1569,0.1581,0.1373,0.1646,IDLE,IDLE,IDLE,IDLE,IDLE,ONJOB,IDLE,IDLE,IDLE,IDLE,IDLE,IDLE,IDLE,IDLE,IDLE,IDLE,IDLE,IDLE,IDLE,IDLE,IDLE,IDLE,IDLE,IDLE,IDLE,IDLE,IDLE,IDLE,IDLE,IDLE,IDLE,IDLE,IDLE,TOPICKUP,IDLE,IDLE,ONJOB,IDLE,IDLE,IDLE,IDLE,IDLE,IDLE,IDLE,IDLE,IDLE,IDLE,IDLE,IDLE,IDLE
74,2024-01-04 02:00:01,0.00,0.00,0,0.0000,0.0000,38.00,0.9998,0.9999,0.9997,0.9997,0.9998,0.9998,0.9998,0.9997,0.9998,0.9998,0.9999,0.9997,0.9998,0.9999,0.9998,0.9999,0.9998,0.9998,0.9998,0.9998,0.9998,0.9998,0.9999,0.9998,0.9998,0.9998,0.9998,0.9998,0.9998,0.9997,0.9998,0.9998,0.9998,0.9998,0.9998,0.9997,0.9996,0.9998,0.9998,0.9998,0.9998,0.9998,0.9998,0.9998,0.9997,0.9997,0.9998,0.9999,0.9998,0.9999,0.1622,0.1872,0.1898,0.1763,0.5179,0.6510,0.1677,0.1781,0.1623,0.1490,0.1997,0.1315,0.1870,0.1542,0.1730,0.1542,0.1970,0.1985,0.1753,0.1642,0.1937,0.1970,0.1982,0.1980,0.1844,0.1987,0.1970,0.1490,0.1759,0.1861,0.1491,0.1286,0.1623,0.5696,0.1993,0.1763,0.2115,0.1286,0.1709,0.1911,0.1677,0.1626,0.1409,0.1980,0.1412,0.1557,0.1569,0.1581,0.1373,0.1646,IDLE,IDLE,IDLE,IDLE,ONJOB,IDLE,IDLE,IDLE,IDLE,IDLE,IDLE,IDLE,IDLE,IDLE,IDLE,IDLE,IDLE,IDLE,IDLE,IDLE,IDLE,IDLE,IDLE,IDLE,IDLE,IDLE,IDLE,IDLE,IDLE,IDLE,IDLE,IDLE,IDLE,TOPICKUP,IDLE,IDLE,IDLE,IDLE,IDLE,IDLE,IDLE,IDLE,IDLE,IDLE,IDLE,IDLE,IDLE,IDLE,IDLE,IDLE
75,2024-01-04 03:00:01,0.00,0.00,0,0.0000,0.0000,104.05,0.9998,0.9999,0.9997,0.9997,0.9998,0.9998,0.9998,0.9997,0.9998,0.9998,0.9999,0.9997,0.9998,0.9999,0.9998,0.9999,0.9998,0.9998,0.9998,0.9998,0.9998,0.9998,0.9999,0.9998,0.9998,0.9998,0.9998,0.9998,0.9998,0.9997,0.9998,0.9998,0.9998,0.9998,0.9998,0.9997,0.9996,0.9998,0.9998,0.9998,0.9998,0.9998,0.9998,0.9998,0.9997,0.9997,0.9998,0.9999,0.9998,0.9999,0.1622,0.1872,0.1898,0.1763,0.4801,0.6368,0.1677,0.1781,0.1623,0.1490,0.1997,0.1315,0.1870,0.1542,0.1730,0.1542,0.1970,0.1985,0.1753,0.1642,0.1937,0.1970,0.1982,0.1980,0.1844,0.1987,0.1970,0.1490,0.1759,0.1861,0.1491,0.1286,0.1623,0.5564,0.1993,0.1763,0.2069,0.1286,0.1709,0.1911,0.1677,0.1626,0.1409,0.1980,0.1412,0.1557,0.1569,0.1581,0.1373,0.1646,IDLE,IDLE,IDLE,IDLE,IDLE,ONJOB,IDLE,IDLE,IDLE,IDLE,IDLE,IDLE,IDLE,IDLE,IDLE,IDLE,IDLE,IDLE,IDLE,IDLE,IDLE,IDLE,IDLE,IDLE,IDLE,IDLE,IDLE,IDLE,IDLE,IDLE,IDLE,IDLE,IDLE,ONJOB,IDLE,IDLE,ONJOB,IDLE,IDLE,IDLE,IDLE,IDLE,IDLE,IDLE,IDLE,IDLE,IDLE,IDLE,IDLE,IDLE
76,2024-01-04 04:00:01,0.00,0.00,0,0.0000,0.0000,103.80,0.9998,0.9999,0.9997,0.9997,0.9998,0.9998,0.9998,0.9997,0.9998,0.9998,0.9999,0.9997,0.9998,0.9999,0.9998,0.9999,0.9998,0.9998,0.9998,0.9998,0.9998,0.9998,0.9999,0.9998,0.9998,0.9998,0.9998,0.9998,0.9998,0.9997,0.9998,0.9998,0.9998,0.9998,0.9998,0.9997,0.9996,0.9998,0.9998,0.9998,0.9998,0.9998,0.9998,0.9998,0.9997,0.9997,0.9998,0.9999,0.9998,0.9999,0.1622,0.1872,0.1898,0.1763,0.4578,0.6368,0.1677,0.1781,0.1623,0.1490,0.1997,0.1315,0.1870,0.1542,0.1730,0.1542,0.1970,0.1985,0.1753,0.1642,0.1937,0.1970,0.1982,0.1980,0.1844,0.1987,0.1970,0.1490,0.1759,0.1861,0.1491,0.1286,0.1623,0.5564,0.1993,0.1763,0.1879,0.1286,0.1709,0.1911,0.1677,0.1626,0.1409,0.1980,0.1412,0.1557,0.1569,0.1581,0.1373,0.1646,IDLE,IDLE,IDLE,IDLE,ONJOB,ONJOB,IDLE,IDLE,IDLE,IDLE,IDLE,IDLE,IDLE,IDLE,IDLE,IDLE,IDLE,IDLE,IDLE,IDLE,IDLE,IDLE,IDLE,IDLE,IDLE,IDLE,IDLE,IDLE,IDLE,IDLE,IDLE,IDLE,IDLE,ONJOB,IDLE,IDLE,IDLE,IDLE,IDLE,IDLE,IDLE,IDLE,IDLE,IDLE,IDLE,IDLE,IDLE,IDLE,IDLE,IDLE
77,2024-01-04 05:00:01,0.00,0.00,0,0.0000,0.0000,0.00,0.9998,0.9999,0.9997,0.9997,0.9998,0.9998,0.9998,0.9997,0.9998,0.9998,0.9999,0.9997,0.9998,0.9999,0.9998,0.9999,0.9998,0.9998,0.9998,0.9998,0.9998,0.9998,0.9999,0.9998,0.9998,0.9998,0.9998,0.9998,0.9998,0.9997,0.9998,0.9998,0.9998,0.9998,0.9998,0.9997,0.9996,0.9998,0.9998,0.9998,0.9998,0.9998,0.9998,0.9998,0.9997,0.9997,0.9998,0.9999,0.9998,0.9999,0.1622,0.1872,0.1898,0.1763,0.4305,0.5716,0.1677,0.1781,0.1623,0.1490,0.1997,0.1315,0.1870,0.1542,0.1730,0.1542,0.1970,0.1985,0.1753,0.1642,0.1937,0.1970,0.1982,0.1980,0.1844,0.1987,0.1970,0.1490,0.1759,0.1861,0.1491,0.1286,0.1623,0.4504,0.1993,0.1763,0.1879,0.1286,0.1709,0.1911,0.1677,0.1626,0.1409,0.1980,0.1412,0.1557,0.1569,0.1581,0.1373,0.1646,IDLE,IDLE,IDLE,IDLE,IDLE,IDLE,IDLE,IDLE,IDLE,IDLE,IDLE,IDLE,IDLE,IDLE,IDLE,IDLE,IDLE,IDLE,IDLE,IDLE,IDLE,IDLE,IDLE,IDLE,IDLE,IDLE,IDLE,IDLE,IDLE,IDLE,IDLE,IDLE,IDLE,IDLE,IDLE,IDLE,IDLE,IDLE,IDLE,IDLE,IDLE,IDLE,IDLE,IDLE,IDLE,IDLE,IDLE,IDLE,IDLE,IDLE
78,2024-01-04 06:00:01,0.00,0.00,0,0.0000,0.0000,0.00,0.9998,0.9999,0.9997,0.9997,0.9998,0.9998,0.9998,0.9997,0.9998,0.9998,0.9999,0.9997,0.9998,0.9999,0.9998,0.9999,0.9998,0.9998,0.9998,0.9998,0.9998,0.9998,0.9999,0.9998,0.9998,0.9998,0.9998,0.9998,0.9998,0.9997,0.9998,0.9998,0.9998,0.9998,0.9998,0.9997,0.9996,0.9998,0.9998,0.9998,0.9998,0.9998,0.9998,0.9998,0.9997,0.9997,0.9998,0.9999,0.9998,0.9999,0.1622,0.1872,0.1898,0.1763,0.4305,0.5716,0.1677,0.1781,0.1623,0.1490,0.1997,0.1315,0.1870,0.1542,0.1730,0.1542,0.1970,0.1985,0.1753,0.1642,0.1937,0.1970,0.1982,0.1980,0.1844,0.1987,0.1970,0.1490,0.1759,0.1861,0.1491,0.1286,0.1623,0.4504,0.1993,0.1763,0.1879,0.1286,0.1709,0.1911,0.1677,0.1626,0.1409,0.1980,0.1412,0.1557,0.1569,0.1581,0.1373,0.1646,IDLE,IDLE,IDLE,IDLE,TOPICKUP,TOPICKUP,IDLE,IDLE,IDLE,IDLE,IDLE,IDLE,IDLE,IDLE,IDLE,IDLE,IDLE,IDLE,IDLE,IDLE,IDLE,IDLE,IDLE,IDLE,IDLE,IDLE,IDLE,IDLE,IDLE,IDLE,IDLE,IDLE,IDLE,TOPICKUP,IDLE,IDLE,IDLE,IDLE,IDLE,IDLE,IDLE,IDLE,IDLE,IDLE,IDLE,IDLE,IDLE,IDLE,IDLE,IDLE
79,2024-01-04 07:00:01,0.00,0.00,0,0.0000,0.0000,0.00,0.9998,0.9999,0.9997,0.9997,0.9998,0.9998,0.9998,0.9997,0.9998,0.9998,0.9999,0.9997,0.9998,0.9999,0.9998,0.9999,0.9998,0.9998,0.9998,0.9998,0.9998,0.9998,0.9999,0.9998,0.9998,0.9998,0.9998,0.9998,0.9998,0.9997,0.9998,0.9998,0.9998,0.9998,0.9998,0.9997,0.9996,0.9998,0.9998,0.9998,0.9998,0.9998,0.9998,0.9998,0.9997,0.9997,0.9998,0.9999,0.9998,0.9999,0.1622,0.1872,0.1898,0.1763,0.4305,0.5716,0.1677,0.1781,0.1623,0.1490,0.1997,0.1315,0.1870,0.1542,0.1730,0.1542,0.1970,0.1985,0.1753,0.1642,0.1937,0.1970,0.1982,0.1980,0.1844,0.1987,0.1970,0.1490,0.1759,0.1861,0.1491,0.1286,0.1623,0.4504,0.1993,0.1763,0.1879,0.1286,0.1709,0.1911,0.1677,0.1626,0.1409,0.1980,0.1412,0.1557,0.1569,0.1581,0.1373,0.1646,IDLE,IDLE,IDLE,IDLE,TOPICKUP,TOPICKUP,IDLE,IDLE,IDLE,IDLE,IDLE,IDLE,IDLE,IDLE,IDLE,IDLE,IDLE,IDLE,IDLE,IDLE,IDLE,IDLE,IDLE,IDLE,IDLE,IDLE,IDLE,IDLE,IDLE,IDLE,IDLE,IDLE,IDLE,TOPICKUP,IDLE,IDLE,IDLE,IDLE,IDLE,IDLE,IDLE,IDLE,IDLE,IDLE,IDLE,IDLE,IDLE,IDLE,IDLE,IDLE
80,2024-01-04 08:00:01,0.00,0.00,0,0.0000,0.0000,0.00,0.9998,0.9999,0.9997,0.9997,0.9998,0.9998,0.9998,0.9997,0.9998,0.9998,0.9999,0.9997,0.9998,0.9999,0.9998,0.9999,0.9998,0.9998,0.9998,0.9998,0.9998,0.9998,0.9999,0.9998,0.9998,0.9998,0.9998,0.9998,0.9998,0.9997,0.9998,0.9998,0.9998,0.9998,0.9998,0.9997,0.9996,0.9998,0.9998,0.9998,0.9998,0.9998,0.9998,0.9998,0.9997,0.9997,0.9998,0.9999,0.9998,0.9999,0.1622,0.1872,0.1898,0.1763,0.4305,0.5716,0.1677,0.1781,0.1623,0.1490,0.1997,0.1315,0.1870,0.1542,0.1730,0.1542,0.1970,0.1985,0.1753,0.1642,0.1937,0.1970,0.1982,0.1980,0.1844,0.1987,0.1970,0.1490,0.1759,0.1861,0.1491,0.1286,0.1623,0.4504,0.1993,0.1763,0.1879,0.1286,0.1709,0.1911,0.1677,0.1626,0.1409,0.1980,0.1412,0.1557,0.1569,0.1581,0.1373,0.1646,IDLE,IDLE,IDLE,IDLE,TOPICKUP,TOPICKUP,IDLE,IDLE,IDLE,IDLE,IDLE,IDLE,IDLE,IDLE,IDLE,IDLE,IDLE,IDLE,IDLE,IDLE,IDLE,IDLE,IDLE,IDLE,IDLE,IDLE,IDLE,IDLE,IDLE,IDLE,IDLE,IDLE,IDLE,TOPICKUP,IDLE,IDLE,IDLE,IDLE,IDLE,IDLE,IDLE,IDLE,IDLE,IDLE,IDLE,IDLE,IDLE,IDLE,IDLE,IDLE
81,2024-01-04 09:00:01,0.00,0.00,0,0.0000,0.0000,0.00,0.9998,0.9999,0.9997,0.9997,0.9998,0.9998,0.9998,0.9997,0.9998,0.9998,0.9999,0.9997,0.9998,0.9999,0.9998,0.9999,0.9998,0.9998,0.9998,0.9998,0.9998,0.9998,0.9999,0.9998,0.9998,0.9998,0.9998,0.9998,0.9998,0.9997,0.9998,0.9998,0.9998,0.9998,0.9998,0.9997,0.9996,0.9998,0.9998,0.9998,0.9998,0.9998,0.9998,0.9998,0.9997,0.9997,0.9998,0.9999,0.9998,0.9999,0.1622,0.1872,0.1898,0.1763,0.4305,0.5716,0.1677,0.1781,0.1623,0.1490,0.1997,0.1315,0.1870,0.1542,0.1730,0.1542,0.1970,0.1985,0.1753,0.1642,0.1937,0.1970,0.1982,0.1980,0.1844,0.1987,0.1970,0.1490,0.1759,0.1861,0.1491,0.1286,0.1623,0.4504,0.1993,0.1763,0.1879,0.1286,0.1709,0.1911,0.1677,0.1626,0.1409,0.1980,0.1412,0.1557,0.1569,0.1581,0.1373,0.1646,IDLE,IDLE,IDLE,IDLE,TOPICKUP,TOPICKUP,IDLE,IDLE,IDLE,IDLE,IDLE,IDLE,IDLE,IDLE,IDLE,IDLE,IDLE,IDLE,IDLE,IDLE,IDLE,IDLE,IDLE,IDLE,IDLE,IDLE,IDLE,IDLE,IDLE,IDLE,IDLE,IDLE,IDLE,TOPICKUP,IDLE,IDLE,IDLE,IDLE,IDLE,IDLE,IDLE,IDLE,IDLE,IDLE,IDLE,IDLE,IDLE,IDLE,IDLE,IDLE
82,2024-01-04 10:00:01,0.00,0.00,0,0.0000,0.0000,0.00,0.9998,0.9999,0.9997,0.9997,0.9998,0.9998,0.9998,0.9997,0.9998,0.9998,0.9999,0.9997,0.9998,0.9999,0.9998,0.9999,0.9998,0.9998,0.9998,0.9998,0.9998,0.9998,0.9999,0.9998,0.9998,0.9998,0.9998,0.9998,0.9998,0.9997,0.9998,0.9998,0.9998,0.9998,0.9998,0.9997,0.9996,0.9998,0.9998,0.9998,0.9998,0.9998,0.9998,0.9998,0.9997,0.9997,0.9998,0.9999,0.9998,0.9999,0.1622,0.1872,0.1898,0.1763,0.4305,0.5716,0.1677,0.1781,0.1623,0.1490,0.1997,0.1315,0.1870,0.1542,0.1730,0.1542,0.1970,0.1985,0.1753,0.1642,0.1937,0.1970,0.1982,0.1980,0.1844,0.1987,0.1970,0.1490,0.1759,0.1861,0.1491,0.1286,0.1623,0.4504,0.1993,0.1763,0.1879,0.1286,0.1709,0.1911,0.1677,0.1626,0.1409,0.1980,0.1412,0.1557,0.1569,0.1581,0.1373,0.1646,IDLE,IDLE,IDLE,IDLE,TOPICKUP,TOPICKUP,IDLE,IDLE,IDLE,IDLE,IDLE,IDLE,IDLE,IDLE,IDLE,IDLE,IDLE,IDLE,IDLE,IDLE,IDLE,IDLE,IDLE,IDLE,IDLE,IDLE,IDLE,IDLE,IDLE,IDLE,IDLE,IDLE,IDLE,TOPICKUP,IDLE,IDLE,IDLE,IDLE,IDLE,IDLE,IDLE,IDLE,IDLE,IDLE,IDLE,IDLE,IDLE,IDLE,IDLE,IDLE
83,2024-01-04 11:00:01,0.00,0.00,0,0.0000,0.0000,0.00,0.9998,0.9999,0.9997,0.9997,0.9998,0.9998,0.9998,0.9997,0.9998,0.9998,0.9999,0.9997,0.9998,0.9999,0.9998,0.9999,0.9998,0.9998,0.9998,0.9998,0.9998,0.9998,0.9999,0.9998,0.9998,0.9998,0.9998,0.9998,0.9998,0.9997,0.9998,0.9998,0.9998,0.9998,0.9998,0.9997,0.9996,0.9998,0.9998,0.9998,0.9998,0.9998,0.9998,0.9998,0.9997,0.9997,0.9998,0.9999,0.9998,0.9999,0.1622,0.1872,0.1898,0.1763,0.4305,0.5716,0.1677,0.1781,0.1623,0.1490,0.1997,0.1315,0.1870,0.1542,0.1730,0.1542,0.1970,0.1985,0.1753,0.1642,0.1937,0.1970,0.1982,0.1980,0.1844,0.1987,0.1970,0.1490,0.1759,0.1861,0.1491,0.1286,0.1623,0.4504,0.1993,0.1763,0.1879,0.1286,0.1709,0.1911,0.1677,0.1626,0.1409,0.1980,0.1412,0.1557,0.1569,0.1581,0.1373,0.1646,IDLE,IDLE,IDLE,IDLE,TOPICKUP,TOPICKUP,IDLE,IDLE,IDLE,IDLE,IDLE,IDLE,IDLE,IDLE,IDLE,IDLE,IDLE,IDLE,IDLE,IDLE,IDLE,IDLE,IDLE,IDLE,IDLE,IDLE,IDLE,IDLE,IDLE,IDLE,IDLE,IDLE,IDLE,TOPICKUP,IDLE,IDLE,IDLE,IDLE,IDLE,IDLE,IDLE,IDLE,IDLE,IDLE,IDLE,IDLE,IDLE,IDLE,IDLE,IDLE
84,2024-01-04 12:00:01,0.00,0.00,0,0.0000,0.0000,0.00,0.9998,0.9999,0.9997,0.9997,0.9998,0.9998,0.9998,0.9997,0.9998,0.9998,0.9999,0.9997,0.9998,0.9999,0.9998,0.9999,0.9998,0.9998,0.9998,0.9998,0.9998,0.9998,0.9999,0.9998,0.9998,0.9998,0.9998,0.9998,0.9998,0.9997,0.9998,0.9998,0.9998,0.9998,0.9998,0.9997,0.9996,0.9998,0.9998,0.9998,0.9998,0.9998,0.9998,0.9998,0.9997,0.9997,0.9998,0.9999,0.9998,0.9999,0.1622,0.1872,0.1898,0.1763,0.4305,0.5716,0.1677,0.1781,0.1623,0.1490,0.1997,0.1315,0.1870,0.1542,0.1730,0.1542,0.1970,0.1985,0.1753,0.1642,0.1937,0.1970,0.1982,0.1980,0.1844,0.1987,0.1970,0.1490,0.1759,0.1861,0.1491,0.1286,0.1623,0.4504,0.1993,0.1763,0.1879,0.1286,0.1709,0.1911,0.1677,0.1626,0.1409,0.1980,0.1412,0.1557,0.1569,0.1581,0.1373,0.1646,IDLE,IDLE,IDLE,IDLE,TOPICKUP,TOPICKUP,IDLE,IDLE,IDLE,IDLE,IDLE,IDLE,IDLE,IDLE,IDLE,IDLE,IDLE,IDLE,IDLE,IDLE,IDLE,IDLE,IDLE,IDLE,IDLE,IDLE,IDLE,IDLE,IDLE,IDLE,IDLE,IDLE,IDLE,TOPICKUP,IDLE,IDLE,IDLE,IDLE,IDLE,IDLE,IDLE,IDLE,IDLE,IDLE,IDLE,IDLE,IDLE,IDLE,IDLE,IDLE
85,2024-01-04 13:00:01,0.00,0.00,0,0.0000,0.0000,0.00,0.9998,0.9999,0.9997,0.9997,0.9998,0.9998,0.9998,0.9997,0.9998,0.9998,0.9999,0.9997,0.9998,0.9999,0.9998,0.9999,0.9998,0.9998,0.9998,0.9998,0.9998,0.9998,0.9999,0.9998,0.9998,0.9998,0.9998,0.9998,0.9998,0.9997,0.9998,0.9998,0.9998,0.9998,0.9998,0.9997,0.9996,0.9998,0.9998,0.9998,0.9998,0.9998,0.9998,0.9998,0.9997,0.9997,0.9998,0.9999,0.9998,0.9999,0.1622,0.1872,0.1898,0.1763,0.4305,0.5716,0.1677,0.1781,0.1623,0.1490,0.1997,0.1315,0.1870,0.1542,0.1730,0.1542,0.1970,0.1985,0.1753,0.1642,0.1937,0.1970,0.1982,0.1980,0.1844,0.1987,0.1970,0.1490,0.1759,0.1861,0.1491,0.1286,0.1623,0.4504,0.1993,0.1763,0.1879,0.1286,0.1709,0.1911,0.1677,0.1626,0.1409,0.1980,0.1412,0.1557,0.1569,0.1581,0.1373,0.1646,IDLE,IDLE,IDLE,IDLE,TOPICKUP,TOPICKUP,IDLE,IDLE,IDLE,IDLE,IDLE,IDLE,IDLE,IDLE,IDLE,IDLE,IDLE,IDLE,IDLE,IDLE,IDLE,IDLE,IDLE,IDLE,IDLE,IDLE,IDLE,IDLE,IDLE,IDLE,IDLE,IDLE,IDLE,TOPICKUP,IDLE,IDLE,IDLE,IDLE,IDLE,IDLE,IDLE,IDLE,IDLE,IDLE,IDLE,IDLE,IDLE,IDLE,IDLE,IDLE
86,2024-01-04 14:00:01,0.00,0.00,0,0.0000,0.0000,0.00,0.9998,0.9999,0.9997,0.9997,0.9998,0.9998,0.9998,0.9997,0.9998,0.9998,0.9999,0.9997,0.9998,0.9999,0.9998,0.9999,0.9998,0.9998,0.9998,0.9998,0.9998,0.9998,0.9999,0.9998,0.9998,0.9998,0.9998,0.9998,0.9998,0.9997,0.9998,0.9998,0.9998,0.9998,0.9998,0.9997,0.9996,0.9998,0.9998,0.9998,0.9998,0.9998,0.9998,0.9998,0.9997,0.9997,0.9998,0.9999,0.9998,0.9999,0.1622,0.1872,0.1898,0.1763,0.4305,0.5716,0.1677,0.1781,0.1623,0.1490,0.1997,0.1315,0.1870,0.1542,0.1730,0.1542,0.1970,0.1985,0.1753,0.1642,0.1937,0.1970,0.1982,0.1980,0.1844,0.1987,0.1970,0.1490,0.1759,0.1861,0.1491,0.1286,0.1623,0.4504,0.1993,0.1763,0.1879,0.1286,0.1709,0.1911,0.1677,0.1626,0.1409,0.1980,0.1412,0.1557,0.1569,0.1581,0.1373,0.1646,IDLE,IDLE,IDLE,IDLE,TOPICKUP,TOPICKUP,IDLE,IDLE,IDLE,IDLE,IDLE,IDLE,IDLE,IDLE,IDLE,IDLE,IDLE,IDLE,IDLE,IDLE,IDLE,IDLE,IDLE,IDLE,IDLE,IDLE,IDLE,IDLE,IDLE,IDLE,IDLE,IDLE,IDLE,TOPICKUP,IDLE,IDLE,IDLE,IDLE,IDLE,IDLE,IDLE,IDLE,IDLE,IDLE,IDLE,IDLE,IDLE,IDLE,IDLE,IDLE
87,2024-01-04 15:00:01,0.00,0.00,0,0.0000,0.0000,0.00,0.9998,0.9999,0.9997,0.9997,0.9998,0.9998,0.9998,0.9997,0.9998,0.9998,0.9999,0.9997,0.9998,0.9999,0.9998,0.9999,0.9998,0.9998,0.9998,0.9998,0.9998,0.9998,0.9999,0.9998,0.9998,0.9998,0.9998,0.9998,0.9998,0.9997,0.9998,0.9998,0.9998,0.9998,0.9998,0.9997,0.9996,0.9998,0.9998,0.9998,0.9998,0.9998,0.9998,0.9998,0.9997,0.9997,0.9998,0.9999,0.9998,0.9999,0.1622,0.1872,0.1898,0.1763,0.4305,0.5716,0.1677,0.1781,0.1623,0.1490,0.1997,0.1315,0.1870,0.1542,0.1730,0.1542,0.1970,0.1985,0.1753,0.1642,0.1937,0.1970,0.1982,0.1980,0.1844,0.1987,0.1970,0.1490,0.1759,0.1861,0.1491,0.1286,0.1623,0.4504,0.1993,0.1763,0.1879,0.1286,0.1709,0.1911,0.1677,0.1626,0.1409,0.1980,0.1412,0.1557,0.1569,0.1581,0.1373,0.1646,IDLE,IDLE,IDLE,IDLE,TOPICKUP,TOPICKUP,IDLE,IDLE,IDLE,IDLE,IDLE,IDLE,IDLE,IDLE,IDLE,IDLE,IDLE,IDLE,IDLE,IDLE,IDLE,IDLE,IDLE,IDLE,IDLE,IDLE,IDLE,IDLE,IDLE,IDLE,IDLE,IDLE,IDLE,TOPICKUP,IDLE,IDLE,IDLE,IDLE,IDLE,IDLE,IDLE,IDLE,IDLE,IDLE,IDLE,IDLE,IDLE,IDLE,IDLE,IDLE
88,2024-01-04 16:00:01,0.00,0.00,0,0.0000,0.0000,0.00,0.9998,0.9999,0.9997,0.9997,0.9998,0.9998,0.9998,0.9997,0.9998,0.9998,0.9999,0.9997,0.9998,0.9999,0.9998,0.9999,0.9998,0.9998,0.9998,0.9998,0.9998,0.9998,0.9999,0.9998,0.9998,0.9998,0.9998,0.9998,0.9998,0.9997,0.9998,0.9998,0.9998,0.9998,0.9998,0.9997,0.9996,0.9998,0.9998,0.9998,0.9998,0.9998,0.9998,0.9998,0.9997,0.9997,0.9998,0.9999,0.9998,0.9999,0.1622,0.1872,0.1898,0.1763,0.4305,0.5716,0.1677,0.1781,0.1623,0.1490,0.1997,0.1315,0.1870,0.1542,0.1730,0.1542,0.1970,0.1985,0.1753,0.1642,0.1937,0.1970,0.1982,0.1980,0.1844,0.1987,0.1970,0.1490,0.1759,0.1861,0.1491,0.1286,0.1623,0.4504,0.1993,0.1763,0.1879,0.1286,0.1709,0.1911,0.1677,0.1626,0.1409,0.1980,0.1412,0.1557,0.1569,0.1581,0.1373,0.1646,IDLE,IDLE,IDLE,IDLE,TOPICKUP,TOPICKUP,IDLE,IDLE,IDLE,IDLE,IDLE,IDLE,IDLE,IDLE,IDLE,IDLE,IDLE,IDLE,IDLE,IDLE,IDLE,IDLE,IDLE,IDLE,IDLE,IDLE,IDLE,IDLE,IDLE,IDLE,IDLE,IDLE,IDLE,TOPICKUP,IDLE,IDLE,IDLE,IDLE,IDLE,IDLE,IDLE,IDLE,IDLE,IDLE,IDLE,IDLE,IDLE,IDLE,IDLE,IDLE
89,2024-01-04 17:00:01,0.00,0.00,0,0.0000,0.0000,0.00,0.9998,0.9999,0.9997,0.9997,0.9998,0.9998,0.9998,0.9997,0.9998,0.9998,0.9999,0.9997,0.9998,0.9999,0.9998,0.9999,0.9998,0.9998,0.9998,0.9998,0.9998,0.9998,0.9999,0.9998,0.9998,0.9998,0.9998,0.9998,0.9998,0.9997,0.9998,0.9998,0.9998,0.9998,0.9998,0.9997,0.9996,0.9998,0.9998,0.9998,0.9998,0.9998,0.9998,0.9998,0.9997,0.9997,0.9998,0.9999,0.9998,0.9999,0.1622,0.1872,0.1898,0.1763,0.4305,0.5716,0.1677,0.1781,0.1623,0.1490,0.1997,0.1315,0.1870,0.1542,0.1730,0.1542,0.1970,0.1985,0.1753,0.1642,0.1937,0.1970,0.1982,0.1980,0.1844,0.1987,0.1970,0.1490,0.1759,0.1861,0.1491,0.1286,0.1623,0.4504,0.1993,0.1763,0.1879,0.1286,0.1709,0.1911,0.1677,0.1626,0.1409,0.1980,0.1412,0.1557,0.1569,0.1581,0.1373,0.1646,IDLE,IDLE,IDLE,IDLE,TOPICKUP,TOPICKUP,IDLE,IDLE,IDLE,IDLE,IDLE,IDLE,IDLE,IDLE,IDLE,IDLE,IDLE,IDLE,IDLE,IDLE,IDLE,IDLE,IDLE,IDLE,IDLE,IDLE,IDLE,IDLE,IDLE,IDLE,IDLE,IDLE,IDLE,TOPICKUP,IDLE,IDLE,IDLE,IDLE,IDLE,IDLE,IDLE,IDLE,IDLE,IDLE,IDLE,IDLE,IDLE,IDLE,IDLE,IDLE
90,2024-01-04 18:00:01,0.00,0.00,0,0.0000,0.0000,0.00,0.9998,0.9999,0.9997,0.9997,0.9998,0.9998,0.9998,0.9997,0.9998,0.9998,0.9999,0.9997,0.9998,0.9999,0.9998,0.9999,0.9998,0.9998,0.9998,0.9998,0.9998,0.9998,0.9999,0.9998,0.9998,0.9998,0.9998,0.9998,0.9998,0.9997,0.9998,0.9998,0.9998,0.9998,0.9998,0.9997,0.9996,0.9998,0.9998,0.9998,0.9998,0.9998,0.9998,0.9998,0.9997,0.9997,0.9998,0.9999,0.9998,0.9999,0.1622,0.1872,0.1898,0.1763,0.4305,0.5716,0.1677,0.1781,0.1623,0.1490,0.1997,0.1315,0.1870,0.1542,0.1730,0.1542,0.1970,0.1985,0.1753,0.1642,0.1937,0.1970,0.1982,0.1980,0.1844,0.1987,0.1970,0.1490,0.1759,0.1861,0.1491,0.1286,0.1623,0.4504,0.1993,0.1763,0.1879,0.1286,0.1709,0.1911,0.1677,0.1626,0.1409,0.1980,0.1412,0.1557,0.1569,0.1581,0.1373,0.1646,IDLE,IDLE,IDLE,IDLE,TOPICKUP,TOPICKUP,IDLE,IDLE,IDLE,IDLE,IDLE,IDLE,IDLE,IDLE,IDLE,IDLE,IDLE,IDLE,IDLE,IDLE,IDLE,IDLE,IDLE,IDLE,IDLE,IDLE,IDLE,IDLE,IDLE,IDLE,IDLE,IDLE,IDLE,TOPICKUP,IDLE,IDLE,IDLE,IDLE,IDLE,IDLE,IDLE,IDLE,IDLE,IDLE,IDLE,IDLE,IDLE,IDLE,IDLE,IDLE
91,2024-01-04 19:00:01,0.00,0.00,0,0.0000,0.0000,0.00,0.9998,0.9999,0.9997,0.9997,0.9998,0.9998,0.9998,0.9997,0.9998,0.9998,0.9999,0.9997,0.9998,0.9999,0.9998,0.9999,0.9998,0.9998,0.9998,0.9998,0.9998,0.9998,0.9999,0.9998,0.9998,0.9998,0.9998,0.9998,0.9998,0.9997,0.9998,0.9998,0.9998,0.9998,0.9998,0.9997,0.9996,0.9998,0.9998,0.9998,0.9998,0.9998,0.9998,0.9998,0.9997,0.9997,0.9998,0.9999,0.9998,0.9999,0.1622,0.1872,0.1898,0.1763,0.4305,0.5716,0.1677,0.1781,0.1623,0.1490,0.1997,0.1315,0.1870,0.1542,0.1730,0.1542,0.1970,0.1985,0.1753,0.1642,0.1937,0.1970,0.1982,0.1980,0.1844,0.1987,0.1970,0.1490,0.1759,0.1861,0.1491,0.1286,0.1623,0.4504,0.1993,0.1763,0.1879,0.1286,0.1709,0.1911,0.1677,0.1626,0.1409,0.1980,0.1412,0.1557,0.1569,0.1581,0.1373,0.1646,IDLE,IDLE,IDLE,IDLE,TOPICKUP,TOPICKUP,IDLE,IDLE,IDLE,IDLE,IDLE,IDLE,IDLE,IDLE,IDLE,IDLE,IDLE,IDLE,IDLE,IDLE,IDLE,IDLE,IDLE,IDLE,IDLE,IDLE,IDLE,IDLE,IDLE,IDLE,IDLE,IDLE,IDLE,TOPICKUP,IDLE,IDLE,IDLE,IDLE,IDLE,IDLE,IDLE,IDLE,IDLE,IDLE,IDLE,IDLE,IDLE,IDLE,IDLE,IDLE
92,2024-01-04 20:00:01,0.00,0.00,0,0.0000,0.0000,0.00,0.9998,0.9999,0.9997,0.9997,0.9998,0.9998,0.9998,0.9997,0.9998,0.9998,0.9999,0.9997,0.9998,0.9999,0.9998,0.9999,0.9998,0.9998,0.9998,0.9998,0.9998,0.9998,0.9999,0.9998,0.9998,0.9998,0.9998,0.9998,0.9998,0.9997,0.9998,0.9998,0.9998,0.9998,0.9998,0.9997,0.9996,0.9998,0.9998,0.9998,0.9998,0.9998,0.9998,0.9998,0.9997,0.9997,0.9998,0.9999,0.9998,0.9999,0.1622,0.1872,0.1898,0.1763,0.4305,0.5716,0.1677,0.1781,0.1623,0.1490,0.1997,0.1315,0.1870,0.1542,0.1730,0.1542,0.1970,0.1985,0.1753,0.1642,0.1937,0.1970,0.1982,0.1980,0.1844,0.1987,0.1970,0.1490,0.1759,0.1861,0.1491,0.1286,0.1623,0.4504,0.1993,0.1763,0.1879,0.1286,0.1709,0.1911,0.1677,0.1626,0.1409,0.1980,0.1412,0.1557,0.1569,0.1581,0.1373,0.1646,IDLE,IDLE,IDLE,IDLE,TOPICKUP,TOPICKUP,IDLE,IDLE,IDLE,IDLE,IDLE,IDLE,IDLE,IDLE,IDLE,IDLE,IDLE,IDLE,IDLE,IDLE,IDLE,IDLE,IDLE,IDLE,IDLE,IDLE,IDLE,IDLE,IDLE,IDLE,IDLE,IDLE,IDLE,TOPICKUP,IDLE,IDLE,IDLE,IDLE,IDLE,IDLE,IDLE,IDLE,IDLE,IDLE,IDLE,IDLE,IDLE,IDLE,IDLE,IDLE
93,2024-01-04 21:00:01,0.00,0.00,0,0.0000,0.0000,0.00,0.9998,0.9999,0.9997,0.9997,0.9998,0.9998,0.9998,0.9997,0.9998,0.9998,0.9999,0.9997,0.9998,0.9999,0.9998,0.9999,0.9998,0.9998,0.9998,0.9998,0.9998,0.9998,0.9999,0.9998,0.9998,0.9998,0.9998,0.9998,0.9998,0.9997,0.9998,0.9998,0.9998,0.9998,0.9998,0.9997,0.9996,0.9998,0.9998,0.9998,0.9998,0.9998,0.9998,0.9998,0.9997,0.9997,0.9998,0.9999,0.9998,0.9999,0.1622,0.1872,0.1898,0.1763,0.4305,0.5716,0.1677,0.1781,0.1623,0.1490,0.1997,0.1315,0.1870,0.1542,0.1730,0.1542,0.1970,0.1985,0.1753,0.1642,0.1937,0.1970,0.1982,0.1980,0.1844,0.1987,0.1970,0.1490,0.1759,0.1861,0.1491,0.1286,0.1623,0.4504,0.1993,0.1763,0.1879,0.1286,0.1709,0.1911,0.1677,0.1626,0.1409,0.1980,0.1412,0.1557,0.1569,0.1581,0.1373,0.1646,IDLE,IDLE,IDLE,IDLE,TOPICKUP,TOPICKUP,IDLE,IDLE,IDLE,IDLE,IDLE,IDLE,IDLE,IDLE,IDLE,IDLE,IDLE,IDLE,IDLE,IDLE,IDLE,IDLE,IDLE,IDLE,IDLE,IDLE,IDLE,IDLE,IDLE,IDLE,IDLE,IDLE,IDLE,TOPICKUP,IDLE,IDLE,IDLE,IDLE,IDLE,IDLE,IDLE,IDLE,IDLE,IDLE,IDLE,IDLE,IDLE,IDLE,IDLE,IDLE
94,2024-01-04 22:00:01,0.00,0.00,0,0.0000,0.0000,0.00,0.9998,0.9999,0.9997,0.9997,0.9998,0.9998,0.9998,0.9997,0.9998,0.9998,0.9999,0.9997,0.9998,0.9999,0.9998,0.9999,0.9998,0.9998,0.9998,0.9998,0.9998,0.9998,0.9999,0.9998,0.9998,0.9998,0.9998,0.9998,0.9998,0.9997,0.9998,0.9998,0.9998,0.9998,0.9998,0.9997,0.9996,0.9998,0.9998,0.9998,0.9998,0.9998,0.9998,0.9998,0.9997,0.9997,0.9998,0.9999,0.9998,0.9999,0.1622,0.1872,0.1898,0.1763,0.4305,0.5716,0.1677,0.1781,0.1623,0.1490,0.1997,0.1315,0.1870,0.1542,0.1730,0.1542,0.1970,0.1985,0.1753,0.1642,0.1937,0.1970,0.1982,0.1980,0.1844,0.1987,0.1970,0.1490,0.1759,0.1861,0.1491,0.1286,0.1623,0.4504,0.1993,0.1763,0.1879,0.1286,0.1709,0.1911,0.1677,0.1626,0.1409,0.1980,0.1412,0.1557,0.1569,0.1581,0.1373,0.1646,IDLE,IDLE,IDLE,IDLE,TOPICKUP,TOPICKUP,IDLE,IDLE,IDLE,IDLE,IDLE,IDLE,IDLE,IDLE,IDLE,IDLE,IDLE,IDLE,IDLE,IDLE,IDLE,IDLE,IDLE,IDLE,IDLE,IDLE,IDLE,IDLE,IDLE,IDLE,IDLE,IDLE,IDLE,TOPICKUP,IDLE,IDLE,IDLE,IDLE,IDLE,IDLE,IDLE,IDLE,IDLE,IDLE,IDLE,IDLE,IDLE,IDLE,IDLE,IDLE
95,2024-01-04 23:00:01,0.00,0.00,0,0.0000,0.0000,0.00,0.9998,0.9999,0.9997,0.9997,0.9998,0.9998,0.9998,0.9997,0.9998,0.9998,0.9999,0.9997,0.9998,0.9999,0.9998,0.9999,0.9998,0.9998,0.9998,0.9998,0.9998,0.9998,0.9999,0.9998,0.9998,0.9998,0.9998,0.9998,0.9998,0.9997,0.9998,0.9998,0.9998,0.9998,0.9998,0.9997,0.9996,0.9998,0.9998,0.9998,0.9998,0.9998,0.9998,0.9998,0.9997,0.9997,0.9998,0.9999,0.9998,0.9999,0.1622,0.1872,0.1898,0.1763,0.4305,0.5716,0.1677,0.1781,0.1623,0.1490,0.1997,0.1315,0.1870,0.1542,0.1730,0.1542,0.1970,0.1985,0.1753,0.1642,0.1937,0.1970,0.1982,0.1980,0.1844,0.1987,0.1970,0.1490,0.1759,0.1861,0.1491,0.1286,0.1623,0.4504,0.1993,0.1763,0.1879,0.1286,0.1709,0.1911,0.1677,0.1626,0.1409,0.1980,0.1412,0.1557,0.1569,0.1581,0.1373,0.1646,IDLE,IDLE,IDLE,IDLE,TOPICKUP,TOPICKUP,IDLE,IDLE,IDLE,IDLE,IDLE,IDLE,IDLE,IDLE,IDLE,IDLE,IDLE,IDLE,IDLE,IDLE,IDLE,IDLE,IDLE,IDLE,IDLE,IDLE,IDLE,IDLE,IDLE,IDLE,IDLE,IDLE,IDLE,TOPICKUP,IDLE,IDLE,IDLE,IDLE,IDLE,IDLE,IDLE,IDLE,IDLE,IDLE,IDLE,IDLE,IDLE,IDLE,IDLE,IDLE
96,2024-01-05 00:00:01,0.00,0.00,0,0.0000,0.0000,0.00,0.9998,0.9999,0.9997,0.9997,0.9998,0.9998,0.9998,0.9997,0.9998,0.9998,0.9999,0.9997,0.9998,0.9999,0.9998,0.9999,0.9998,0.9998,0.9998,0.9998,0.9998,0.9998,0.9999,0.9998,0.9998,0.9998,0.9998,0.9998,0.9998,0.9997,0.9998,0.9998,0.9998,0.9998,0.9998,0.9997,0.9996,0.9998,0.9998,0.9998,0.9998,0.9998,0.9998,0.9998,0.9997,0.9997,0.9998,0.9999,0.9998,0.9999,0.1622,0.1872,0.1898,0.1763,0.4305,0.5716,0.1677,0.1781,0.1623,0.1490,0.1997,0.1315,0.1870,0.1542,0.1730,0.1542,0.1970,0.1985,0.1753,0.1642,0.1937,0.1970,0.1982,0.1980,0.1844,0.1987,0.1970,0.1490,0.1759,0.1861,0.1491,0.1286,0.1623,0.4504,0.1993,0.1763,0.1879,0.1286,0.1709,0.1911,0.1677,0.1626,0.1409,0.1980,0.1412,0.1557,0.1569,0.1581,0.1373,0.1646,IDLE,IDLE,IDLE,IDLE,TOPICKUP,TOPICKUP,IDLE,IDLE,IDLE,IDLE,IDLE,IDLE,IDLE,IDLE,IDLE,IDLE,IDLE,IDLE,IDLE,IDLE,IDLE,IDLE,IDLE,IDLE,IDLE,IDLE,IDLE,IDLE,IDLE,IDLE,IDLE,IDLE,IDLE,TOPICKUP,IDLE,IDLE,IDLE,IDLE,IDLE,IDLE,IDLE,IDLE,IDLE,IDLE,IDLE,IDLE,IDLE,IDLE,IDLE,IDLE
97,2024-01-05 01:00:01,0.00,0.00,0,0.0000,0.0000,0.00,0.9998,0.9999,0.9997,0.9997,0.9998,0.9998,0.9998,0.9997,0.9998,0.9998,0.9999,0.9997,0.9998,0.9999,0.9998,0.9999,0.9998,0.9998,0.9998,0.9998,0.9998,0.9998,0.9999,0.9998,0.9998,0.9998,0.9998,0.9998,0.9998,0.9997,0.9998,0.9998,0.9998,0.9998,0.9998,0.9997,0.9996,0.9998,0.9998,0.9998,0.9998,0.9998,0.9998,0.9998,0.9997,0.9997,0.9998,0.9999,0.9998,0.9999,0.1622,0.1872,0.1898,0.1763,0.4305,0.5716,0.1677,0.1781,0.1623,0.1490,0.1997,0.1315,0.1870,0.1542,0.1730,0.1542,0.1970,0.1985,0.1753,0.1642,0.1937,0.1970,0.1982,0.1980,0.1844,0.1987,0.1970,0.1490,0.1759,0.1861,0.1491,0.1286,0.1623,0.4504,0.1993,0.1763,0.1879,0.1286,0.1709,0.1911,0.1677,0.1626,0.1409,0.1980,0.1412,0.1557,0.1569,0.1581,0.1373,0.1646,IDLE,IDLE,IDLE,IDLE,TOPICKUP,TOPICKUP,IDLE,IDLE,IDLE,IDLE,IDLE,IDLE,IDLE,IDLE,IDLE,IDLE,IDLE,IDLE,IDLE,IDLE,IDLE,IDLE,IDLE,IDLE,IDLE,IDLE,IDLE,IDLE,IDLE,IDLE,IDLE,IDLE,IDLE,TOPICKUP,IDLE,IDLE,IDLE,IDLE,IDLE,IDLE,IDLE,IDLE,IDLE,IDLE,IDLE,IDLE,IDLE,IDLE,IDLE,IDLE
98,2024-01-05 02:00:01,0.00,0.00,0,0.0000,0.0000,0.00,0.9998,0.9999,0.9997,0.9997,0.9998,0.9998,0.9998,0.9997,0.9998,0.9998,0.9999,0.9997,0.9998,0.9999,0.9998,0.9999,0.9998,0.9998,0.9998,0.9998,0.9998,0.9998,0.9999,0.9998,0.9998,0.9998,0.9998,0.9998,0.9998,0.9997,0.9998,0.9998,0.9998,0.9998,0.9998,0.9997,0.9996,0.9998,0.9998,0.9998,0.9998,0.9998,0.9998,0.9998,0.9997,0.9997,0.9998,0.9999,0.9998,0.9999,0.1622,0.1872,0.1898,0.1763,0.4305,0.5716,0.1677,0.1781,0.1623,0.1490,0.1997,0.1315,0.1870,0.1542,0.1730,0.1542,0.1970,0.1985,0.1753,0.1642,0.1937,0.1970,0.1982,0.1980,0.1844,0.1987,0.1970,0.1490,0.1759,0.1861,0.1491,0.1286,0.1623,0.4504,0.1993,0.1763,0.1879,0.1286,0.1709,0.1911,0.1677,0.1626,0.1409,0.1980,0.1412,0.1557,0.1569,0.1581,0.1373,0.1646,IDLE,IDLE,IDLE,IDLE,TOPICKUP,TOPICKUP,IDLE,IDLE,IDLE,IDLE,IDLE,IDLE,IDLE,IDLE,IDLE,IDLE,IDLE,IDLE,IDLE,IDLE,IDLE,IDLE,IDLE,IDLE,IDLE,IDLE,IDLE,IDLE,IDLE,IDLE,IDLE,IDLE,IDLE,TOPICKUP,IDLE,IDLE,IDLE,IDLE,IDLE,IDLE,IDLE,IDLE,IDLE,IDLE,IDLE,IDLE,IDLE,IDLE,IDLE,IDLE
99,2024-01-05 03:00:01,0.00,0.00,0,0.0000,0.0000,0.00,0.9998,0.9999,0.9997,0.9997,0.9998,0.9998,0.9998,0.9997,0.9998,0.9998,0.9999,0.9997,0.9998,0.9999,0.9998,0.9999,0.9998,0.9998,0.9998,0.9998,0.9998,0.9998,0.9999,0.9998,0.9998,0.9998,0.9998,0.9998,0.9998,0.9997,0.9998,0.9998,0.9998,0.9998,0.9998,0.9997,0.9996,0.9998,0.9998,0.9998,0.9998,0.9998,0.9998,0.9998,0.9997,0.9997,0.9998,0.9999,0.9998,0.9999,0.1622,0.1872,0.1898,0.1763,0.4305,0.5716,0.1677,0.1781,0.1623,0.1490,0.1997,0.1315,0.1870,0.1542,0.1730,0.1542,0.1970,0.1985,0.1753,0.1642,0.1937,0.1970,0.1982,0.1980,0.1844,0.1987,0.1970,0.1490,0.1759,0.1861,0.1491,0.1286,0.1623,0.4504,0.1993,0.1763,0.1879,0.1286,0.1709,0.1911,0.1677,0.1626,0.1409,0.1980,0.1412,0.1557,0.1569,0.1581,0.1373,0.1646,IDLE,IDLE,IDLE,IDLE,TOPICKUP,TOPICKUP,IDLE,IDLE,IDLE,IDLE,IDLE,IDLE,IDLE,IDLE,IDLE,IDLE,IDLE,IDLE,IDLE,IDLE,IDLE,IDLE,IDLE,IDLE,IDLE,IDLE,IDLE,IDLE,IDLE,IDLE,IDLE,IDLE,IDLE,TOPICKUP,IDLE,IDLE,IDLE,IDLE,IDLE,IDLE,IDLE,IDLE,IDLE,IDLE,IDLE,IDLE,IDLE,IDLE,IDLE,IDLE
100,2024-01-05 04:00:01,0.00,0.00,0,0.0000,0.0000,0.00,0.9998,0.9999,0.9997,0.9997,0.9998,0.9998,0.9998,0.9997,0.9998,0.9998,0.9999,0.9997,0.9998,0.9999,0.9998,0.9999,0.9998,0.9998,0.9998,0.9998,0.9998,0.9998,0.9999,0.9998,0.9998,0.9998,0.9998,0.9998,0.9998,0.9997,0.9998,0.9998,0.9998,0.9998,0.9998,0.9997,0.9996,0.9998,0.9998,0.9998,0.9998,0.9998,0.9998,0.9998,0.9997,0.9997,0.9998,0.9999,0.9998,0.9999,0.1622,0.1872,0.1898,0.1763,0.4305,0.5716,0.1677,0.1781,0.1623,0.1490,0.1997,0.1315,0.1870,0.1542,0.1730,0.1542,0.1970,0.1985,0.1753,0.1642,0.1937,0.1970,0.1982,0.1980,0.1844,0.1987,0.1970,0.1490,0.1759,0.1861,0.1491,0.1286,0.1623,0.4504,0.1993,0.1763,0.1879,0.1286,0.1709,0.1911,0.1677,0.1626,0.1409,0.1980,0.1412,0.1557,0.1569,0.1581,0.1373,0.1646,IDLE,IDLE,IDLE,IDLE,TOPICKUP,TOPICKUP,IDLE,IDLE,IDLE,IDLE,IDLE,IDLE,IDLE,IDLE,IDLE,IDLE,IDLE,IDLE,IDLE,IDLE,IDLE,IDLE,IDLE,IDLE,IDLE,IDLE,IDLE,IDLE,IDLE,IDLE,IDLE,IDLE,IDLE,TOPICKUP,IDLE,IDLE,IDLE,IDLE,IDLE,IDLE,IDLE,IDLE,IDLE,IDLE,IDLE,IDLE,IDLE,IDLE,IDLE,IDLE
101,2024-01-05 05:00:01,0.00,0.00,0,0.0000,0.0000,0.00,0.9998,0.9999,0.9997,0.9997,0.9998,0.9998,0.9998,0.9997,0.9998,0.9998,0.9999,0.9997,0.9998,0.9999,0.9998,0.9999,0.9998,0.9998,0.9998,0.9998,0.9998,0.9998,0.9999,0.9998,0.9998,0.9998,0.9998,0.9998,0.9998,0.9997,0.9998,0.9998,0.9998,0.9998,0.9998,0.9997,0.9996,0.9998,0.9998,0.9998,0.9998,0.9998,0.9998,0.9998,0.9997,0.9997,0.9998,0.9999,0.9998,0.9999,0.1622,0.1872,0.1898,0.1763,0.4305,0.5716,0.1677,0.1781,0.1623,0.1490,0.1997,0.1315,0.1870,0.1542,0.1730,0.1542,0.1970,0.1985,0.1753,0.1642,0.1937,0.1970,0.1982,0.1980,0.1844,0.1987,0.1970,0.1490,0.1759,0.1861,0.1491,0.1286,0.1623,0.4504,0.1993,0.1763,0.1879,0.1286,0.1709,0.1911,0.1677,0.1626,0.1409,0.1980,0.1412,0.1557,0.1569,0.1581,0.1373,0.1646,IDLE,IDLE,IDLE,IDLE,TOPICKUP,TOPICKUP,IDLE,IDLE,IDLE,IDLE,IDLE,IDLE,IDLE,IDLE,IDLE,IDLE,IDLE,IDLE,IDLE,IDLE,IDLE,IDLE,IDLE,IDLE,IDLE,IDLE,IDLE,IDLE,IDLE,IDLE,IDLE,IDLE,IDLE,TOPICKUP,IDLE,IDLE,IDLE,IDLE,IDLE,IDLE,IDLE,IDLE,IDLE,IDLE,IDLE,IDLE,IDLE,IDLE,IDLE,IDLE
102,2024-01-05 06:00:01,0.00,0.00,0,0.0000,0.0000,0.00,0.9998,0.9999,0.9997,0.9997,0.9998,0.9998,0.9998,0.9997,0.9998,0.9998,0.9999,0.9997,0.9998,0.9999,0.9998,0.9999,0.9998,0.9998,0.9998,0.9998,0.9998,0.9998,0.9999,0.9998,0.9998,0.9998,0.9998,0.9998,0.9998,0.9997,0.9998,0.9998,0.9998,0.9998,0.9998,0.9997,0.9996,0.9998,0.9998,0.9998,0.9998,0.9998,0.9998,0.9998,0.9997,0.9997,0.9998,0.9999,0.9998,0.9999,0.1622,0.1872,0.1898,0.1763,0.4305,0.5716,0.1677,0.1781,0.1623,0.1490,0.1997,0.1315,0.1870,0.1542,0.1730,0.1542,0.1970,0.1985,0.1753,0.1642,0.1937,0.1970,0.1982,0.1980,0.1844,0.1987,0.1970,0.1490,0.1759,0.1861,0.1491,0.1286,0.1623,0.4504,0.1993,0.1763,0.1879,0.1286,0.1709,0.1911,0.1677,0.1626,0.1409,0.1980,0.1412,0.1557,0.1569,0.1581,0.1373,0.1646,IDLE,IDLE,IDLE,IDLE,TOPICKUP,TOPICKUP,IDLE,IDLE,IDLE,IDLE,IDLE,IDLE,IDLE,IDLE,IDLE,IDLE,IDLE,IDLE,IDLE,IDLE,IDLE,IDLE,IDLE,IDLE,IDLE,IDLE,IDLE,IDLE,IDLE,IDLE,IDLE,IDLE,IDLE,TOPICKUP,IDLE,IDLE,IDLE,IDLE,IDLE,IDLE,IDLE,IDLE,IDLE,IDLE,IDLE,IDLE,IDLE,IDLE,IDLE,IDLE
103,2024-01-05 07:00:01,0.00,0.00,0,0.0000,0.0000,0.00,0.9998,0.9999,0.9997,0.9997,0.9998,0.9998,0.9998,0.9997,0.9998,0.9998,0.9999,0.9997,0.9998,0.9999,0.9998,0.9999,0.9998,0.9998,0.9998,0.9998,0.9998,0.9998,0.9999,0.9998,0.9998,0.9998,0.9998,0.9998,0.9998,0.9997,0.9998,0.9998,0.9998,0.9998,0.9998,0.9997,0.9996,0.9998,0.9998,0.9998,0.9998,0.9998,0.9998,0.9998,0.9997,0.9997,0.9998,0.9999,0.9998,0.9999,0.1622,0.1872,0.1898,0.1763,0.4305,0.5716,0.1677,0.1781,0.1623,0.1490,0.1997,0.1315,0.1870,0.1542,0.1730,0.1542,0.1970,0.1985,0.1753,0.1642,0.1937,0.1970,0.1982,0.1980,0.1844,0.1987,0.1970,0.1490,0.1759,0.1861,0.1491,0.1286,0.1623,0.4504,0.1993,0.1763,0.1879,0.1286,0.1709,0.1911,0.1677,0.1626,0.1409,0.1980,0.1412,0.1557,0.1569,0.1581,0.1373,0.1646,IDLE,IDLE,IDLE,IDLE,TOPICKUP,TOPICKUP,IDLE,IDLE,IDLE,IDLE,IDLE,IDLE,IDLE,IDLE,IDLE,IDLE,IDLE,IDLE,IDLE,IDLE,IDLE,IDLE,IDLE,IDLE,IDLE,IDLE,IDLE,IDLE,IDLE,IDLE,IDLE,IDLE,IDLE,TOPICKUP,IDLE,IDLE,IDLE,IDLE,IDLE,IDLE,IDLE,IDLE,IDLE,IDLE,IDLE,IDLE,IDLE,IDLE,IDLE,IDLE
104,2024-01-05 08:00:01,0.00,0.00,0,0.0000,0.0000,0.00,0.9998,0.9999,0.9997,0.9997,0.9998,0.9998,0.9998,0.9997,0.9998,0.9998,0.9999,0.9997,0.9998,0.9999,0.9998,0.9999,0.9998,0.9998,0.9998,0.9998,0.9998,0.9998,0.9999,0.9998,0.9998,0.9998,0.9998,0.9998,0.9998,0.9997,0.9998,0.9998,0.9998,0.9998,0.9998,0.9997,0.9996,0.9998,0.9998,0.9998,0.9998,0.9998,0.9998,0.9998,0.9997,0.9997,0.9998,0.9999,0.9998,0.9999,0.1622,0.1872,0.1898,0.1763,0.4305,0.5716,0.1677,0.1781,0.1623,0.1490,0.1997,0.1315,0.1870,0.1542,0.1730,0.1542,0.1970,0.1985,0.1753,0.1642,0.1937,0.1970,0.1982,0.1980,0.1844,0.1987,0.1970,0.1490,0.1759,0.1861,0.1491,0.1286,0.1623,0.4504,0.1993,0.1763,0.1879,0.1286,0.1709,0.1911,0.1677,0.1626,0.1409,0.1980,0.1412,0.1557,0.1569,0.1581,0.1373,0.1646,IDLE,IDLE,IDLE,IDLE,TOPICKUP,TOPICKUP,IDLE,IDLE,IDLE,IDLE,IDLE,IDLE,IDLE,IDLE,IDLE,IDLE,IDLE,IDLE,IDLE,IDLE,IDLE,IDLE,IDLE,IDLE,IDLE,IDLE,IDLE,IDLE,IDLE,IDLE,IDLE,IDLE,IDLE,TOPICKUP,IDLE,IDLE,IDLE,IDLE,IDLE,IDLE,IDLE,IDLE,IDLE,IDLE,IDLE,IDLE,IDLE,IDLE,IDLE,IDLE
105,2024-01-05 09:00:01,0.00,0.00,0,0.0000,0.0000,0.00,0.9998,0.9999,0.9997,0.9997,0.9998,0.9998,0.9998,0.9997,0.9998,0.9998,0.9999,0.9997,0.9998,0.9999,0.9998,0.9999,0.9998,0.9998,0.9998,0.9998,0.9998,0.9998,0.9999,0.9998,0.9998,0.9998,0.9998,0.9998,0.9998,0.9997,0.9998,0.9998,0.9998,0.9998,0.9998,0.9997,0.9996,0.9998,0.9998,0.9998,0.9998,0.9998,0.9998,0.9998,0.9997,0.9997,0.9998,0.9999,0.9998,0.9999,0.1622,0.1872,0.1898,0.1763,0.4305,0.5716,0.1677,0.1781,0.1623,0.1490,0.1997,0.1315,0.1870,0.1542,0.1730,0.1542,0.1970,0.1985,0.1753,0.1642,0.1937,0.1970,0.1982,0.1980,0.1844,0.1987,0.1970,0.1490,0.1759,0.1861,0.1491,0.1286,0.1623,0.4504,0.1993,0.1763,0.1879,0.1286,0.1709,0.1911,0.1677,0.1626,0.1409,0.1980,0.1412,0.1557,0.1569,0.1581,0.1373,0.1646,IDLE,IDLE,IDLE,IDLE,TOPICKUP,TOPICKUP,IDLE,IDLE,IDLE,IDLE,IDLE,IDLE,IDLE,IDLE,IDLE,IDLE,IDLE,IDLE,IDLE,IDLE,IDLE,IDLE,IDLE,IDLE,IDLE,IDLE,IDLE,IDLE,IDLE,IDLE,IDLE,IDLE,IDLE,TOPICKUP,IDLE,IDLE,IDLE,IDLE,IDLE,IDLE,IDLE,IDLE,IDLE,IDLE,IDLE,IDLE,IDLE,IDLE,IDLE,IDLE
106,2024-01-05 10:00:01,0.00,0.00,0,0.0000,0.0000,0.00,0.9998,0.9999,0.9997,0.9997,0.9998,0.9998,0.9998,0.9997,0.9998,0.9998,0.9999,0.9997,0.9998,0.9999,0.9998,0.9999,0.9998,0.9998,0.9998,0.9998,0.9998,0.9998,0.9999,0.9998,0.9998,0.9998,0.9998,0.9998,0.9998,0.9997,0.9998,0.9998,0.9998,0.9998,0.9998,0.9997,0.9996,0.9998,0.9998,0.9998,0.9998,0.9998,0.9998,0.9998,0.9997,0.9997,0.9998,0.9999,0.9998,0.9999,0.1622,0.1872,0.1898,0.1763,0.4305,0.5716,0.1677,0.1781,0.1623,0.1490,0.1997,0.1315,0.1870,0.1542,0.1730,0.1542,0.1970,0.1985,0.1753,0.1642,0.1937,0.1970,0.1982,0.1980,0.1844,0.1987,0.1970,0.1490,0.1759,0.1861,0.1491,0.1286,0.1623,0.4504,0.1993,0.1763,0.1879,0.1286,0.1709,0.1911,0.1677,0.1626,0.1409,0.1980,0.1412,0.1557,0.1569,0.1581,0.1373,0.1646,IDLE,IDLE,IDLE,IDLE,TOPICKUP,TOPICKUP,IDLE,IDLE,IDLE,IDLE,IDLE,IDLE,IDLE,IDLE,IDLE,IDLE,IDLE,IDLE,IDLE,IDLE,IDLE,IDLE,IDLE,IDLE,IDLE,IDLE,IDLE,IDLE,IDLE,IDLE,IDLE,IDLE,IDLE,TOPICKUP,IDLE,IDLE,IDLE,IDLE,IDLE,IDLE,IDLE,IDLE,IDLE,IDLE,IDLE,IDLE,IDLE,IDLE,IDLE,IDLE
107,2024-01-05 11:00:01,0.00,0.00,0,0.0000,0.0000,0.00,0.9998,0.9999,0.9997,0.9997,0.9998,0.9998,0.9998,0.9997,0.9998,0.9998,0.9999,0.9997,0.9998,0.9999,0.9998,0.9999,0.9998,0.9998,0.9998,0.9998,0.9998,0.9998,0.9999,0.9998,0.9998,0.9998,0.9998,0.9998,0.9998,0.9997,0.9998,0.9998,0.9998,0.9998,0.9998,0.9997,0.9996,0.9998,0.9998,0.9998,0.9998,0.9998,0.9998,0.9998,0.9997,0.9997,0.9998,0.9999,0.9998,0.9999,0.1622,0.1872,0.1898,0.1763,0.4305,0.5716,0.1677,0.1781,0.1623,0.1490,0.1997,0.1315,0.1870,0.1542,0.1730,0.1542,0.1970,0.1985,0.1753,0.1642,0.1937,0.1970,0.1982,0.1980,0.1844,0.1987,0.1970,0.1490,0.1759,0.1861,0.1491,0.1286,0.1623,0.4504,0.1993,0.1763,0.1879,0.1286,0.1709,0.1911,0.1677,0.1626,0.1409,0.1980,0.1412,0.1557,0.1569,0.1581,0.1373,0.1646,IDLE,IDLE,IDLE,IDLE,TOPICKUP,TOPICKUP,IDLE,IDLE,IDLE,IDLE,IDLE,IDLE,IDLE,IDLE,IDLE,IDLE,IDLE,IDLE,IDLE,IDLE,IDLE,IDLE,IDLE,IDLE,IDLE,IDLE,IDLE,IDLE,IDLE,IDLE,IDLE,IDLE,IDLE,TOPICKUP,IDLE,IDLE,IDLE,IDLE,IDLE,IDLE,IDLE,IDLE,IDLE,IDLE,IDLE,IDLE,IDLE,IDLE,IDLE,IDLE
108,2024-01-05 12:00:01,0.00,0.00,0,0.0000,0.0000,0.00,0.9998,0.9999,0.9997,0.9997,0.9998,0.9998,0.9998,0.9997,0.9998,0.9998,0.9999,0.9997,0.9998,0.9999,0.9998,0.9999,0.9998,0.9998,0.9998,0.9998,0.9998,0.9998,0.9999,0.9998,0.9998,0.9998,0.9998,0.9998,0.9998,0.9997,0.9998,0.9998,0.9998,0.9998,0.9998,0.9997,0.9996,0.9998,0.9998,0.9998,0.9998,0.9998,0.9998,0.9998,0.9997,0.9997,0.9998,0.9999,0.9998,0.9999,0.1622,0.1872,0.1898,0.1763,0.4305,0.5716,0.1677,0.1781,0.1623,0.1490,0.1997,0.1315,0.1870,0.1542,0.1730,0.1542,0.1970,0.1985,0.1753,0.1642,0.1937,0.1970,0.1982,0.1980,0.1844,0.1987,0.1970,0.1490,0.1759,0.1861,0.1491,0.1286,0.1623,0.4504,0.1993,0.1763,0.1879,0.1286,0.1709,0.1911,0.1677,0.1626,0.1409,0.1980,0.1412,0.1557,0.1569,0.1581,0.1373,0.1646,IDLE,IDLE,IDLE,IDLE,TOPICKUP,TOPICKUP,IDLE,IDLE,IDLE,IDLE,IDLE,IDLE,IDLE,IDLE,IDLE,IDLE,IDLE,IDLE,IDLE,IDLE,IDLE,IDLE,IDLE,IDLE,IDLE,IDLE,IDLE,IDLE,IDLE,IDLE,IDLE,IDLE,IDLE,TOPICKUP,IDLE,IDLE,IDLE,IDLE,IDLE,IDLE,IDLE,IDLE,IDLE,IDLE,IDLE,IDLE,IDLE,IDLE,IDLE,IDLE
109,2024-01-05 13:00:01,0.00,0.00,0,0.0000,0.0000,31.75,0.9998,0.9999,0.9997,0.9997,0.9998,0.9998,0.9998,0.9997,0.9998,0.9998,0.9999,0.9997,0.9998,0.9999,0.9998,0.9999,0.9998,0.9998,0.9998,0.9998,0.9998,0.9998,0.9999,0.9998,0.9998,0.9998,0.9998,0.9998,0.9998,0.9997,0.9998,0.9998,0.9998,0.9998,0.9998,0.9997,0.9996,0.9998,0.9998,0.9998,0.9998,0.9998,0.9998,0.9998,0.9997,0.9997,0.9998,0.9999,0.9998,0.9999,0.1622,0.1872,0.1898,0.1763,0.4129,0.5616,0.1677,0.1781,0.1623,0.1490,0.1997,0.1315,0.1870,0.1542,0.1730,0.1542,0.1970,0.1985,0.1753,0.1642,0.1937,0.1970,0.1982,0.1980,0.1844,0.1987,0.1970,0.1490,0.1759,0.1861,0.1491,0.1286,0.1623,0.4373,0.1993,0.1763,0.1879,0.1286,0.1709,0.1911,0.1677,0.1626,0.1409,0.1980,0.1412,0.1557,0.1569,0.1581,0.1373,0.1646,IDLE,IDLE,IDLE,IDLE,ONJOB,ONJOB,IDLE,IDLE,IDLE,IDLE,IDLE,IDLE,IDLE,IDLE,IDLE,IDLE,IDLE,IDLE,IDLE,IDLE,IDLE,IDLE,IDLE,IDLE,IDLE,IDLE,IDLE,IDLE,IDLE,IDLE,IDLE,IDLE,IDLE,ONJOB,IDLE,IDLE,IDLE,IDLE,IDLE,IDLE,IDLE,IDLE,IDLE,IDLE,IDLE,IDLE,IDLE,IDLE,IDLE,IDLE
110,2024-01-05 14:00:01,0.00,0.00,0,0.0000,0.0000,0.00,0.9998,0.9999,0.9997,0.9997,0.9998,0.9998,0.9998,0.9997,0.9998,0.9998,0.9999,0.9997,0.9998,0.9999,0.9998,0.9999,0.9998,0.9998,0.9998,0.9998,0.9998,0.9998,0.9999,0.9998,0.9998,0.9998,0.9998,0.9998,0.9998,0.9997,0.9998,0.9998,0.9998,0.9998,0.9998,0.9997,0.9996,0.9998,0.9998,0.9998,0.9998,0.9998,0.9998,0.9998,0.9997,0.9997,0.9998,0.9999,0.9998,0.9999,0.1622,0.1872,0.1898,0.1763,0.3751,0.5295,0.1677,0.1781,0.1623,0.1490,0.1997,0.1315,0.1870,0.1542,0.1730,0.1542,0.1970,0.1985,0.1753,0.1642,0.1937,0.1970,0.1982,0.1980,0.1844,0.1987,0.1970,0.1490,0.1759,0.1861,0.1491,0.1286,0.1623,0.4031,0.1993,0.1763,0.1879,0.1286,0.1709,0.1911,0.1677,0.1626,0.1409,0.1980,0.1412,0.1557,0.1569,0.1581,0.1373,0.1646,IDLE,IDLE,IDLE,IDLE,IDLE,IDLE,IDLE,IDLE,IDLE,IDLE,IDLE,IDLE,IDLE,IDLE,IDLE,IDLE,IDLE,IDLE,IDLE,IDLE,IDLE,IDLE,IDLE,IDLE,IDLE,IDLE,IDLE,IDLE,IDLE,IDLE,IDLE,IDLE,IDLE,IDLE,IDLE,IDLE,IDLE,IDLE,IDLE,IDLE,IDLE,IDLE,IDLE,IDLE,IDLE,IDLE,IDLE,IDLE,IDLE,IDLE
111,2024-01-05 15:00:01,0.00,0.00,0,0.0000,0.0000,40.00,0.9998,0.9999,0.9997,0.9997,0.9998,0.9998,0.9998,0.9997,0.9998,0.9998,0.9999,0.9997,0.9998,0.9999,0.9998,0.9999,0.9998,0.9998,0.9998,0.9998,0.9998,0.9998,0.9999,0.9998,0.9998,0.9998,0.9998,0.9998,0.9998,0.9997,0.9998,0.9998,0.9998,0.9998,0.9998,0.9997,0.9996,0.9998,0.9998,0.9998,0.9998,0.9998,0.9998,0.9998,0.9997,0.9997,0.9998,0.9999,0.9998,0.9999,0.1622,0.1872,0.1898,0.1763,0.3646,0.5240,0.1677,0.1781,0.1623,0.1490,0.1997,0.1315,0.1870,0.1542,0.1730,0.1542,0.1970,0.1985,0.1753,0.1642,0.1937,0.1970,0.1982,0.1980,0.1844,0.1987,0.1970,0.1490,0.1759,0.1861,0.1491,0.1286,0.1623,0.3945,0.1993,0.1763,0.1879,0.1286,0.1709,0.1911,0.1677,0.1626,0.1409,0.1980,0.1412,0.1557,0.1569,0.1581,0.1373,0.1646,IDLE,IDLE,IDLE,IDLE,ONJOB,ONJOB,IDLE,IDLE,IDLE,IDLE,IDLE,IDLE,IDLE,IDLE,IDLE,IDLE,IDLE,IDLE,IDLE,IDLE,IDLE,IDLE,IDLE,IDLE,IDLE,IDLE,IDLE,IDLE,IDLE,IDLE,IDLE,IDLE,IDLE,ONJOB,IDLE,IDLE,IDLE,IDLE,IDLE,IDLE,IDLE,IDLE,IDLE,IDLE,IDLE,IDLE,IDLE,IDLE,IDLE,IDLE
112,2024-01-05 16:00:01,0.00,0.00,0,0.0000,0.0000,0.00,0.9998,0.9999,0.9997,0.9997,0.9998,0.9998,0.9998,0.9997,0.9998,0.9998,0.9999,0.9997,0.9998,0.9999,0.9998,0.9999,0.9998,0.9998,0.9998,0.9998,0.9998,0.9998,0.9999,0.9998,0.9998,0.9998,0.9998,0.9998,0.9998,0.9997,0.9998,0.9998,0.9998,0.9998,0.9998,0.9997,0.9996,0.9998,0.9998,0.9998,0.9998,0.9998,0.9998,0.9998,0.9997,0.9997,0.9998,0.9999,0.9998,0.9999,0.1622,0.1872,0.1898,0.1763,0.3264,0.5061,0.1677,0.1781,0.1623,0.1490,0.1997,0.1315,0.1870,0.1542,0.1730,0.1542,0.1970,0.1985,0.1753,0.1642,0.1937,0.1970,0.1982,0.1980,0.1844,0.1987,0.1970,0.1490,0.1759,0.1861,0.1491,0.1286,0.1623,0.3539,0.1993,0.1763,0.1879,0.1286,0.1709,0.1911,0.1677,0.1626,0.1409,0.1980,0.1412,0.1557,0.1569,0.1581,0.1373,0.1646,IDLE,IDLE,IDLE,IDLE,IDLE,IDLE,IDLE,IDLE,IDLE,IDLE,IDLE,IDLE,IDLE,IDLE,IDLE,IDLE,IDLE,IDLE,IDLE,IDLE,IDLE,IDLE,IDLE,IDLE,IDLE,IDLE,IDLE,IDLE,IDLE,IDLE,IDLE,IDLE,IDLE,IDLE,IDLE,IDLE,IDLE,IDLE,IDLE,IDLE,IDLE,IDLE,IDLE,IDLE,IDLE,IDLE,IDLE,IDLE,IDLE,IDLE
113,2024-01-05 17:00:01,0.00,0.00,0,0.0000,0.0000,50.50,0.9998,0.9999,0.9997,0.9997,0.9998,0.9998,0.9998,0.9997,0.9998,0.9998,0.9999,0.9997,0.9998,0.9999,0.9998,0.9999,0.9998,0.9998,0.9998,0.9998,0.9998,0.9998,0.9999,0.9998,0.9998,0.9998,0.9998,0.9998,0.9998,0.9997,0.9998,0.9998,0.9998,0.9998,0.9998,0.9997,0.9996,0.9998,0.9998,0.9998,0.9998,0.9998,0.9998,0.9998,0.9997,0.9997,0.9998,0.9999,0.9998,0.9999,0.1622,0.1872,0.1898,0.1763,0.3159,0.5006,0.1677,0.1781,0.1623,0.1490,0.1997,0.1315,0.1870,0.1542,0.1730,0.1542,0.1970,0.1985,0.1753,0.1642,0.1937,0.1970,0.1982,0.1980,0.1844,0.1987,0.1970,0.1490,0.1759,0.1861,0.1491,0.1286,0.1623,0.3453,0.1993,0.1763,0.1879,0.1286,0.1709,0.1911,0.1677,0.1626,0.1409,0.1980,0.1412,0.1557,0.1569,0.1581,0.1373,0.1646,IDLE,IDLE,IDLE,IDLE,ONJOB,ONJOB,IDLE,IDLE,IDLE,IDLE,IDLE,IDLE,IDLE,IDLE,IDLE,IDLE,IDLE,IDLE,IDLE,IDLE,IDLE,IDLE,IDLE,IDLE,IDLE,IDLE,IDLE,IDLE,IDLE,IDLE,IDLE,IDLE,IDLE,ONJOB,IDLE,IDLE,IDLE,IDLE,IDLE,IDLE,IDLE,IDLE,IDLE,IDLE,IDLE,IDLE,IDLE,IDLE,IDLE,IDLE
114,2024-01-05 18:00:01,0.00,0.00,0,0.0000,0.0000,0.00,0.9998,0.9999,0.9997,0.9997,0.9998,0.9998,0.9998,0.9997,0.9998,0.9998,0.9999,0.9997,0.9998,0.9999,0.9998,0.9999,0.9998,0.9998,0.9998,0.9998,0.9998,0.9998,0.9999,0.9998,0.9998,0.9998,0.9998,0.9998,0.9998,0.9997,0.9998,0.9998,0.9998,0.9998,0.9998,0.9997,0.9996,0.9998,0.9998,0.9998,0.9998,0.9998,0.9998,0.9998,0.9997,0.9997,0.9998,0.9999,0.9998,0.9999,0.1622,0.1872,0.1898,0.1763,0.2781,0.4798,0.1677,0.1781,0.1623,0.1490,0.1997,0.1315,0.1870,0.1542,0.1730,0.1542,0.1970,0.1985,0.1753,0.1642,0.1937,0.1970,0.1982,0.1980,0.1844,0.1987,0.1970,0.1490,0.1759,0.1861,0.1491,0.1286,0.1623,0.3186,0.1993,0.1763,0.1879,0.1286,0.1709,0.1911,0.1677,0.1626,0.1409,0.1980,0.1412,0.1557,0.1569,0.1581,0.1373,0.1646,IDLE,IDLE,IDLE,IDLE,IDLE,IDLE,IDLE,IDLE,IDLE,IDLE,IDLE,IDLE,IDLE,IDLE,IDLE,IDLE,IDLE,IDLE,IDLE,IDLE,IDLE,IDLE,IDLE,IDLE,IDLE,IDLE,IDLE,IDLE,IDLE,IDLE,IDLE,IDLE,IDLE,IDLE,IDLE,IDLE,IDLE,IDLE,IDLE,IDLE,IDLE,IDLE,IDLE,IDLE,IDLE,IDLE,IDLE,IDLE,IDLE,IDLE
115,2024-01-05 19:00:01,0.00,0.00,0,0.0000,0.0000,66.50,0.9998,0.9999,0.9997,0.9997,0.9998,0.9998,0.9998,0.9997,0.9998,0.9998,0.9999,0.9997,0.9998,0.9999,0.9998,0.9999,0.9998,0.9998,0.9998,0.9998,0.9998,0.9998,0.9999,0.9998,0.9998,0.9998,0.9998,0.9998,0.9998,0.9997,0.9998,0.9998,0.9998,0.9998,0.9998,0.9997,0.9996,0.9998,0.9998,0.9998,0.9998,0.9998,0.9998,0.9998,0.9997,0.9997,0.9998,0.9999,0.9998,0.9999,0.1622,0.1872,0.1898,0.1763,0.2676,0.4703,0.1677,0.1781,0.1623,0.1490,0.1997,0.1315,0.1870,0.1542,0.1730,0.1542,0.1970,0.1985,0.1753,0.1642,0.1937,0.1970,0.1982,0.1980,0.1844,0.1987,0.1970,0.1490,0.1759,0.1861,0.1491,0.1286,0.1623,0.3028,0.1993,0.1763,0.1879,0.1286,0.1709,0.1911,0.1677,0.1626,0.1409,0.1980,0.1412,0.1557,0.1569,0.1581,0.1373,0.1646,IDLE,IDLE,IDLE,IDLE,ONJOB,ONJOB,IDLE,IDLE,IDLE,IDLE,IDLE,IDLE,IDLE,IDLE,IDLE,IDLE,IDLE,IDLE,IDLE,IDLE,IDLE,IDLE,IDLE,IDLE,IDLE,IDLE,IDLE,IDLE,IDLE,IDLE,IDLE,IDLE,IDLE,ONJOB,IDLE,IDLE,IDLE,IDLE,IDLE,IDLE,IDLE,IDLE,IDLE,IDLE,IDLE,IDLE,IDLE,IDLE,IDLE,IDLE
116,2024-01-05 20:00:01,0.00,0.00,0,0.0000,0.0000,0.00,0.9998,0.9999,0.9997,0.9997,0.9998,0.9998,0.9998,0.9997,0.9998,0.9998,0.9999,0.9997,0.9998,0.9999,0.9998,0.9999,0.9998,0.9998,0.9998,0.9998,0.9998,0.9998,0.9999,0.9998,0.9998,0.9998,0.9998,0.9998,0.9998,0.9997,0.9998,0.9998,0.9998,0.9998,0.9998,0.9997,0.9996,0.9998,0.9998,0.9998,0.9998,0.9998,0.9998,0.9998,0.9997,0.9997,0.9998,0.9999,0.9998,0.9999,0.1622,0.1872,0.1898,0.1763,0.2208,0.4277,0.1677,0.1781,0.1623,0.1490,0.1997,0.1315,0.1870,0.1542,0.1730,0.1542,0.1970,0.1985,0.1753,0.1642,0.1937,0.1970,0.1982,0.1980,0.1844,0.1987,0.1970,0.1490,0.1759,0.1861,0.1491,0.1286,0.1623,0.2712,0.1993,0.1763,0.1879,0.1286,0.1709,0.1911,0.1677,0.1626,0.1409,0.1980,0.1412,0.1557,0.1569,0.1581,0.1373,0.1646,IDLE,IDLE,IDLE,IDLE,IDLE,IDLE,IDLE,IDLE,IDLE,IDLE,IDLE,IDLE,IDLE,IDLE,IDLE,IDLE,IDLE,IDLE,IDLE,IDLE,IDLE,IDLE,IDLE,IDLE,IDLE,IDLE,IDLE,IDLE,IDLE,IDLE,IDLE,IDLE,IDLE,IDLE,IDLE,IDLE,IDLE,IDLE,IDLE,IDLE,IDLE,IDLE,IDLE,IDLE,IDLE,IDLE,IDLE,IDLE,IDLE,IDLE
117,2024-01-05 21:00:01,0.00,0.00,0,0.0000,0.0000,84.01,0.9998,0.9999,0.9997,0.9997,0.9998,0.9998,0.9998,0.9997,0.9998,0.9998,0.9999,0.9997,0.9998,0.9999,0.9998,0.9999,0.9998,0.9998,0.9998,0.9998,0.9998,0.9998,0.9999,0.9998,0.9998,0.9998,0.9998,0.9998,0.9998,0.9997,0.9998,0.9998,0.9998,0.9998,0.9998,0.9997,0.9996,0.9998,0.9998,0.9998,0.9998,0.9998,0.9998,0.9998,0.9997,0.9997,0.9998,0.9999,0.9998,0.9999,0.1622,0.1872,0.1898,0.1763,0.2099,0.4164,0.1677,0.1781,0.1623,0.1490,0.1997,0.1315,0.1870,0.1542,0.1730,0.1542,0.1970,0.1985,0.1753,0.1642,0.1937,0.1970,0.1982,0.1980,0.1844,0.1987,0.1970,0.1490,0.1759,0.1861,0.1491,0.1286,0.1623,0.2558,0.1993,0.1763,0.1879,0.1286,0.1709,0.1911,0.1677,0.1626,0.1409,0.1980,0.1412,0.1557,0.1569,0.1581,0.1373,0.1646,IDLE,IDLE,IDLE,IDLE,ONJOB,ONJOB,IDLE,IDLE,IDLE,IDLE,IDLE,IDLE,IDLE,IDLE,IDLE,IDLE,IDLE,IDLE,IDLE,IDLE,IDLE,IDLE,IDLE,IDLE,IDLE,IDLE,IDLE,IDLE,IDLE,IDLE,IDLE,IDLE,IDLE,ONJOB,IDLE,IDLE,IDLE,IDLE,IDLE,IDLE,IDLE,IDLE,IDLE,IDLE,IDLE,IDLE,IDLE,IDLE,IDLE,IDLE
118,2024-01-05 22:00:01,0.00,0.00,0,0.0000,0.0000,0.00,0.9998,0.9999,0.9997,0.9997,0.9998,0.9998,0.9998,0.9997,0.9998,0.9998,0.9999,0.9997,0.9998,0.9999,0.9998,0.9999,0.9998,0.9998,0.9998,0.9998,0.9998,0.9998,0.9999,0.9998,0.9998,0.9998,0.9998,0.9998,0.9998,0.9997,0.9998,0.9998,0.9998,0.9998,0.9998,0.9997,0.9996,0.9998,0.9998,0.9998,0.9998,0.9998,0.9998,0.9998,0.9997,0.9997,0.9998,0.9999,0.9998,0.9999,0.1622,0.1872,0.1898,0.1763,0.1969,0.4109,0.1677,0.1781,0.1623,0.1490,0.1997,0.1315,0.1870,0.1542,0.1730,0.1542,0.1970,0.1985,0.1753,0.1642,0.1937,0.1970,0.1982,0.1980,0.1844,0.1987,0.1970,0.1490,0.1759,0.1861,0.1491,0.1286,0.1623,0.2186,0.1993,0.1763,0.1879,0.1286,0.1709,0.1911,0.1677,0.1626,0.1409,0.1980,0.1412,0.1557,0.1569,0.1581,0.1373,0.1646,IDLE,IDLE,IDLE,IDLE,IDLE,IDLE,IDLE,IDLE,IDLE,IDLE,IDLE,IDLE,IDLE,IDLE,IDLE,IDLE,IDLE,IDLE,IDLE,IDLE,IDLE,IDLE,IDLE,IDLE,IDLE,IDLE,IDLE,IDLE,IDLE,IDLE,IDLE,IDLE,IDLE,IDLE,IDLE,IDLE,IDLE,IDLE,IDLE,IDLE,IDLE,IDLE,IDLE,IDLE,IDLE,IDLE,IDLE,IDLE,IDLE,IDLE
119,2024-01-05 23:00:01,0.00,0.00,0,0.0000,0.0000,53.75,0.9998,0.9999,0.9997,0.9997,0.9998,0.9998,0.9998,0.9997,0.9998,0.9998,0.9999,0.9997,0.9998,0.9999,0.9998,0.9999,0.9998,0.9998,0.9998,0.9998,0.9998,0.9998,0.9999,0.9998,0.9998,0.9998,0.9998,0.9998,0.9998,0.9997,0.9998,0.9998,0.9998,0.9998,0.9998,0.9997,0.9996,0.9998,0.9998,0.9998,0.9998,0.9998,0.9998,0.9998,0.9997,0.9997,0.9998,0.9999,0.9998,0.9999,0.1622,0.1872,0.1898,0.1763,0.1969,0.3996,0.1677,0.1781,0.1623,0.1490,0.1997,0.1315,0.1870,0.1542,0.1730,0.1542,0.1970,0.1985,0.1753,0.1642,0.1937,0.1970,0.1982,0.1980,0.1844,0.1987,0.1970,0.1490,0.1759,0.1861,0.1491,0.1286,0.1623,0.2044,0.1993,0.1763,0.1879,0.1286,0.1709,0.1911,0.1677,0.1626,0.1409,0.1980,0.1412,0.1557,0.1569,0.1581,0.1373,0.1646,IDLE,IDLE,IDLE,IDLE,IDLE,ONJOB,IDLE,IDLE,IDLE,IDLE,IDLE,IDLE,IDLE,IDLE,IDLE,IDLE,IDLE,IDLE,IDLE,IDLE,IDLE,IDLE,IDLE,IDLE,IDLE,IDLE,IDLE,IDLE,IDLE,IDLE,IDLE,IDLE,IDLE,ONJOB,IDLE,IDLE,IDLE,IDLE,IDLE,IDLE,IDLE,IDLE,IDLE,IDLE,IDLE,IDLE,IDLE,IDLE,IDLE,IDLE
120,2024-01-06 00:00:01,0.00,0.00,0,0.0000,0.0000,0.00,0.9998,0.9999,0.9997,0.9997,0.9998,0.9998,0.9998,0.9997,0.9998,0.9998,0.9999,0.9997,0.9998,0.9999,0.9998,0.9999,0.9998,0.9998,0.9998,0.9998,0.9998,0.9998,0.9999,0.9998,0.9998,0.9998,0.9998,0.9998,0.9998,0.9997,0.9998,0.9998,0.9998,0.9998,0.9998,0.9997,0.9996,0.9998,0.9998,0.9998,0.9998,0.9998,0.9998,0.9998,0.9997,0.9997,0.9998,0.9999,0.9998,0.9999,0.1622,0.1872,0.1898,0.1763,0.1969,0.3668,0.1677,0.1781,0.1623,0.1490,0.1997,0.1315,0.1870,0.1542,0.1730,0.1542,0.1970,0.1985,0.1753,0.1642,0.1937,0.1970,0.1982,0.1980,0.1844,0.1987,0.1970,0.1490,0.1759,0.1861,0.1491,0.1286,0.1623,0.1668,0.1993,0.1763,0.1879,0.1286,0.1709,0.1911,0.1677,0.1626,0.1409,0.1980,0.1412,0.1557,0.1569,0.1581,0.1373,0.1646,IDLE,IDLE,IDLE,IDLE,IDLE,IDLE,IDLE,IDLE,IDLE,IDLE,IDLE,IDLE,IDLE,IDLE,IDLE,IDLE,IDLE,IDLE,IDLE,IDLE,IDLE,IDLE,IDLE,IDLE,IDLE,IDLE,IDLE,IDLE,IDLE,IDLE,IDLE,IDLE,IDLE,IDLE,IDLE,IDLE,IDLE,IDLE,IDLE,IDLE,IDLE,IDLE,IDLE,IDLE,IDLE,IDLE,IDLE,IDLE,IDLE,IDLE
121,2024-01-06 01:00:01,0.00,0.00,0,0.0000,0.0000,0.00,0.9998,0.9999,0.9997,0.9997,0.9998,0.9998,0.9998,0.9997,0.9998,0.9998,0.9999,0.9997,0.9998,0.9999,0.9998,0.9999,0.9998,0.9998,0.9998,0.9998,0.9998,0.9998,0.9999,0.9998,0.9998,0.9998,0.9998,0.9998,0.9998,0.9997,0.9998,0.9998,0.9998,0.9998,0.9998,0.9997,0.9996,0.9998,0.9998,0.9998,0.9998,0.9998,0.9998,0.9998,0.9997,0.9997,0.9998,0.9999,0.9998,0.9999,0.1622,0.1872,0.1898,0.1763,0.1969,0.3668,0.1677,0.1781,0.1623,0.1490,0.1997,0.1315,0.1870,0.1542,0.1730,0.1542,0.1970,0.1985,0.1753,0.1642,0.1937,0.1970,0.1982,0.1980,0.1844,0.1987,0.1970,0.1490,0.1759,0.1861,0.1491,0.1286,0.1623,0.1668,0.1993,0.1763,0.1879,0.1286,0.1709,0.1911,0.1677,0.1626,0.1409,0.1980,0.1412,0.1557,0.1569,0.1581,0.1373,0.1646,IDLE,IDLE,IDLE,IDLE,IDLE,TOPICKUP,IDLE,IDLE,IDLE,IDLE,IDLE,IDLE,IDLE,IDLE,IDLE,IDLE,IDLE,IDLE,IDLE,IDLE,IDLE,IDLE,IDLE,IDLE,IDLE,IDLE,IDLE,IDLE,IDLE,IDLE,IDLE,IDLE,IDLE,IDLE,IDLE,IDLE,IDLE,IDLE,IDLE,IDLE,IDLE,IDLE,IDLE,IDLE,IDLE,IDLE,IDLE,IDLE,IDLE,IDLE
122,2024-01-06 02:00:01,0.00,0.00,0,0.0000,0.0000,0.00,0.9998,0.9999,0.9997,0.9997,0.9998,0.9998,0.9998,0.9997,0.9998,0.9998,0.9999,0.9997,0.9998,0.9999,0.9998,0.9999,0.9998,0.9998,0.9998,0.9998,0.9998,0.9998,0.9999,0.9998,0.9998,0.9998,0.9998,0.9998,0.9998,0.9997,0.9998,0.9998,0.9998,0.9998,0.9998,0.9997,0.9996,0.9998,0.9998,0.9998,0.9998,0.9998,0.9998,0.9998,0.9997,0.9997,0.9998,0.9999,0.9998,0.9999,0.1622,0.1872,0.1898,0.1763,0.1969,0.3668,0.1677,0.1781,0.1623,0.1490,0.1997,0.1315,0.1870,0.1542,0.1730,0.1542,0.1970,0.1985,0.1753,0.1642,0.1937,0.1970,0.1982,0.1980,0.1844,0.1987,0.1970,0.1490,0.1759,0.1861,0.1491,0.1286,0.1623,0.1668,0.1993,0.1763,0.1879,0.1286,0.1709,0.1911,0.1677,0.1626,0.1409,0.1980,0.1412,0.1557,0.1569,0.1581,0.1373,0.1646,IDLE,IDLE,IDLE,IDLE,IDLE,TOPICKUP,IDLE,IDLE,IDLE,IDLE,IDLE,IDLE,IDLE,IDLE,IDLE,IDLE,IDLE,IDLE,IDLE,IDLE,IDLE,IDLE,IDLE,IDLE,IDLE,IDLE,IDLE,IDLE,IDLE,IDLE,IDLE,IDLE,IDLE,IDLE,IDLE,IDLE,IDLE,IDLE,IDLE,IDLE,IDLE,IDLE,IDLE,IDLE,IDLE,IDLE,IDLE,IDLE,IDLE,IDLE
123,2024-01-06 03:00:01,0.00,0.00,0,0.0000,0.0000,0.00,0.9998,0.9999,0.9997,0.9997,0.9998,0.9998,0.9998,0.9997,0.9998,0.9998,0.9999,0.9997,0.9998,0.9999,0.9998,0.9999,0.9998,0.9998,0.9998,0.9998,0.9998,0.9998,0.9999,0.9998,0.9998,0.9998,0.9998,0.9998,0.9998,0.9997,0.9998,0.9998,0.9998,0.9998,0.9998,0.9997,0.9996,0.9998,0.9998,0.9998,0.9998,0.9998,0.9998,0.9998,0.9997,0.9997,0.9998,0.9999,0.9998,0.9999,0.1622,0.1872,0.1898,0.1763,0.1969,0.3668,0.1677,0.1781,0.1623,0.1490,0.1997,0.1315,0.1870,0.1542,0.1730,0.1542,0.1970,0.1985,0.1753,0.1642,0.1937,0.1970,0.1982,0.1980,0.1844,0.1987,0.1970,0.1490,0.1759,0.1861,0.1491,0.1286,0.1623,0.1668,0.1993,0.1763,0.1879,0.1286,0.1709,0.1911,0.1677,0.1626,0.1409,0.1980,0.1412,0.1557,0.1569,0.1581,0.1373,0.1646,IDLE,IDLE,IDLE,IDLE,IDLE,TOPICKUP,IDLE,IDLE,IDLE,IDLE,IDLE,IDLE,IDLE,IDLE,IDLE,IDLE,IDLE,IDLE,IDLE,IDLE,IDLE,IDLE,IDLE,IDLE,IDLE,IDLE,IDLE,IDLE,IDLE,IDLE,IDLE,IDLE,IDLE,IDLE,IDLE,IDLE,IDLE,IDLE,IDLE,IDLE,IDLE,IDLE,IDLE,IDLE,IDLE,IDLE,IDLE,IDLE,IDLE,IDLE
124,2024-01-06 04:00:01,0.00,0.00,0,0.0000,0.0000,0.00,0.9998,0.9999,0.9997,0.9997,0.9998,0.9998,0.9998,0.9997,0.9998,0.9998,0.9999,0.9997,0.9998,0.9999,0.9998,0.9999,0.9998,0.9998,0.9998,0.9998,0.9998,0.9998,0.9999,0.9998,0.9998,0.9998,0.9998,0.9998,0.9998,0.9997,0.9998,0.9998,0.9998,0.9998,0.9998,0.9997,0.9996,0.9998,0.9998,0.9998,0.9998,0.9998,0.9998,0.9998,0.9997,0.9997,0.9998,0.9999,0.9998,0.9999,0.1622,0.1872,0.1898,0.1763,0.1969,0.3668,0.1677,0.1781,0.1623,0.1490,0.1997,0.1315,0.1870,0.1542,0.1730,0.1542,0.1970,0.1985,0.1753,0.1642,0.1937,0.1970,0.1982,0.1980,0.1844,0.1987,0.1970,0.1490,0.1759,0.1861,0.1491,0.1286,0.1623,0.1668,0.1993,0.1763,0.1879,0.1286,0.1709,0.1911,0.1677,0.1626,0.1409,0.1980,0.1412,0.1557,0.1569,0.1581,0.1373,0.1646,IDLE,IDLE,IDLE,IDLE,IDLE,TOPICKUP,IDLE,IDLE,IDLE,IDLE,IDLE,IDLE,IDLE,IDLE,IDLE,IDLE,IDLE,IDLE,IDLE,IDLE,IDLE,IDLE,IDLE,IDLE,IDLE,IDLE,IDLE,IDLE,IDLE,IDLE,IDLE,IDLE,IDLE,IDLE,IDLE,IDLE,IDLE,IDLE,IDLE,IDLE,IDLE,IDLE,IDLE,IDLE,IDLE,IDLE,IDLE,IDLE,IDLE,IDLE
125,2024-01-06 05:00:01,0.00,0.00,0,0.0000,0.0000,0.00,0.9998,0.9999,0.9997,0.9997,0.9998,0.9998,0.9998,0.9997,0.9998,0.9998,0.9999,0.9997,0.9998,0.9999,0.9998,0.9999,0.9998,0.9998,0.9998,0.9998,0.9998,0.9998,0.9999,0.9998,0.9998,0.9998,0.9998,0.9998,0.9998,0.9997,0.9998,0.9998,0.9998,0.9998,0.9998,0.9997,0.9996,0.9998,0.9998,0.9998,0.9998,0.9998,0.9998,0.9998,0.9997,0.9997,0.9998,0.9999,0.9998,0.9999,0.1622,0.1872,0.1898,0.1763,0.1969,0.3668,0.1677,0.1781,0.1623,0.1490,0.1997,0.1315,0.1870,0.1542,0.1730,0.1542,0.1970,0.1985,0.1753,0.1642,0.1937,0.1970,0.1982,0.1980,0.1844,0.1987,0.1970,0.1490,0.1759,0.1861,0.1491,0.1286,0.1623,0.1668,0.1993,0.1763,0.1879,0.1286,0.1709,0.1911,0.1677,0.1626,0.1409,0.1980,0.1412,0.1557,0.1569,0.1581,0.1373,0.1646,IDLE,IDLE,IDLE,IDLE,IDLE,TOPICKUP,IDLE,IDLE,IDLE,IDLE,IDLE,IDLE,IDLE,IDLE,IDLE,IDLE,IDLE,IDLE,IDLE,IDLE,IDLE,IDLE,IDLE,IDLE,IDLE,IDLE,IDLE,IDLE,IDLE,IDLE,IDLE,IDLE,IDLE,IDLE,IDLE,IDLE,IDLE,IDLE,IDLE,IDLE,IDLE,IDLE,IDLE,IDLE,IDLE,IDLE,IDLE,IDLE,IDLE,IDLE
126,2024-01-06 06:00:01,0.00,0.00,0,0.0000,0.0000,0.00,0.9998,0.9999,0.9997,0.9997,0.9998,0.9998,0.9998,0.9997,0.9998,0.9998,0.9999,0.9997,0.9998,0.9999,0.9998,0.9999,0.9998,0.9998,0.9998,0.9998,0.9998,0.9998,0.9999,0.9998,0.9998,0.9998,0.9998,0.9998,0.9998,0.9997,0.9998,0.9998,0.9998,0.9998,0.9998,0.9997,0.9996,0.9998,0.9998,0.9998,0.9998,0.9998,0.9998,0.9998,0.9997,0.9997,0.9998,0.9999,0.9998,0.9999,0.1622,0.1872,0.1898,0.1763,0.1969,0.3668,0.1677,0.1781,0.1623,0.1490,0.1997,0.1315,0.1870,0.1542,0.1730,0.1542,0.1970,0.1985,0.1753,0.1642,0.1937,0.1970,0.1982,0.1980,0.1844,0.1987,0.1970,0.1490,0.1759,0.1861,0.1491,0.1286,0.1623,0.1668,0.1993,0.1763,0.1879,0.1286,0.1709,0.1911,0.1677,0.1626,0.1409,0.1980,0.1412,0.1557,0.1569,0.1581,0.1373,0.1646,IDLE,IDLE,IDLE,IDLE,IDLE,TOPICKUP,IDLE,IDLE,IDLE,IDLE,IDLE,IDLE,IDLE,IDLE,IDLE,IDLE,IDLE,IDLE,IDLE,IDLE,IDLE,IDLE,IDLE,IDLE,IDLE,IDLE,IDLE,IDLE,IDLE,IDLE,IDLE,IDLE,IDLE,IDLE,IDLE,IDLE,IDLE,IDLE,IDLE,IDLE,IDLE,IDLE,IDLE,IDLE,IDLE,IDLE,IDLE,IDLE,IDLE,IDLE
127,2024-01-06 07:00:01,0.00,0.00,0,0.0000,0.0000,0.00,0.9998,0.9999,0.9997,0.9997,0.9998,0.9998,0.9998,0.9997,0.9998,0.9998,0.9999,0.9997,0.9998,0.9999,0.9998,0.9999,0.9998,0.9998,0.9998,0.9998,0.9998,0.9998,0.9999,0.9998,0.9998,0.9998,0.9998,0.9998,0.9998,0.9997,0.9998,0.9998,0.9998,0.9998,0.9998,0.9997,0.9996,0.9998,0.9998,0.9998,0.9998,0.9998,0.9998,0.9998,0.9997,0.9997,0.9998,0.9999,0.9998,0.9999,0.1622,0.1872,0.1898,0.1763,0.1969,0.3668,0.1677,0.1781,0.1623,0.1490,0.1997,0.1315,0.1870,0.1542,0.1730,0.1542,0.1970,0.1985,0.1753,0.1642,0.1937,0.1970,0.1982,0.1980,0.1844,0.1987,0.1970,0.1490,0.1759,0.1861,0.1491,0.1286,0.1623,0.1668,0.1993,0.1763,0.1879,0.1286,0.1709,0.1911,0.1677,0.1626,0.1409,0.1980,0.1412,0.1557,0.1569,0.1581,0.1373,0.1646,IDLE,IDLE,IDLE,IDLE,IDLE,TOPICKUP,IDLE,IDLE,IDLE,IDLE,IDLE,IDLE,IDLE,IDLE,IDLE,IDLE,IDLE,IDLE,IDLE,IDLE,IDLE,IDLE,IDLE,IDLE,IDLE,IDLE,IDLE,IDLE,IDLE,IDLE,IDLE,IDLE,IDLE,IDLE,IDLE,IDLE,IDLE,IDLE,IDLE,IDLE,IDLE,IDLE,IDLE,IDLE,IDLE,IDLE,IDLE,IDLE,IDLE,IDLE
128,2024-01-06 08:00:01,0.00,0.00,0,0.0000,0.0000,0.00,0.9998,0.9999,0.9997,0.9997,0.9998,0.9998,0.9998,0.9997,0.9998,0.9998,0.9999,0.9997,0.9998,0.9999,0.9998,0.9999,0.9998,0.9998,0.9998,0.9998,0.9998,0.9998,0.9999,0.9998,0.9998,0.9998,0.9998,0.9998,0.9998,0.9997,0.9998,0.9998,0.9998,0.9998,0.9998,0.9997,0.9996,0.9998,0.9998,0.9998,0.9998,0.9998,0.9998,0.9998,0.9997,0.9997,0.9998,0.9999,0.9998,0.9999,0.1622,0.1872,0.1898,0.1763,0.1969,0.3668,0.1677,0.1781,0.1623,0.1490,0.1997,0.1315,0.1870,0.1542,0.1730,0.1542,0.1970,0.1985,0.1753,0.1642,0.1937,0.1970,0.1982,0.1980,0.1844,0.1987,0.1970,0.1490,0.1759,0.1861,0.1491,0.1286,0.1623,0.1668,0.1993,0.1763,0.1879,0.1286,0.1709,0.1911,0.1677,0.1626,0.1409,0.1980,0.1412,0.1557,0.1569,0.1581,0.1373,0.1646,IDLE,IDLE,IDLE,IDLE,IDLE,TOPICKUP,IDLE,IDLE,IDLE,IDLE,IDLE,IDLE,IDLE,IDLE,IDLE,IDLE,IDLE,IDLE,IDLE,IDLE,IDLE,IDLE,IDLE,IDLE,IDLE,IDLE,IDLE,IDLE,IDLE,IDLE,IDLE,IDLE,IDLE,IDLE,IDLE,IDLE,IDLE,IDLE,IDLE,IDLE,IDLE,IDLE,IDLE,IDLE,IDLE,IDLE,IDLE,IDLE,IDLE,IDLE
129,2024-01-06 09:00:01,0.00,0.00,0,0.0000,0.0000,0.00,0.9998,0.9999,0.9997,0.9997,0.9998,0.9998,0.9998,0.9997,0.9998,0.9998,0.9999,0.9997,0.9998,0.9999,0.9998,0.9999,0.9998,0.9998,0.9998,0.9998,0.9998,0.9998,0.9999,0.9998,0.9998,0.9998,0.9998,0.9998,0.9998,0.9997,0.9998,0.9998,0.9998,0.9998,0.9998,0.9997,0.9996,0.9998,0.9998,0.9998,0.9998,0.9998,0.9998,0.9998,0.9997,0.9997,0.9998,0.9999,0.9998,0.9999,0.1622,0.1872,0.1898,0.1763,0.1969,0.3668,0.1677,0.1781,0.1623,0.1490,0.1997,0.1315,0.1870,0.1542,0.1730,0.1542,0.1970,0.1985,0.1753,0.1642,0.1937,0.1970,0.1982,0.1980,0.1844,0.1987,0.1970,0.1490,0.1759,0.1861,0.1491,0.1286,0.1623,0.1668,0.1993,0.1763,0.1879,0.1286,0.1709,0.1911,0.1677,0.1626,0.1409,0.1980,0.1412,0.1557,0.1569,0.1581,0.1373,0.1646,IDLE,IDLE,IDLE,IDLE,IDLE,TOPICKUP,IDLE,IDLE,IDLE,IDLE,IDLE,IDLE,IDLE,IDLE,IDLE,IDLE,IDLE,IDLE,IDLE,IDLE,IDLE,IDLE,IDLE,IDLE,IDLE,IDLE,IDLE,IDLE,IDLE,IDLE,IDLE,IDLE,IDLE,IDLE,IDLE,IDLE,IDLE,IDLE,IDLE,IDLE,IDLE,IDLE,IDLE,IDLE,IDLE,IDLE,IDLE,IDLE,IDLE,IDLE
130,2024-01-06 10:00:01,0.00,0.00,0,0.0000,0.0000,0.00,0.9998,0.9999,0.9997,0.9997,0.9998,0.9998,0.9998,0.9997,0.9998,0.9998,0.9999,0.9997,0.9998,0.9999,0.9998,0.9999,0.9998,0.9998,0.9998,0.9998,0.9998,0.9998,0.9999,0.9998,0.9998,0.9998,0.9998,0.9998,0.9998,0.9997,0.9998,0.9998,0.9998,0.9998,0.9998,0.9997,0.9996,0.9998,0.9998,0.9998,0.9998,0.9998,0.9998,0.9998,0.9997,0.9997,0.9998,0.9999,0.9998,0.9999,0.1622,0.1872,0.1898,0.1763,0.1969,0.3668,0.1677,0.1781,0.1623,0.1490,0.1997,0.1315,0.1870,0.1542,0.1730,0.1542,0.1970,0.1985,0.1753,0.1642,0.1937,0.1970,0.1982,0.1980,0.1844,0.1987,0.1970,0.1490,0.1759,0.1861,0.1491,0.1286,0.1623,0.1668,0.1993,0.1763,0.1879,0.1286,0.1709,0.1911,0.1677,0.1626,0.1409,0.1980,0.1412,0.1557,0.1569,0.1581,0.1373,0.1646,IDLE,IDLE,IDLE,IDLE,IDLE,TOPICKUP,IDLE,IDLE,IDLE,IDLE,IDLE,IDLE,IDLE,IDLE,IDLE,IDLE,IDLE,IDLE,IDLE,IDLE,IDLE,IDLE,IDLE,IDLE,IDLE,IDLE,IDLE,IDLE,IDLE,IDLE,IDLE,IDLE,IDLE,IDLE,IDLE,IDLE,IDLE,IDLE,IDLE,IDLE,IDLE,IDLE,IDLE,IDLE,IDLE,IDLE,IDLE,IDLE,IDLE,IDLE
131,2024-01-06 11:00:01,0.00,0.00,0,0.0000,0.0000,0.00,0.9998,0.9999,0.9997,0.9997,0.9998,0.9998,0.9998,0.9997,0.9998,0.9998,0.9999,0.9997,0.9998,0.9999,0.9998,0.9999,0.9998,0.9998,0.9998,0.9998,0.9998,0.9998,0.9999,0.9998,0.9998,0.9998,0.9998,0.9998,0.9998,0.9997,0.9998,0.9998,0.9998,0.9998,0.9998,0.9997,0.9996,0.9998,0.9998,0.9998,0.9998,0.9998,0.9998,0.9998,0.9997,0.9997,0.9998,0.9999,0.9998,0.9999,0.1622,0.1872,0.1898,0.1763,0.1969,0.3668,0.1677,0.1781,0.1623,0.1490,0.1997,0.1315,0.1870,0.1542,0.1730,0.1542,0.1970,0.1985,0.1753,0.1642,0.1937,0.1970,0.1982,0.1980,0.1844,0.1987,0.1970,0.1490,0.1759,0.1861,0.1491,0.1286,0.1623,0.1668,0.1993,0.1763,0.1879,0.1286,0.1709,0.1911,0.1677,0.1626,0.1409,0.1980,0.1412,0.1557,0.1569,0.1581,0.1373,0.1646,IDLE,IDLE,IDLE,IDLE,IDLE,TOPICKUP,IDLE,IDLE,IDLE,IDLE,IDLE,IDLE,IDLE,IDLE,IDLE,IDLE,IDLE,IDLE,IDLE,IDLE,IDLE,IDLE,IDLE,IDLE,IDLE,IDLE,IDLE,IDLE,IDLE,IDLE,IDLE,IDLE,IDLE,IDLE,IDLE,IDLE,IDLE,IDLE,IDLE,IDLE,IDLE,IDLE,IDLE,IDLE,IDLE,IDLE,IDLE,IDLE,IDLE,IDLE
132,2024-01-06 12:00:01,0.00,0.00,0,0.0000,0.0000,0.00,0.9998,0.9999,0.9997,0.9997,0.9998,0.9998,0.9998,0.9997,0.9998,0.9998,0.9999,0.9997,0.9998,0.9999,0.9998,0.9999,0.9998,0.9998,0.9998,0.9998,0.9998,0.9998,0.9999,0.9998,0.9998,0.9998,0.9998,0.9998,0.9998,0.9997,0.9998,0.9998,0.9998,0.9998,0.9998,0.9997,0.9996,0.9998,0.9998,0.9998,0.9998,0.9998,0.9998,0.9998,0.9997,0.9997,0.9998,0.9999,0.9998,0.9999,0.1622,0.1872,0.1898,0.1763,0.1969,0.3668,0.1677,0.1781,0.1623,0.1490,0.1997,0.1315,0.1870,0.1542,0.1730,0.1542,0.1970,0.1985,0.1753,0.1642,0.1937,0.1970,0.1982,0.1980,0.1844,0.1987,0.1970,0.1490,0.1759,0.1861,0.1491,0.1286,0.1623,0.1668,0.1993,0.1763,0.1879,0.1286,0.1709,0.1911,0.1677,0.1626,0.1409,0.1980,0.1412,0.1557,0.1569,0.1581,0.1373,0.1646,IDLE,IDLE,IDLE,IDLE,IDLE,TOPICKUP,IDLE,IDLE,IDLE,IDLE,IDLE,IDLE,IDLE,IDLE,IDLE,IDLE,IDLE,IDLE,IDLE,IDLE,IDLE,IDLE,IDLE,IDLE,IDLE,IDLE,IDLE,IDLE,IDLE,IDLE,IDLE,IDLE,IDLE,IDLE,IDLE,IDLE,IDLE,IDLE,IDLE,IDLE,IDLE,IDLE,IDLE,IDLE,IDLE,IDLE,IDLE,IDLE,IDLE,IDLE
133,2024-01-06 13:00:01,0.00,0.00,0,0.0000,0.0000,0.00,0.9998,0.9999,0.9997,0.9997,0.9998,0.9998,0.9998,0.9997,0.9998,0.9998,0.9999,0.9997,0.9998,0.9999,0.9998,0.9999,0.9998,0.9998,0.9998,0.9998,0.9998,0.9998,0.9999,0.9998,0.9998,0.9998,0.9998,0.9998,0.9998,0.9997,0.9998,0.9998,0.9998,0.9998,0.9998,0.9997,0.9996,0.9998,0.9998,0.9998,0.9998,0.9998,0.9998,0.9998,0.9997,0.9997,0.9998,0.9999,0.9998,0.9999,0.1622,0.1872,0.1898,0.1763,0.1969,0.3668,0.1677,0.1781,0.1623,0.1490,0.1997,0.1315,0.1870,0.1542,0.1730,0.1542,0.1970,0.1985,0.1753,0.1642,0.1937,0.1970,0.1982,0.1980,0.1844,0.1987,0.1970,0.1490,0.1759,0.1861,0.1491,0.1286,0.1623,0.1668,0.1993,0.1763,0.1879,0.1286,0.1709,0.1911,0.1677,0.1626,0.1409,0.1980,0.1412,0.1557,0.1569,0.1581,0.1373,0.1646,IDLE,IDLE,IDLE,IDLE,IDLE,TOPICKUP,IDLE,IDLE,IDLE,IDLE,IDLE,IDLE,IDLE,IDLE,IDLE,IDLE,IDLE,IDLE,IDLE,IDLE,IDLE,IDLE,IDLE,IDLE,IDLE,IDLE,IDLE,IDLE,IDLE,IDLE,IDLE,IDLE,IDLE,IDLE,IDLE,IDLE,IDLE,IDLE,IDLE,IDLE,IDLE,IDLE,IDLE,IDLE,IDLE,IDLE,IDLE,IDLE,IDLE,IDLE
134,2024-01-06 14:00:01,0.00,0.00,0,0.0000,0.0000,0.00,0.9998,0.9999,0.9997,0.9997,0.9998,0.9998,0.9998,0.9997,0.9998,0.9998,0.9999,0.9997,0.9998,0.9999,0.9998,0.9999,0.9998,0.9998,0.9998,0.9998,0.9998,0.9998,0.9999,0.9998,0.9998,0.9998,0.9998,0.9998,0.9998,0.9997,0.9998,0.9998,0.9998,0.9998,0.9998,0.9997,0.9996,0.9998,0.9998,0.9998,0.9998,0.9998,0.9998,0.9998,0.9997,0.9997,0.9998,0.9999,0.9998,0.9999,0.1622,0.1872,0.1898,0.1763,0.1969,0.3668,0.1677,0.1781,0.1623,0.1490,0.1997,0.1315,0.1870,0.1542,0.1730,0.1542,0.1970,0.1985,0.1753,0.1642,0.1937,0.1970,0.1982,0.1980,0.1844,0.1987,0.1970,0.1490,0.1759,0.1861,0.1491,0.1286,0.1623,0.1668,0.1993,0.1763,0.1879,0.1286,0.1709,0.1911,0.1677,0.1626,0.1409,0.1980,0.1412,0.1557,0.1569,0.1581,0.1373,0.1646,IDLE,IDLE,IDLE,IDLE,IDLE,TOPICKUP,IDLE,IDLE,IDLE,IDLE,IDLE,IDLE,IDLE,IDLE,IDLE,IDLE,IDLE,IDLE,IDLE,IDLE,IDLE,IDLE,IDLE,IDLE,IDLE,IDLE,IDLE,IDLE,IDLE,IDLE,IDLE,IDLE,IDLE,IDLE,IDLE,IDLE,IDLE,IDLE,IDLE,IDLE,IDLE,IDLE,IDLE,IDLE,IDLE,IDLE,IDLE,IDLE,IDLE,IDLE
135,2024-01-06 15:00:01,0.00,0.00,0,0.0000,0.0000,0.00,0.9998,0.9999,0.9997,0.9997,0.9998,0.9998,0.9998,0.9997,0.9998,0.9998,0.9999,0.9997,0.9998,0.9999,0.9998,0.9999,0.9998,0.9998,0.9998,0.9998,0.9998,0.9998,0.9999,0.9998,0.9998,0.9998,0.9998,0.9998,0.9998,0.9997,0.9998,0.9998,0.9998,0.9998,0.9998,0.9997,0.9996,0.9998,0.9998,0.9998,0.9998,0.9998,0.9998,0.9998,0.9997,0.9997,0.9998,0.9999,0.9998,0.9999,0.1622,0.1872,0.1898,0.1763,0.1969,0.3668,0.1677,0.1781,0.1623,0.1490,0.1997,0.1315,0.1870,0.1542,0.1730,0.1542,0.1970,0.1985,0.1753,0.1642,0.1937,0.1970,0.1982,0.1980,0.1844,0.1987,0.1970,0.1490,0.1759,0.1861,0.1491,0.1286,0.1623,0.1668,0.1993,0.1763,0.1879,0.1286,0.1709,0.1911,0.1677,0.1626,0.1409,0.1980,0.1412,0.1557,0.1569,0.1581,0.1373,0.1646,IDLE,IDLE,IDLE,IDLE,IDLE,TOPICKUP,IDLE,IDLE,IDLE,IDLE,IDLE,IDLE,IDLE,IDLE,IDLE,IDLE,IDLE,IDLE,IDLE,IDLE,IDLE,IDLE,IDLE,IDLE,IDLE,IDLE,IDLE,IDLE,IDLE,IDLE,IDLE,IDLE,IDLE,IDLE,IDLE,IDLE,IDLE,IDLE,IDLE,IDLE,IDLE,IDLE,IDLE,IDLE,IDLE,IDLE,IDLE,IDLE,IDLE,IDLE
136,2024-01-06 16:00:01,0.00,0.00,0,0.0000,0.0000,0.00,0.9998,0.9999,0.9997,0.9997,0.9998,0.9998,0.9998,0.9997,0.9998,0.9998,0.9999,0.9997,0.9998,0.9999,0.9998,0.9999,0.9998,0.9998,0.9998,0.9998,0.9998,0.9998,0.9999,0.9998,0.9998,0.9998,0.9998,0.9998,0.9998,0.9997,0.9998,0.9998,0.9998,0.9998,0.9998,0.9997,0.9996,0.9998,0.9998,0.9998,0.9998,0.9998,0.9998,0.9998,0.9997,0.9997,0.9998,0.9999,0.9998,0.9999,0.1622,0.1872,0.1898,0.1763,0.1969,0.3668,0.1677,0.1781,0.1623,0.1490,0.1997,0.1315,0.1870,0.1542,0.1730,0.1542,0.1970,0.1985,0.1753,0.1642,0.1937,0.1970,0.1982,0.1980,0.1844,0.1987,0.1970,0.1490,0.1759,0.1861,0.1491,0.1286,0.1623,0.1668,0.1993,0.1763,0.1879,0.1286,0.1709,0.1911,0.1677,0.1626,0.1409,0.1980,0.1412,0.1557,0.1569,0.1581,0.1373,0.1646,IDLE,IDLE,IDLE,IDLE,IDLE,TOPICKUP,IDLE,IDLE,IDLE,IDLE,IDLE,IDLE,IDLE,IDLE,IDLE,IDLE,IDLE,IDLE,IDLE,IDLE,IDLE,IDLE,IDLE,IDLE,IDLE,IDLE,IDLE,IDLE,IDLE,IDLE,IDLE,IDLE,IDLE,IDLE,IDLE,IDLE,IDLE,IDLE,IDLE,IDLE,IDLE,IDLE,IDLE,IDLE,IDLE,IDLE,IDLE,IDLE,IDLE,IDLE
137,2024-01-06 17:00:01,0.00,0.00,0,0.0000,0.0000,0.00,0.9998,0.9999,0.9997,0.9997,0.9998,0.9998,0.9998,0.9997,0.9998,0.9998,0.9999,0.9997,0.9998,0.9999,0.9998,0.9999,0.9998,0.9998,0.9998,0.9998,0.9998,0.9998,0.9999,0.9998,0.9998,0.9998,0.9998,0.9998,0.9998,0.9997,0.9998,0.9998,0.9998,0.9998,0.9998,0.9997,0.9996,0.9998,0.9998,0.9998,0.9998,0.9998,0.9998,0.9998,0.9997,0.9997,0.9998,0.9999,0.9998,0.9999,0.1622,0.1872,0.1898,0.1763,0.1969,0.3668,0.1677,0.1781,0.1623,0.1490,0.1997,0.1315,0.1870,0.1542,0.1730,0.1542,0.1970,0.1985,0.1753,0.1642,0.1937,0.1970,0.1982,0.1980,0.1844,0.1987,0.1970,0.1490,0.1759,0.1861,0.1491,0.1286,0.1623,0.1668,0.1993,0.1763,0.1879,0.1286,0.1709,0.1911,0.1677,0.1626,0.1409,0.1980,0.1412,0.1557,0.1569,0.1581,0.1373,0.1646,IDLE,IDLE,IDLE,IDLE,IDLE,TOPICKUP,IDLE,IDLE,IDLE,IDLE,IDLE,IDLE,IDLE,IDLE,IDLE,IDLE,IDLE,IDLE,IDLE,IDLE,IDLE,IDLE,IDLE,IDLE,IDLE,IDLE,IDLE,IDLE,IDLE,IDLE,IDLE,IDLE,IDLE,IDLE,IDLE,IDLE,IDLE,IDLE,IDLE,IDLE,IDLE,IDLE,IDLE,IDLE,IDLE,IDLE,IDLE,IDLE,IDLE,IDLE
138,2024-01-06 18:00:01,0.00,0.00,0,0.0000,0.0000,0.00,0.9998,0.9999,0.9997,0.9997,0.9998,0.9998,0.9998,0.9997,0.9998,0.9998,0.9999,0.9997,0.9998,0.9999,0.9998,0.9999,0.9998,0.9998,0.9998,0.9998,0.9998,0.9998,0.9999,0.9998,0.9998,0.9998,0.9998,0.9998,0.9998,0.9997,0.9998,0.9998,0.9998,0.9998,0.9998,0.9997,0.9996,0.9998,0.9998,0.9998,0.9998,0.9998,0.9998,0.9998,0.9997,0.9997,0.9998,0.9999,0.9998,0.9999,0.1622,0.1872,0.1898,0.1763,0.1969,0.3668,0.1677,0.1781,0.1623,0.1490,0.1997,0.1315,0.1870,0.1542,0.1730,0.1542,0.1970,0.1985,0.1753,0.1642,0.1937,0.1970,0.1982,0.1980,0.1844,0.1987,0.1970,0.1490,0.1759,0.1861,0.1491,0.1286,0.1623,0.1668,0.1993,0.1763,0.1879,0.1286,0.1709,0.1911,0.1677,0.1626,0.1409,0.1980,0.1412,0.1557,0.1569,0.1581,0.1373,0.1646,IDLE,IDLE,IDLE,IDLE,IDLE,TOPICKUP,IDLE,IDLE,IDLE,IDLE,IDLE,IDLE,IDLE,IDLE,IDLE,IDLE,IDLE,IDLE,IDLE,IDLE,IDLE,IDLE,IDLE,IDLE,IDLE,IDLE,IDLE,IDLE,IDLE,IDLE,IDLE,IDLE,IDLE,IDLE,IDLE,IDLE,IDLE,IDLE,IDLE,IDLE,IDLE,IDLE,IDLE,IDLE,IDLE,IDLE,IDLE,IDLE,IDLE,IDLE
139,2024-01-06 19:00:01,0.00,0.00,0,0.0000,0.0000,0.00,0.9998,0.9999,0.9997,0.9997,0.9998,0.9998,0.9998,0.9997,0.9998,0.9998,0.9999,0.9997,0.9998,0.9999,0.9998,0.9999,0.9998,0.9998,0.9998,0.9998,0.9998,0.9998,0.9999,0.9998,0.9998,0.9998,0.9998,0.9998,0.9998,0.9997,0.9998,0.9998,0.9998,0.9998,0.9998,0.9997,0.9996,0.9998,0.9998,0.9998,0.9998,0.9998,0.9998,0.9998,0.9997,0.9997,0.9998,0.9999,0.9998,0.9999,0.1622,0.1872,0.1898,0.1763,0.1969,0.3668,0.1677,0.1781,0.1623,0.1490,0.1997,0.1315,0.1870,0.1542,0.1730,0.1542,0.1970,0.1985,0.1753,0.1642,0.1937,0.1970,0.1982,0.1980,0.1844,0.1987,0.1970,0.1490,0.1759,0.1861,0.1491,0.1286,0.1623,0.1668,0.1993,0.1763,0.1879,0.1286,0.1709,0.1911,0.1677,0.1626,0.1409,0.1980,0.1412,0.1557,0.1569,0.1581,0.1373,0.1646,IDLE,IDLE,IDLE,IDLE,IDLE,TOPICKUP,IDLE,IDLE,IDLE,IDLE,IDLE,IDLE,IDLE,IDLE,IDLE,IDLE,IDLE,IDLE,IDLE,IDLE,IDLE,IDLE,IDLE,IDLE,IDLE,IDLE,IDLE,IDLE,IDLE,IDLE,IDLE,IDLE,IDLE,IDLE,IDLE,IDLE,IDLE,IDLE,IDLE,IDLE,IDLE,IDLE,IDLE,IDLE,IDLE,IDLE,IDLE,IDLE,IDLE,IDLE
140,2024-01-06 20:00:01,0.00,0.00,0,0.0000,0.0000,0.00,0.9998,0.9999,0.9997,0.9997,0.9998,0.9998,0.9998,0.9997,0.9998,0.9998,0.9999,0.9997,0.9998,0.9999,0.9998,0.9999,0.9998,0.9998,0.9998,0.9998,0.9998,0.9998,0.9999,0.9998,0.9998,0.9998,0.9998,0.9998,0.9998,0.9997,0.9998,0.9998,0.9998,0.9998,0.9998,0.9997,0.9996,0.9998,0.9998,0.9998,0.9998,0.9998,0.9998,0.9998,0.9997,0.9997,0.9998,0.9999,0.9998,0.9999,0.1622,0.1872,0.1898,0.1763,0.1969,0.3668,0.1677,0.1781,0.1623,0.1490,0.1997,0.1315,0.1870,0.1542,0.1730,0.1542,0.1970,0.1985,0.1753,0.1642,0.1937,0.1970,0.1982,0.1980,0.1844,0.1987,0.1970,0.1490,0.1759,0.1861,0.1491,0.1286,0.1623,0.1668,0.1993,0.1763,0.1879,0.1286,0.1709,0.1911,0.1677,0.1626,0.1409,0.1980,0.1412,0.1557,0.1569,0.1581,0.1373,0.1646,IDLE,IDLE,IDLE,IDLE,IDLE,TOPICKUP,IDLE,IDLE,IDLE,IDLE,IDLE,IDLE,IDLE,IDLE,IDLE,IDLE,IDLE,IDLE,IDLE,IDLE,IDLE,IDLE,IDLE,IDLE,IDLE,IDLE,IDLE,IDLE,IDLE,IDLE,IDLE,IDLE,IDLE,IDLE,IDLE,IDLE,IDLE,IDLE,IDLE,IDLE,IDLE,IDLE,IDLE,IDLE,IDLE,IDLE,IDLE,IDLE,IDLE,IDLE
141,2024-01-06 21:00:01,0.00,0.00,0,0.0000,0.0000,0.00,0.9998,0.9999,0.9997,0.9997,0.9998,0.9998,0.9998,0.9997,0.9998,0.9998,0.9999,0.9997,0.9998,0.9999,0.9998,0.9999,0.9998,0.9998,0.9998,0.9998,0.9998,0.9998,0.9999,0.9998,0.9998,0.9998,0.9998,0.9998,0.9998,0.9997,0.9998,0.9998,0.9998,0.9998,0.9998,0.9997,0.9996,0.9998,0.9998,0.9998,0.9998,0.9998,0.9998,0.9998,0.9997,0.9997,0.9998,0.9999,0.9998,0.9999,0.1622,0.1872,0.1898,0.1763,0.1969,0.3668,0.1677,0.1781,0.1623,0.1490,0.1997,0.1315,0.1870,0.1542,0.1730,0.1542,0.1970,0.1985,0.1753,0.1642,0.1937,0.1970,0.1982,0.1980,0.1844,0.1987,0.1970,0.1490,0.1759,0.1861,0.1491,0.1286,0.1623,0.1668,0.1993,0.1763,0.1879,0.1286,0.1709,0.1911,0.1677,0.1626,0.1409,0.1980,0.1412,0.1557,0.1569,0.1581,0.1373,0.1646,IDLE,IDLE,IDLE,IDLE,IDLE,TOPICKUP,IDLE,IDLE,IDLE,IDLE,IDLE,IDLE,IDLE,IDLE,IDLE,IDLE,IDLE,IDLE,IDLE,IDLE,IDLE,IDLE,IDLE,IDLE,IDLE,IDLE,IDLE,IDLE,IDLE,IDLE,IDLE,IDLE,IDLE,IDLE,IDLE,IDLE,IDLE,IDLE,IDLE,IDLE,IDLE,IDLE,IDLE,IDLE,IDLE,IDLE,IDLE,IDLE,IDLE,IDLE
142,2024-01-06 22:00:01,0.00,0.00,0,0.0000,0.0000,0.00,0.9998,0.9999,0.9997,0.9997,0.9998,0.9998,0.9998,0.9997,0.9998,0.9998,0.9999,0.9997,0.9998,0.9999,0.9998,0.9999,0.9998,0.9998,0.9998,0.9998,0.9998,0.9998,0.9999,0.9998,0.9998,0.9998,0.9998,0.9998,0.9998,0.9997,0.9998,0.9998,0.9998,0.9998,0.9998,0.9997,0.9996,0.9998,0.9998,0.9998,0.9998,0.9998,0.9998,0.9998,0.9997,0.9997,0.9998,0.9999,0.9998,0.9999,0.1622,0.1872,0.1898,0.1763,0.1969,0.3668,0.1677,0.1781,0.1623,0.1490,0.1997,0.1315,0.1870,0.1542,0.1730,0.1542,0.1970,0.1985,0.1753,0.1642,0.1937,0.1970,0.1982,0.1980,0.1844,0.1987,0.1970,0.1490,0.1759,0.1861,0.1491,0.1286,0.1623,0.1668,0.1993,0.1763,0.1879,0.1286,0.1709,0.1911,0.1677,0.1626,0.1409,0.1980,0.1412,0.1557,0.1569,0.1581,0.1373,0.1646,IDLE,IDLE,IDLE,IDLE,IDLE,TOPICKUP,IDLE,IDLE,IDLE,IDLE,IDLE,IDLE,IDLE,IDLE,IDLE,IDLE,IDLE,IDLE,IDLE,IDLE,IDLE,IDLE,IDLE,IDLE,IDLE,IDLE,IDLE,IDLE,IDLE,IDLE,IDLE,IDLE,IDLE,IDLE,IDLE,IDLE,IDLE,IDLE,IDLE,IDLE,IDLE,IDLE,IDLE,IDLE,IDLE,IDLE,IDLE,IDLE,IDLE,IDLE
143,2024-01-06 23:00:01,0.00,0.00,0,0.0000,0.0000,0.00,0.9998,0.9999,0.9997,0.9997,0.9998,0.9998,0.9998,0.9997,0.9998,0.9998,0.9999,0.9997,0.9998,0.9999,0.9998,0.9999,0.9998,0.9998,0.9998,0.9998,0.9998,0.9998,0.9999,0.9998,0.9998,0.9998,0.9998,0.9998,0.9998,0.9997,0.9998,0.9998,0.9998,0.9998,0.9998,0.9997,0.9996,0.9998,0.9998,0.9998,0.9998,0.9998,0.9998,0.9998,0.9997,0.9997,0.9998,0.9999,0.9998,0.9999,0.1622,0.1872,0.1898,0.1763,0.1969,0.3668,0.1677,0.1781,0.1623,0.1490,0.1997,0.1315,0.1870,0.1542,0.1730,0.1542,0.1970,0.1985,0.1753,0.1642,0.1937,0.1970,0.1982,0.1980,0.1844,0.1987,0.1970,0.1490,0.1759,0.1861,0.1491,0.1286,0.1623,0.1668,0.1993,0.1763,0.1879,0.1286,0.1709,0.1911,0.1677,0.1626,0.1409,0.1980,0.1412,0.1557,0.1569,0.1581,0.1373,0.1646,IDLE,IDLE,IDLE,IDLE,IDLE,TOPICKUP,IDLE,IDLE,IDLE,IDLE,IDLE,IDLE,IDLE,IDLE,IDLE,IDLE,IDLE,IDLE,IDLE,IDLE,IDLE,IDLE,IDLE,IDLE,IDLE,IDLE,IDLE,IDLE,IDLE,IDLE,IDLE,IDLE,IDLE,IDLE,IDLE,IDLE,IDLE,IDLE,IDLE,IDLE,IDLE,IDLE,IDLE,IDLE,IDLE,IDLE,IDLE,IDLE,IDLE,IDLE
144,2024-01-07 00:00:01,0.00,0.00,0,0.0000,0.0000,0.00,0.9998,0.9999,0.9997,0.9997,0.9998,0.9998,0.9998,0.9997,0.9998,0.9998,0.9999,0.9997,0.9998,0.9999,0.9998,0.9999,0.9998,0.9998,0.9998,0.9998,0.9998,0.9998,0.9999,0.9998,0.9998,0.9998,0.9998,0.9998,0.9998,0.9997,0.9998,0.9998,0.9998,0.9998,0.9998,0.9997,0.9996,0.9998,0.9998,0.9998,0.9998,0.9998,0.9998,0.9998,0.9997,0.9997,0.9998,0.9999,0.9998,0.9999,0.1622,0.1872,0.1898,0.1763,0.1969,0.3668,0.1677,0.1781,0.1623,0.1490,0.1997,0.1315,0.1870,0.1542,0.1730,0.1542,0.1970,0.1985,0.1753,0.1642,0.1937,0.1970,0.1982,0.1980,0.1844,0.1987,0.1970,0.1490,0.1759,0.1861,0.1491,0.1286,0.1623,0.1668,0.1993,0.1763,0.1879,0.1286,0.1709,0.1911,0.1677,0.1626,0.1409,0.1980,0.1412,0.1557,0.1569,0.1581,0.1373,0.1646,IDLE,IDLE,IDLE,IDLE,IDLE,TOPICKUP,IDLE,IDLE,IDLE,IDLE,IDLE,IDLE,IDLE,IDLE,IDLE,IDLE,IDLE,IDLE,IDLE,IDLE,IDLE,IDLE,IDLE,IDLE,IDLE,IDLE,IDLE,IDLE,IDLE,IDLE,IDLE,IDLE,IDLE,IDLE,IDLE,IDLE,IDLE,IDLE,IDLE,IDLE,IDLE,IDLE,IDLE,IDLE,IDLE,IDLE,IDLE,IDLE,IDLE,IDLE
145,2024-01-07 01:00:01,0.00,0.00,0,0.0000,0.0000,0.00,0.9998,0.9999,0.9997,0.9997,0.9998,0.9998,0.9998,0.9997,0.9998,0.9998,0.9999,0.9997,0.9998,0.9999,0.9998,0.9999,0.9998,0.9998,0.9998,0.9998,0.9998,0.9998,0.9999,0.9998,0.9998,0.9998,0.9998,0.9998,0.9998,0.9997,0.9998,0.9998,0.9998,0.9998,0.9998,0.9997,0.9996,0.9998,0.9998,0.9998,0.9998,0.9998,0.9998,0.9998,0.9997,0.9997,0.9998,0.9999,0.9998,0.9999,0.1622,0.1872,0.1898,0.1763,0.1969,0.3668,0.1677,0.1781,0.1623,0.1490,0.1997,0.1315,0.1870,0.1542,0.1730,0.1542,0.1970,0.1985,0.1753,0.1642,0.1937,0.1970,0.1982,0.1980,0.1844,0.1987,0.1970,0.1490,0.1759,0.1861,0.1491,0.1286,0.1623,0.1668,0.1993,0.1763,0.1879,0.1286,0.1709,0.1911,0.1677,0.1626,0.1409,0.1980,0.1412,0.1557,0.1569,0.1581,0.1373,0.1646,IDLE,IDLE,IDLE,IDLE,IDLE,TOPICKUP,IDLE,IDLE,IDLE,IDLE,IDLE,IDLE,IDLE,IDLE,IDLE,IDLE,IDLE,IDLE,IDLE,IDLE,IDLE,IDLE,IDLE,IDLE,IDLE,IDLE,IDLE,IDLE,IDLE,IDLE,IDLE,IDLE,IDLE,IDLE,IDLE,IDLE,IDLE,IDLE,IDLE,IDLE,IDLE,IDLE,IDLE,IDLE,IDLE,IDLE,IDLE,IDLE,IDLE,IDLE
146,2024-01-07 02:00:01,0.00,0.00,0,0.0000,0.0000,0.00,0.9998,0.9999,0.9997,0.9997,0.9998,0.9998,0.9998,0.9997,0.9998,0.9998,0.9999,0.9997,0.9998,0.9999,0.9998,0.9999,0.9998,0.9998,0.9998,0.9998,0.9998,0.9998,0.9999,0.9998,0.9998,0.9998,0.9998,0.9998,0.9998,0.9997,0.9998,0.9998,0.9998,0.9998,0.9998,0.9997,0.9996,0.9998,0.9998,0.9998,0.9998,0.9998,0.9998,0.9998,0.9997,0.9997,0.9998,0.9999,0.9998,0.9999,0.1622,0.1872,0.1898,0.1763,0.1969,0.3668,0.1677,0.1781,0.1623,0.1490,0.1997,0.1315,0.1870,0.1542,0.1730,0.1542,0.1970,0.1985,0.1753,0.1642,0.1937,0.1970,0.1982,0.1980,0.1844,0.1987,0.1970,0.1490,0.1759,0.1861,0.1491,0.1286,0.1623,0.1668,0.1993,0.1763,0.1879,0.1286,0.1709,0.1911,0.1677,0.1626,0.1409,0.1980,0.1412,0.1557,0.1569,0.1581,0.1373,0.1646,IDLE,IDLE,IDLE,IDLE,IDLE,TOPICKUP,IDLE,IDLE,IDLE,IDLE,IDLE,IDLE,IDLE,IDLE,IDLE,IDLE,IDLE,IDLE,IDLE,IDLE,IDLE,IDLE,IDLE,IDLE,IDLE,IDLE,IDLE,IDLE,IDLE,IDLE,IDLE,IDLE,IDLE,IDLE,IDLE,IDLE,IDLE,IDLE,IDLE,IDLE,IDLE,IDLE,IDLE,IDLE,IDLE,IDLE,IDLE,IDLE,IDLE,IDLE
147,2024-01-07 03:00:01,0.00,0.00,0,0.0000,0.0000,0.00,0.9998,0.9999,0.9997,0.9997,0.9998,0.9998,0.9998,0.9997,0.9998,0.9998,0.9999,0.9997,0.9998,0.9999,0.9998,0.9999,0.9998,0.9998,0.9998,0.9998,0.9998,0.9998,0.9999,0.9998,0.9998,0.9998,0.9998,0.9998,0.9998,0.9997,0.9998,0.9998,0.9998,0.9998,0.9998,0.9997,0.9996,0.9998,0.9998,0.9998,0.9998,0.9998,0.9998,0.9998,0.9997,0.9997,0.9998,0.9999,0.9998,0.9999,0.1622,0.1872,0.1898,0.1763,0.1969,0.3668,0.1677,0.1781,0.1623,0.1490,0.1997,0.1315,0.1870,0.1542,0.1730,0.1542,0.1970,0.1985,0.1753,0.1642,0.1937,0.1970,0.1982,0.1980,0.1844,0.1987,0.1970,0.1490,0.1759,0.1861,0.1491,0.1286,0.1623,0.1668,0.1993,0.1763,0.1879,0.1286,0.1709,0.1911,0.1677,0.1626,0.1409,0.1980,0.1412,0.1557,0.1569,0.1581,0.1373,0.1646,IDLE,IDLE,IDLE,IDLE,IDLE,TOPICKUP,IDLE,IDLE,IDLE,IDLE,IDLE,IDLE,IDLE,IDLE,IDLE,IDLE,IDLE,IDLE,IDLE,IDLE,IDLE,IDLE,IDLE,IDLE,IDLE,IDLE,IDLE,IDLE,IDLE,IDLE,IDLE,IDLE,IDLE,IDLE,IDLE,IDLE,IDLE,IDLE,IDLE,IDLE,IDLE,IDLE,IDLE,IDLE,IDLE,IDLE,IDLE,IDLE,IDLE,IDLE
148,2024-01-07 04:00:01,0.00,0.00,0,0.0000,0.0000,0.00,0.9998,0.9999,0.9997,0.9997,0.9998,0.9998,0.9998,0.9997,0.9998,0.9998,0.9999,0.9997,0.9998,0.9999,0.9998,0.9999,0.9998,0.9998,0.9998,0.9998,0.9998,0.9998,0.9999,0.9998,0.9998,0.9998,0.9998,0.9998,0.9998,0.9997,0.9998,0.9998,0.9998,0.9998,0.9998,0.9997,0.9996,0.9998,0.9998,0.9998,0.9998,0.9998,0.9998,0.9998,0.9997,0.9997,0.9998,0.9999,0.9998,0.9999,0.1622,0.1872,0.1898,0.1763,0.1969,0.3668,0.1677,0.1781,0.1623,0.1490,0.1997,0.1315,0.1870,0.1542,0.1730,0.1542,0.1970,0.1985,0.1753,0.1642,0.1937,0.1970,0.1982,0.1980,0.1844,0.1987,0.1970,0.1490,0.1759,0.1861,0.1491,0.1286,0.1623,0.1668,0.1993,0.1763,0.1879,0.1286,0.1709,0.1911,0.1677,0.1626,0.1409,0.1980,0.1412,0.1557,0.1569,0.1581,0.1373,0.1646,IDLE,IDLE,IDLE,IDLE,IDLE,TOPICKUP,IDLE,IDLE,IDLE,IDLE,IDLE,IDLE,IDLE,IDLE,IDLE,IDLE,IDLE,IDLE,IDLE,IDLE,IDLE,IDLE,IDLE,IDLE,IDLE,IDLE,IDLE,IDLE,IDLE,IDLE,IDLE,IDLE,IDLE,IDLE,IDLE,IDLE,IDLE,IDLE,IDLE,IDLE,IDLE,IDLE,IDLE,IDLE,IDLE,IDLE,IDLE,IDLE,IDLE,IDLE
149,2024-01-07 05:00:01,0.00,0.00,0,0.0000,0.0000,0.00,0.9998,0.9999,0.9997,0.9997,0.9998,0.9998,0.9998,0.9997,0.9998,0.9998,0.9999,0.9997,0.9998,0.9999,0.9998,0.9999,0.9998,0.9998,0.9998,0.9998,0.9998,0.9998,0.9999,0.9998,0.9998,0.9998,0.9998,0.9998,0.9998,0.9997,0.9998,0.9998,0.9998,0.9998,0.9998,0.9997,0.9996,0.9998,0.9998,0.9998,0.9998,0.9998,0.9998,0.9998,0.9997,0.9997,0.9998,0.9999,0.9998,0.9999,0.1622,0.1872,0.1898,0.1763,0.1969,0.3668,0.1677,0.1781,0.1623,0.1490,0.1997,0.1315,0.1870,0.1542,0.1730,0.1542,0.1970,0.1985,0.1753,0.1642,0.1937,0.1970,0.1982,0.1980,0.1844,0.1987,0.1970,0.1490,0.1759,0.1861,0.1491,0.1286,0.1623,0.1668,0.1993,0.1763,0.1879,0.1286,0.1709,0.1911,0.1677,0.1626,0.1409,0.1980,0.1412,0.1557,0.1569,0.1581,0.1373,0.1646,IDLE,IDLE,IDLE,IDLE,IDLE,TOPICKUP,IDLE,IDLE,IDLE,IDLE,IDLE,IDLE,IDLE,IDLE,IDLE,IDLE,IDLE,IDLE,IDLE,IDLE,IDLE,IDLE,IDLE,IDLE,IDLE,IDLE,IDLE,IDLE,IDLE,IDLE,IDLE,IDLE,IDLE,IDLE,IDLE,IDLE,IDLE,IDLE,IDLE,IDLE,IDLE,IDLE,IDLE,IDLE,IDLE,IDLE,IDLE,IDLE,IDLE,IDLE
150,2024-01-07 06:00:01,0.00,0.00,0,0.0000,0.0000,0.00,0.9998,0.9999,0.9997,0.9997,0.9998,0.9998,0.9998,0.9997,0.9998,0.9998,0.9999,0.9997,0.9998,0.9999,0.9998,0.9999,0.9998,0.9998,0.9998,0.9998,0.9998,0.9998,0.9999,0.9998,0.9998,0.9998,0.9998,0.9998,0.9998,0.9997,0.9998,0.9998,0.9998,0.9998,0.9998,0.9997,0.9996,0.9998,0.9998,0.9998,0.9998,0.9998,0.9998,0.9998,0.9997,0.9997,0.9998,0.9999,0.9998,0.9999,0.1622,0.1872,0.1898,0.1763,0.1969,0.3668,0.1677,0.1781,0.1623,0.1490,0.1997,0.1315,0.1870,0.1542,0.1730,0.1542,0.1970,0.1985,0.1753,0.1642,0.1937,0.1970,0.1982,0.1980,0.1844,0.1987,0.1970,0.1490,0.1759,0.1861,0.1491,0.1286,0.1623,0.1668,0.1993,0.1763,0.1879,0.1286,0.1709,0.1911,0.1677,0.1626,0.1409,0.1980,0.1412,0.1557,0.1569,0.1581,0.1373,0.1646,IDLE,IDLE,IDLE,IDLE,IDLE,TOPICKUP,IDLE,IDLE,IDLE,IDLE,IDLE,IDLE,IDLE,IDLE,IDLE,IDLE,IDLE,IDLE,IDLE,IDLE,IDLE,IDLE,IDLE,IDLE,IDLE,IDLE,IDLE,IDLE,IDLE,IDLE,IDLE,IDLE,IDLE,IDLE,IDLE,IDLE,IDLE,IDLE,IDLE,IDLE,IDLE,IDLE,IDLE,IDLE,IDLE,IDLE,IDLE,IDLE,IDLE,IDLE
151,2024-01-07 07:00:01,0.00,0.00,0,0.0000,0.0000,0.00,0.9998,0.9999,0.9997,0.9997,0.9998,0.9998,0.9998,0.9997,0.9998,0.9998,0.9999,0.9997,0.9998,0.9999,0.9998,0.9999,0.9998,0.9998,0.9998,0.9998,0.9998,0.9998,0.9999,0.9998,0.9998,0.9998,0.9998,0.9998,0.9998,0.9997,0.9998,0.9998,0.9998,0.9998,0.9998,0.9997,0.9996,0.9998,0.9998,0.9998,0.9998,0.9998,0.9998,0.9998,0.9997,0.9997,0.9998,0.9999,0.9998,0.9999,0.1622,0.1872,0.1898,0.1763,0.1969,0.3668,0.1677,0.1781,0.1623,0.1490,0.1997,0.1315,0.1870,0.1542,0.1730,0.1542,0.1970,0.1985,0.1753,0.1642,0.1937,0.1970,0.1982,0.1980,0.1844,0.1987,0.1970,0.1490,0.1759,0.1861,0.1491,0.1286,0.1623,0.1668,0.1993,0.1763,0.1879,0.1286,0.1709,0.1911,0.1677,0.1626,0.1409,0.1980,0.1412,0.1557,0.1569,0.1581,0.1373,0.1646,IDLE,IDLE,IDLE,IDLE,IDLE,TOPICKUP,IDLE,IDLE,IDLE,IDLE,IDLE,IDLE,IDLE,IDLE,IDLE,IDLE,IDLE,IDLE,IDLE,IDLE,IDLE,IDLE,IDLE,IDLE,IDLE,IDLE,IDLE,IDLE,IDLE,IDLE,IDLE,IDLE,IDLE,IDLE,IDLE,IDLE,IDLE,IDLE,IDLE,IDLE,IDLE,IDLE,IDLE,IDLE,IDLE,IDLE,IDLE,IDLE,IDLE,IDLE
152,2024-01-07 08:00:01,0.00,0.00,0,0.0000,0.0000,21.75,0.9998,0.9999,0.9997,0.9997,0.9998,0.9998,0.9998,0.9997,0.9998,0.9998,0.9999,0.9997,0.9998,0.9999,0.9998,0.9999,0.9998,0.9998,0.9998,0.9998,0.9998,0.9998,0.9999,0.9998,0.9998,0.9998,0.9998,0.9998,0.9998,0.9997,0.9998,0.9998,0.9998,0.9998,0.9998,0.9997,0.9996,0.9998,0.9998,0.9998,0.9998,0.9998,0.9998,0.9998,0.9997,0.9997,0.9998,0.9999,0.9998,0.9999,0.1622,0.1872,0.1898,0.1763,0.1969,0.3567,0.1677,0.1781,0.1623,0.1490,0.1997,0.1315,0.1870,0.1542,0.1730,0.1542,0.1970,0.1985,0.1753,0.1642,0.1937,0.1970,0.1982,0.1980,0.1844,0.1987,0.1970,0.1490,0.1759,0.1861,0.1491,0.1286,0.1623,0.1668,0.1993,0.1763,0.1879,0.1286,0.1709,0.1911,0.1677,0.1626,0.1409,0.1980,0.1412,0.1557,0.1569,0.1581,0.1373,0.1646,IDLE,IDLE,IDLE,IDLE,IDLE,ONJOB,IDLE,IDLE,IDLE,IDLE,IDLE,IDLE,IDLE,IDLE,IDLE,IDLE,IDLE,IDLE,IDLE,IDLE,IDLE,IDLE,IDLE,IDLE,IDLE,IDLE,IDLE,IDLE,IDLE,IDLE,IDLE,IDLE,IDLE,IDLE,IDLE,IDLE,IDLE,IDLE,IDLE,IDLE,IDLE,IDLE,IDLE,IDLE,IDLE,IDLE,IDLE,IDLE,IDLE,IDLE
153,2024-01-07 09:00:01,0.00,0.00,0,0.0000,0.0000,0.00,0.9998,0.9999,0.9997,0.9997,0.9998,0.9998,0.9998,0.9997,0.9998,0.9998,0.9999,0.9997,0.9998,0.9999,0.9998,0.9999,0.9998,0.9998,0.9998,0.9998,0.9998,0.9998,0.9999,0.9998,0.9998,0.9998,0.9998,0.9998,0.9998,0.9997,0.9998,0.9998,0.9998,0.9998,0.9998,0.9997,0.9996,0.9998,0.9998,0.9998,0.9998,0.9998,0.9998,0.9998,0.9997,0.9997,0.9998,0.9999,0.9998,0.9999,0.1622,0.1872,0.1898,0.1763,0.1969,0.2776,0.1677,0.1781,0.1623,0.1490,0.1997,0.1315,0.1870,0.1542,0.1730,0.1542,0.1970,0.1985,0.1753,0.1642,0.1937,0.1970,0.1982,0.1980,0.1844,0.1987,0.1970,0.1490,0.1759,0.1861,0.1491,0.1286,0.1623,0.1668,0.1993,0.1763,0.1879,0.1286,0.1709,0.1911,0.1677,0.1626,0.1409,0.1980,0.1412,0.1557,0.1569,0.1581,0.1373,0.1646,IDLE,IDLE,IDLE,IDLE,IDLE,IDLE,IDLE,IDLE,IDLE,IDLE,IDLE,IDLE,IDLE,IDLE,IDLE,IDLE,IDLE,IDLE,IDLE,IDLE,IDLE,IDLE,IDLE,IDLE,IDLE,IDLE,IDLE,IDLE,IDLE,IDLE,IDLE,IDLE,IDLE,IDLE,IDLE,IDLE,IDLE,IDLE,IDLE,IDLE,IDLE,IDLE,IDLE,IDLE,IDLE,IDLE,IDLE,IDLE,IDLE,IDLE
154,2024-01-07 10:00:01,0.00,0.00,0,0.0000,0.0000,21.25,0.9998,0.9999,0.9997,0.9997,0.9998,0.9998,0.9998,0.9997,0.9998,0.9998,0.9999,0.9997,0.9998,0.9999,0.9998,0.9999,0.9998,0.9998,0.9998,0.9998,0.9998,0.9998,0.9999,0.9998,0.9998,0.9998,0.9998,0.9998,0.9998,0.9997,0.9998,0.9998,0.9998,0.9998,0.9998,0.9997,0.9996,0.9998,0.9998,0.9998,0.9998,0.9998,0.9998,0.9998,0.9997,0.9997,0.9998,0.9999,0.9998,0.9999,0.1622,0.1872,0.1898,0.1763,0.1969,0.2681,0.1677,0.1781,0.1623,0.1490,0.1997,0.1315,0.1870,0.1542,0.1730,0.1542,0.1970,0.1985,0.1753,0.1642,0.1937,0.1970,0.1982,0.1980,0.1844,0.1987,0.1970,0.1490,0.1759,0.1861,0.1491,0.1286,0.1623,0.1668,0.1993,0.1763,0.1879,0.1286,0.1709,0.1911,0.1677,0.1626,0.1409,0.1980,0.1412,0.1557,0.1569,0.1581,0.1373,0.1646,IDLE,IDLE,IDLE,IDLE,IDLE,ONJOB,IDLE,IDLE,IDLE,IDLE,IDLE,IDLE,IDLE,IDLE,IDLE,IDLE,IDLE,IDLE,IDLE,IDLE,IDLE,IDLE,IDLE,IDLE,IDLE,IDLE,IDLE,IDLE,IDLE,IDLE,IDLE,IDLE,IDLE,IDLE,IDLE,IDLE,IDLE,IDLE,IDLE,IDLE,IDLE,IDLE,IDLE,IDLE,IDLE,IDLE,IDLE,IDLE,IDLE,IDLE
155,2024-01-07 11:00:01,0.00,0.00,0,0.0000,0.0000,0.00,0.9998,0.9999,0.9997,0.9997,0.9998,0.9998,0.9998,0.9997,0.9998,0.9998,0.9999,0.9997,0.9998,0.9999,0.9998,0.9999,0.9998,0.9998,0.9998,0.9998,0.9998,0.9998,0.9999,0.9998,0.9998,0.9998,0.9998,0.9998,0.9998,0.9997,0.9998,0.9998,0.9998,0.9998,0.9998,0.9997,0.9996,0.9998,0.9998,0.9998,0.9998,0.9998,0.9998,0.9998,0.9997,0.9997,0.9998,0.9999,0.9998,0.9999,0.1622,0.1872,0.1898,0.1763,0.1969,0.2539,0.1677,0.1781,0.1623,0.1490,0.1997,0.1315,0.1870,0.1542,0.1730,0.1542,0.1970,0.1985,0.1753,0.1642,0.1937,0.1970,0.1982,0.1980,0.1844,0.1987,0.1970,0.1490,0.1759,0.1861,0.1491,0.1286,0.1623,0.1668,0.1993,0.1763,0.1879,0.1286,0.1709,0.1911,0.1677,0.1626,0.1409,0.1980,0.1412,0.1557,0.1569,0.1581,0.1373,0.1646,IDLE,IDLE,IDLE,IDLE,IDLE,IDLE,IDLE,IDLE,IDLE,IDLE,IDLE,IDLE,IDLE,IDLE,IDLE,IDLE,IDLE,IDLE,IDLE,IDLE,IDLE,IDLE,IDLE,IDLE,IDLE,IDLE,IDLE,IDLE,IDLE,IDLE,IDLE,IDLE,IDLE,IDLE,IDLE,IDLE,IDLE,IDLE,IDLE,IDLE,IDLE,IDLE,IDLE,IDLE,IDLE,IDLE,IDLE,IDLE,IDLE,IDLE
156,2024-01-07 12:00:01,0.00,0.00,0,0.0000,0.0000,23.75,0.9998,0.9999,0.9997,0.9997,0.9998,0.9998,0.9998,0.9997,0.9998,0.9998,0.9999,0.9997,0.9998,0.9999,0.9998,0.9999,0.9998,0.9998,0.9998,0.9998,0.9998,0.9998,0.9999,0.9998,0.9998,0.9998,0.9998,0.9998,0.9998,0.9997,0.9998,0.9998,0.9998,0.9998,0.9998,0.9997,0.9996,0.9998,0.9998,0.9998,0.9998,0.9998,0.9998,0.9998,0.9997,0.9997,0.9998,0.9999,0.9998,0.9999,0.1622,0.1872,0.1898,0.1763,0.1969,0.2484,0.1677,0.1781,0.1623,0.1490,0.1997,0.1315,0.1870,0.1542,0.1730,0.1542,0.1970,0.1985,0.1753,0.1642,0.1937,0.1970,0.1982,0.1980,0.1844,0.1987,0.1970,0.1490,0.1759,0.1861,0.1491,0.1286,0.1623,0.1668,0.1993,0.1763,0.1879,0.1286,0.1709,0.1911,0.1677,0.1626,0.1409,0.1980,0.1412,0.1557,0.1569,0.1581,0.1373,0.1646,IDLE,IDLE,IDLE,IDLE,IDLE,ONJOB,IDLE,IDLE,IDLE,IDLE,IDLE,IDLE,IDLE,IDLE,IDLE,IDLE,IDLE,IDLE,IDLE,IDLE,IDLE,IDLE,IDLE,IDLE,IDLE,IDLE,IDLE,IDLE,IDLE,IDLE,IDLE,IDLE,IDLE,IDLE,IDLE,IDLE,IDLE,IDLE,IDLE,IDLE,IDLE,IDLE,IDLE,IDLE,IDLE,IDLE,IDLE,IDLE,IDLE,IDLE
157,2024-01-07 13:00:01,0.00,0.00,0,0.0000,0.0000,0.00,0.9998,0.9999,0.9997,0.9997,0.9998,0.9998,0.9998,0.9997,0.9998,0.9998,0.9999,0.9997,0.9998,0.9999,0.9998,0.9999,0.9998,0.9998,0.9998,0.9998,0.9998,0.9998,0.9999,0.9998,0.9998,0.9998,0.9998,0.9998,0.9998,0.9997,0.9998,0.9998,0.9998,0.9998,0.9998,0.9997,0.9996,0.9998,0.9998,0.9998,0.9998,0.9998,0.9998,0.9998,0.9997,0.9997,0.9998,0.9999,0.9998,0.9999,0.1622,0.1872,0.1898,0.1763,0.1969,0.2141,0.1677,0.1781,0.1623,0.1490,0.1997,0.1315,0.1870,0.1542,0.1730,0.1542,0.1970,0.1985,0.1753,0.1642,0.1937,0.1970,0.1982,0.1980,0.1844,0.1987,0.1970,0.1490,0.1759,0.1861,0.1491,0.1286,0.1623,0.1668,0.1993,0.1763,0.1879,0.1286,0.1709,0.1911,0.1677,0.1626,0.1409,0.1980,0.1412,0.1557,0.1569,0.1581,0.1373,0.1646,IDLE,IDLE,IDLE,IDLE,IDLE,IDLE,IDLE,IDLE,IDLE,IDLE,IDLE,IDLE,IDLE,IDLE,IDLE,IDLE,IDLE,IDLE,IDLE,IDLE,IDLE,IDLE,IDLE,IDLE,IDLE,IDLE,IDLE,IDLE,IDLE,IDLE,IDLE,IDLE,IDLE,IDLE,IDLE,IDLE,IDLE,IDLE,IDLE,IDLE,IDLE,IDLE,IDLE,IDLE,IDLE,IDLE,IDLE,IDLE,IDLE,IDLE
158,2024-01-07 14:00:01,0.00,0.00,0,0.0000,0.0000,23.00,0.9998,0.9999,0.9997,0.9997,0.9998,0.9998,0.9998,0.9997,0.9998,0.9998,0.9999,0.9997,0.9998,0.9999,0.9998,0.9999,0.9998,0.9998,0.9998,0.9998,0.9998,0.9998,0.9999,0.9998,0.9998,0.9998,0.9998,0.9998,0.9998,0.9997,0.9998,0.9998,0.9998,0.9998,0.9998,0.9997,0.9996,0.9998,0.9998,0.9998,0.9998,0.9998,0.9998,0.9998,0.9997,0.9997,0.9998,0.9999,0.9998,0.9999,0.1622,0.1872,0.1898,0.1763,0.1969,0.2028,0.1677,0.1781,0.1623,0.1490,0.1997,0.1315,0.1870,0.1542,0.1730,0.1542,0.1970,0.1985,0.1753,0.1642,0.1937,0.1970,0.1982,0.1980,0.1844,0.1987,0.1970,0.1490,0.1759,0.1861,0.1491,0.1286,0.1623,0.1668,0.1993,0.1763,0.1879,0.1286,0.1709,0.1911,0.1677,0.1626,0.1409,0.1980,0.1412,0.1557,0.1569,0.1581,0.1373,0.1646,IDLE,IDLE,IDLE,IDLE,IDLE,ONJOB,IDLE,IDLE,IDLE,IDLE,IDLE,IDLE,IDLE,IDLE,IDLE,IDLE,IDLE,IDLE,IDLE,IDLE,IDLE,IDLE,IDLE,IDLE,IDLE,IDLE,IDLE,IDLE,IDLE,IDLE,IDLE,IDLE,IDLE,IDLE,IDLE,IDLE,IDLE,IDLE,IDLE,IDLE,IDLE,IDLE,IDLE,IDLE,IDLE,IDLE,IDLE,IDLE,IDLE,IDLE
159,2024-01-07 15:00:01,0.00,0.00,0,0.0000,0.0000,0.00,0.9998,0.9999,0.9997,0.9997,0.9998,0.9998,0.9998,0.9997,0.9998,0.9998,0.9999,0.9997,0.9998,0.9999,0.9998,0.9999,0.9998,0.9998,0.9998,0.9998,0.9998,0.9998,0.9999,0.9998,0.9998,0.9998,0.9998,0.9998,0.9998,0.9997,0.9998,0.9998,0.9998,0.9998,0.9998,0.9997,0.9996,0.9998,0.9998,0.9998,0.9998,0.9998,0.9998,0.9998,0.9997,0.9997,0.9998,0.9999,0.9998,0.9999,0.1622,0.1872,0.1898,0.1763,0.1969,0.1614,0.1677,0.1781,0.1623,0.1490,0.1997,0.1315,0.1870,0.1542,0.1730,0.1542,0.1970,0.1985,0.1753,0.1642,0.1937,0.1970,0.1982,0.1980,0.1844,0.1987,0.1970,0.1490,0.1759,0.1861,0.1491,0.1286,0.1623,0.1668,0.1993,0.1763,0.1879,0.1286,0.1709,0.1911,0.1677,0.1626,0.1409,0.1980,0.1412,0.1557,0.1569,0.1581,0.1373,0.1646,IDLE,IDLE,IDLE,IDLE,IDLE,IDLE,IDLE,IDLE,IDLE,IDLE,IDLE,IDLE,IDLE,IDLE,IDLE,IDLE,IDLE,IDLE,IDLE,IDLE,IDLE,IDLE,IDLE,IDLE,IDLE,IDLE,IDLE,IDLE,IDLE,IDLE,IDLE,IDLE,IDLE,IDLE,IDLE,IDLE,IDLE,IDLE,IDLE,IDLE,IDLE,IDLE,IDLE,IDLE,IDLE,IDLE,IDLE,IDLE,IDLE,IDLE
160,2024-01-07 16:00:01,0.00,0.00,0,0.0000,0.0000,0.00,0.9998,0.9999,0.9997,0.9997,0.9998,0.9998,0.9998,0.9997,0.9998,0.9998,0.9999,0.9997,0.9998,0.9999,0.9998,0.9999,0.9998,0.9998,0.9998,0.9998,0.9998,0.9998,0.9999,0.9998,0.9998,0.9998,0.9998,0.9998,0.9998,0.9997,0.9998,0.9998,0.9998,0.9998,0.9998,0.9997,0.9996,0.9998,0.9998,0.9998,0.9998,0.9998,0.9998,0.9998,0.9997,0.9997,0.9998,0.9999,0.9998,0.9999,0.1622,0.1872,0.1898,0.1763,0.1969,0.1614,0.1677,0.1781,0.1623,0.1490,0.1997,0.1315,0.1870,0.1542,0.1730,0.1542,0.1970,0.1985,0.1753,0.1642,0.1937,0.1970,0.1982,0.1980,0.1844,0.1987,0.1970,0.1490,0.1759,0.1861,0.1491,0.1286,0.1623,0.1668,0.1993,0.1763,0.1879,0.1286,0.1709,0.1911,0.1677,0.1626,0.1409,0.1980,0.1412,0.1557,0.1569,0.1581,0.1373,0.1646,IDLE,IDLE,IDLE,IDLE,IDLE,IDLE,IDLE,IDLE,IDLE,IDLE,IDLE,IDLE,IDLE,IDLE,IDLE,IDLE,IDLE,IDLE,IDLE,IDLE,IDLE,IDLE,IDLE,IDLE,IDLE,IDLE,IDLE,IDLE,IDLE,IDLE,IDLE,IDLE,IDLE,IDLE,IDLE,IDLE,IDLE,IDLE,IDLE,IDLE,IDLE,IDLE,IDLE,IDLE,IDLE,IDLE,IDLE,IDLE,IDLE,IDLE
161,2024-01-07 17:00:01,0.00,0.00,0,0.0000,0.0000,0.00,0.9998,0.9999,0.9997,0.9997,0.9998,0.9998,0.9998,0.9997,0.9998,0.9998,0.9999,0.9997,0.9998,0.9999,0.9998,0.9999,0.9998,0.9998,0.9998,0.9998,0.9998,0.9998,0.9999,0.9998,0.9998,0.9998,0.9998,0.9998,0.9998,0.9997,0.9998,0.9998,0.9998,0.9998,0.9998,0.9997,0.9996,0.9998,0.9998,0.9998,0.9998,0.9998,0.9998,0.9998,0.9997,0.9997,0.9998,0.9999,0.9998,0.9999,0.1622,0.1872,0.1898,0.1763,0.1969,0.1614,0.1677,0.1781,0.1623,0.1490,0.1997,0.1315,0.1870,0.1542,0.1730,0.1542,0.1970,0.1985,0.1753,0.1642,0.1937,0.1970,0.1982,0.1980,0.1844,0.1987,0.1970,0.1490,0.1759,0.1861,0.1491,0.1286,0.1623,0.1668,0.1993,0.1763,0.1879,0.1286,0.1709,0.1911,0.1677,0.1626,0.1409,0.1980,0.1412,0.1557,0.1569,0.1581,0.1373,0.1646,IDLE,IDLE,IDLE,IDLE,IDLE,IDLE,IDLE,IDLE,IDLE,IDLE,IDLE,IDLE,IDLE,IDLE,IDLE,IDLE,IDLE,IDLE,IDLE,IDLE,IDLE,IDLE,IDLE,IDLE,IDLE,IDLE,IDLE,IDLE,IDLE,IDLE,IDLE,IDLE,IDLE,IDLE,IDLE,IDLE,IDLE,IDLE,IDLE,IDLE,IDLE,IDLE,IDLE,IDLE,IDLE,IDLE,IDLE,IDLE,IDLE,IDLE
162,2024-01-07 18:00:01,0.00,0.00,0,0.0000,0.0000,0.00,0.9998,0.9999,0.9997,0.9997,0.9998,0.9998,0.9998,0.9997,0.9998,0.9998,0.9999,0.9997,0.9998,0.9999,0.9998,0.9999,0.9998,0.9998,0.9998,0.9998,0.9998,0.9998,0.9999,0.9998,0.9998,0.9998,0.9998,0.9998,0.9998,0.9997,0.9998,0.9998,0.9998,0.9998,0.9998,0.9997,0.9996,0.9998,0.9998,0.9998,0.9998,0.9998,0.9998,0.9998,0.9997,0.9997,0.9998,0.9999,0.9998,0.9999,0.1622,0.1872,0.1898,0.1763,0.1969,0.1614,0.1677,0.1781,0.1623,0.1490,0.1997,0.1315,0.1870,0.1542,0.1730,0.1542,0.1970,0.1985,0.1753,0.1642,0.1937,0.1970,0.1982,0.1980,0.1844,0.1987,0.1970,0.1490,0.1759,0.1861,0.1491,0.1286,0.1623,0.1668,0.1993,0.1763,0.1879,0.1286,0.1709,0.1911,0.1677,0.1626,0.1409,0.1980,0.1412,0.1557,0.1569,0.1581,0.1373,0.1646,IDLE,IDLE,IDLE,IDLE,IDLE,IDLE,IDLE,IDLE,IDLE,IDLE,IDLE,IDLE,IDLE,IDLE,IDLE,IDLE,IDLE,IDLE,IDLE,IDLE,IDLE,IDLE,IDLE,IDLE,IDLE,IDLE,IDLE,IDLE,IDLE,IDLE,IDLE,IDLE,IDLE,IDLE,IDLE,IDLE,IDLE,IDLE,IDLE,IDLE,IDLE,IDLE,IDLE,IDLE,IDLE,IDLE,IDLE,IDLE,IDLE,IDLE
163,2024-01-07 19:00:01,0.00,0.00,0,0.0000,0.0000,0.00,0.9998,0.9999,0.9997,0.9997,0.9998,0.9998,0.9998,0.9997,0.9998,0.9998,0.9999,0.9997,0.9998,0.9999,0.9998,0.9999,0.9998,0.9998,0.9998,0.9998,0.9998,0.9998,0.9999,0.9998,0.9998,0.9998,0.9998,0.9998,0.9998,0.9997,0.9998,0.9998,0.9998,0.9998,0.9998,0.9997,0.9996,0.9998,0.9998,0.9998,0.9998,0.9998,0.9998,0.9998,0.9997,0.9997,0.9998,0.9999,0.9998,0.9999,0.1622,0.1872,0.1898,0.1763,0.1969,0.1614,0.1677,0.1781,0.1623,0.1490,0.1997,0.1315,0.1870,0.1542,0.1730,0.1542,0.1970,0.1985,0.1753,0.1642,0.1937,0.1970,0.1982,0.1980,0.1844,0.1987,0.1970,0.1490,0.1759,0.1861,0.1491,0.1286,0.1623,0.1668,0.1993,0.1763,0.1879,0.1286,0.1709,0.1911,0.1677,0.1626,0.1409,0.1980,0.1412,0.1557,0.1569,0.1581,0.1373,0.1646,IDLE,IDLE,IDLE,IDLE,IDLE,IDLE,IDLE,IDLE,IDLE,IDLE,IDLE,IDLE,IDLE,IDLE,IDLE,IDLE,IDLE,IDLE,IDLE,IDLE,IDLE,IDLE,IDLE,IDLE,IDLE,IDLE,IDLE,IDLE,IDLE,IDLE,IDLE,IDLE,IDLE,IDLE,IDLE,IDLE,IDLE,IDLE,IDLE,IDLE,IDLE,IDLE,IDLE,IDLE,IDLE,IDLE,IDLE,IDLE,IDLE,IDLE
164,2024-01-07 20:00:01,0.00,0.00,0,0.0000,0.0000,0.00,0.9998,0.9999,0.9997,0.9997,0.9998,0.9998,0.9998,0.9997,0.9998,0.9998,0.9999,0.9997,0.9998,0.9999,0.9998,0.9999,0.9998,0.9998,0.9998,0.9998,0.9998,0.9998,0.9999,0.9998,0.9998,0.9998,0.9998,0.9998,0.9998,0.9997,0.9998,0.9998,0.9998,0.9998,0.9998,0.9997,0.9996,0.9998,0.9998,0.9998,0.9998,0.9998,0.9998,0.9998,0.9997,0.9997,0.9998,0.9999,0.9998,0.9999,0.1622,0.1872,0.1898,0.1763,0.1969,0.1614,0.1677,0.1781,0.1623,0.1490,0.1997,0.1315,0.1870,0.1542,0.1730,0.1542,0.1970,0.1985,0.1753,0.1642,0.1937,0.1970,0.1982,0.1980,0.1844,0.1987,0.1970,0.1490,0.1759,0.1861,0.1491,0.1286,0.1623,0.1668,0.1993,0.1763,0.1879,0.1286,0.1709,0.1911,0.1677,0.1626,0.1409,0.1980,0.1412,0.1557,0.1569,0.1581,0.1373,0.1646,IDLE,IDLE,IDLE,IDLE,IDLE,IDLE,IDLE,IDLE,IDLE,IDLE,IDLE,IDLE,IDLE,IDLE,IDLE,IDLE,IDLE,IDLE,IDLE,IDLE,IDLE,IDLE,IDLE,IDLE,IDLE,IDLE,IDLE,IDLE,IDLE,IDLE,IDLE,IDLE,IDLE,IDLE,IDLE,IDLE,IDLE,IDLE,IDLE,IDLE,IDLE,IDLE,IDLE,IDLE,IDLE,IDLE,IDLE,IDLE,IDLE,IDLE
165,2024-01-07 21:00:01,0.00,0.00,0,0.0000,0.0000,0.00,0.9998,0.9999,0.9997,0.9997,0.9998,0.9998,0.9998,0.9997,0.9998,0.9998,0.9999,0.9997,0.9998,0.9999,0.9998,0.9999,0.9998,0.9998,0.9998,0.9998,0.9998,0.9998,0.9999,0.9998,0.9998,0.9998,0.9998,0.9998,0.9998,0.9997,0.9998,0.9998,0.9998,0.9998,0.9998,0.9997,0.9996,0.9998,0.9998,0.9998,0.9998,0.9998,0.9998,0.9998,0.9997,0.9997,0.9998,0.9999,0.9998,0.9999,0.1622,0.1872,0.1898,0.1763,0.1969,0.1614,0.1677,0.1781,0.1623,0.1490,0.1997,0.1315,0.1870,0.1542,0.1730,0.1542,0.1970,0.1985,0.1753,0.1642,0.1937,0.1970,0.1982,0.1980,0.1844,0.1987,0.1970,0.1490,0.1759,0.1861,0.1491,0.1286,0.1623,0.1668,0.1993,0.1763,0.1879,0.1286,0.1709,0.1911,0.1677,0.1626,0.1409,0.1980,0.1412,0.1557,0.1569,0.1581,0.1373,0.1646,IDLE,IDLE,IDLE,IDLE,IDLE,IDLE,IDLE,IDLE,IDLE,IDLE,IDLE,IDLE,IDLE,IDLE,IDLE,IDLE,IDLE,IDLE,IDLE,IDLE,IDLE,IDLE,IDLE,IDLE,IDLE,IDLE,IDLE,IDLE,IDLE,IDLE,IDLE,IDLE,IDLE,IDLE,IDLE,IDLE,IDLE,IDLE,IDLE,IDLE,IDLE,IDLE,IDLE,IDLE,IDLE,IDLE,IDLE,IDLE,IDLE,IDLE
166,2024-01-07 22:00:01,0.00,0.00,0,0.0000,0.0000,0.00,0.9998,0.9999,0.9997,0.9997,0.9998,0.9998,0.9998,0.9997,0.9998,0.9998,0.9999,0.9997,0.9998,0.9999,0.9998,0.9999,0.9998,0.9998,0.9998,0.9998,0.9998,0.9998,0.9999,0.9998,0.9998,0.9998,0.9998,0.9998,0.9998,0.9997,0.9998,0.9998,0.9998,0.9998,0.9998,0.9997,0.9996,0.9998,0.9998,0.9998,0.9998,0.9998,0.9998,0.9998,0.9997,0.9997,0.9998,0.9999,0.9998,0.9999,0.1622,0.1872,0.1898,0.1763,0.1969,0.1614,0.1677,0.1781,0.1623,0.1490,0.1997,0.1315,0.1870,0.1542,0.1730,0.1542,0.1970,0.1985,0.1753,0.1642,0.1937,0.1970,0.1982,0.1980,0.1844,0.1987,0.1970,0.1490,0.1759,0.1861,0.1491,0.1286,0.1623,0.1668,0.1993,0.1763,0.1879,0.1286,0.1709,0.1911,0.1677,0.1626,0.1409,0.1980,0.1412,0.1557,0.1569,0.1581,0.1373,0.1646,IDLE,IDLE,IDLE,IDLE,IDLE,IDLE,IDLE,IDLE,IDLE,IDLE,IDLE,IDLE,IDLE,IDLE,IDLE,IDLE,IDLE,IDLE,IDLE,IDLE,IDLE,IDLE,IDLE,IDLE,IDLE,IDLE,IDLE,IDLE,IDLE,IDLE,IDLE,IDLE,IDLE,IDLE,IDLE,IDLE,IDLE,IDLE,IDLE,IDLE,IDLE,IDLE,IDLE,IDLE,IDLE,IDLE,IDLE,IDLE,IDLE,IDLE
167,2024-01-07 23:00:01,0.00,0.00,0,0.0000,0.0000,0.00,0.9998,0.9999,0.9997,0.9997,0.9998,0.9998,0.9998,0.9997,0.9998,0.9998,0.9999,0.9997,0.9998,0.9999,0.9998,0.9999,0.9998,0.9998,0.9998,0.9998,0.9998,0.9998,0.9999,0.9998,0.9998,0.9998,0.9998,0.9998,0.9998,0.9997,0.9998,0.9998,0.9998,0.9998,0.9998,0.9997,0.9996,0.9998,0.9998,0.9998,0.9998,0.9998,0.9998,0.9998,0.9997,0.9997,0.9998,0.9999,0.9998,0.9999,0.1622,0.1872,0.1898,0.1763,0.1969,0.1614,0.1677,0.1781,0.1623,0.1490,0.1997,0.1315,0.1870,0.1542,0.1730,0.1542,0.1970,0.1985,0.1753,0.1642,0.1937,0.1970,0.1982,0.1980,0.1844,0.1987,0.1970,0.1490,0.1759,0.1861,0.1491,0.1286,0.1623,0.1668,0.1993,0.1763,0.1879,0.1286,0.1709,0.1911,0.1677,0.1626,0.1409,0.1980,0.1412,0.1557,0.1569,0.1581,0.1373,0.1646,IDLE,IDLE,IDLE,IDLE,IDLE,IDLE,IDLE,IDLE,IDLE,IDLE,IDLE,IDLE,IDLE,IDLE,IDLE,IDLE,IDLE,IDLE,IDLE,IDLE,IDLE,IDLE,IDLE,IDLE,IDLE,IDLE,IDLE,IDLE,IDLE,IDLE,IDLE,IDLE,IDLE,IDLE,IDLE,IDLE,IDLE,IDLE,IDLE,IDLE,IDLE,IDLE,IDLE,IDLE,IDLE,IDLE,IDLE,IDLE,IDLE,IDLE
168,2024-01-08 00:00:01,0.00,0.00,0,0.0000,0.0000,0.00,0.9998,0.9999,0.9997,0.9997,0.9998,0.9998,0.9998,0.9997,0.9998,0.9998,0.9999,0.9997,0.9998,0.9999,0.9998,0.9999,0.9998,0.9998,0.9998,0.9998,0.9998,0.9998,0.9999,0.9998,0.9998,0.9998,0.9998,0.9998,0.9998,0.9997,0.9998,0.9998,0.9998,0.9998,0.9998,0.9997,0.9996,0.9998,0.9998,0.9998,0.9998,0.9998,0.9998,0.9998,0.9997,0.9997,0.9998,0.9999,0.9998,0.9999,0.1622,0.1872,0.1898,0.1763,0.1969,0.1614,0.1677,0.1781,0.1623,0.1490,0.1997,0.1315,0.1870,0.1542,0.1730,0.1542,0.1970,0.1985,0.1753,0.1642,0.1937,0.1970,0.1982,0.1980,0.1844,0.1987,0.1970,0.1490,0.1759,0.1861,0.1491,0.1286,0.1623,0.1668,0.1993,0.1763,0.1879,0.1286,0.1709,0.1911,0.1677,0.1626,0.1409,0.1980,0.1412,0.1557,0.1569,0.1581,0.1373,0.1646,IDLE,IDLE,IDLE,IDLE,IDLE,IDLE,IDLE,IDLE,IDLE,IDLE,IDLE,IDLE,IDLE,IDLE,IDLE,IDLE,IDLE,IDLE,IDLE,IDLE,IDLE,IDLE,IDLE,IDLE,IDLE,IDLE,IDLE,IDLE,IDLE,IDLE,IDLE,IDLE,IDLE,IDLE,IDLE,IDLE,IDLE,IDLE,IDLE,IDLE,IDLE,IDLE,IDLE,IDLE,IDLE,IDLE,IDLE,IDLE,IDLE,IDLE
169,2024-01-08 01:00:01,0.00,0.00,0,0.0000,0.0000,0.00,0.9998,0.9999,0.9997,0.9997,0.9998,0.9998,0.9998,0.9997,0.9998,0.9998,0.9999,0.9997,0.9998,0.9999,0.9998,0.9999,0.9998,0.9998,0.9998,0.9998,0.9998,0.9998,0.9999,0.9998,0.9998,0.9998,0.9998,0.9998,0.9998,0.9997,0.9998,0.9998,0.9998,0.9998,0.9998,0.9997,0.9996,0.9998,0.9998,0.9998,0.9998,0.9998,0.9998,0.9998,0.9997,0.9997,0.9998,0.9999,0.9998,0.9999,0.1622,0.1872,0.1898,0.1763,0.1969,0.1614,0.1677,0.1781,0.1623,0.1490,0.1997,0.1315,0.1870,0.1542,0.1730,0.1542,0.1970,0.1985,0.1753,0.1642,0.1937,0.1970,0.1982,0.1980,0.1844,0.1987,0.1970,0.1490,0.1759,0.1861,0.1491,0.1286,0.1623,0.1668,0.1993,0.1763,0.1879,0.1286,0.1709,0.1911,0.1677,0.1626,0.1409,0.1980,0.1412,0.1557,0.1569,0.1581,0.1373,0.1646,IDLE,IDLE,IDLE,IDLE,IDLE,IDLE,IDLE,IDLE,IDLE,IDLE,IDLE,IDLE,IDLE,IDLE,IDLE,IDLE,IDLE,IDLE,IDLE,IDLE,IDLE,IDLE,IDLE,IDLE,IDLE,IDLE,IDLE,IDLE,IDLE,IDLE,IDLE,IDLE,IDLE,IDLE,IDLE,IDLE,IDLE,IDLE,IDLE,IDLE,IDLE,IDLE,IDLE,IDLE,IDLE,IDLE,IDLE,IDLE,IDLE,IDLE
170,2024-01-08 02:00:01,0.00,0.00,0,0.0000,0.0000,0.00,0.9998,0.9999,0.9997,0.9997,0.9998,0.9998,0.9998,0.9997,0.9998,0.9998,0.9999,0.9997,0.9998,0.9999,0.9998,0.9999,0.9998,0.9998,0.9998,0.9998,0.9998,0.9998,0.9999,0.9998,0.9998,0.9998,0.9998,0.9998,0.9998,0.9997,0.9998,0.9998,0.9998,0.9998,0.9998,0.9997,0.9996,0.9998,0.9998,0.9998,0.9998,0.9998,0.9998,0.9998,0.9997,0.9997,0.9998,0.9999,0.9998,0.9999,0.1622,0.1872,0.1898,0.1763,0.1969,0.1614,0.1677,0.1781,0.1623,0.1490,0.1997,0.1315,0.1870,0.1542,0.1730,0.1542,0.1970,0.1985,0.1753,0.1642,0.1937,0.1970,0.1982,0.1980,0.1844,0.1987,0.1970,0.1490,0.1759,0.1861,0.1491,0.1286,0.1623,0.1668,0.1993,0.1763,0.1879,0.1286,0.1709,0.1911,0.1677,0.1626,0.1409,0.1980,0.1412,0.1557,0.1569,0.1581,0.1373,0.1646,IDLE,IDLE,IDLE,IDLE,IDLE,IDLE,IDLE,IDLE,IDLE,IDLE,IDLE,IDLE,IDLE,IDLE,IDLE,IDLE,IDLE,IDLE,IDLE,IDLE,IDLE,IDLE,IDLE,IDLE,IDLE,IDLE,IDLE,IDLE,IDLE,IDLE,IDLE,IDLE,IDLE,IDLE,IDLE,IDLE,IDLE,IDLE,IDLE,IDLE,IDLE,IDLE,IDLE,IDLE,IDLE,IDLE,IDLE,IDLE,IDLE,IDLE
171,2024-01-08 03:00:01,0.00,0.00,0,0.0000,0.0000,0.00,0.9998,0.9999,0.9997,0.9997,0.9998,0.9998,0.9998,0.9997,0.9998,0.9998,0.9999,0.9997,0.9998,0.9999,0.9998,0.9999,0.9998,0.9998,0.9998,0.9998,0.9998,0.9998,0.9999,0.9998,0.9998,0.9998,0.9998,0.9998,0.9998,0.9997,0.9998,0.9998,0.9998,0.9998,0.9998,0.9997,0.9996,0.9998,0.9998,0.9998,0.9998,0.9998,0.9998,0.9998,0.9997,0.9997,0.9998,0.9999,0.9998,0.9999,0.1622,0.1872,0.1898,0.1763,0.1969,0.1614,0.1677,0.1781,0.1623,0.1490,0.1997,0.1315,0.1870,0.1542,0.1730,0.1542,0.1970,0.1985,0.1753,0.1642,0.1937,0.1970,0.1982,0.1980,0.1844,0.1987,0.1970,0.1490,0.1759,0.1861,0.1491,0.1286,0.1623,0.1668,0.1993,0.1763,0.1879,0.1286,0.1709,0.1911,0.1677,0.1626,0.1409,0.1980,0.1412,0.1557,0.1569,0.1581,0.1373,0.1646,IDLE,IDLE,IDLE,IDLE,IDLE,IDLE,IDLE,IDLE,IDLE,IDLE,IDLE,IDLE,IDLE,IDLE,IDLE,IDLE,IDLE,IDLE,IDLE,IDLE,IDLE,IDLE,IDLE,IDLE,IDLE,IDLE,IDLE,IDLE,IDLE,IDLE,IDLE,IDLE,IDLE,IDLE,IDLE,IDLE,IDLE,IDLE,IDLE,IDLE,IDLE,IDLE,IDLE,IDLE,IDLE,IDLE,IDLE,IDLE,IDLE,IDLE
172,2024-01-08 04:00:01,0.00,0.00,0,0.0000,0.0000,0.00,0.9998,0.9999,0.9997,0.9997,0.9998,0.9998,0.9998,0.9997,0.9998,0.9998,0.9999,0.9997,0.9998,0.9999,0.9998,0.9999,0.9998,0.9998,0.9998,0.9998,0.9998,0.9998,0.9999,0.9998,0.9998,0.9998,0.9998,0.9998,0.9998,0.9997,0.9998,0.9998,0.9998,0.9998,0.9998,0.9997,0.9996,0.9998,0.9998,0.9998,0.9998,0.9998,0.9998,0.9998,0.9997,0.9997,0.9998,0.9999,0.9998,0.9999,0.1622,0.1872,0.1898,0.1763,0.1969,0.1614,0.1677,0.1781,0.1623,0.1490,0.1997,0.1315,0.1870,0.1542,0.1730,0.1542,0.1970,0.1985,0.1753,0.1642,0.1937,0.1970,0.1982,0.1980,0.1844,0.1987,0.1970,0.1490,0.1759,0.1861,0.1491,0.1286,0.1623,0.1668,0.1993,0.1763,0.1879,0.1286,0.1709,0.1911,0.1677,0.1626,0.1409,0.1980,0.1412,0.1557,0.1569,0.1581,0.1373,0.1646,IDLE,IDLE,IDLE,IDLE,IDLE,IDLE,IDLE,IDLE,IDLE,IDLE,IDLE,IDLE,IDLE,IDLE,IDLE,IDLE,IDLE,IDLE,IDLE,IDLE,IDLE,IDLE,IDLE,IDLE,IDLE,IDLE,IDLE,IDLE,IDLE,IDLE,IDLE,IDLE,IDLE,IDLE,IDLE,IDLE,IDLE,IDLE,IDLE,IDLE,IDLE,IDLE,IDLE,IDLE,IDLE,IDLE,IDLE,IDLE,IDLE,IDLE
173,2024-01-08 05:00:01,0.00,0.00,0,0.0000,0.0000,0.00,0.9998,0.9999,0.9997,0.9997,0.9998,0.9998,0.9998,0.9997,0.9998,0.9998,0.9999,0.9997,0.9998,0.9999,0.9998,0.9999,0.9998,0.9998,0.9998,0.9998,0.9998,0.9998,0.9999,0.9998,0.9998,0.9998,0.9998,0.9998,0.9998,0.9997,0.9998,0.9998,0.9998,0.9998,0.9998,0.9997,0.9996,0.9998,0.9998,0.9998,0.9998,0.9998,0.9998,0.9998,0.9997,0.9997,0.9998,0.9999,0.9998,0.9999,0.1622,0.1872,0.1898,0.1763,0.1969,0.1614,0.1677,0.1781,0.1623,0.1490,0.1997,0.1315,0.1870,0.1542,0.1730,0.1542,0.1970,0.1985,0.1753,0.1642,0.1937,0.1970,0.1982,0.1980,0.1844,0.1987,0.1970,0.1490,0.1759,0.1861,0.1491,0.1286,0.1623,0.1668,0.1993,0.1763,0.1879,0.1286,0.1709,0.1911,0.1677,0.1626,0.1409,0.1980,0.1412,0.1557,0.1569,0.1581,0.1373,0.1646,IDLE,IDLE,IDLE,IDLE,IDLE,IDLE,IDLE,IDLE,IDLE,IDLE,IDLE,IDLE,IDLE,IDLE,IDLE,IDLE,IDLE,IDLE,IDLE,IDLE,IDLE,IDLE,IDLE,IDLE,IDLE,IDLE,IDLE,IDLE,IDLE,IDLE,IDLE,IDLE,IDLE,IDLE,IDLE,IDLE,IDLE,IDLE,IDLE,IDLE,IDLE,IDLE,IDLE,IDLE,IDLE,IDLE,IDLE,IDLE,IDLE,IDLE
174,2024-01-08 06:00:01,0.00,0.00,0,0.0000,0.0000,0.00,0.9998,0.9999,0.9997,0.9997,0.9998,0.9998,0.9998,0.9997,0.9998,0.9998,0.9999,0.9997,0.9998,0.9999,0.9998,0.9999,0.9998,0.9998,0.9998,0.9998,0.9998,0.9998,0.9999,0.9998,0.9998,0.9998,0.9998,0.9998,0.9998,0.9997,0.9998,0.9998,0.9998,0.9998,0.9998,0.9997,0.9996,0.9998,0.9998,0.9998,0.9998,0.9998,0.9998,0.9998,0.9997,0.9997,0.9998,0.9999,0.9998,0.9999,0.1622,0.1872,0.1898,0.1763,0.1969,0.1614,0.1677,0.1781,0.1623,0.1490,0.1997,0.1315,0.1870,0.1542,0.1730,0.1542,0.1970,0.1985,0.1753,0.1642,0.1937,0.1970,0.1982,0.1980,0.1844,0.1987,0.1970,0.1490,0.1759,0.1861,0.1491,0.1286,0.1623,0.1668,0.1993,0.1763,0.1879,0.1286,0.1709,0.1911,0.1677,0.1626,0.1409,0.1980,0.1412,0.1557,0.1569,0.1581,0.1373,0.1646,IDLE,IDLE,IDLE,IDLE,IDLE,IDLE,IDLE,IDLE,IDLE,IDLE,IDLE,IDLE,IDLE,IDLE,IDLE,IDLE,IDLE,IDLE,IDLE,IDLE,IDLE,IDLE,IDLE,IDLE,IDLE,IDLE,IDLE,IDLE,IDLE,IDLE,IDLE,IDLE,IDLE,IDLE,IDLE,IDLE,IDLE,IDLE,IDLE,IDLE,IDLE,IDLE,IDLE,IDLE,IDLE,IDLE,IDLE,IDLE,IDLE,IDLE
175,2024-01-08 07:00:01,0.00,0.00,0,0.0000,0.0000,0.00,0.9998,0.9999,0.9997,0.9997,0.9998,0.9998,0.9998,0.9997,0.9998,0.9998,0.9999,0.9997,0.9998,0.9999,0.9998,0.9999,0.9998,0.9998,0.9998,0.9998,0.9998,0.9998,0.9999,0.9998,0.9998,0.9998,0.9998,0.9998,0.9998,0.9997,0.9998,0.9998,0.9998,0.9998,0.9998,0.9997,0.9996,0.9998,0.9998,0.9998,0.9998,0.9998,0.9998,0.9998,0.9997,0.9997,0.9998,0.9999,0.9998,0.9999,0.1622,0.1872,0.1898,0.1763,0.1969,0.1614,0.1677,0.1781,0.1623,0.1490,0.1997,0.1315,0.1870,0.1542,0.1730,0.1542,0.1970,0.1985,0.1753,0.1642,0.1937,0.1970,0.1982,0.1980,0.1844,0.1987,0.1970,0.1490,0.1759,0.1861,0.1491,0.1286,0.1623,0.1668,0.1993,0.1763,0.1879,0.1286,0.1709,0.1911,0.1677,0.1626,0.1409,0.1980,0.1412,0.1557,0.1569,0.1581,0.1373,0.1646,IDLE,IDLE,IDLE,IDLE,IDLE,IDLE,IDLE,IDLE,IDLE,IDLE,IDLE,IDLE,IDLE,IDLE,IDLE,IDLE,IDLE,IDLE,IDLE,IDLE,IDLE,IDLE,IDLE,IDLE,IDLE,IDLE,IDLE,IDLE,IDLE,IDLE,IDLE,IDLE,IDLE,IDLE,IDLE,IDLE,IDLE,IDLE,IDLE,IDLE,IDLE,IDLE,IDLE,IDLE,IDLE,IDLE,IDLE,IDLE,IDLE,IDLE
176,2024-01-08 08:00:01,0.00,0.00,0,0.0000,0.0000,0.00,0.9998,0.9999,0.9997,0.9997,0.9998,0.9998,0.9998,0.9997,0.9998,0.9998,0.9999,0.9997,0.9998,0.9999,0.9998,0.9999,0.9998,0.9998,0.9998,0.9998,0.9998,0.9998,0.9999,0.9998,0.9998,0.9998,0.9998,0.9998,0.9998,0.9997,0.9998,0.9998,0.9998,0.9998,0.9998,0.9997,0.9996,0.9998,0.9998,0.9998,0.9998,0.9998,0.9998,0.9998,0.9997,0.9997,0.9998,0.9999,0.9998,0.9999,0.1622,0.1872,0.1898,0.1763,0.1969,0.1614,0.1677,0.1781,0.1623,0.1490,0.1997,0.1315,0.1870,0.1542,0.1730,0.1542,0.1970,0.1985,0.1753,0.1642,0.1937,0.1970,0.1982,0.1980,0.1844,0.1987,0.1970,0.1490,0.1759,0.1861,0.1491,0.1286,0.1623,0.1668,0.1993,0.1763,0.1879,0.1286,0.1709,0.1911,0.1677,0.1626,0.1409,0.1980,0.1412,0.1557,0.1569,0.1581,0.1373,0.1646,IDLE,IDLE,IDLE,IDLE,IDLE,IDLE,IDLE,IDLE,IDLE,IDLE,IDLE,IDLE,IDLE,IDLE,IDLE,IDLE,IDLE,IDLE,IDLE,IDLE,IDLE,IDLE,IDLE,IDLE,IDLE,IDLE,IDLE,IDLE,IDLE,IDLE,IDLE,IDLE,IDLE,IDLE,IDLE,IDLE,IDLE,IDLE,IDLE,IDLE,IDLE,IDLE,IDLE,IDLE,IDLE,IDLE,IDLE,IDLE,IDLE,IDLE
177,2024-01-08 09:00:01,0.00,0.00,0,0.0000,0.0000,0.00,0.9998,0.9999,0.9997,0.9997,0.9998,0.9998,0.9998,0.9997,0.9998,0.9998,0.9999,0.9997,0.9998,0.9999,0.9998,0.9999,0.9998,0.9998,0.9998,0.9998,0.9998,0.9998,0.9999,0.9998,0.9998,0.9998,0.9998,0.9998,0.9998,0.9997,0.9998,0.9998,0.9998,0.9998,0.9998,0.9997,0.9996,0.9998,0.9998,0.9998,0.9998,0.9998,0.9998,0.9998,0.9997,0.9997,0.9998,0.9999,0.9998,0.9999,0.1622,0.1872,0.1898,0.1763,0.1969,0.1614,0.1677,0.1781,0.1623,0.1490,0.1997,0.1315,0.1870,0.1542,0.1730,0.1542,0.1970,0.1985,0.1753,0.1642,0.1937,0.1970,0.1982,0.1980,0.1844,0.1987,0.1970,0.1490,0.1759,0.1861,0.1491,0.1286,0.1623,0.1668,0.1993,0.1763,0.1879,0.1286,0.1709,0.1911,0.1677,0.1626,0.1409,0.1980,0.1412,0.1557,0.1569,0.1581,0.1373,0.1646,IDLE,IDLE,IDLE,IDLE,IDLE,IDLE,IDLE,IDLE,IDLE,IDLE,IDLE,IDLE,IDLE,IDLE,IDLE,IDLE,IDLE,IDLE,IDLE,IDLE,IDLE,IDLE,IDLE,IDLE,IDLE,IDLE,IDLE,IDLE,IDLE,IDLE,IDLE,IDLE,IDLE,IDLE,IDLE,IDLE,IDLE,IDLE,IDLE,IDLE,IDLE,IDLE,IDLE,IDLE,IDLE,IDLE,IDLE,IDLE,IDLE,IDLE
178,2024-01-08 10:00:01,0.00,0.00,0,0.0000,0.0000,0.00,0.9998,0.9999,0.9997,0.9997,0.9998,0.9998,0.9998,0.9997,0.9998,0.9998,0.9999,0.9997,0.9998,0.9999,0.9998,0.9999,0.9998,0.9998,0.9998,0.9998,0.9998,0.9998,0.9999,0.9998,0.9998,0.9998,0.9998,0.9998,0.9998,0.9997,0.9998,0.9998,0.9998,0.9998,0.9998,0.9997,0.9996,0.9998,0.9998,0.9998,0.9998,0.9998,0.9998,0.9998,0.9997,0.9997,0.9998,0.9999,0.9998,0.9999,0.1622,0.1872,0.1898,0.1763,0.1969,0.1614,0.1677,0.1781,0.1623,0.1490,0.1997,0.1315,0.1870,0.1542,0.1730,0.1542,0.1970,0.1985,0.1753,0.1642,0.1937,0.1970,0.1982,0.1980,0.1844,0.1987,0.1970,0.1490,0.1759,0.1861,0.1491,0.1286,0.1623,0.1668,0.1993,0.1763,0.1879,0.1286,0.1709,0.1911,0.1677,0.1626,0.1409,0.1980,0.1412,0.1557,0.1569,0.1581,0.1373,0.1646,IDLE,IDLE,IDLE,IDLE,IDLE,IDLE,IDLE,IDLE,IDLE,IDLE,IDLE,IDLE,IDLE,IDLE,IDLE,IDLE,IDLE,IDLE,IDLE,IDLE,IDLE,IDLE,IDLE,IDLE,IDLE,IDLE,IDLE,IDLE,IDLE,IDLE,IDLE,IDLE,IDLE,IDLE,IDLE,IDLE,IDLE,IDLE,IDLE,IDLE,IDLE,IDLE,IDLE,IDLE,IDLE,IDLE,IDLE,IDLE,IDLE,IDLE
179,2024-01-08 11:00:01,0.00,0.00,0,0.0000,0.0000,0.00,0.9998,0.9999,0.9997,0.9997,0.9998,0.9998,0.9998,0.9997,0.9998,0.9998,0.9999,0.9997,0.9998,0.9999,0.9998,0.9999,0.9998,0.9998,0.9998,0.9998,0.9998,0.9998,0.9999,0.9998,0.9998,0.9998,0.9998,0.9998,0.9998,0.9997,0.9998,0.9998,0.9998,0.9998,0.9998,0.9997,0.9996,0.9998,0.9998,0.9998,0.9998,0.9998,0.9998,0.9998,0.9997,0.9997,0.9998,0.9999,0.9998,0.9999,0.1622,0.1872,0.1898,0.1763,0.1969,0.1614,0.1677,0.1781,0.1623,0.1490,0.1997,0.1315,0.1870,0.1542,0.1730,0.1542,0.1970,0.1985,0.1753,0.1642,0.1937,0.1970,0.1982,0.1980,0.1844,0.1987,0.1970,0.1490,0.1759,0.1861,0.1491,0.1286,0.1623,0.1668,0.1993,0.1763,0.1879,0.1286,0.1709,0.1911,0.1677,0.1626,0.1409,0.1980,0.1412,0.1557,0.1569,0.1581,0.1373,0.1646,IDLE,IDLE,IDLE,IDLE,IDLE,IDLE,IDLE,IDLE,IDLE,IDLE,IDLE,IDLE,IDLE,IDLE,IDLE,IDLE,IDLE,IDLE,IDLE,IDLE,IDLE,IDLE,IDLE,IDLE,IDLE,IDLE,IDLE,IDLE,IDLE,IDLE,IDLE,IDLE,IDLE,IDLE,IDLE,IDLE,IDLE,IDLE,IDLE,IDLE,IDLE,IDLE,IDLE,IDLE,IDLE,IDLE,IDLE,IDLE,IDLE,IDLE
180,2024-01-08 12:00:01,0.00,0.00,0,0.0000,0.0000,0.00,0.9998,0.9999,0.9997,0.9997,0.9998,0.9998,0.9998,0.9997,0.9998,0.9998,0.9999,0.9997,0.9998,0.9999,0.9998,0.9999,0.9998,0.9998,0.9998,0.9998,0.9998,0.9998,0.9999,0.9998,0.9998,0.9998,0.9998,0.9998,0.9998,0.9997,0.9998,0.9998,0.9998,0.9998,0.9998,0.9997,0.9996,0.9998,0.9998,0.9998,0.9998,0.9998,0.9998,0.9998,0.9997,0.9997,0.9998,0.9999,0.9998,0.9999,0.1622,0.1872,0.1898,0.1763,0.1969,0.1614,0.1677,0.1781,0.1623,0.1490,0.1997,0.1315,0.1870,0.1542,0.1730,0.1542,0.1970,0.1985,0.1753,0.1642,0.1937,0.1970,0.1982,0.1980,0.1844,0.1987,0.1970,0.1490,0.1759,0.1861,0.1491,0.1286,0.1623,0.1668,0.1993,0.1763,0.1879,0.1286,0.1709,0.1911,0.1677,0.1626,0.1409,0.1980,0.1412,0.1557,0.1569,0.1581,0.1373,0.1646,IDLE,IDLE,IDLE,IDLE,IDLE,IDLE,IDLE,IDLE,IDLE,IDLE,IDLE,IDLE,IDLE,IDLE,IDLE,IDLE,IDLE,IDLE,IDLE,IDLE,IDLE,IDLE,IDLE,IDLE,IDLE,IDLE,IDLE,IDLE,IDLE,IDLE,IDLE,IDLE,IDLE,IDLE,IDLE,IDLE,IDLE,IDLE,IDLE,IDLE,IDLE,IDLE,IDLE,IDLE,IDLE,IDLE,IDLE,IDLE,IDLE,IDLE
181,2024-01-08 13:00:01,0.00,0.00,0,0.0000,0.0000,0.00,0.9998,0.9999,0.9997,0.9997,0.9998,0.9998,0.9998,0.9997,0.9998,0.9998,0.9999,0.9997,0.9998,0.9999,0.9998,0.9999,0.9998,0.9998,0.9998,0.9998,0.9998,0.9998,0.9999,0.9998,0.9998,0.9998,0.9998,0.9998,0.9998,0.9997,0.9998,0.9998,0.9998,0.9998,0.9998,0.9997,0.9996,0.9998,0.9998,0.9998,0.9998,0.9998,0.9998,0.9998,0.9997,0.9997,0.9998,0.9999,0.9998,0.9999,0.1622,0.1872,0.1898,0.1763,0.1969,0.1614,0.1677,0.1781,0.1623,0.1490,0.1997,0.1315,0.1870,0.1542,0.1730,0.1542,0.1970,0.1985,0.1753,0.1642,0.1937,0.1970,0.1982,0.1980,0.1844,0.1987,0.1970,0.1490,0.1759,0.1861,0.1491,0.1286,0.1623,0.1668,0.1993,0.1763,0.1879,0.1286,0.1709,0.1911,0.1677,0.1626,0.1409,0.1980,0.1412,0.1557,0.1569,0.1581,0.1373,0.1646,IDLE,IDLE,IDLE,IDLE,IDLE,IDLE,IDLE,IDLE,IDLE,IDLE,IDLE,IDLE,IDLE,IDLE,IDLE,IDLE,IDLE,IDLE,IDLE,IDLE,IDLE,IDLE,IDLE,IDLE,IDLE,IDLE,IDLE,IDLE,IDLE,IDLE,IDLE,IDLE,IDLE,IDLE,IDLE,IDLE,IDLE,IDLE,IDLE,IDLE,IDLE,IDLE,IDLE,IDLE,IDLE,IDLE,IDLE,IDLE,IDLE,IDLE
182,2024-01-08 14:00:01,0.00,0.00,0,0.0000,0.0000,0.00,0.9998,0.9999,0.9997,0.9997,0.9998,0.9998,0.9998,0.9997,0.9998,0.9998,0.9999,0.9997,0.9998,0.9999,0.9998,0.9999,0.9998,0.9998,0.9998,0.9998,0.9998,0.9998,0.9999,0.9998,0.9998,0.9998,0.9998,0.9998,0.9998,0.9997,0.9998,0.9998,0.9998,0.9998,0.9998,0.9997,0.9996,0.9998,0.9998,0.9998,0.9998,0.9998,0.9998,0.9998,0.9997,0.9997,0.9998,0.9999,0.9998,0.9999,0.1622,0.1872,0.1898,0.1763,0.1969,0.1614,0.1677,0.1781,0.1623,0.1490,0.1997,0.1315,0.1870,0.1542,0.1730,0.1542,0.1970,0.1985,0.1753,0.1642,0.1937,0.1970,0.1982,0.1980,0.1844,0.1987,0.1970,0.1490,0.1759,0.1861,0.1491,0.1286,0.1623,0.1668,0.1993,0.1763,0.1879,0.1286,0.1709,0.1911,0.1677,0.1626,0.1409,0.1980,0.1412,0.1557,0.1569,0.1581,0.1373,0.1646,IDLE,IDLE,IDLE,IDLE,IDLE,IDLE,IDLE,IDLE,IDLE,IDLE,IDLE,IDLE,IDLE,IDLE,IDLE,IDLE,IDLE,IDLE,IDLE,IDLE,IDLE,IDLE,IDLE,IDLE,IDLE,IDLE,IDLE,IDLE,IDLE,IDLE,IDLE,IDLE,IDLE,IDLE,IDLE,IDLE,IDLE,IDLE,IDLE,IDLE,IDLE,IDLE,IDLE,IDLE,IDLE,IDLE,IDLE,IDLE,IDLE,IDLE
183,2024-01-08 15:00:01,0.00,0.00,0,0.0000,0.0000,0.00,0.9998,0.9999,0.9997,0.9997,0.9998,0.9998,0.9998,0.9997,0.9998,0.9998,0.9999,0.9997,0.9998,0.9999,0.9998,0.9999,0.9998,0.9998,0.9998,0.9998,0.9998,0.9998,0.9999,0.9998,0.9998,0.9998,0.9998,0.9998,0.9998,0.9997,0.9998,0.9998,0.9998,0.9998,0.9998,0.9997,0.9996,0.9998,0.9998,0.9998,0.9998,0.9998,0.9998,0.9998,0.9997,0.9997,0.9998,0.9999,0.9998,0.9999,0.1622,0.1872,0.1898,0.1763,0.1969,0.1614,0.1677,0.1781,0.1623,0.1490,0.1997,0.1315,0.1870,0.1542,0.1730,0.1542,0.1970,0.1985,0.1753,0.1642,0.1937,0.1970,0.1982,0.1980,0.1844,0.1987,0.1970,0.1490,0.1759,0.1861,0.1491,0.1286,0.1623,0.1668,0.1993,0.1763,0.1879,0.1286,0.1709,0.1911,0.1677,0.1626,0.1409,0.1980,0.1412,0.1557,0.1569,0.1581,0.1373,0.1646,IDLE,IDLE,IDLE,IDLE,IDLE,IDLE,IDLE,IDLE,IDLE,IDLE,IDLE,IDLE,IDLE,IDLE,IDLE,IDLE,IDLE,IDLE,IDLE,IDLE,IDLE,IDLE,IDLE,IDLE,IDLE,IDLE,IDLE,IDLE,IDLE,IDLE,IDLE,IDLE,IDLE,IDLE,IDLE,IDLE,IDLE,IDLE,IDLE,IDLE,IDLE,IDLE,IDLE,IDLE,IDLE,IDLE,IDLE,IDLE,IDLE,IDLE
184,2024-01-08 16:00:01,0.00,0.00,0,0.0000,0.0000,0.00,0.9998,0.9999,0.9997,0.9997,0.9998,0.9998,0.9998,0.9997,0.9998,0.9998,0.9999,0.9997,0.9998,0.9999,0.9998,0.9999,0.9998,0.9998,0.9998,0.9998,0.9998,0.9998,0.9999,0.9998,0.9998,0.9998,0.9998,0.9998,0.9998,0.9997,0.9998,0.9998,0.9998,0.9998,0.9998,0.9997,0.9996,0.9998,0.9998,0.9998,0.9998,0.9998,0.9998,0.9998,0.9997,0.9997,0.9998,0.9999,0.9998,0.9999,0.1622,0.1872,0.1898,0.1763,0.1969,0.1614,0.1677,0.1781,0.1623,0.1490,0.1997,0.1315,0.1870,0.1542,0.1730,0.1542,0.1970,0.1985,0.1753,0.1642,0.1937,0.1970,0.1982,0.1980,0.1844,0.1987,0.1970,0.1490,0.1759,0.1861,0.1491,0.1286,0.1623,0.1668,0.1993,0.1763,0.1879,0.1286,0.1709,0.1911,0.1677,0.1626,0.1409,0.1980,0.1412,0.1557,0.1569,0.1581,0.1373,0.1646,IDLE,IDLE,IDLE,IDLE,IDLE,IDLE,IDLE,IDLE,IDLE,IDLE,IDLE,IDLE,IDLE,IDLE,IDLE,IDLE,IDLE,IDLE,IDLE,IDLE,IDLE,IDLE,IDLE,IDLE,IDLE,IDLE,IDLE,IDLE,IDLE,IDLE,IDLE,IDLE,IDLE,IDLE,IDLE,IDLE,IDLE,IDLE,IDLE,IDLE,IDLE,IDLE,IDLE,IDLE,IDLE,IDLE,IDLE,IDLE,IDLE,IDLE
185,2024-01-08 17:00:01,0.00,0.00,0,0.0000,0.0000,0.00,0.9998,0.9999,0.9997,0.9997,0.9998,0.9998,0.9998,0.9997,0.9998,0.9998,0.9999,0.9997,0.9998,0.9999,0.9998,0.9999,0.9998,0.9998,0.9998,0.9998,0.9998,0.9998,0.9999,0.9998,0.9998,0.9998,0.9998,0.9998,0.9998,0.9997,0.9998,0.9998,0.9998,0.9998,0.9998,0.9997,0.9996,0.9998,0.9998,0.9998,0.9998,0.9998,0.9998,0.9998,0.9997,0.9997,0.9998,0.9999,0.9998,0.9999,0.1622,0.1872,0.1898,0.1763,0.1969,0.1614,0.1677,0.1781,0.1623,0.1490,0.1997,0.1315,0.1870,0.1542,0.1730,0.1542,0.1970,0.1985,0.1753,0.1642,0.1937,0.1970,0.1982,0.1980,0.1844,0.1987,0.1970,0.1490,0.1759,0.1861,0.1491,0.1286,0.1623,0.1668,0.1993,0.1763,0.1879,0.1286,0.1709,0.1911,0.1677,0.1626,0.1409,0.1980,0.1412,0.1557,0.1569,0.1581,0.1373,0.1646,IDLE,IDLE,IDLE,IDLE,IDLE,IDLE,IDLE,IDLE,IDLE,IDLE,IDLE,IDLE,IDLE,IDLE,IDLE,IDLE,IDLE,IDLE,IDLE,IDLE,IDLE,IDLE,IDLE,IDLE,IDLE,IDLE,IDLE,IDLE,IDLE,IDLE,IDLE,IDLE,IDLE,IDLE,IDLE,IDLE,IDLE,IDLE,IDLE,IDLE,IDLE,IDLE,IDLE,IDLE,IDLE,IDLE,IDLE,IDLE,IDLE,IDLE
186,2024-01-08 18:00:01,0.00,0.00,0,0.0000,0.0000,0.00,0.9998,0.9999,0.9997,0.9997,0.9998,0.9998,0.9998,0.9997,0.9998,0.9998,0.9999,0.9997,0.9998,0.9999,0.9998,0.9999,0.9998,0.9998,0.9998,0.9998,0.9998,0.9998,0.9999,0.9998,0.9998,0.9998,0.9998,0.9998,0.9998,0.9997,0.9998,0.9998,0.9998,0.9998,0.9998,0.9997,0.9996,0.9998,0.9998,0.9998,0.9998,0.9998,0.9998,0.9998,0.9997,0.9997,0.9998,0.9999,0.9998,0.9999,0.1622,0.1872,0.1898,0.1763,0.1969,0.1614,0.1677,0.1781,0.1623,0.1490,0.1997,0.1315,0.1870,0.1542,0.1730,0.1542,0.1970,0.1985,0.1753,0.1642,0.1937,0.1970,0.1982,0.1980,0.1844,0.1987,0.1970,0.1490,0.1759,0.1861,0.1491,0.1286,0.1623,0.1668,0.1993,0.1763,0.1879,0.1286,0.1709,0.1911,0.1677,0.1626,0.1409,0.1980,0.1412,0.1557,0.1569,0.1581,0.1373,0.1646,IDLE,IDLE,IDLE,IDLE,IDLE,IDLE,IDLE,IDLE,IDLE,IDLE,IDLE,IDLE,IDLE,IDLE,IDLE,IDLE,IDLE,IDLE,IDLE,IDLE,IDLE,IDLE,IDLE,IDLE,IDLE,IDLE,IDLE,IDLE,IDLE,IDLE,IDLE,IDLE,IDLE,IDLE,IDLE,IDLE,IDLE,IDLE,IDLE,IDLE,IDLE,IDLE,IDLE,IDLE,IDLE,IDLE,IDLE,IDLE,IDLE,IDLE
187,2024-01-08 19:00:01,0.00,0.00,0,0.0000,0.0000,0.00,0.9998,0.9999,0.9997,0.9997,0.9998,0.9998,0.9998,0.9997,0.9998,0.9998,0.9999,0.9997,0.9998,0.9999,0.9998,0.9999,0.9998,0.9998,0.9998,0.9998,0.9998,0.9998,0.9999,0.9998,0.9998,0.9998,0.9998,0.9998,0.9998,0.9997,0.9998,0.9998,0.9998,0.9998,0.9998,0.9997,0.9996,0.9998,0.9998,0.9998,0.9998,0.9998,0.9998,0.9998,0.9997,0.9997,0.9998,0.9999,0.9998,0.9999,0.1622,0.1872,0.1898,0.1763,0.1969,0.1614,0.1677,0.1781,0.1623,0.1490,0.1997,0.1315,0.1870,0.1542,0.1730,0.1542,0.1970,0.1985,0.1753,0.1642,0.1937,0.1970,0.1982,0.1980,0.1844,0.1987,0.1970,0.1490,0.1759,0.1861,0.1491,0.1286,0.1623,0.1668,0.1993,0.1763,0.1879,0.1286,0.1709,0.1911,0.1677,0.1626,0.1409,0.1980,0.1412,0.1557,0.1569,0.1581,0.1373,0.1646,IDLE,IDLE,IDLE,IDLE,IDLE,IDLE,IDLE,IDLE,IDLE,IDLE,IDLE,IDLE,IDLE,IDLE,IDLE,IDLE,IDLE,IDLE,IDLE,IDLE,IDLE,IDLE,IDLE,IDLE,IDLE,IDLE,IDLE,IDLE,IDLE,IDLE,IDLE,IDLE,IDLE,IDLE,IDLE,IDLE,IDLE,IDLE,IDLE,IDLE,IDLE,IDLE,IDLE,IDLE,IDLE,IDLE,IDLE,IDLE,IDLE,IDLE
188,2024-01-08 20:00:01,0.00,0.00,0,0.0000,0.0000,0.00,0.9998,0.9999,0.9997,0.9997,0.9998,0.9998,0.9998,0.9997,0.9998,0.9998,0.9999,0.9997,0.9998,0.9999,0.9998,0.9999,0.9998,0.9998,0.9998,0.9998,0.9998,0.9998,0.9999,0.9998,0.9998,0.9998,0.9998,0.9998,0.9998,0.9997,0.9998,0.9998,0.9998,0.9998,0.9998,0.9997,0.9996,0.9998,0.9998,0.9998,0.9998,0.9998,0.9998,0.9998,0.9997,0.9997,0.9998,0.9999,0.9998,0.9999,0.1622,0.1872,0.1898,0.1763,0.1969,0.1614,0.1677,0.1781,0.1623,0.1490,0.1997,0.1315,0.1870,0.1542,0.1730,0.1542,0.1970,0.1985,0.1753,0.1642,0.1937,0.1970,0.1982,0.1980,0.1844,0.1987,0.1970,0.1490,0.1759,0.1861,0.1491,0.1286,0.1623,0.1668,0.1993,0.1763,0.1879,0.1286,0.1709,0.1911,0.1677,0.1626,0.1409,0.1980,0.1412,0.1557,0.1569,0.1581,0.1373,0.1646,IDLE,IDLE,IDLE,IDLE,IDLE,IDLE,IDLE,IDLE,IDLE,IDLE,IDLE,IDLE,IDLE,IDLE,IDLE,IDLE,IDLE,IDLE,IDLE,IDLE,IDLE,IDLE,IDLE,IDLE,IDLE,IDLE,IDLE,IDLE,IDLE,IDLE,IDLE,IDLE,IDLE,IDLE,IDLE,IDLE,IDLE,IDLE,IDLE,IDLE,IDLE,IDLE,IDLE,IDLE,IDLE,IDLE,IDLE,IDLE,IDLE,IDLE
189,2024-01-08 21:00:01,0.00,0.00,0,0.0000,0.0000,0.00,0.9998,0.9999,0.9997,0.9997,0.9998,0.9998,0.9998,0.9997,0.9998,0.9998,0.9999,0.9997,0.9998,0.9999,0.9998,0.9999,0.9998,0.9998,0.9998,0.9998,0.9998,0.9998,0.9999,0.9998,0.9998,0.9998,0.9998,0.9998,0.9998,0.9997,0.9998,0.9998,0.9998,0.9998,0.9998,0.9997,0.9996,0.9998,0.9998,0.9998,0.9998,0.9998,0.9998,0.9998,0.9997,0.9997,0.9998,0.9999,0.9998,0.9999,0.1622,0.1872,0.1898,0.1763,0.1969,0.1614,0.1677,0.1781,0.1623,0.1490,0.1997,0.1315,0.1870,0.1542,0.1730,0.1542,0.1970,0.1985,0.1753,0.1642,0.1937,0.1970,0.1982,0.1980,0.1844,0.1987,0.1970,0.1490,0.1759,0.1861,0.1491,0.1286,0.1623,0.1668,0.1993,0.1763,0.1879,0.1286,0.1709,0.1911,0.1677,0.1626,0.1409,0.1980,0.1412,0.1557,0.1569,0.1581,0.1373,0.1646,IDLE,IDLE,IDLE,IDLE,IDLE,IDLE,IDLE,IDLE,IDLE,IDLE,IDLE,IDLE,IDLE,IDLE,IDLE,IDLE,IDLE,IDLE,IDLE,IDLE,IDLE,IDLE,IDLE,IDLE,IDLE,IDLE,IDLE,IDLE,IDLE,IDLE,IDLE,IDLE,IDLE,IDLE,IDLE,IDLE,IDLE,IDLE,IDLE,IDLE,IDLE,IDLE,IDLE,IDLE,IDLE,IDLE,IDLE,IDLE,IDLE,IDLE
190,2024-01-08 22:00:01,0.00,0.00,0,0.0000,0.0000,0.00,0.9998,0.9999,0.9997,0.9997,0.9998,0.9998,0.9998,0.9997,0.9998,0.9998,0.9999,0.9997,0.9998,0.9999,0.9998,0.9999,0.9998,0.9998,0.9998,0.9998,0.9998,0.9998,0.9999,0.9998,0.9998,0.9998,0.9998,0.9998,0.9998,0.9997,0.9998,0.9998,0.9998,0.9998,0.9998,0.9997,0.9996,0.9998,0.9998,0.9998,0.9998,0.9998,0.9998,0.9998,0.9997,0.9997,0.9998,0.9999,0.9998,0.9999,0.1622,0.1872,0.1898,0.1763,0.1969,0.1614,0.1677,0.1781,0.1623,0.1490,0.1997,0.1315,0.1870,0.1542,0.1730,0.1542,0.1970,0.1985,0.1753,0.1642,0.1937,0.1970,0.1982,0.1980,0.1844,0.1987,0.1970,0.1490,0.1759,0.1861,0.1491,0.1286,0.1623,0.1668,0.1993,0.1763,0.1879,0.1286,0.1709,0.1911,0.1677,0.1626,0.1409,0.1980,0.1412,0.1557,0.1569,0.1581,0.1373,0.1646,IDLE,IDLE,IDLE,IDLE,IDLE,IDLE,IDLE,IDLE,IDLE,IDLE,IDLE,IDLE,IDLE,IDLE,IDLE,IDLE,IDLE,IDLE,IDLE,IDLE,IDLE,IDLE,IDLE,IDLE,IDLE,IDLE,IDLE,IDLE,IDLE,IDLE,IDLE,IDLE,IDLE,IDLE,IDLE,IDLE,IDLE,IDLE,IDLE,IDLE,IDLE,IDLE,IDLE,IDLE,IDLE,IDLE,IDLE,IDLE,IDLE,IDLE
191,2024-01-08 23:00:01,0.00,0.00,0,0.0000,0.0000,0.00,0.9998,0.9999,0.9997,0.9997,0.9998,0.9998,0.9998,0.9997,0.9998,0.9998,0.9999,0.9997,0.9998,0.9999,0.9998,0.9999,0.9998,0.9998,0.9998,0.9998,0.9998,0.9998,0.9999,0.9998,0.9998,0.9998,0.9998,0.9998,0.9998,0.9997,0.9998,0.9998,0.9998,0.9998,0.9998,0.9997,0.9996,0.9998,0.9998,0.9998,0.9998,0.9998,0.9998,0.9998,0.9997,0.9997,0.9998,0.9999,0.9998,0.9999,0.1622,0.1872,0.1898,0.1763,0.1969,0.1614,0.1677,0.1781,0.1623,0.1490,0.1997,0.1315,0.1870,0.1542,0.1730,0.1542,0.1970,0.1985,0.1753,0.1642,0.1937,0.1970,0.1982,0.1980,0.1844,0.1987,0.1970,0.1490,0.1759,0.1861,0.1491,0.1286,0.1623,0.1668,0.1993,0.1763,0.1879,0.1286,0.1709,0.1911,0.1677,0.1626,0.1409,0.1980,0.1412,0.1557,0.1569,0.1581,0.1373,0.1646,IDLE,IDLE,IDLE,IDLE,IDLE,IDLE,IDLE,IDLE,IDLE,IDLE,IDLE,IDLE,IDLE,IDLE,IDLE,IDLE,IDLE,IDLE,IDLE,IDLE,IDLE,IDLE,IDLE,IDLE,IDLE,IDLE,IDLE,IDLE,IDLE,IDLE,IDLE,IDLE,IDLE,IDLE,IDLE,IDLE,IDLE,IDLE,IDLE,IDLE,IDLE,IDLE,IDLE,IDLE,IDLE,IDLE,IDLE,IDLE,IDLE,IDLE
192,2024-01-09 00:00:01,0.00,0.00,0,0.0000,0.0000,0.00,0.9998,0.9999,0.9997,0.9997,0.9998,0.9998,0.9998,0.9997,0.9998,0.9998,0.9999,0.9997,0.9998,0.9999,0.9998,0.9999,0.9998,0.9998,0.9998,0.9998,0.9998,0.9998,0.9999,0.9998,0.9998,0.9998,0.9998,0.9998,0.9998,0.9997,0.9998,0.9998,0.9998,0.9998,0.9998,0.9997,0.9996,0.9998,0.9998,0.9998,0.9998,0.9998,0.9998,0.9998,0.9997,0.9997,0.9998,0.9999,0.9998,0.9999,0.1622,0.1872,0.1898,0.1763,0.1969,0.1614,0.1677,0.1781,0.1623,0.1490,0.1997,0.1315,0.1870,0.1542,0.1730,0.1542,0.1970,0.1985,0.1753,0.1642,0.1937,0.1970,0.1982,0.1980,0.1844,0.1987,0.1970,0.1490,0.1759,0.1861,0.1491,0.1286,0.1623,0.1668,0.1993,0.1763,0.1879,0.1286,0.1709,0.1911,0.1677,0.1626,0.1409,0.1980,0.1412,0.1557,0.1569,0.1581,0.1373,0.1646,IDLE,IDLE,IDLE,IDLE,IDLE,IDLE,IDLE,IDLE,IDLE,IDLE,IDLE,IDLE,IDLE,IDLE,IDLE,IDLE,IDLE,IDLE,IDLE,IDLE,IDLE,IDLE,IDLE,IDLE,IDLE,IDLE,IDLE,IDLE,IDLE,IDLE,IDLE,IDLE,IDLE,IDLE,IDLE,IDLE,IDLE,IDLE,IDLE,IDLE,IDLE,IDLE,IDLE,IDLE,IDLE,IDLE,IDLE,IDLE,IDLE,IDLE
193,2024-01-09 01:00:01,0.00,0.00,0,0.0000,0.0000,0.00,0.9998,0.9999,0.9997,0.9997,0.9998,0.9998,0.9998,0.9997,0.9998,0.9998,0.9999,0.9997,0.9998,0.9999,0.9998,0.9999,0.9998,0.9998,0.9998,0.9998,0.9998,0.9998,0.9999,0.9998,0.9998,0.9998,0.9998,0.9998,0.9998,0.9997,0.9998,0.9998,0.9998,0.9998,0.9998,0.9997,0.9996,0.9998,0.9998,0.9998,0.9998,0.9998,0.9998,0.9998,0.9997,0.9997,0.9998,0.9999,0.9998,0.9999,0.1622,0.1872,0.1898,0.1763,0.1969,0.1614,0.1677,0.1781,0.1623,0.1490,0.1997,0.1315,0.1870,0.1542,0.1730,0.1542,0.1970,0.1985,0.1753,0.1642,0.1937,0.1970,0.1982,0.1980,0.1844,0.1987,0.1970,0.1490,0.1759,0.1861,0.1491,0.1286,0.1623,0.1668,0.1993,0.1763,0.1879,0.1286,0.1709,0.1911,0.1677,0.1626,0.1409,0.1980,0.1412,0.1557,0.1569,0.1581,0.1373,0.1646,IDLE,IDLE,IDLE,IDLE,IDLE,IDLE,IDLE,IDLE,IDLE,IDLE,IDLE,IDLE,IDLE,IDLE,IDLE,IDLE,IDLE,IDLE,IDLE,IDLE,IDLE,IDLE,IDLE,IDLE,IDLE,IDLE,IDLE,IDLE,IDLE,IDLE,IDLE,IDLE,IDLE,IDLE,IDLE,IDLE,IDLE,IDLE,IDLE,IDLE,IDLE,IDLE,IDLE,IDLE,IDLE,IDLE,IDLE,IDLE,IDLE,IDLE
194,2024-01-09 02:00:01,0.00,0.00,0,0.0000,0.0000,0.00,0.9998,0.9999,0.9997,0.9997,0.9998,0.9998,0.9998,0.9997,0.9998,0.9998,0.9999,0.9997,0.9998,0.9999,0.9998,0.9999,0.9998,0.9998,0.9998,0.9998,0.9998,0.9998,0.9999,0.9998,0.9998,0.9998,0.9998,0.9998,0.9998,0.9997,0.9998,0.9998,0.9998,0.9998,0.9998,0.9997,0.9996,0.9998,0.9998,0.9998,0.9998,0.9998,0.9998,0.9998,0.9997,0.9997,0.9998,0.9999,0.9998,0.9999,0.1622,0.1872,0.1898,0.1763,0.1969,0.1614,0.1677,0.1781,0.1623,0.1490,0.1997,0.1315,0.1870,0.1542,0.1730,0.1542,0.1970,0.1985,0.1753,0.1642,0.1937,0.1970,0.1982,0.1980,0.1844,0.1987,0.1970,0.1490,0.1759,0.1861,0.1491,0.1286,0.1623,0.1668,0.1993,0.1763,0.1879,0.1286,0.1709,0.1911,0.1677,0.1626,0.1409,0.1980,0.1412,0.1557,0.1569,0.1581,0.1373,0.1646,IDLE,IDLE,IDLE,IDLE,IDLE,IDLE,IDLE,IDLE,IDLE,IDLE,IDLE,IDLE,IDLE,IDLE,IDLE,IDLE,IDLE,IDLE,IDLE,IDLE,IDLE,IDLE,IDLE,IDLE,IDLE,IDLE,IDLE,IDLE,IDLE,IDLE,IDLE,IDLE,IDLE,IDLE,IDLE,IDLE,IDLE,IDLE,IDLE,IDLE,IDLE,IDLE,IDLE,IDLE,IDLE,IDLE,IDLE,IDLE,IDLE,IDLE
195,2024-01-09 03:00:01,0.00,0.00,0,0.0000,0.0000,0.00,0.9998,0.9999,0.9997,0.9997,0.9998,0.9998,0.9998,0.9997,0.9998,0.9998,0.9999,0.9997,0.9998,0.9999,0.9998,0.9999,0.9998,0.9998,0.9998,0.9998,0.9998,0.9998,0.9999,0.9998,0.9998,0.9998,0.9998,0.9998,0.9998,0.9997,0.9998,0.9998,0.9998,0.9998,0.9998,0.9997,0.9996,0.9998,0.9998,0.9998,0.9998,0.9998,0.9998,0.9998,0.9997,0.9997,0.9998,0.9999,0.9998,0.9999,0.1622,0.1872,0.1898,0.1763,0.1969,0.1614,0.1677,0.1781,0.1623,0.1490,0.1997,0.1315,0.1870,0.1542,0.1730,0.1542,0.1970,0.1985,0.1753,0.1642,0.1937,0.1970,0.1982,0.1980,0.1844,0.1987,0.1970,0.1490,0.1759,0.1861,0.1491,0.1286,0.1623,0.1668,0.1993,0.1763,0.1879,0.1286,0.1709,0.1911,0.1677,0.1626,0.1409,0.1980,0.1412,0.1557,0.1569,0.1581,0.1373,0.1646,IDLE,IDLE,IDLE,IDLE,IDLE,IDLE,IDLE,IDLE,IDLE,IDLE,IDLE,IDLE,IDLE,IDLE,IDLE,IDLE,IDLE,IDLE,IDLE,IDLE,IDLE,IDLE,IDLE,IDLE,IDLE,IDLE,IDLE,IDLE,IDLE,IDLE,IDLE,IDLE,IDLE,IDLE,IDLE,IDLE,IDLE,IDLE,IDLE,IDLE,IDLE,IDLE,IDLE,IDLE,IDLE,IDLE,IDLE,IDLE,IDLE,IDLE
196,2024-01-09 04:00:01,0.00,0.00,0,0.0000,0.0000,0.00,0.9998,0.9999,0.9997,0.9997,0.9998,0.9998,0.9998,0.9997,0.9998,0.9998,0.9999,0.9997,0.9998,0.9999,0.9998,0.9999,0.9998,0.9998,0.9998,0.9998,0.9998,0.9998,0.9999,0.9998,0.9998,0.9998,0.9998,0.9998,0.9998,0.9997,0.9998,0.9998,0.9998,0.9998,0.9998,0.9997,0.9996,0.9998,0.9998,0.9998,0.9998,0.9998,0.9998,0.9998,0.9997,0.9997,0.9998,0.9999,0.9998,0.9999,0.1622,0.1872,0.1898,0.1763,0.1969,0.1614,0.1677,0.1781,0.1623,0.1490,0.1997,0.1315,0.1870,0.1542,0.1730,0.1542,0.1970,0.1985,0.1753,0.1642,0.1937,0.1970,0.1982,0.1980,0.1844,0.1987,0.1970,0.1490,0.1759,0.1861,0.1491,0.1286,0.1623,0.1668,0.1993,0.1763,0.1879,0.1286,0.1709,0.1911,0.1677,0.1626,0.1409,0.1980,0.1412,0.1557,0.1569,0.1581,0.1373,0.1646,IDLE,IDLE,IDLE,IDLE,IDLE,IDLE,IDLE,IDLE,IDLE,IDLE,IDLE,IDLE,IDLE,IDLE,IDLE,IDLE,IDLE,IDLE,IDLE,IDLE,IDLE,IDLE,IDLE,IDLE,IDLE,IDLE,IDLE,IDLE,IDLE,IDLE,IDLE,IDLE,IDLE,IDLE,IDLE,IDLE,IDLE,IDLE,IDLE,IDLE,IDLE,IDLE,IDLE,IDLE,IDLE,IDLE,IDLE,IDLE,IDLE,IDLE
197,2024-01-09 05:00:01,0.00,0.00,0,0.0000,0.0000,0.00,0.9998,0.9999,0.9997,0.9997,0.9998,0.9998,0.9998,0.9997,0.9998,0.9998,0.9999,0.9997,0.9998,0.9999,0.9998,0.9999,0.9998,0.9998,0.9998,0.9998,0.9998,0.9998,0.9999,0.9998,0.9998,0.9998,0.9998,0.9998,0.9998,0.9997,0.9998,0.9998,0.9998,0.9998,0.9998,0.9997,0.9996,0.9998,0.9998,0.9998,0.9998,0.9998,0.9998,0.9998,0.9997,0.9997,0.9998,0.9999,0.9998,0.9999,0.1622,0.1872,0.1898,0.1763,0.1969,0.1614,0.1677,0.1781,0.1623,0.1490,0.1997,0.1315,0.1870,0.1542,0.1730,0.1542,0.1970,0.1985,0.1753,0.1642,0.1937,0.1970,0.1982,0.1980,0.1844,0.1987,0.1970,0.1490,0.1759,0.1861,0.1491,0.1286,0.1623,0.1668,0.1993,0.1763,0.1879,0.1286,0.1709,0.1911,0.1677,0.1626,0.1409,0.1980,0.1412,0.1557,0.1569,0.1581,0.1373,0.1646,IDLE,IDLE,IDLE,IDLE,IDLE,IDLE,IDLE,IDLE,IDLE,IDLE,IDLE,IDLE,IDLE,IDLE,IDLE,IDLE,IDLE,IDLE,IDLE,IDLE,IDLE,IDLE,IDLE,IDLE,IDLE,IDLE,IDLE,IDLE,IDLE,IDLE,IDLE,IDLE,IDLE,IDLE,IDLE,IDLE,IDLE,IDLE,IDLE,IDLE,IDLE,IDLE,IDLE,IDLE,IDLE,IDLE,IDLE,IDLE,IDLE,IDLE
198,2024-01-09 06:00:01,0.00,0.00,0,0.0000,0.0000,0.00,0.9998,0.9999,0.9997,0.9997,0.9998,0.9998,0.9998,0.9997,0.9998,0.9998,0.9999,0.9997,0.9998,0.9999,0.9998,0.9999,0.9998,0.9998,0.9998,0.9998,0.9998,0.9998,0.9999,0.9998,0.9998,0.9998,0.9998,0.9998,0.9998,0.9997,0.9998,0.9998,0.9998,0.9998,0.9998,0.9997,0.9996,0.9998,0.9998,0.9998,0.9998,0.9998,0.9998,0.9998,0.9997,0.9997,0.9998,0.9999,0.9998,0.9999,0.1622,0.1872,0.1898,0.1763,0.1969,0.1614,0.1677,0.1781,0.1623,0.1490,0.1997,0.1315,0.1870,0.1542,0.1730,0.1542,0.1970,0.1985,0.1753,0.1642,0.1937,0.1970,0.1982,0.1980,0.1844,0.1987,0.1970,0.1490,0.1759,0.1861,0.1491,0.1286,0.1623,0.1668,0.1993,0.1763,0.1879,0.1286,0.1709,0.1911,0.1677,0.1626,0.1409,0.1980,0.1412,0.1557,0.1569,0.1581,0.1373,0.1646,IDLE,IDLE,IDLE,IDLE,IDLE,IDLE,IDLE,IDLE,IDLE,IDLE,IDLE,IDLE,IDLE,IDLE,IDLE,IDLE,IDLE,IDLE,IDLE,IDLE,IDLE,IDLE,IDLE,IDLE,IDLE,IDLE,IDLE,IDLE,IDLE,IDLE,IDLE,IDLE,IDLE,IDLE,IDLE,IDLE,IDLE,IDLE,IDLE,IDLE,IDLE,IDLE,IDLE,IDLE,IDLE,IDLE,IDLE,IDLE,IDLE,IDLE
199,2024-01-09 07:00:01,0.00,0.00,0,0.0000,0.0000,0.00,0.9998,0.9999,0.9997,0.9997,0.9998,0.9998,0.9998,0.9997,0.9998,0.9998,0.9999,0.9997,0.9998,0.9999,0.9998,0.9999,0.9998,0.9998,0.9998,0.9998,0.9998,0.9998,0.9999,0.9998,0.9998,0.9998,0.9998,0.9998,0.9998,0.9997,0.9998,0.9998,0.9998,0.9998,0.9998,0.9997,0.9996,0.9998,0.9998,0.9998,0.9998,0.9998,0.9998,0.9998,0.9997,0.9997,0.9998,0.9999,0.9998,0.9999,0.1622,0.1872,0.1898,0.1763,0.1969,0.1614,0.1677,0.1781,0.1623,0.1490,0.1997,0.1315,0.1870,0.1542,0.1730,0.1542,0.1970,0.1985,0.1753,0.1642,0.1937,0.1970,0.1982,0.1980,0.1844,0.1987,0.1970,0.1490,0.1759,0.1861,0.1491,0.1286,0.1623,0.1668,0.1993,0.1763,0.1879,0.1286,0.1709,0.1911,0.1677,0.1626,0.1409,0.1980,0.1412,0.1557,0.1569,0.1581,0.1373,0.1646,IDLE,IDLE,IDLE,IDLE,IDLE,IDLE,IDLE,IDLE,IDLE,IDLE,IDLE,IDLE,IDLE,IDLE,IDLE,IDLE,IDLE,IDLE,IDLE,IDLE,IDLE,IDLE,IDLE,IDLE,IDLE,IDLE,IDLE,IDLE,IDLE,IDLE,IDLE,IDLE,IDLE,IDLE,IDLE,IDLE,IDLE,IDLE,IDLE,IDLE,IDLE,IDLE,IDLE,IDLE,IDLE,IDLE,IDLE,IDLE,IDLE,IDLE
200,2024-01-09 08:00:01,0.00,0.00,0,0.0000,0.0000,0.00,0.9998,0.9999,0.9997,0.9997,0.9998,0.9998,0.9998,0.9997,0.9998,0.9998,0.9999,0.9997,0.9998,0.9999,0.9998,0.9999,0.9998,0.9998,0.9998,0.9998,0.9998,0.9998,0.9999,0.9998,0.9998,0.9998,0.9998,0.9998,0.9998,0.9997,0.9998,0.9998,0.9998,0.9998,0.9998,0.9997,0.9996,0.9998,0.9998,0.9998,0.9998,0.9998,0.9998,0.9998,0.9997,0.9997,0.9998,0.9999,0.9998,0.9999,0.1622,0.1872,0.1898,0.1763,0.1969,0.1614,0.1677,0.1781,0.1623,0.1490,0.1997,0.1315,0.1870,0.1542,0.1730,0.1542,0.1970,0.1985,0.1753,0.1642,0.1937,0.1970,0.1982,0.1980,0.1844,0.1987,0.1970,0.1490,0.1759,0.1861,0.1491,0.1286,0.1623,0.1668,0.1993,0.1763,0.1879,0.1286,0.1709,0.1911,0.1677,0.1626,0.1409,0.1980,0.1412,0.1557,0.1569,0.1581,0.1373,0.1646,IDLE,IDLE,IDLE,IDLE,IDLE,IDLE,IDLE,IDLE,IDLE,IDLE,IDLE,IDLE,IDLE,IDLE,IDLE,IDLE,IDLE,IDLE,IDLE,IDLE,IDLE,IDLE,IDLE,IDLE,IDLE,IDLE,IDLE,IDLE,IDLE,IDLE,IDLE,IDLE,IDLE,IDLE,IDLE,IDLE,IDLE,IDLE,IDLE,IDLE,IDLE,IDLE,IDLE,IDLE,IDLE,IDLE,IDLE,IDLE,IDLE,IDLE
201,2024-01-09 09:00:01,0.00,0.00,0,0.0000,0.0000,0.00,0.9998,0.9999,0.9997,0.9997,0.9998,0.9998,0.9998,0.9997,0.9998,0.9998,0.9999,0.9997,0.9998,0.9999,0.9998,0.9999,0.9998,0.9998,0.9998,0.9998,0.9998,0.9998,0.9999,0.9998,0.9998,0.9998,0.9998,0.9998,0.9998,0.9997,0.9998,0.9998,0.9998,0.9998,0.9998,0.9997,0.9996,0.9998,0.9998,0.9998,0.9998,0.9998,0.9998,0.9998,0.9997,0.9997,0.9998,0.9999,0.9998,0.9999,0.1622,0.1872,0.1898,0.1763,0.1969,0.1614,0.1677,0.1781,0.1623,0.1490,0.1997,0.1315,0.1870,0.1542,0.1730,0.1542,0.1970,0.1985,0.1753,0.1642,0.1937,0.1970,0.1982,0.1980,0.1844,0.1987,0.1970,0.1490,0.1759,0.1861,0.1491,0.1286,0.1623,0.1668,0.1993,0.1763,0.1879,0.1286,0.1709,0.1911,0.1677,0.1626,0.1409,0.1980,0.1412,0.1557,0.1569,0.1581,0.1373,0.1646,IDLE,IDLE,IDLE,IDLE,IDLE,IDLE,IDLE,IDLE,IDLE,IDLE,IDLE,IDLE,IDLE,IDLE,IDLE,IDLE,IDLE,IDLE,IDLE,IDLE,IDLE,IDLE,IDLE,IDLE,IDLE,IDLE,IDLE,IDLE,IDLE,IDLE,IDLE,IDLE,IDLE,IDLE,IDLE,IDLE,IDLE,IDLE,IDLE,IDLE,IDLE,IDLE,IDLE,IDLE,IDLE,IDLE,IDLE,IDLE,IDLE,IDLE
202,2024-01-09 10:00:01,0.00,0.00,0,0.0000,0.0000,0.00,0.9998,0.9999,0.9997,0.9997,0.9998,0.9998,0.9998,0.9997,0.9998,0.9998,0.9999,0.9997,0.9998,0.9999,0.9998,0.9999,0.9998,0.9998,0.9998,0.9998,0.9998,0.9998,0.9999,0.9998,0.9998,0.9998,0.9998,0.9998,0.9998,0.9997,0.9998,0.9998,0.9998,0.9998,0.9998,0.9997,0.9996,0.9998,0.9998,0.9998,0.9998,0.9998,0.9998,0.9998,0.9997,0.9997,0.9998,0.9999,0.9998,0.9999,0.1622,0.1872,0.1898,0.1763,0.1969,0.1614,0.1677,0.1781,0.1623,0.1490,0.1997,0.1315,0.1870,0.1542,0.1730,0.1542,0.1970,0.1985,0.1753,0.1642,0.1937,0.1970,0.1982,0.1980,0.1844,0.1987,0.1970,0.1490,0.1759,0.1861,0.1491,0.1286,0.1623,0.1668,0.1993,0.1763,0.1879,0.1286,0.1709,0.1911,0.1677,0.1626,0.1409,0.1980,0.1412,0.1557,0.1569,0.1581,0.1373,0.1646,IDLE,IDLE,IDLE,IDLE,IDLE,IDLE,IDLE,IDLE,IDLE,IDLE,IDLE,IDLE,IDLE,IDLE,IDLE,IDLE,IDLE,IDLE,IDLE,IDLE,IDLE,IDLE,IDLE,IDLE,IDLE,IDLE,IDLE,IDLE,IDLE,IDLE,IDLE,IDLE,IDLE,IDLE,IDLE,IDLE,IDLE,IDLE,IDLE,IDLE,IDLE,IDLE,IDLE,IDLE,IDLE,IDLE,IDLE,IDLE,IDLE,IDLE
203,2024-01-09 11:00:01,0.00,0.00,0,0.0000,0.0000,0.00,0.9998,0.9999,0.9997,0.9997,0.9998,0.9998,0.9998,0.9997,0.9998,0.9998,0.9999,0.9997,0.9998,0.9999,0.9998,0.9999,0.9998,0.9998,0.9998,0.9998,0.9998,0.9998,0.9999,0.9998,0.9998,0.9998,0.9998,0.9998,0.9998,0.9997,0.9998,0.9998,0.9998,0.9998,0.9998,0.9997,0.9996,0.9998,0.9998,0.9998,0.9998,0.9998,0.9998,0.9998,0.9997,0.9997,0.9998,0.9999,0.9998,0.9999,0.1622,0.1872,0.1898,0.1763,0.1969,0.1614,0.1677,0.1781,0.1623,0.1490,0.1997,0.1315,0.1870,0.1542,0.1730,0.1542,0.1970,0.1985,0.1753,0.1642,0.1937,0.1970,0.1982,0.1980,0.1844,0.1987,0.1970,0.1490,0.1759,0.1861,0.1491,0.1286,0.1623,0.1668,0.1993,0.1763,0.1879,0.1286,0.1709,0.1911,0.1677,0.1626,0.1409,0.1980,0.1412,0.1557,0.1569,0.1581,0.1373,0.1646,IDLE,IDLE,IDLE,IDLE,IDLE,IDLE,IDLE,IDLE,IDLE,IDLE,IDLE,IDLE,IDLE,IDLE,IDLE,IDLE,IDLE,IDLE,IDLE,IDLE,IDLE,IDLE,IDLE,IDLE,IDLE,IDLE,IDLE,IDLE,IDLE,IDLE,IDLE,IDLE,IDLE,IDLE,IDLE,IDLE,IDLE,IDLE,IDLE,IDLE,IDLE,IDLE,IDLE,IDLE,IDLE,IDLE,IDLE,IDLE,IDLE,IDLE
204,2024-01-09 12:00:01,0.00,0.00,0,0.0000,0.0000,0.00,0.9998,0.9999,0.9997,0.9997,0.9998,0.9998,0.9998,0.9997,0.9998,0.9998,0.9999,0.9997,0.9998,0.9999,0.9998,0.9999,0.9998,0.9998,0.9998,0.9998,0.9998,0.9998,0.9999,0.9998,0.9998,0.9998,0.9998,0.9998,0.9998,0.9997,0.9998,0.9998,0.9998,0.9998,0.9998,0.9997,0.9996,0.9998,0.9998,0.9998,0.9998,0.9998,0.9998,0.9998,0.9997,0.9997,0.9998,0.9999,0.9998,0.9999,0.1622,0.1872,0.1898,0.1763,0.1969,0.1614,0.1677,0.1781,0.1623,0.1490,0.1997,0.1315,0.1870,0.1542,0.1730,0.1542,0.1970,0.1985,0.1753,0.1642,0.1937,0.1970,0.1982,0.1980,0.1844,0.1987,0.1970,0.1490,0.1759,0.1861,0.1491,0.1286,0.1623,0.1668,0.1993,0.1763,0.1879,0.1286,0.1709,0.1911,0.1677,0.1626,0.1409,0.1980,0.1412,0.1557,0.1569,0.1581,0.1373,0.1646,IDLE,IDLE,IDLE,IDLE,IDLE,IDLE,IDLE,IDLE,IDLE,IDLE,IDLE,IDLE,IDLE,IDLE,IDLE,IDLE,IDLE,IDLE,IDLE,IDLE,IDLE,IDLE,IDLE,IDLE,IDLE,IDLE,IDLE,IDLE,IDLE,IDLE,IDLE,IDLE,IDLE,IDLE,IDLE,IDLE,IDLE,IDLE,IDLE,IDLE,IDLE,IDLE,IDLE,IDLE,IDLE,IDLE,IDLE,IDLE,IDLE,IDLE
205,2024-01-09 13:00:01,0.00,0.00,0,0.0000,0.0000,0.00,0.9998,0.9999,0.9997,0.9997,0.9998,0.9998,0.9998,0.9997,0.9998,0.9998,0.9999,0.9997,0.9998,0.9999,0.9998,0.9999,0.9998,0.9998,0.9998,0.9998,0.9998,0.9998,0.9999,0.9998,0.9998,0.9998,0.9998,0.9998,0.9998,0.9997,0.9998,0.9998,0.9998,0.9998,0.9998,0.9997,0.9996,0.9998,0.9998,0.9998,0.9998,0.9998,0.9998,0.9998,0.9997,0.9997,0.9998,0.9999,0.9998,0.9999,0.1622,0.1872,0.1898,0.1763,0.1969,0.1614,0.1677,0.1781,0.1623,0.1490,0.1997,0.1315,0.1870,0.1542,0.1730,0.1542,0.1970,0.1985,0.1753,0.1642,0.1937,0.1970,0.1982,0.1980,0.1844,0.1987,0.1970,0.1490,0.1759,0.1861,0.1491,0.1286,0.1623,0.1668,0.1993,0.1763,0.1879,0.1286,0.1709,0.1911,0.1677,0.1626,0.1409,0.1980,0.1412,0.1557,0.1569,0.1581,0.1373,0.1646,IDLE,IDLE,IDLE,IDLE,IDLE,IDLE,IDLE,IDLE,IDLE,IDLE,IDLE,IDLE,IDLE,IDLE,IDLE,IDLE,IDLE,IDLE,IDLE,IDLE,IDLE,IDLE,IDLE,IDLE,IDLE,IDLE,IDLE,IDLE,IDLE,IDLE,IDLE,IDLE,IDLE,IDLE,IDLE,IDLE,IDLE,IDLE,IDLE,IDLE,IDLE,IDLE,IDLE,IDLE,IDLE,IDLE,IDLE,IDLE,IDLE,IDLE
206,2024-01-09 14:00:01,0.00,0.00,0,0.0000,0.0000,0.00,0.9998,0.9999,0.9997,0.9997,0.9998,0.9998,0.9998,0.9997,0.9998,0.9998,0.9999,0.9997,0.9998,0.9999,0.9998,0.9999,0.9998,0.9998,0.9998,0.9998,0.9998,0.9998,0.9999,0.9998,0.9998,0.9998,0.9998,0.9998,0.9998,0.9997,0.9998,0.9998,0.9998,0.9998,0.9998,0.9997,0.9996,0.9998,0.9998,0.9998,0.9998,0.9998,0.9998,0.9998,0.9997,0.9997,0.9998,0.9999,0.9998,0.9999,0.1622,0.1872,0.1898,0.1763,0.1969,0.1614,0.1677,0.1781,0.1623,0.1490,0.1997,0.1315,0.1870,0.1542,0.1730,0.1542,0.1970,0.1985,0.1753,0.1642,0.1937,0.1970,0.1982,0.1980,0.1844,0.1987,0.1970,0.1490,0.1759,0.1861,0.1491,0.1286,0.1623,0.1668,0.1993,0.1763,0.1879,0.1286,0.1709,0.1911,0.1677,0.1626,0.1409,0.1980,0.1412,0.1557,0.1569,0.1581,0.1373,0.1646,IDLE,IDLE,IDLE,IDLE,IDLE,IDLE,IDLE,IDLE,IDLE,IDLE,IDLE,IDLE,IDLE,IDLE,IDLE,IDLE,IDLE,IDLE,IDLE,IDLE,IDLE,IDLE,IDLE,IDLE,IDLE,IDLE,IDLE,IDLE,IDLE,IDLE,IDLE,IDLE,IDLE,IDLE,IDLE,IDLE,IDLE,IDLE,IDLE,IDLE,IDLE,IDLE,IDLE,IDLE,IDLE,IDLE,IDLE,IDLE,IDLE,IDLE
207,2024-01-09 15:00:01,0.00,0.00,0,0.0000,0.0000,0.00,0.9998,0.9999,0.9997,0.9997,0.9998,0.9998,0.9998,0.9997,0.9998,0.9998,0.9999,0.9997,0.9998,0.9999,0.9998,0.9999,0.9998,0.9998,0.9998,0.9998,0.9998,0.9998,0.9999,0.9998,0.9998,0.9998,0.9998,0.9998,0.9998,0.9997,0.9998,0.9998,0.9998,0.9998,0.9998,0.9997,0.9996,0.9998,0.9998,0.9998,0.9998,0.9998,0.9998,0.9998,0.9997,0.9997,0.9998,0.9999,0.9998,0.9999,0.1622,0.1872,0.1898,0.1763,0.1969,0.1614,0.1677,0.1781,0.1623,0.1490,0.1997,0.1315,0.1870,0.1542,0.1730,0.1542,0.1970,0.1985,0.1753,0.1642,0.1937,0.1970,0.1982,0.1980,0.1844,0.1987,0.1970,0.1490,0.1759,0.1861,0.1491,0.1286,0.1623,0.1668,0.1993,0.1763,0.1879,0.1286,0.1709,0.1911,0.1677,0.1626,0.1409,0.1980,0.1412,0.1557,0.1569,0.1581,0.1373,0.1646,IDLE,IDLE,IDLE,IDLE,IDLE,IDLE,IDLE,IDLE,IDLE,IDLE,IDLE,IDLE,IDLE,IDLE,IDLE,IDLE,IDLE,IDLE,IDLE,IDLE,IDLE,IDLE,IDLE,IDLE,IDLE,IDLE,IDLE,IDLE,IDLE,IDLE,IDLE,IDLE,IDLE,IDLE,IDLE,IDLE,IDLE,IDLE,IDLE,IDLE,IDLE,IDLE,IDLE,IDLE,IDLE,IDLE,IDLE,IDLE,IDLE,IDLE
208,2024-01-09 16:00:01,0.00,0.00,0,0.0000,0.0000,0.00,0.9998,0.9999,0.9997,0.9997,0.9998,0.9998,0.9998,0.9997,0.9998,0.9998,0.9999,0.9997,0.9998,0.9999,0.9998,0.9999,0.9998,0.9998,0.9998,0.9998,0.9998,0.9998,0.9999,0.9998,0.9998,0.9998,0.9998,0.9998,0.9998,0.9997,0.9998,0.9998,0.9998,0.9998,0.9998,0.9997,0.9996,0.9998,0.9998,0.9998,0.9998,0.9998,0.9998,0.9998,0.9997,0.9997,0.9998,0.9999,0.9998,0.9999,0.1622,0.1872,0.1898,0.1763,0.1969,0.1614,0.1677,0.1781,0.1623,0.1490,0.1997,0.1315,0.1870,0.1542,0.1730,0.1542,0.1970,0.1985,0.1753,0.1642,0.1937,0.1970,0.1982,0.1980,0.1844,0.1987,0.1970,0.1490,0.1759,0.1861,0.1491,0.1286,0.1623,0.1668,0.1993,0.1763,0.1879,0.1286,0.1709,0.1911,0.1677,0.1626,0.1409,0.1980,0.1412,0.1557,0.1569,0.1581,0.1373,0.1646,IDLE,IDLE,IDLE,IDLE,IDLE,IDLE,IDLE,IDLE,IDLE,IDLE,IDLE,IDLE,IDLE,IDLE,IDLE,IDLE,IDLE,IDLE,IDLE,IDLE,IDLE,IDLE,IDLE,IDLE,IDLE,IDLE,IDLE,IDLE,IDLE,IDLE,IDLE,IDLE,IDLE,IDLE,IDLE,IDLE,IDLE,IDLE,IDLE,IDLE,IDLE,IDLE,IDLE,IDLE,IDLE,IDLE,IDLE,IDLE,IDLE,IDLE
209,2024-01-09 17:00:01,0.00,0.00,0,0.0000,0.0000,0.00,0.9998,0.9999,0.9997,0.9997,0.9998,0.9998,0.9998,0.9997,0.9998,0.9998,0.9999,0.9997,0.9998,0.9999,0.9998,0.9999,0.9998,0.9998,0.9998,0.9998,0.9998,0.9998,0.9999,0.9998,0.9998,0.9998,0.9998,0.9998,0.9998,0.9997,0.9998,0.9998,0.9998,0.9998,0.9998,0.9997,0.9996,0.9998,0.9998,0.9998,0.9998,0.9998,0.9998,0.9998,0.9997,0.9997,0.9998,0.9999,0.9998,0.9999,0.1622,0.1872,0.1898,0.1763,0.1969,0.1614,0.1677,0.1781,0.1623,0.1490,0.1997,0.1315,0.1870,0.1542,0.1730,0.1542,0.1970,0.1985,0.1753,0.1642,0.1937,0.1970,0.1982,0.1980,0.1844,0.1987,0.1970,0.1490,0.1759,0.1861,0.1491,0.1286,0.1623,0.1668,0.1993,0.1763,0.1879,0.1286,0.1709,0.1911,0.1677,0.1626,0.1409,0.1980,0.1412,0.1557,0.1569,0.1581,0.1373,0.1646,IDLE,IDLE,IDLE,IDLE,IDLE,IDLE,IDLE,IDLE,IDLE,IDLE,IDLE,IDLE,IDLE,IDLE,IDLE,IDLE,IDLE,IDLE,IDLE,IDLE,IDLE,IDLE,IDLE,IDLE,IDLE,IDLE,IDLE,IDLE,IDLE,IDLE,IDLE,IDLE,IDLE,IDLE,IDLE,IDLE,IDLE,IDLE,IDLE,IDLE,IDLE,IDLE,IDLE,IDLE,IDLE,IDLE,IDLE,IDLE,IDLE,IDLE
210,2024-01-09 18:00:01,0.00,0.00,0,0.0000,0.0000,0.00,0.9998,0.9999,0.9997,0.9997,0.9998,0.9998,0.9998,0.9997,0.9998,0.9998,0.9999,0.9997,0.9998,0.9999,0.9998,0.9999,0.9998,0.9998,0.9998,0.9998,0.9998,0.9998,0.9999,0.9998,0.9998,0.9998,0.9998,0.9998,0.9998,0.9997,0.9998,0.9998,0.9998,0.9998,0.9998,0.9997,0.9996,0.9998,0.9998,0.9998,0.9998,0.9998,0.9998,0.9998,0.9997,0.9997,0.9998,0.9999,0.9998,0.9999,0.1622,0.1872,0.1898,0.1763,0.1969,0.1614,0.1677,0.1781,0.1623,0.1490,0.1997,0.1315,0.1870,0.1542,0.1730,0.1542,0.1970,0.1985,0.1753,0.1642,0.1937,0.1970,0.1982,0.1980,0.1844,0.1987,0.1970,0.1490,0.1759,0.1861,0.1491,0.1286,0.1623,0.1668,0.1993,0.1763,0.1879,0.1286,0.1709,0.1911,0.1677,0.1626,0.1409,0.1980,0.1412,0.1557,0.1569,0.1581,0.1373,0.1646,IDLE,IDLE,IDLE,IDLE,IDLE,IDLE,IDLE,IDLE,IDLE,IDLE,IDLE,IDLE,IDLE,IDLE,IDLE,IDLE,IDLE,IDLE,IDLE,IDLE,IDLE,IDLE,IDLE,IDLE,IDLE,IDLE,IDLE,IDLE,IDLE,IDLE,IDLE,IDLE,IDLE,IDLE,IDLE,IDLE,IDLE,IDLE,IDLE,IDLE,IDLE,IDLE,IDLE,IDLE,IDLE,IDLE,IDLE,IDLE,IDLE,IDLE
211,2024-01-09 19:00:01,0.00,0.00,0,0.0000,0.0000,0.00,0.9998,0.9999,0.9997,0.9997,0.9998,0.9998,0.9998,0.9997,0.9998,0.9998,0.9999,0.9997,0.9998,0.9999,0.9998,0.9999,0.9998,0.9998,0.9998,0.9998,0.9998,0.9998,0.9999,0.9998,0.9998,0.9998,0.9998,0.9998,0.9998,0.9997,0.9998,0.9998,0.9998,0.9998,0.9998,0.9997,0.9996,0.9998,0.9998,0.9998,0.9998,0.9998,0.9998,0.9998,0.9997,0.9997,0.9998,0.9999,0.9998,0.9999,0.1622,0.1872,0.1898,0.1763,0.1969,0.1614,0.1677,0.1781,0.1623,0.1490,0.1997,0.1315,0.1870,0.1542,0.1730,0.1542,0.1970,0.1985,0.1753,0.1642,0.1937,0.1970,0.1982,0.1980,0.1844,0.1987,0.1970,0.1490,0.1759,0.1861,0.1491,0.1286,0.1623,0.1668,0.1993,0.1763,0.1879,0.1286,0.1709,0.1911,0.1677,0.1626,0.1409,0.1980,0.1412,0.1557,0.1569,0.1581,0.1373,0.1646,IDLE,IDLE,IDLE,IDLE,IDLE,IDLE,IDLE,IDLE,IDLE,IDLE,IDLE,IDLE,IDLE,IDLE,IDLE,IDLE,IDLE,IDLE,IDLE,IDLE,IDLE,IDLE,IDLE,IDLE,IDLE,IDLE,IDLE,IDLE,IDLE,IDLE,IDLE,IDLE,IDLE,IDLE,IDLE,IDLE,IDLE,IDLE,IDLE,IDLE,IDLE,IDLE,IDLE,IDLE,IDLE,IDLE,IDLE,IDLE,IDLE,IDLE
212,2024-01-09 20:00:01,0.00,0.00,0,0.0000,0.0000,0.00,0.9998,0.9999,0.9997,0.9997,0.9998,0.9998,0.9998,0.9997,0.9998,0.9998,0.9999,0.9997,0.9998,0.9999,0.9998,0.9999,0.9998,0.9998,0.9998,0.9998,0.9998,0.9998,0.9999,0.9998,0.9998,0.9998,0.9998,0.9998,0.9998,0.9997,0.9998,0.9998,0.9998,0.9998,0.9998,0.9997,0.9996,0.9998,0.9998,0.9998,0.9998,0.9998,0.9998,0.9998,0.9997,0.9997,0.9998,0.9999,0.9998,0.9999,0.1622,0.1872,0.1898,0.1763,0.1969,0.1614,0.1677,0.1781,0.1623,0.1490,0.1997,0.1315,0.1870,0.1542,0.1730,0.1542,0.1970,0.1985,0.1753,0.1642,0.1937,0.1970,0.1982,0.1980,0.1844,0.1987,0.1970,0.1490,0.1759,0.1861,0.1491,0.1286,0.1623,0.1668,0.1993,0.1763,0.1879,0.1286,0.1709,0.1911,0.1677,0.1626,0.1409,0.1980,0.1412,0.1557,0.1569,0.1581,0.1373,0.1646,IDLE,IDLE,IDLE,IDLE,IDLE,IDLE,IDLE,IDLE,IDLE,IDLE,IDLE,IDLE,IDLE,IDLE,IDLE,IDLE,IDLE,IDLE,IDLE,IDLE,IDLE,IDLE,IDLE,IDLE,IDLE,IDLE,IDLE,IDLE,IDLE,IDLE,IDLE,IDLE,IDLE,IDLE,IDLE,IDLE,IDLE,IDLE,IDLE,IDLE,IDLE,IDLE,IDLE,IDLE,IDLE,IDLE,IDLE,IDLE,IDLE,IDLE
213,2024-01-09 21:00:01,0.00,0.00,0,0.0000,0.0000,0.00,0.9998,0.9999,0.9997,0.9997,0.9998,0.9998,0.9998,0.9997,0.9998,0.9998,0.9999,0.9997,0.9998,0.9999,0.9998,0.9999,0.9998,0.9998,0.9998,0.9998,0.9998,0.9998,0.9999,0.9998,0.9998,0.9998,0.9998,0.9998,0.9998,0.9997,0.9998,0.9998,0.9998,0.9998,0.9998,0.9997,0.9996,0.9998,0.9998,0.9998,0.9998,0.9998,0.9998,0.9998,0.9997,0.9997,0.9998,0.9999,0.9998,0.9999,0.1622,0.1872,0.1898,0.1763,0.1969,0.1614,0.1677,0.1781,0.1623,0.1490,0.1997,0.1315,0.1870,0.1542,0.1730,0.1542,0.1970,0.1985,0.1753,0.1642,0.1937,0.1970,0.1982,0.1980,0.1844,0.1987,0.1970,0.1490,0.1759,0.1861,0.1491,0.1286,0.1623,0.1668,0.1993,0.1763,0.1879,0.1286,0.1709,0.1911,0.1677,0.1626,0.1409,0.1980,0.1412,0.1557,0.1569,0.1581,0.1373,0.1646,IDLE,IDLE,IDLE,IDLE,IDLE,IDLE,IDLE,IDLE,IDLE,IDLE,IDLE,IDLE,IDLE,IDLE,IDLE,IDLE,IDLE,IDLE,IDLE,IDLE,IDLE,IDLE,IDLE,IDLE,IDLE,IDLE,IDLE,IDLE,IDLE,IDLE,IDLE,IDLE,IDLE,IDLE,IDLE,IDLE,IDLE,IDLE,IDLE,IDLE,IDLE,IDLE,IDLE,IDLE,IDLE,IDLE,IDLE,IDLE,IDLE,IDLE
214,2024-01-09 22:00:01,0.00,0.00,0,0.0000,0.0000,0.00,0.9998,0.9999,0.9997,0.9997,0.9998,0.9998,0.9998,0.9997,0.9998,0.9998,0.9999,0.9997,0.9998,0.9999,0.9998,0.9999,0.9998,0.9998,0.9998,0.9998,0.9998,0.9998,0.9999,0.9998,0.9998,0.9998,0.9998,0.9998,0.9998,0.9997,0.9998,0.9998,0.9998,0.9998,0.9998,0.9997,0.9996,0.9998,0.9998,0.9998,0.9998,0.9998,0.9998,0.9998,0.9997,0.9997,0.9998,0.9999,0.9998,0.9999,0.1622,0.1872,0.1898,0.1763,0.1969,0.1614,0.1677,0.1781,0.1623,0.1490,0.1997,0.1315,0.1870,0.1542,0.1730,0.1542,0.1970,0.1985,0.1753,0.1642,0.1937,0.1970,0.1982,0.1980,0.1844,0.1987,0.1970,0.1490,0.1759,0.1861,0.1491,0.1286,0.1623,0.1668,0.1993,0.1763,0.1879,0.1286,0.1709,0.1911,0.1677,0.1626,0.1409,0.1980,0.1412,0.1557,0.1569,0.1581,0.1373,0.1646,IDLE,IDLE,IDLE,IDLE,IDLE,IDLE,IDLE,IDLE,IDLE,IDLE,IDLE,IDLE,IDLE,IDLE,IDLE,IDLE,IDLE,IDLE,IDLE,IDLE,IDLE,IDLE,IDLE,IDLE,IDLE,IDLE,IDLE,IDLE,IDLE,IDLE,IDLE,IDLE,IDLE,IDLE,IDLE,IDLE,IDLE,IDLE,IDLE,IDLE,IDLE,IDLE,IDLE,IDLE,IDLE,IDLE,IDLE,IDLE,IDLE,IDLE
215,2024-01-09 23:00:01,0.00,0.00,0,0.0000,0.0000,0.00,0.9998,0.9999,0.9997,0.9997,0.9998,0.9998,0.9998,0.9997,0.9998,0.9998,0.9999,0.9997,0.9998,0.9999,0.9998,0.9999,0.9998,0.9998,0.9998,0.9998,0.9998,0.9998,0.9999,0.9998,0.9998,0.9998,0.9998,0.9998,0.9998,0.9997,0.9998,0.9998,0.9998,0.9998,0.9998,0.9997,0.9996,0.9998,0.9998,0.9998,0.9998,0.9998,0.9998,0.9998,0.9997,0.9997,0.9998,0.9999,0.9998,0.9999,0.1622,0.1872,0.1898,0.1763,0.1969,0.1614,0.1677,0.1781,0.1623,0.1490,0.1997,0.1315,0.1870,0.1542,0.1730,0.1542,0.1970,0.1985,0.1753,0.1642,0.1937,0.1970,0.1982,0.1980,0.1844,0.1987,0.1970,0.1490,0.1759,0.1861,0.1491,0.1286,0.1623,0.1668,0.1993,0.1763,0.1879,0.1286,0.1709,0.1911,0.1677,0.1626,0.1409,0.1980,0.1412,0.1557,0.1569,0.1581,0.1373,0.1646,IDLE,IDLE,IDLE,IDLE,IDLE,IDLE,IDLE,IDLE,IDLE,IDLE,IDLE,IDLE,IDLE,IDLE,IDLE,IDLE,IDLE,IDLE,IDLE,IDLE,IDLE,IDLE,IDLE,IDLE,IDLE,IDLE,IDLE,IDLE,IDLE,IDLE,IDLE,IDLE,IDLE,IDLE,IDLE,IDLE,IDLE,IDLE,IDLE,IDLE,IDLE,IDLE,IDLE,IDLE,IDLE,IDLE,IDLE,IDLE,IDLE,IDLE
216,2024-01-10 00:00:01,0.00,0.00,0,0.0000,0.0000,0.00,0.9998,0.9999,0.9997,0.9997,0.9998,0.9998,0.9998,0.9997,0.9998,0.9998,0.9999,0.9997,0.9998,0.9999,0.9998,0.9999,0.9998,0.9998,0.9998,0.9998,0.9998,0.9998,0.9999,0.9998,0.9998,0.9998,0.9998,0.9998,0.9998,0.9997,0.9998,0.9998,0.9998,0.9998,0.9998,0.9997,0.9996,0.9998,0.9998,0.9998,0.9998,0.9998,0.9998,0.9998,0.9997,0.9997,0.9998,0.9999,0.9998,0.9999,0.1622,0.1872,0.1898,0.1763,0.1969,0.1614,0.1677,0.1781,0.1623,0.1490,0.1997,0.1315,0.1870,0.1542,0.1730,0.1542,0.1970,0.1985,0.1753,0.1642,0.1937,0.1970,0.1982,0.1980,0.1844,0.1987,0.1970,0.1490,0.1759,0.1861,0.1491,0.1286,0.1623,0.1668,0.1993,0.1763,0.1879,0.1286,0.1709,0.1911,0.1677,0.1626,0.1409,0.1980,0.1412,0.1557,0.1569,0.1581,0.1373,0.1646,IDLE,IDLE,IDLE,IDLE,IDLE,IDLE,IDLE,IDLE,IDLE,IDLE,IDLE,IDLE,IDLE,IDLE,IDLE,IDLE,IDLE,IDLE,IDLE,IDLE,IDLE,IDLE,IDLE,IDLE,IDLE,IDLE,IDLE,IDLE,IDLE,IDLE,IDLE,IDLE,IDLE,IDLE,IDLE,IDLE,IDLE,IDLE,IDLE,IDLE,IDLE,IDLE,IDLE,IDLE,IDLE,IDLE,IDLE,IDLE,IDLE,IDLE
217,2024-01-10 01:00:01,0.00,0.00,0,0.0000,0.0000,0.00,0.9998,0.9999,0.9997,0.9997,0.9998,0.9998,0.9998,0.9997,0.9998,0.9998,0.9999,0.9997,0.9998,0.9999,0.9998,0.9999,0.9998,0.9998,0.9998,0.9998,0.9998,0.9998,0.9999,0.9998,0.9998,0.9998,0.9998,0.9998,0.9998,0.9997,0.9998,0.9998,0.9998,0.9998,0.9998,0.9997,0.9996,0.9998,0.9998,0.9998,0.9998,0.9998,0.9998,0.9998,0.9997,0.9997,0.9998,0.9999,0.9998,0.9999,0.1622,0.1872,0.1898,0.1763,0.1969,0.1614,0.1677,0.1781,0.1623,0.1490,0.1997,0.1315,0.1870,0.1542,0.1730,0.1542,0.1970,0.1985,0.1753,0.1642,0.1937,0.1970,0.1982,0.1980,0.1844,0.1987,0.1970,0.1490,0.1759,0.1861,0.1491,0.1286,0.1623,0.1668,0.1993,0.1763,0.1879,0.1286,0.1709,0.1911,0.1677,0.1626,0.1409,0.1980,0.1412,0.1557,0.1569,0.1581,0.1373,0.1646,IDLE,IDLE,IDLE,IDLE,IDLE,IDLE,IDLE,IDLE,IDLE,IDLE,IDLE,IDLE,IDLE,IDLE,IDLE,IDLE,IDLE,IDLE,IDLE,IDLE,IDLE,IDLE,IDLE,IDLE,IDLE,IDLE,IDLE,IDLE,IDLE,IDLE,IDLE,IDLE,IDLE,IDLE,IDLE,IDLE,IDLE,IDLE,IDLE,IDLE,IDLE,IDLE,IDLE,IDLE,IDLE,IDLE,IDLE,IDLE,IDLE,IDLE
218,2024-01-10 02:00:01,0.00,0.00,0,0.0000,0.0000,0.00,0.9998,0.9999,0.9997,0.9997,0.9998,0.9998,0.9998,0.9997,0.9998,0.9998,0.9999,0.9997,0.9998,0.9999,0.9998,0.9999,0.9998,0.9998,0.9998,0.9998,0.9998,0.9998,0.9999,0.9998,0.9998,0.9998,0.9998,0.9998,0.9998,0.9997,0.9998,0.9998,0.9998,0.9998,0.9998,0.9997,0.9996,0.9998,0.9998,0.9998,0.9998,0.9998,0.9998,0.9998,0.9997,0.9997,0.9998,0.9999,0.9998,0.9999,0.1622,0.1872,0.1898,0.1763,0.1969,0.1614,0.1677,0.1781,0.1623,0.1490,0.1997,0.1315,0.1870,0.1542,0.1730,0.1542,0.1970,0.1985,0.1753,0.1642,0.1937,0.1970,0.1982,0.1980,0.1844,0.1987,0.1970,0.1490,0.1759,0.1861,0.1491,0.1286,0.1623,0.1668,0.1993,0.1763,0.1879,0.1286,0.1709,0.1911,0.1677,0.1626,0.1409,0.1980,0.1412,0.1557,0.1569,0.1581,0.1373,0.1646,IDLE,IDLE,IDLE,IDLE,IDLE,IDLE,IDLE,IDLE,IDLE,IDLE,IDLE,IDLE,IDLE,IDLE,IDLE,IDLE,IDLE,IDLE,IDLE,IDLE,IDLE,IDLE,IDLE,IDLE,IDLE,IDLE,IDLE,IDLE,IDLE,IDLE,IDLE,IDLE,IDLE,IDLE,IDLE,IDLE,IDLE,IDLE,IDLE,IDLE,IDLE,IDLE,IDLE,IDLE,IDLE,IDLE,IDLE,IDLE,IDLE,IDLE
219,2024-01-10 03:00:01,0.00,0.00,0,0.0000,0.0000,0.00,0.9998,0.9999,0.9997,0.9997,0.9998,0.9998,0.9998,0.9997,0.9998,0.9998,0.9999,0.9997,0.9998,0.9999,0.9998,0.9999,0.9998,0.9998,0.9998,0.9998,0.9998,0.9998,0.9999,0.9998,0.9998,0.9998,0.9998,0.9998,0.9998,0.9997,0.9998,0.9998,0.9998,0.9998,0.9998,0.9997,0.9996,0.9998,0.9998,0.9998,0.9998,0.9998,0.9998,0.9998,0.9997,0.9997,0.9998,0.9999,0.9998,0.9999,0.1622,0.1872,0.1898,0.1763,0.1969,0.1614,0.1677,0.1781,0.1623,0.1490,0.1997,0.1315,0.1870,0.1542,0.1730,0.1542,0.1970,0.1985,0.1753,0.1642,0.1937,0.1970,0.1982,0.1980,0.1844,0.1987,0.1970,0.1490,0.1759,0.1861,0.1491,0.1286,0.1623,0.1668,0.1993,0.1763,0.1879,0.1286,0.1709,0.1911,0.1677,0.1626,0.1409,0.1980,0.1412,0.1557,0.1569,0.1581,0.1373,0.1646,IDLE,IDLE,IDLE,IDLE,IDLE,IDLE,IDLE,IDLE,IDLE,IDLE,IDLE,IDLE,IDLE,IDLE,IDLE,IDLE,IDLE,IDLE,IDLE,IDLE,IDLE,IDLE,IDLE,IDLE,IDLE,IDLE,IDLE,IDLE,IDLE,IDLE,IDLE,IDLE,IDLE,IDLE,IDLE,IDLE,IDLE,IDLE,IDLE,IDLE,IDLE,IDLE,IDLE,IDLE,IDLE,IDLE,IDLE,IDLE,IDLE,IDLE
220,2024-01-10 04:00:01,0.00,0.00,0,0.0000,0.0000,0.00,0.9998,0.9999,0.9997,0.9997,0.9998,0.9998,0.9998,0.9997,0.9998,0.9998,0.9999,0.9997,0.9998,0.9999,0.9998,0.9999,0.9998,0.9998,0.9998,0.9998,0.9998,0.9998,0.9999,0.9998,0.9998,0.9998,0.9998,0.9998,0.9998,0.9997,0.9998,0.9998,0.9998,0.9998,0.9998,0.9997,0.9996,0.9998,0.9998,0.9998,0.9998,0.9998,0.9998,0.9998,0.9997,0.9997,0.9998,0.9999,0.9998,0.9999,0.1622,0.1872,0.1898,0.1763,0.1969,0.1614,0.1677,0.1781,0.1623,0.1490,0.1997,0.1315,0.1870,0.1542,0.1730,0.1542,0.1970,0.1985,0.1753,0.1642,0.1937,0.1970,0.1982,0.1980,0.1844,0.1987,0.1970,0.1490,0.1759,0.1861,0.1491,0.1286,0.1623,0.1668,0.1993,0.1763,0.1879,0.1286,0.1709,0.1911,0.1677,0.1626,0.1409,0.1980,0.1412,0.1557,0.1569,0.1581,0.1373,0.1646,IDLE,IDLE,IDLE,IDLE,IDLE,IDLE,IDLE,IDLE,IDLE,IDLE,IDLE,IDLE,IDLE,IDLE,IDLE,IDLE,IDLE,IDLE,IDLE,IDLE,IDLE,IDLE,IDLE,IDLE,IDLE,IDLE,IDLE,IDLE,IDLE,IDLE,IDLE,IDLE,IDLE,IDLE,IDLE,IDLE,IDLE,IDLE,IDLE,IDLE,IDLE,IDLE,IDLE,IDLE,IDLE,IDLE,IDLE,IDLE,IDLE,IDLE
221,2024-01-10 05:00:01,0.00,0.00,0,0.0000,0.0000,0.00,0.9998,0.9999,0.9997,0.9997,0.9998,0.9998,0.9998,0.9997,0.9998,0.9998,0.9999,0.9997,0.9998,0.9999,0.9998,0.9999,0.9998,0.9998,0.9998,0.9998,0.9998,0.9998,0.9999,0.9998,0.9998,0.9998,0.9998,0.9998,0.9998,0.9997,0.9998,0.9998,0.9998,0.9998,0.9998,0.9997,0.9996,0.9998,0.9998,0.9998,0.9998,0.9998,0.9998,0.9998,0.9997,0.9997,0.9998,0.9999,0.9998,0.9999,0.1622,0.1872,0.1898,0.1763,0.1969,0.1614,0.1677,0.1781,0.1623,0.1490,0.1997,0.1315,0.1870,0.1542,0.1730,0.1542,0.1970,0.1985,0.1753,0.1642,0.1937,0.1970,0.1982,0.1980,0.1844,0.1987,0.1970,0.1490,0.1759,0.1861,0.1491,0.1286,0.1623,0.1668,0.1993,0.1763,0.1879,0.1286,0.1709,0.1911,0.1677,0.1626,0.1409,0.1980,0.1412,0.1557,0.1569,0.1581,0.1373,0.1646,IDLE,IDLE,IDLE,IDLE,IDLE,IDLE,IDLE,IDLE,IDLE,IDLE,IDLE,IDLE,IDLE,IDLE,IDLE,IDLE,IDLE,IDLE,IDLE,IDLE,IDLE,IDLE,IDLE,IDLE,IDLE,IDLE,IDLE,IDLE,IDLE,IDLE,IDLE,IDLE,IDLE,IDLE,IDLE,IDLE,IDLE,IDLE,IDLE,IDLE,IDLE,IDLE,IDLE,IDLE,IDLE,IDLE,IDLE,IDLE,IDLE,IDLE
222,2024-01-10 06:00:01,0.00,0.00,0,0.0000,0.0000,0.00,0.9998,0.9999,0.9997,0.9997,0.9998,0.9998,0.9998,0.9997,0.9998,0.9998,0.9999,0.9997,0.9998,0.9999,0.9998,0.9999,0.9998,0.9998,0.9998,0.9998,0.9998,0.9998,0.9999,0.9998,0.9998,0.9998,0.9998,0.9998,0.9998,0.9997,0.9998,0.9998,0.9998,0.9998,0.9998,0.9997,0.9996,0.9998,0.9998,0.9998,0.9998,0.9998,0.9998,0.9998,0.9997,0.9997,0.9998,0.9999,0.9998,0.9999,0.1622,0.1872,0.1898,0.1763,0.1969,0.1614,0.1677,0.1781,0.1623,0.1490,0.1997,0.1315,0.1870,0.1542,0.1730,0.1542,0.1970,0.1985,0.1753,0.1642,0.1937,0.1970,0.1982,0.1980,0.1844,0.1987,0.1970,0.1490,0.1759,0.1861,0.1491,0.1286,0.1623,0.1668,0.1993,0.1763,0.1879,0.1286,0.1709,0.1911,0.1677,0.1626,0.1409,0.1980,0.1412,0.1557,0.1569,0.1581,0.1373,0.1646,IDLE,IDLE,IDLE,IDLE,IDLE,IDLE,IDLE,IDLE,IDLE,IDLE,IDLE,IDLE,IDLE,IDLE,IDLE,IDLE,IDLE,IDLE,IDLE,IDLE,IDLE,IDLE,IDLE,IDLE,IDLE,IDLE,IDLE,IDLE,IDLE,IDLE,IDLE,IDLE,IDLE,IDLE,IDLE,IDLE,IDLE,IDLE,IDLE,IDLE,IDLE,IDLE,IDLE,IDLE,IDLE,IDLE,IDLE,IDLE,IDLE,IDLE
223,2024-01-10 07:00:01,0.00,0.00,0,0.0000,0.0000,0.00,0.9998,0.9999,0.9997,0.9997,0.9998,0.9998,0.9998,0.9997,0.9998,0.9998,0.9999,0.9997,0.9998,0.9999,0.9998,0.9999,0.9998,0.9998,0.9998,0.9998,0.9998,0.9998,0.9999,0.9998,0.9998,0.9998,0.9998,0.9998,0.9998,0.9997,0.9998,0.9998,0.9998,0.9998,0.9998,0.9997,0.9996,0.9998,0.9998,0.9998,0.9998,0.9998,0.9998,0.9998,0.9997,0.9997,0.9998,0.9999,0.9998,0.9999,0.1622,0.1872,0.1898,0.1763,0.1969,0.1614,0.1677,0.1781,0.1623,0.1490,0.1997,0.1315,0.1870,0.1542,0.1730,0.1542,0.1970,0.1985,0.1753,0.1642,0.1937,0.1970,0.1982,0.1980,0.1844,0.1987,0.1970,0.1490,0.1759,0.1861,0.1491,0.1286,0.1623,0.1668,0.1993,0.1763,0.1879,0.1286,0.1709,0.1911,0.1677,0.1626,0.1409,0.1980,0.1412,0.1557,0.1569,0.1581,0.1373,0.1646,IDLE,IDLE,IDLE,IDLE,IDLE,IDLE,IDLE,IDLE,IDLE,IDLE,IDLE,IDLE,IDLE,IDLE,IDLE,IDLE,IDLE,IDLE,IDLE,IDLE,IDLE,IDLE,IDLE,IDLE,IDLE,IDLE,IDLE,IDLE,IDLE,IDLE,IDLE,IDLE,IDLE,IDLE,IDLE,IDLE,IDLE,IDLE,IDLE,IDLE,IDLE,IDLE,IDLE,IDLE,IDLE,IDLE,IDLE,IDLE,IDLE,IDLE
224,2024-01-10 08:00:01,0.00,0.00,0,0.0000,0.0000,0.00,0.9998,0.9999,0.9997,0.9997,0.9998,0.9998,0.9998,0.9997,0.9998,0.9998,0.9999,0.9997,0.9998,0.9999,0.9998,0.9999,0.9998,0.9998,0.9998,0.9998,0.9998,0.9998,0.9999,0.9998,0.9998,0.9998,0.9998,0.9998,0.9998,0.9997,0.9998,0.9998,0.9998,0.9998,0.9998,0.9997,0.9996,0.9998,0.9998,0.9998,0.9998,0.9998,0.9998,0.9998,0.9997,0.9997,0.9998,0.9999,0.9998,0.9999,0.1622,0.1872,0.1898,0.1763,0.1969,0.1614,0.1677,0.1781,0.1623,0.1490,0.1997,0.1315,0.1870,0.1542,0.1730,0.1542,0.1970,0.1985,0.1753,0.1642,0.1937,0.1970,0.1982,0.1980,0.1844,0.1987,0.1970,0.1490,0.1759,0.1861,0.1491,0.1286,0.1623,0.1668,0.1993,0.1763,0.1879,0.1286,0.1709,0.1911,0.1677,0.1626,0.1409,0.1980,0.1412,0.1557,0.1569,0.1581,0.1373,0.1646,IDLE,IDLE,IDLE,IDLE,IDLE,IDLE,IDLE,IDLE,IDLE,IDLE,IDLE,IDLE,IDLE,IDLE,IDLE,IDLE,IDLE,IDLE,IDLE,IDLE,IDLE,IDLE,IDLE,IDLE,IDLE,IDLE,IDLE,IDLE,IDLE,IDLE,IDLE,IDLE,IDLE,IDLE,IDLE,IDLE,IDLE,IDLE,IDLE,IDLE,IDLE,IDLE,IDLE,IDLE,IDLE,IDLE,IDLE,IDLE,IDLE,IDLE
225,2024-01-10 09:00:01,0.00,0.00,0,0.0000,0.0000,0.00,0.9998,0.9999,0.9997,0.9997,0.9998,0.9998,0.9998,0.9997,0.9998,0.9998,0.9999,0.9997,0.9998,0.9999,0.9998,0.9999,0.9998,0.9998,0.9998,0.9998,0.9998,0.9998,0.9999,0.9998,0.9998,0.9998,0.9998,0.9998,0.9998,0.9997,0.9998,0.9998,0.9998,0.9998,0.9998,0.9997,0.9996,0.9998,0.9998,0.9998,0.9998,0.9998,0.9998,0.9998,0.9997,0.9997,0.9998,0.9999,0.9998,0.9999,0.1622,0.1872,0.1898,0.1763,0.1969,0.1614,0.1677,0.1781,0.1623,0.1490,0.1997,0.1315,0.1870,0.1542,0.1730,0.1542,0.1970,0.1985,0.1753,0.1642,0.1937,0.1970,0.1982,0.1980,0.1844,0.1987,0.1970,0.1490,0.1759,0.1861,0.1491,0.1286,0.1623,0.1668,0.1993,0.1763,0.1879,0.1286,0.1709,0.1911,0.1677,0.1626,0.1409,0.1980,0.1412,0.1557,0.1569,0.1581,0.1373,0.1646,IDLE,IDLE,IDLE,IDLE,IDLE,IDLE,IDLE,IDLE,IDLE,IDLE,IDLE,IDLE,IDLE,IDLE,IDLE,IDLE,IDLE,IDLE,IDLE,IDLE,IDLE,IDLE,IDLE,IDLE,IDLE,IDLE,IDLE,IDLE,IDLE,IDLE,IDLE,IDLE,IDLE,IDLE,IDLE,IDLE,IDLE,IDLE,IDLE,IDLE,IDLE,IDLE,IDLE,IDLE,IDLE,IDLE,IDLE,IDLE,IDLE,IDLE
226,2024-01-10 10:00:01,0.00,0.00,0,0.0000,0.0000,0.00,0.9998,0.9999,0.9997,0.9997,0.9998,0.9998,0.9998,0.9997,0.9998,0.9998,0.9999,0.9997,0.9998,0.9999,0.9998,0.9999,0.9998,0.9998,0.9998,0.9998,0.9998,0.9998,0.9999,0.9998,0.9998,0.9998,0.9998,0.9998,0.9998,0.9997,0.9998,0.9998,0.9998,0.9998,0.9998,0.9997,0.9996,0.9998,0.9998,0.9998,0.9998,0.9998,0.9998,0.9998,0.9997,0.9997,0.9998,0.9999,0.9998,0.9999,0.1622,0.1872,0.1898,0.1763,0.1969,0.1614,0.1677,0.1781,0.1623,0.1490,0.1997,0.1315,0.1870,0.1542,0.1730,0.1542,0.1970,0.1985,0.1753,0.1642,0.1937,0.1970,0.1982,0.1980,0.1844,0.1987,0.1970,0.1490,0.1759,0.1861,0.1491,0.1286,0.1623,0.1668,0.1993,0.1763,0.1879,0.1286,0.1709,0.1911,0.1677,0.1626,0.1409,0.1980,0.1412,0.1557,0.1569,0.1581,0.1373,0.1646,IDLE,IDLE,IDLE,IDLE,IDLE,IDLE,IDLE,IDLE,IDLE,IDLE,IDLE,IDLE,IDLE,IDLE,IDLE,IDLE,IDLE,IDLE,IDLE,IDLE,IDLE,IDLE,IDLE,IDLE,IDLE,IDLE,IDLE,IDLE,IDLE,IDLE,IDLE,IDLE,IDLE,IDLE,IDLE,IDLE,IDLE,IDLE,IDLE,IDLE,IDLE,IDLE,IDLE,IDLE,IDLE,IDLE,IDLE,IDLE,IDLE,IDLE
227,2024-01-10 11:00:01,0.00,0.00,0,0.0000,0.0000,0.00,0.9998,0.9999,0.9997,0.9997,0.9998,0.9998,0.9998,0.9997,0.9998,0.9998,0.9999,0.9997,0.9998,0.9999,0.9998,0.9999,0.9998,0.9998,0.9998,0.9998,0.9998,0.9998,0.9999,0.9998,0.9998,0.9998,0.9998,0.9998,0.9998,0.9997,0.9998,0.9998,0.9998,0.9998,0.9998,0.9997,0.9996,0.9998,0.9998,0.9998,0.9998,0.9998,0.9998,0.9998,0.9997,0.9997,0.9998,0.9999,0.9998,0.9999,0.1622,0.1872,0.1898,0.1763,0.1969,0.1614,0.1677,0.1781,0.1623,0.1490,0.1997,0.1315,0.1870,0.1542,0.1730,0.1542,0.1970,0.1985,0.1753,0.1642,0.1937,0.1970,0.1982,0.1980,0.1844,0.1987,0.1970,0.1490,0.1759,0.1861,0.1491,0.1286,0.1623,0.1668,0.1993,0.1763,0.1879,0.1286,0.1709,0.1911,0.1677,0.1626,0.1409,0.1980,0.1412,0.1557,0.1569,0.1581,0.1373,0.1646,IDLE,IDLE,IDLE,IDLE,IDLE,IDLE,IDLE,IDLE,IDLE,IDLE,IDLE,IDLE,IDLE,IDLE,IDLE,IDLE,IDLE,IDLE,IDLE,IDLE,IDLE,IDLE,IDLE,IDLE,IDLE,IDLE,IDLE,IDLE,IDLE,IDLE,IDLE,IDLE,IDLE,IDLE,IDLE,IDLE,IDLE,IDLE,IDLE,IDLE,IDLE,IDLE,IDLE,IDLE,IDLE,IDLE,IDLE,IDLE,IDLE,IDLE
228,2024-01-10 12:00:01,0.00,0.00,0,0.0000,0.0000,0.00,0.9998,0.9999,0.9997,0.9997,0.9998,0.9998,0.9998,0.9997,0.9998,0.9998,0.9999,0.9997,0.9998,0.9999,0.9998,0.9999,0.9998,0.9998,0.9998,0.9998,0.9998,0.9998,0.9999,0.9998,0.9998,0.9998,0.9998,0.9998,0.9998,0.9997,0.9998,0.9998,0.9998,0.9998,0.9998,0.9997,0.9996,0.9998,0.9998,0.9998,0.9998,0.9998,0.9998,0.9998,0.9997,0.9997,0.9998,0.9999,0.9998,0.9999,0.1622,0.1872,0.1898,0.1763,0.1969,0.1614,0.1677,0.1781,0.1623,0.1490,0.1997,0.1315,0.1870,0.1542,0.1730,0.1542,0.1970,0.1985,0.1753,0.1642,0.1937,0.1970,0.1982,0.1980,0.1844,0.1987,0.1970,0.1490,0.1759,0.1861,0.1491,0.1286,0.1623,0.1668,0.1993,0.1763,0.1879,0.1286,0.1709,0.1911,0.1677,0.1626,0.1409,0.1980,0.1412,0.1557,0.1569,0.1581,0.1373,0.1646,IDLE,IDLE,IDLE,IDLE,IDLE,IDLE,IDLE,IDLE,IDLE,IDLE,IDLE,IDLE,IDLE,IDLE,IDLE,IDLE,IDLE,IDLE,IDLE,IDLE,IDLE,IDLE,IDLE,IDLE,IDLE,IDLE,IDLE,IDLE,IDLE,IDLE,IDLE,IDLE,IDLE,IDLE,IDLE,IDLE,IDLE,IDLE,IDLE,IDLE,IDLE,IDLE,IDLE,IDLE,IDLE,IDLE,IDLE,IDLE,IDLE,IDLE
229,2024-01-10 13:00:01,0.00,0.00,0,0.0000,0.0000,0.00,0.9998,0.9999,0.9997,0.9997,0.9998,0.9998,0.9998,0.9997,0.9998,0.9998,0.9999,0.9997,0.9998,0.9999,0.9998,0.9999,0.9998,0.9998,0.9998,0.9998,0.9998,0.9998,0.9999,0.9998,0.9998,0.9998,0.9998,0.9998,0.9998,0.9997,0.9998,0.9998,0.9998,0.9998,0.9998,0.9997,0.9996,0.9998,0.9998,0.9998,0.9998,0.9998,0.9998,0.9998,0.9997,0.9997,0.9998,0.9999,0.9998,0.9999,0.1622,0.1872,0.1898,0.1763,0.1969,0.1614,0.1677,0.1781,0.1623,0.1490,0.1997,0.1315,0.1870,0.1542,0.1730,0.1542,0.1970,0.1985,0.1753,0.1642,0.1937,0.1970,0.1982,0.1980,0.1844,0.1987,0.1970,0.1490,0.1759,0.1861,0.1491,0.1286,0.1623,0.1668,0.1993,0.1763,0.1879,0.1286,0.1709,0.1911,0.1677,0.1626,0.1409,0.1980,0.1412,0.1557,0.1569,0.1581,0.1373,0.1646,IDLE,IDLE,IDLE,IDLE,IDLE,IDLE,IDLE,IDLE,IDLE,IDLE,IDLE,IDLE,IDLE,IDLE,IDLE,IDLE,IDLE,IDLE,IDLE,IDLE,IDLE,IDLE,IDLE,IDLE,IDLE,IDLE,IDLE,IDLE,IDLE,IDLE,IDLE,IDLE,IDLE,IDLE,IDLE,IDLE,IDLE,IDLE,IDLE,IDLE,IDLE,IDLE,IDLE,IDLE,IDLE,IDLE,IDLE,IDLE,IDLE,IDLE
230,2024-01-10 14:00:01,0.00,0.00,0,0.0000,0.0000,0.00,0.9998,0.9999,0.9997,0.9997,0.9998,0.9998,0.9998,0.9997,0.9998,0.9998,0.9999,0.9997,0.9998,0.9999,0.9998,0.9999,0.9998,0.9998,0.9998,0.9998,0.9998,0.9998,0.9999,0.9998,0.9998,0.9998,0.9998,0.9998,0.9998,0.9997,0.9998,0.9998,0.9998,0.9998,0.9998,0.9997,0.9996,0.9998,0.9998,0.9998,0.9998,0.9998,0.9998,0.9998,0.9997,0.9997,0.9998,0.9999,0.9998,0.9999,0.1622,0.1872,0.1898,0.1763,0.1969,0.1614,0.1677,0.1781,0.1623,0.1490,0.1997,0.1315,0.1870,0.1542,0.1730,0.1542,0.1970,0.1985,0.1753,0.1642,0.1937,0.1970,0.1982,0.1980,0.1844,0.1987,0.1970,0.1490,0.1759,0.1861,0.1491,0.1286,0.1623,0.1668,0.1993,0.1763,0.1879,0.1286,0.1709,0.1911,0.1677,0.1626,0.1409,0.1980,0.1412,0.1557,0.1569,0.1581,0.1373,0.1646,IDLE,IDLE,IDLE,IDLE,IDLE,IDLE,IDLE,IDLE,IDLE,IDLE,IDLE,IDLE,IDLE,IDLE,IDLE,IDLE,IDLE,IDLE,IDLE,IDLE,IDLE,IDLE,IDLE,IDLE,IDLE,IDLE,IDLE,IDLE,IDLE,IDLE,IDLE,IDLE,IDLE,IDLE,IDLE,IDLE,IDLE,IDLE,IDLE,IDLE,IDLE,IDLE,IDLE,IDLE,IDLE,IDLE,IDLE,IDLE,IDLE,IDLE
231,2024-01-10 15:00:01,0.00,0.00,0,0.0000,0.0000,0.00,0.9998,0.9999,0.9997,0.9997,0.9998,0.9998,0.9998,0.9997,0.9998,0.9998,0.9999,0.9997,0.9998,0.9999,0.9998,0.9999,0.9998,0.9998,0.9998,0.9998,0.9998,0.9998,0.9999,0.9998,0.9998,0.9998,0.9998,0.9998,0.9998,0.9997,0.9998,0.9998,0.9998,0.9998,0.9998,0.9997,0.9996,0.9998,0.9998,0.9998,0.9998,0.9998,0.9998,0.9998,0.9997,0.9997,0.9998,0.9999,0.9998,0.9999,0.1622,0.1872,0.1898,0.1763,0.1969,0.1614,0.1677,0.1781,0.1623,0.1490,0.1997,0.1315,0.1870,0.1542,0.1730,0.1542,0.1970,0.1985,0.1753,0.1642,0.1937,0.1970,0.1982,0.1980,0.1844,0.1987,0.1970,0.1490,0.1759,0.1861,0.1491,0.1286,0.1623,0.1668,0.1993,0.1763,0.1879,0.1286,0.1709,0.1911,0.1677,0.1626,0.1409,0.1980,0.1412,0.1557,0.1569,0.1581,0.1373,0.1646,IDLE,IDLE,IDLE,IDLE,IDLE,IDLE,IDLE,IDLE,IDLE,IDLE,IDLE,IDLE,IDLE,IDLE,IDLE,IDLE,IDLE,IDLE,IDLE,IDLE,IDLE,IDLE,IDLE,IDLE,IDLE,IDLE,IDLE,IDLE,IDLE,IDLE,IDLE,IDLE,IDLE,IDLE,IDLE,IDLE,IDLE,IDLE,IDLE,IDLE,IDLE,IDLE,IDLE,IDLE,IDLE,IDLE,IDLE,IDLE,IDLE,IDLE
232,2024-01-10 16:00:01,0.00,0.00,0,0.0000,0.0000,0.00,0.9998,0.9999,0.9997,0.9997,0.9998,0.9998,0.9998,0.9997,0.9998,0.9998,0.9999,0.9997,0.9998,0.9999,0.9998,0.9999,0.9998,0.9998,0.9998,0.9998,0.9998,0.9998,0.9999,0.9998,0.9998,0.9998,0.9998,0.9998,0.9998,0.9997,0.9998,0.9998,0.9998,0.9998,0.9998,0.9997,0.9996,0.9998,0.9998,0.9998,0.9998,0.9998,0.9998,0.9998,0.9997,0.9997,0.9998,0.9999,0.9998,0.9999,0.1622,0.1872,0.1898,0.1763,0.1969,0.1614,0.1677,0.1781,0.1623,0.1490,0.1997,0.1315,0.1870,0.1542,0.1730,0.1542,0.1970,0.1985,0.1753,0.1642,0.1937,0.1970,0.1982,0.1980,0.1844,0.1987,0.1970,0.1490,0.1759,0.1861,0.1491,0.1286,0.1623,0.1668,0.1993,0.1763,0.1879,0.1286,0.1709,0.1911,0.1677,0.1626,0.1409,0.1980,0.1412,0.1557,0.1569,0.1581,0.1373,0.1646,IDLE,IDLE,IDLE,IDLE,IDLE,IDLE,IDLE,IDLE,IDLE,IDLE,IDLE,IDLE,IDLE,IDLE,IDLE,IDLE,IDLE,IDLE,IDLE,IDLE,IDLE,IDLE,IDLE,IDLE,IDLE,IDLE,IDLE,IDLE,IDLE,IDLE,IDLE,IDLE,IDLE,IDLE,IDLE,IDLE,IDLE,IDLE,IDLE,IDLE,IDLE,IDLE,IDLE,IDLE,IDLE,IDLE,IDLE,IDLE,IDLE,IDLE
233,2024-01-10 17:00:01,0.00,0.00,0,0.0000,0.0000,0.00,0.9998,0.9999,0.9997,0.9997,0.9998,0.9998,0.9998,0.9997,0.9998,0.9998,0.9999,0.9997,0.9998,0.9999,0.9998,0.9999,0.9998,0.9998,0.9998,0.9998,0.9998,0.9998,0.9999,0.9998,0.9998,0.9998,0.9998,0.9998,0.9998,0.9997,0.9998,0.9998,0.9998,0.9998,0.9998,0.9997,0.9996,0.9998,0.9998,0.9998,0.9998,0.9998,0.9998,0.9998,0.9997,0.9997,0.9998,0.9999,0.9998,0.9999,0.1622,0.1872,0.1898,0.1763,0.1969,0.1614,0.1677,0.1781,0.1623,0.1490,0.1997,0.1315,0.1870,0.1542,0.1730,0.1542,0.1970,0.1985,0.1753,0.1642,0.1937,0.1970,0.1982,0.1980,0.1844,0.1987,0.1970,0.1490,0.1759,0.1861,0.1491,0.1286,0.1623,0.1668,0.1993,0.1763,0.1879,0.1286,0.1709,0.1911,0.1677,0.1626,0.1409,0.1980,0.1412,0.1557,0.1569,0.1581,0.1373,0.1646,IDLE,IDLE,IDLE,IDLE,IDLE,IDLE,IDLE,IDLE,IDLE,IDLE,IDLE,IDLE,IDLE,IDLE,IDLE,IDLE,IDLE,IDLE,IDLE,IDLE,IDLE,IDLE,IDLE,IDLE,IDLE,IDLE,IDLE,IDLE,IDLE,IDLE,IDLE,IDLE,IDLE,IDLE,IDLE,IDLE,IDLE,IDLE,IDLE,IDLE,IDLE,IDLE,IDLE,IDLE,IDLE,IDLE,IDLE,IDLE,IDLE,IDLE
234,2024-01-10 18:00:01,0.00,0.00,0,0.0000,0.0000,0.00,0.9998,0.9999,0.9997,0.9997,0.9998,0.9998,0.9998,0.9997,0.9998,0.9998,0.9999,0.9997,0.9998,0.9999,0.9998,0.9999,0.9998,0.9998,0.9998,0.9998,0.9998,0.9998,0.9999,0.9998,0.9998,0.9998,0.9998,0.9998,0.9998,0.9997,0.9998,0.9998,0.9998,0.9998,0.9998,0.9997,0.9996,0.9998,0.9998,0.9998,0.9998,0.9998,0.9998,0.9998,0.9997,0.9997,0.9998,0.9999,0.9998,0.9999,0.1622,0.1872,0.1898,0.1763,0.1969,0.1614,0.1677,0.1781,0.1623,0.1490,0.1997,0.1315,0.1870,0.1542,0.1730,0.1542,0.1970,0.1985,0.1753,0.1642,0.1937,0.1970,0.1982,0.1980,0.1844,0.1987,0.1970,0.1490,0.1759,0.1861,0.1491,0.1286,0.1623,0.1668,0.1993,0.1763,0.1879,0.1286,0.1709,0.1911,0.1677,0.1626,0.1409,0.1980,0.1412,0.1557,0.1569,0.1581,0.1373,0.1646,IDLE,IDLE,IDLE,IDLE,IDLE,IDLE,IDLE,IDLE,IDLE,IDLE,IDLE,IDLE,IDLE,IDLE,IDLE,IDLE,IDLE,IDLE,IDLE,IDLE,IDLE,IDLE,IDLE,IDLE,IDLE,IDLE,IDLE,IDLE,IDLE,IDLE,IDLE,IDLE,IDLE,IDLE,IDLE,IDLE,IDLE,IDLE,IDLE,IDLE,IDLE,IDLE,IDLE,IDLE,IDLE,IDLE,IDLE,IDLE,IDLE,IDLE
235,2024-01-10 19:00:01,0.00,0.00,0,0.0000,0.0000,0.00,0.9998,0.9999,0.9997,0.9997,0.9998,0.9998,0.9998,0.9997,0.9998,0.9998,0.9999,0.9997,0.9998,0.9999,0.9998,0.9999,0.9998,0.9998,0.9998,0.9998,0.9998,0.9998,0.9999,0.9998,0.9998,0.9998,0.9998,0.9998,0.9998,0.9997,0.9998,0.9998,0.9998,0.9998,0.9998,0.9997,0.9996,0.9998,0.9998,0.9998,0.9998,0.9998,0.9998,0.9998,0.9997,0.9997,0.9998,0.9999,0.9998,0.9999,0.1622,0.1872,0.1898,0.1763,0.1969,0.1614,0.1677,0.1781,0.1623,0.1490,0.1997,0.1315,0.1870,0.1542,0.1730,0.1542,0.1970,0.1985,0.1753,0.1642,0.1937,0.1970,0.1982,0.1980,0.1844,0.1987,0.1970,0.1490,0.1759,0.1861,0.1491,0.1286,0.1623,0.1668,0.1993,0.1763,0.1879,0.1286,0.1709,0.1911,0.1677,0.1626,0.1409,0.1980,0.1412,0.1557,0.1569,0.1581,0.1373,0.1646,IDLE,IDLE,IDLE,IDLE,IDLE,IDLE,IDLE,IDLE,IDLE,IDLE,IDLE,IDLE,IDLE,IDLE,IDLE,IDLE,IDLE,IDLE,IDLE,IDLE,IDLE,IDLE,IDLE,IDLE,IDLE,IDLE,IDLE,IDLE,IDLE,IDLE,IDLE,IDLE,IDLE,IDLE,IDLE,IDLE,IDLE,IDLE,IDLE,IDLE,IDLE,IDLE,IDLE,IDLE,IDLE,IDLE,IDLE,IDLE,IDLE,IDLE
236,2024-01-10 20:00:01,0.00,0.00,0,0.0000,0.0000,0.00,0.9998,0.9999,0.9997,0.9997,0.9998,0.9998,0.9998,0.9997,0.9998,0.9998,0.9999,0.9997,0.9998,0.9999,0.9998,0.9999,0.9998,0.9998,0.9998,0.9998,0.9998,0.9998,0.9999,0.9998,0.9998,0.9998,0.9998,0.9998,0.9998,0.9997,0.9998,0.9998,0.9998,0.9998,0.9998,0.9997,0.9996,0.9998,0.9998,0.9998,0.9998,0.9998,0.9998,0.9998,0.9997,0.9997,0.9998,0.9999,0.9998,0.9999,0.1622,0.1872,0.1898,0.1763,0.1969,0.1614,0.1677,0.1781,0.1623,0.1490,0.1997,0.1315,0.1870,0.1542,0.1730,0.1542,0.1970,0.1985,0.1753,0.1642,0.1937,0.1970,0.1982,0.1980,0.1844,0.1987,0.1970,0.1490,0.1759,0.1861,0.1491,0.1286,0.1623,0.1668,0.1993,0.1763,0.1879,0.1286,0.1709,0.1911,0.1677,0.1626,0.1409,0.1980,0.1412,0.1557,0.1569,0.1581,0.1373,0.1646,IDLE,IDLE,IDLE,IDLE,IDLE,IDLE,IDLE,IDLE,IDLE,IDLE,IDLE,IDLE,IDLE,IDLE,IDLE,IDLE,IDLE,IDLE,IDLE,IDLE,IDLE,IDLE,IDLE,IDLE,IDLE,IDLE,IDLE,IDLE,IDLE,IDLE,IDLE,IDLE,IDLE,IDLE,IDLE,IDLE,IDLE,IDLE,IDLE,IDLE,IDLE,IDLE,IDLE,IDLE,IDLE,IDLE,IDLE,IDLE,IDLE,IDLE
237,2024-01-10 21:00:01,0.00,0.00,0,0.0000,0.0000,0.00,0.9998,0.9999,0.9997,0.9997,0.9998,0.9998,0.9998,0.9997,0.9998,0.9998,0.9999,0.9997,0.9998,0.9999,0.9998,0.9999,0.9998,0.9998,0.9998,0.9998,0.9998,0.9998,0.9999,0.9998,0.9998,0.9998,0.9998,0.9998,0.9998,0.9997,0.9998,0.9998,0.9998,0.9998,0.9998,0.9997,0.9996,0.9998,0.9998,0.9998,0.9998,0.9998,0.9998,0.9998,0.9997,0.9997,0.9998,0.9999,0.9998,0.9999,0.1622,0.1872,0.1898,0.1763,0.1969,0.1614,0.1677,0.1781,0.1623,0.1490,0.1997,0.1315,0.1870,0.1542,0.1730,0.1542,0.1970,0.1985,0.1753,0.1642,0.1937,0.1970,0.1982,0.1980,0.1844,0.1987,0.1970,0.1490,0.1759,0.1861,0.1491,0.1286,0.1623,0.1668,0.1993,0.1763,0.1879,0.1286,0.1709,0.1911,0.1677,0.1626,0.1409,0.1980,0.1412,0.1557,0.1569,0.1581,0.1373,0.1646,IDLE,IDLE,IDLE,IDLE,IDLE,IDLE,IDLE,IDLE,IDLE,IDLE,IDLE,IDLE,IDLE,IDLE,IDLE,IDLE,IDLE,IDLE,IDLE,IDLE,IDLE,IDLE,IDLE,IDLE,IDLE,IDLE,IDLE,IDLE,IDLE,IDLE,IDLE,IDLE,IDLE,IDLE,IDLE,IDLE,IDLE,IDLE,IDLE,IDLE,IDLE,IDLE,IDLE,IDLE,IDLE,IDLE,IDLE,IDLE,IDLE,IDLE
238,2024-01-10 22:00:01,0.00,0.00,0,0.0000,0.0000,0.00,0.9998,0.9999,0.9997,0.9997,0.9998,0.9998,0.9998,0.9997,0.9998,0.9998,0.9999,0.9997,0.9998,0.9999,0.9998,0.9999,0.9998,0.9998,0.9998,0.9998,0.9998,0.9998,0.9999,0.9998,0.9998,0.9998,0.9998,0.9998,0.9998,0.9997,0.9998,0.9998,0.9998,0.9998,0.9998,0.9997,0.9996,0.9998,0.9998,0.9998,0.9998,0.9998,0.9998,0.9998,0.9997,0.9997,0.9998,0.9999,0.9998,0.9999,0.1622,0.1872,0.1898,0.1763,0.1969,0.1614,0.1677,0.1781,0.1623,0.1490,0.1997,0.1315,0.1870,0.1542,0.1730,0.1542,0.1970,0.1985,0.1753,0.1642,0.1937,0.1970,0.1982,0.1980,0.1844,0.1987,0.1970,0.1490,0.1759,0.1861,0.1491,0.1286,0.1623,0.1668,0.1993,0.1763,0.1879,0.1286,0.1709,0.1911,0.1677,0.1626,0.1409,0.1980,0.1412,0.1557,0.1569,0.1581,0.1373,0.1646,IDLE,IDLE,IDLE,IDLE,IDLE,IDLE,IDLE,IDLE,IDLE,IDLE,IDLE,IDLE,IDLE,IDLE,IDLE,IDLE,IDLE,IDLE,IDLE,IDLE,IDLE,IDLE,IDLE,IDLE,IDLE,IDLE,IDLE,IDLE,IDLE,IDLE,IDLE,IDLE,IDLE,IDLE,IDLE,IDLE,IDLE,IDLE,IDLE,IDLE,IDLE,IDLE,IDLE,IDLE,IDLE,IDLE,IDLE,IDLE,IDLE,IDLE
239,2024-01-10 23:00:01,0.00,0.00,0,0.0000,0.0000,0.00,0.9998,0.9999,0.9997,0.9997,0.9998,0.9998,0.9998,0.9997,0.9998,0.9998,0.9999,0.9997,0.9998,0.9999,0.9998,0.9999,0.9998,0.9998,0.9998,0.9998,0.9998,0.9998,0.9999,0.9998,0.9998,0.9998,0.9998,0.9998,0.9998,0.9997,0.9998,0.9998,0.9998,0.9998,0.9998,0.9997,0.9996,0.9998,0.9998,0.9998,0.9998,0.9998,0.9998,0.9998,0.9997,0.9997,0.9998,0.9999,0.9998,0.9999,0.1622,0.1872,0.1898,0.1763,0.1969,0.1614,0.1677,0.1781,0.1623,0.1490,0.1997,0.1315,0.1870,0.1542,0.1730,0.1542,0.1970,0.1985,0.1753,0.1642,0.1937,0.1970,0.1982,0.1980,0.1844,0.1987,0.1970,0.1490,0.1759,0.1861,0.1491,0.1286,0.1623,0.1668,0.1993,0.1763,0.1879,0.1286,0.1709,0.1911,0.1677,0.1626,0.1409,0.1980,0.1412,0.1557,0.1569,0.1581,0.1373,0.1646,IDLE,IDLE,IDLE,IDLE,IDLE,IDLE,IDLE,IDLE,IDLE,IDLE,IDLE,IDLE,IDLE,IDLE,IDLE,IDLE,IDLE,IDLE,IDLE,IDLE,IDLE,IDLE,IDLE,IDLE,IDLE,IDLE,IDLE,IDLE,IDLE,IDLE,IDLE,IDLE,IDLE,IDLE,IDLE,IDLE,IDLE,IDLE,IDLE,IDLE,IDLE,IDLE,IDLE,IDLE,IDLE,IDLE,IDLE,IDLE,IDLE,IDLE
240,2024-01-11 00:00:01,0.00,0.00,0,0.0000,0.0000,0.00,0.9998,0.9999,0.9997,0.9997,0.9998,0.9998,0.9998,0.9997,0.9998,0.9998,0.9999,0.9997,0.9998,0.9999,0.9998,0.9999,0.9998,0.9998,0.9998,0.9998,0.9998,0.9998,0.9999,0.9998,0.9998,0.9998,0.9998,0.9998,0.9998,0.9997,0.9998,0.9998,0.9998,0.9998,0.9998,0.9997,0.9996,0.9998,0.9998,0.9998,0.9998,0.9998,0.9998,0.9998,0.9997,0.9997,0.9998,0.9999,0.9998,0.9999,0.1622,0.1872,0.1898,0.1763,0.1969,0.1614,0.1677,0.1781,0.1623,0.1490,0.1997,0.1315,0.1870,0.1542,0.1730,0.1542,0.1970,0.1985,0.1753,0.1642,0.1937,0.1970,0.1982,0.1980,0.1844,0.1987,0.1970,0.1490,0.1759,0.1861,0.1491,0.1286,0.1623,0.1668,0.1993,0.1763,0.1879,0.1286,0.1709,0.1911,0.1677,0.1626,0.1409,0.1980,0.1412,0.1557,0.1569,0.1581,0.1373,0.1646,IDLE,IDLE,IDLE,IDLE,IDLE,IDLE,IDLE,IDLE,IDLE,IDLE,IDLE,IDLE,IDLE,IDLE,IDLE,IDLE,IDLE,IDLE,IDLE,IDLE,IDLE,IDLE,IDLE,IDLE,IDLE,IDLE,IDLE,IDLE,IDLE,IDLE,IDLE,IDLE,IDLE,IDLE,IDLE,IDLE,IDLE,IDLE,IDLE,IDLE,IDLE,IDLE,IDLE,IDLE,IDLE,IDLE,IDLE,IDLE,IDLE,IDLE
241,2024-01-11 01:00:01,0.00,0.00,0,0.0000,0.0000,0.00,0.9998,0.9999,0.9997,0.9997,0.9998,0.9998,0.9998,0.9997,0.9998,0.9998,0.9999,0.9997,0.9998,0.9999,0.9998,0.9999,0.9998,0.9998,0.9998,0.9998,0.9998,0.9998,0.9999,0.9998,0.9998,0.9998,0.9998,0.9998,0.9998,0.9997,0.9998,0.9998,0.9998,0.9998,0.9998,0.9997,0.9996,0.9998,0.9998,0.9998,0.9998,0.9998,0.9998,0.9998,0.9997,0.9997,0.9998,0.9999,0.9998,0.9999,0.1622,0.1872,0.1898,0.1763,0.1969,0.1614,0.1677,0.1781,0.1623,0.1490,0.1997,0.1315,0.1870,0.1542,0.1730,0.1542,0.1970,0.1985,0.1753,0.1642,0.1937,0.1970,0.1982,0.1980,0.1844,0.1987,0.1970,0.1490,0.1759,0.1861,0.1491,0.1286,0.1623,0.1668,0.1993,0.1763,0.1879,0.1286,0.1709,0.1911,0.1677,0.1626,0.1409,0.1980,0.1412,0.1557,0.1569,0.1581,0.1373,0.1646,IDLE,IDLE,IDLE,IDLE,IDLE,IDLE,IDLE,IDLE,IDLE,IDLE,IDLE,IDLE,IDLE,IDLE,IDLE,IDLE,IDLE,IDLE,IDLE,IDLE,IDLE,IDLE,IDLE,IDLE,IDLE,IDLE,IDLE,IDLE,IDLE,IDLE,IDLE,IDLE,IDLE,IDLE,IDLE,IDLE,IDLE,IDLE,IDLE,IDLE,IDLE,IDLE,IDLE,IDLE,IDLE,IDLE,IDLE,IDLE,IDLE,IDLE
242,2024-01-11 02:00:01,0.00,0.00,0,0.0000,0.0000,0.00,0.9998,0.9999,0.9997,0.9997,0.9998,0.9998,0.9998,0.9997,0.9998,0.9998,0.9999,0.9997,0.9998,0.9999,0.9998,0.9999,0.9998,0.9998,0.9998,0.9998,0.9998,0.9998,0.9999,0.9998,0.9998,0.9998,0.9998,0.9998,0.9998,0.9997,0.9998,0.9998,0.9998,0.9998,0.9998,0.9997,0.9996,0.9998,0.9998,0.9998,0.9998,0.9998,0.9998,0.9998,0.9997,0.9997,0.9998,0.9999,0.9998,0.9999,0.1622,0.1872,0.1898,0.1763,0.1969,0.1614,0.1677,0.1781,0.1623,0.1490,0.1997,0.1315,0.1870,0.1542,0.1730,0.1542,0.1970,0.1985,0.1753,0.1642,0.1937,0.1970,0.1982,0.1980,0.1844,0.1987,0.1970,0.1490,0.1759,0.1861,0.1491,0.1286,0.1623,0.1668,0.1993,0.1763,0.1879,0.1286,0.1709,0.1911,0.1677,0.1626,0.1409,0.1980,0.1412,0.1557,0.1569,0.1581,0.1373,0.1646,IDLE,IDLE,IDLE,IDLE,IDLE,IDLE,IDLE,IDLE,IDLE,IDLE,IDLE,IDLE,IDLE,IDLE,IDLE,IDLE,IDLE,IDLE,IDLE,IDLE,IDLE,IDLE,IDLE,IDLE,IDLE,IDLE,IDLE,IDLE,IDLE,IDLE,IDLE,IDLE,IDLE,IDLE,IDLE,IDLE,IDLE,IDLE,IDLE,IDLE,IDLE,IDLE,IDLE,IDLE,IDLE,IDLE,IDLE,IDLE,IDLE,IDLE
243,2024-01-11 03:00:01,0.00,0.00,0,0.0000,0.0000,0.00,0.9998,0.9999,0.9997,0.9997,0.9998,0.9998,0.9998,0.9997,0.9998,0.9998,0.9999,0.9997,0.9998,0.9999,0.9998,0.9999,0.9998,0.9998,0.9998,0.9998,0.9998,0.9998,0.9999,0.9998,0.9998,0.9998,0.9998,0.9998,0.9998,0.9997,0.9998,0.9998,0.9998,0.9998,0.9998,0.9997,0.9996,0.9998,0.9998,0.9998,0.9998,0.9998,0.9998,0.9998,0.9997,0.9997,0.9998,0.9999,0.9998,0.9999,0.1622,0.1872,0.1898,0.1763,0.1969,0.1614,0.1677,0.1781,0.1623,0.1490,0.1997,0.1315,0.1870,0.1542,0.1730,0.1542,0.1970,0.1985,0.1753,0.1642,0.1937,0.1970,0.1982,0.1980,0.1844,0.1987,0.1970,0.1490,0.1759,0.1861,0.1491,0.1286,0.1623,0.1668,0.1993,0.1763,0.1879,0.1286,0.1709,0.1911,0.1677,0.1626,0.1409,0.1980,0.1412,0.1557,0.1569,0.1581,0.1373,0.1646,IDLE,IDLE,IDLE,IDLE,IDLE,IDLE,IDLE,IDLE,IDLE,IDLE,IDLE,IDLE,IDLE,IDLE,IDLE,IDLE,IDLE,IDLE,IDLE,IDLE,IDLE,IDLE,IDLE,IDLE,IDLE,IDLE,IDLE,IDLE,IDLE,IDLE,IDLE,IDLE,IDLE,IDLE,IDLE,IDLE,IDLE,IDLE,IDLE,IDLE,IDLE,IDLE,IDLE,IDLE,IDLE,IDLE,IDLE,IDLE,IDLE,IDLE
244,2024-01-11 04:00:01,0.00,0.00,0,0.0000,0.0000,0.00,0.9998,0.9999,0.9997,0.9997,0.9998,0.9998,0.9998,0.9997,0.9998,0.9998,0.9999,0.9997,0.9998,0.9999,0.9998,0.9999,0.9998,0.9998,0.9998,0.9998,0.9998,0.9998,0.9999,0.9998,0.9998,0.9998,0.9998,0.9998,0.9998,0.9997,0.9998,0.9998,0.9998,0.9998,0.9998,0.9997,0.9996,0.9998,0.9998,0.9998,0.9998,0.9998,0.9998,0.9998,0.9997,0.9997,0.9998,0.9999,0.9998,0.9999,0.1622,0.1872,0.1898,0.1763,0.1969,0.1614,0.1677,0.1781,0.1623,0.1490,0.1997,0.1315,0.1870,0.1542,0.1730,0.1542,0.1970,0.1985,0.1753,0.1642,0.1937,0.1970,0.1982,0.1980,0.1844,0.1987,0.1970,0.1490,0.1759,0.1861,0.1491,0.1286,0.1623,0.1668,0.1993,0.1763,0.1879,0.1286,0.1709,0.1911,0.1677,0.1626,0.1409,0.1980,0.1412,0.1557,0.1569,0.1581,0.1373,0.1646,IDLE,IDLE,IDLE,IDLE,IDLE,IDLE,IDLE,IDLE,IDLE,IDLE,IDLE,IDLE,IDLE,IDLE,IDLE,IDLE,IDLE,IDLE,IDLE,IDLE,IDLE,IDLE,IDLE,IDLE,IDLE,IDLE,IDLE,IDLE,IDLE,IDLE,IDLE,IDLE,IDLE,IDLE,IDLE,IDLE,IDLE,IDLE,IDLE,IDLE,IDLE,IDLE,IDLE,IDLE,IDLE,IDLE,IDLE,IDLE,IDLE,IDLE
245,2024-01-11 05:00:01,0.00,0.00,0,0.0000,0.0000,0.00,0.9998,0.9999,0.9997,0.9997,0.9998,0.9998,0.9998,0.9997,0.9998,0.9998,0.9999,0.9997,0.9998,0.9999,0.9998,0.9999,0.9998,0.9998,0.9998,0.9998,0.9998,0.9998,0.9999,0.9998,0.9998,0.9998,0.9998,0.9998,0.9998,0.9997,0.9998,0.9998,0.9998,0.9998,0.9998,0.9997,0.9996,0.9998,0.9998,0.9998,0.9998,0.9998,0.9998,0.9998,0.9997,0.9997,0.9998,0.9999,0.9998,0.9999,0.1622,0.1872,0.1898,0.1763,0.1969,0.1614,0.1677,0.1781,0.1623,0.1490,0.1997,0.1315,0.1870,0.1542,0.1730,0.1542,0.1970,0.1985,0.1753,0.1642,0.1937,0.1970,0.1982,0.1980,0.1844,0.1987,0.1970,0.1490,0.1759,0.1861,0.1491,0.1286,0.1623,0.1668,0.1993,0.1763,0.1879,0.1286,0.1709,0.1911,0.1677,0.1626,0.1409,0.1980,0.1412,0.1557,0.1569,0.1581,0.1373,0.1646,IDLE,IDLE,IDLE,IDLE,IDLE,IDLE,IDLE,IDLE,IDLE,IDLE,IDLE,IDLE,IDLE,IDLE,IDLE,IDLE,IDLE,IDLE,IDLE,IDLE,IDLE,IDLE,IDLE,IDLE,IDLE,IDLE,IDLE,IDLE,IDLE,IDLE,IDLE,IDLE,IDLE,IDLE,IDLE,IDLE,IDLE,IDLE,IDLE,IDLE,IDLE,IDLE,IDLE,IDLE,IDLE,IDLE,IDLE,IDLE,IDLE,IDLE
246,2024-01-11 06:00:01,0.00,0.00,0,0.0000,0.0000,0.00,0.9998,0.9999,0.9997,0.9997,0.9998,0.9998,0.9998,0.9997,0.9998,0.9998,0.9999,0.9997,0.9998,0.9999,0.9998,0.9999,0.9998,0.9998,0.9998,0.9998,0.9998,0.9998,0.9999,0.9998,0.9998,0.9998,0.9998,0.9998,0.9998,0.9997,0.9998,0.9998,0.9998,0.9998,0.9998,0.9997,0.9996,0.9998,0.9998,0.9998,0.9998,0.9998,0.9998,0.9998,0.9997,0.9997,0.9998,0.9999,0.9998,0.9999,0.1622,0.1872,0.1898,0.1763,0.1969,0.1614,0.1677,0.1781,0.1623,0.1490,0.1997,0.1315,0.1870,0.1542,0.1730,0.1542,0.1970,0.1985,0.1753,0.1642,0.1937,0.1970,0.1982,0.1980,0.1844,0.1987,0.1970,0.1490,0.1759,0.1861,0.1491,0.1286,0.1623,0.1668,0.1993,0.1763,0.1879,0.1286,0.1709,0.1911,0.1677,0.1626,0.1409,0.1980,0.1412,0.1557,0.1569,0.1581,0.1373,0.1646,IDLE,IDLE,IDLE,IDLE,IDLE,IDLE,IDLE,IDLE,IDLE,IDLE,IDLE,IDLE,IDLE,IDLE,IDLE,IDLE,IDLE,IDLE,IDLE,IDLE,IDLE,IDLE,IDLE,IDLE,IDLE,IDLE,IDLE,IDLE,IDLE,IDLE,IDLE,IDLE,IDLE,IDLE,IDLE,IDLE,IDLE,IDLE,IDLE,IDLE,IDLE,IDLE,IDLE,IDLE,IDLE,IDLE,IDLE,IDLE,IDLE,IDLE
247,2024-01-11 07:00:01,0.00,0.00,0,0.0000,0.0000,0.00,0.9998,0.9999,0.9997,0.9997,0.9998,0.9998,0.9998,0.9997,0.9998,0.9998,0.9999,0.9997,0.9998,0.9999,0.9998,0.9999,0.9998,0.9998,0.9998,0.9998,0.9998,0.9998,0.9999,0.9998,0.9998,0.9998,0.9998,0.9998,0.9998,0.9997,0.9998,0.9998,0.9998,0.9998,0.9998,0.9997,0.9996,0.9998,0.9998,0.9998,0.9998,0.9998,0.9998,0.9998,0.9997,0.9997,0.9998,0.9999,0.9998,0.9999,0.1622,0.1872,0.1898,0.1763,0.1969,0.1614,0.1677,0.1781,0.1623,0.1490,0.1997,0.1315,0.1870,0.1542,0.1730,0.1542,0.1970,0.1985,0.1753,0.1642,0.1937,0.1970,0.1982,0.1980,0.1844,0.1987,0.1970,0.1490,0.1759,0.1861,0.1491,0.1286,0.1623,0.1668,0.1993,0.1763,0.1879,0.1286,0.1709,0.1911,0.1677,0.1626,0.1409,0.1980,0.1412,0.1557,0.1569,0.1581,0.1373,0.1646,IDLE,IDLE,IDLE,IDLE,IDLE,IDLE,IDLE,IDLE,IDLE,IDLE,IDLE,IDLE,IDLE,IDLE,IDLE,IDLE,IDLE,IDLE,IDLE,IDLE,IDLE,IDLE,IDLE,IDLE,IDLE,IDLE,IDLE,IDLE,IDLE,IDLE,IDLE,IDLE,IDLE,IDLE,IDLE,IDLE,IDLE,IDLE,IDLE,IDLE,IDLE,IDLE,IDLE,IDLE,IDLE,IDLE,IDLE,IDLE,IDLE,IDLE
248,2024-01-11 08:00:01,0.00,0.00,0,0.0000,0.0000,0.00,0.9998,0.9999,0.9997,0.9997,0.9998,0.9998,0.9998,0.9997,0.9998,0.9998,0.9999,0.9997,0.9998,0.9999,0.9998,0.9999,0.9998,0.9998,0.9998,0.9998,0.9998,0.9998,0.9999,0.9998,0.9998,0.9998,0.9998,0.9998,0.9998,0.9997,0.9998,0.9998,0.9998,0.9998,0.9998,0.9997,0.9996,0.9998,0.9998,0.9998,0.9998,0.9998,0.9998,0.9998,0.9997,0.9997,0.9998,0.9999,0.9998,0.9999,0.1622,0.1872,0.1898,0.1763,0.1969,0.1614,0.1677,0.1781,0.1623,0.1490,0.1997,0.1315,0.1870,0.1542,0.1730,0.1542,0.1970,0.1985,0.1753,0.1642,0.1937,0.1970,0.1982,0.1980,0.1844,0.1987,0.1970,0.1490,0.1759,0.1861,0.1491,0.1286,0.1623,0.1668,0.1993,0.1763,0.1879,0.1286,0.1709,0.1911,0.1677,0.1626,0.1409,0.1980,0.1412,0.1557,0.1569,0.1581,0.1373,0.1646,IDLE,IDLE,IDLE,IDLE,IDLE,IDLE,IDLE,IDLE,IDLE,IDLE,IDLE,IDLE,IDLE,IDLE,IDLE,IDLE,IDLE,IDLE,IDLE,IDLE,IDLE,IDLE,IDLE,IDLE,IDLE,IDLE,IDLE,IDLE,IDLE,IDLE,IDLE,IDLE,IDLE,IDLE,IDLE,IDLE,IDLE,IDLE,IDLE,IDLE,IDLE,IDLE,IDLE,IDLE,IDLE,IDLE,IDLE,IDLE,IDLE,IDLE
249,2024-01-11 09:00:01,0.00,0.00,0,0.0000,0.0000,0.00,0.9998,0.9999,0.9997,0.9997,0.9998,0.9998,0.9998,0.9997,0.9998,0.9998,0.9999,0.9997,0.9998,0.9999,0.9998,0.9999,0.9998,0.9998,0.9998,0.9998,0.9998,0.9998,0.9999,0.9998,0.9998,0.9998,0.9998,0.9998,0.9998,0.9997,0.9998,0.9998,0.9998,0.9998,0.9998,0.9997,0.9996,0.9998,0.9998,0.9998,0.9998,0.9998,0.9998,0.9998,0.9997,0.9997,0.9998,0.9999,0.9998,0.9999,0.1622,0.1872,0.1898,0.1763,0.1969,0.1614,0.1677,0.1781,0.1623,0.1490,0.1997,0.1315,0.1870,0.1542,0.1730,0.1542,0.1970,0.1985,0.1753,0.1642,0.1937,0.1970,0.1982,0.1980,0.1844,0.1987,0.1970,0.1490,0.1759,0.1861,0.1491,0.1286,0.1623,0.1668,0.1993,0.1763,0.1879,0.1286,0.1709,0.1911,0.1677,0.1626,0.1409,0.1980,0.1412,0.1557,0.1569,0.1581,0.1373,0.1646,IDLE,IDLE,IDLE,IDLE,IDLE,IDLE,IDLE,IDLE,IDLE,IDLE,IDLE,IDLE,IDLE,IDLE,IDLE,IDLE,IDLE,IDLE,IDLE,IDLE,IDLE,IDLE,IDLE,IDLE,IDLE,IDLE,IDLE,IDLE,IDLE,IDLE,IDLE,IDLE,IDLE,IDLE,IDLE,IDLE,IDLE,IDLE,IDLE,IDLE,IDLE,IDLE,IDLE,IDLE,IDLE,IDLE,IDLE,IDLE,IDLE,IDLE
250,2024-01-11 10:00:01,0.00,0.00,0,0.0000,0.0000,0.00,0.9998,0.9999,0.9997,0.9997,0.9998,0.9998,0.9998,0.9997,0.9998,0.9998,0.9999,0.9997,0.9998,0.9999,0.9998,0.9999,0.9998,0.9998,0.9998,0.9998,0.9998,0.9998,0.9999,0.9998,0.9998,0.9998,0.9998,0.9998,0.9998,0.9997,0.9998,0.9998,0.9998,0.9998,0.9998,0.9997,0.9996,0.9998,0.9998,0.9998,0.9998,0.9998,0.9998,0.9998,0.9997,0.9997,0.9998,0.9999,0.9998,0.9999,0.1622,0.1872,0.1898,0.1763,0.1969,0.1614,0.1677,0.1781,0.1623,0.1490,0.1997,0.1315,0.1870,0.1542,0.1730,0.1542,0.1970,0.1985,0.1753,0.1642,0.1937,0.1970,0.1982,0.1980,0.1844,0.1987,0.1970,0.1490,0.1759,0.1861,0.1491,0.1286,0.1623,0.1668,0.1993,0.1763,0.1879,0.1286,0.1709,0.1911,0.1677,0.1626,0.1409,0.1980,0.1412,0.1557,0.1569,0.1581,0.1373,0.1646,IDLE,IDLE,IDLE,IDLE,IDLE,IDLE,IDLE,IDLE,IDLE,IDLE,IDLE,IDLE,IDLE,IDLE,IDLE,IDLE,IDLE,IDLE,IDLE,IDLE,IDLE,IDLE,IDLE,IDLE,IDLE,IDLE,IDLE,IDLE,IDLE,IDLE,IDLE,IDLE,IDLE,IDLE,IDLE,IDLE,IDLE,IDLE,IDLE,IDLE,IDLE,IDLE,IDLE,IDLE,IDLE,IDLE,IDLE,IDLE,IDLE,IDLE
251,2024-01-11 11:00:01,0.00,0.00,0,0.0000,0.0000,0.00,0.9998,0.9999,0.9997,0.9997,0.9998,0.9998,0.9998,0.9997,0.9998,0.9998,0.9999,0.9997,0.9998,0.9999,0.9998,0.9999,0.9998,0.9998,0.9998,0.9998,0.9998,0.9998,0.9999,0.9998,0.9998,0.9998,0.9998,0.9998,0.9998,0.9997,0.9998,0.9998,0.9998,0.9998,0.9998,0.9997,0.9996,0.9998,0.9998,0.9998,0.9998,0.9998,0.9998,0.9998,0.9997,0.9997,0.9998,0.9999,0.9998,0.9999,0.1622,0.1872,0.1898,0.1763,0.1969,0.1614,0.1677,0.1781,0.1623,0.1490,0.1997,0.1315,0.1870,0.1542,0.1730,0.1542,0.1970,0.1985,0.1753,0.1642,0.1937,0.1970,0.1982,0.1980,0.1844,0.1987,0.1970,0.1490,0.1759,0.1861,0.1491,0.1286,0.1623,0.1668,0.1993,0.1763,0.1879,0.1286,0.1709,0.1911,0.1677,0.1626,0.1409,0.1980,0.1412,0.1557,0.1569,0.1581,0.1373,0.1646,IDLE,IDLE,IDLE,IDLE,IDLE,IDLE,IDLE,IDLE,IDLE,IDLE,IDLE,IDLE,IDLE,IDLE,IDLE,IDLE,IDLE,IDLE,IDLE,IDLE,IDLE,IDLE,IDLE,IDLE,IDLE,IDLE,IDLE,IDLE,IDLE,IDLE,IDLE,IDLE,IDLE,IDLE,IDLE,IDLE,IDLE,IDLE,IDLE,IDLE,IDLE,IDLE,IDLE,IDLE,IDLE,IDLE,IDLE,IDLE,IDLE,IDLE
252,2024-01-11 12:00:01,0.00,0.00,0,0.0000,0.0000,0.00,0.9998,0.9999,0.9997,0.9997,0.9998,0.9998,0.9998,0.9997,0.9998,0.9998,0.9999,0.9997,0.9998,0.9999,0.9998,0.9999,0.9998,0.9998,0.9998,0.9998,0.9998,0.9998,0.9999,0.9998,0.9998,0.9998,0.9998,0.9998,0.9998,0.9997,0.9998,0.9998,0.9998,0.9998,0.9998,0.9997,0.9996,0.9998,0.9998,0.9998,0.9998,0.9998,0.9998,0.9998,0.9997,0.9997,0.9998,0.9999,0.9998,0.9999,0.1622,0.1872,0.1898,0.1763,0.1969,0.1614,0.1677,0.1781,0.1623,0.1490,0.1997,0.1315,0.1870,0.1542,0.1730,0.1542,0.1970,0.1985,0.1753,0.1642,0.1937,0.1970,0.1982,0.1980,0.1844,0.1987,0.1970,0.1490,0.1759,0.1861,0.1491,0.1286,0.1623,0.1668,0.1993,0.1763,0.1879,0.1286,0.1709,0.1911,0.1677,0.1626,0.1409,0.1980,0.1412,0.1557,0.1569,0.1581,0.1373,0.1646,IDLE,IDLE,IDLE,IDLE,IDLE,IDLE,IDLE,IDLE,IDLE,IDLE,IDLE,IDLE,IDLE,IDLE,IDLE,IDLE,IDLE,IDLE,IDLE,IDLE,IDLE,IDLE,IDLE,IDLE,IDLE,IDLE,IDLE,IDLE,IDLE,IDLE,IDLE,IDLE,IDLE,IDLE,IDLE,IDLE,IDLE,IDLE,IDLE,IDLE,IDLE,IDLE,IDLE,IDLE,IDLE,IDLE,IDLE,IDLE,IDLE,IDLE
253,2024-01-11 13:00:01,0.00,0.00,0,0.0000,0.0000,0.00,0.9998,0.9999,0.9997,0.9997,0.9998,0.9998,0.9998,0.9997,0.9998,0.9998,0.9999,0.9997,0.9998,0.9999,0.9998,0.9999,0.9998,0.9998,0.9998,0.9998,0.9998,0.9998,0.9999,0.9998,0.9998,0.9998,0.9998,0.9998,0.9998,0.9997,0.9998,0.9998,0.9998,0.9998,0.9998,0.9997,0.9996,0.9998,0.9998,0.9998,0.9998,0.9998,0.9998,0.9998,0.9997,0.9997,0.9998,0.9999,0.9998,0.9999,0.1622,0.1872,0.1898,0.1763,0.1969,0.1614,0.1677,0.1781,0.1623,0.1490,0.1997,0.1315,0.1870,0.1542,0.1730,0.1542,0.1970,0.1985,0.1753,0.1642,0.1937,0.1970,0.1982,0.1980,0.1844,0.1987,0.1970,0.1490,0.1759,0.1861,0.1491,0.1286,0.1623,0.1668,0.1993,0.1763,0.1879,0.1286,0.1709,0.1911,0.1677,0.1626,0.1409,0.1980,0.1412,0.1557,0.1569,0.1581,0.1373,0.1646,IDLE,IDLE,IDLE,IDLE,IDLE,IDLE,IDLE,IDLE,IDLE,IDLE,IDLE,IDLE,IDLE,IDLE,IDLE,IDLE,IDLE,IDLE,IDLE,IDLE,IDLE,IDLE,IDLE,IDLE,IDLE,IDLE,IDLE,IDLE,IDLE,IDLE,IDLE,IDLE,IDLE,IDLE,IDLE,IDLE,IDLE,IDLE,IDLE,IDLE,IDLE,IDLE,IDLE,IDLE,IDLE,IDLE,IDLE,IDLE,IDLE,IDLE
254,2024-01-11 14:00:01,0.00,0.00,0,0.0000,0.0000,0.00,0.9998,0.9999,0.9997,0.9997,0.9998,0.9998,0.9998,0.9997,0.9998,0.9998,0.9999,0.9997,0.9998,0.9999,0.9998,0.9999,0.9998,0.9998,0.9998,0.9998,0.9998,0.9998,0.9999,0.9998,0.9998,0.9998,0.9998,0.9998,0.9998,0.9997,0.9998,0.9998,0.9998,0.9998,0.9998,0.9997,0.9996,0.9998,0.9998,0.9998,0.9998,0.9998,0.9998,0.9998,0.9997,0.9997,0.9998,0.9999,0.9998,0.9999,0.1622,0.1872,0.1898,0.1763,0.1969,0.1614,0.1677,0.1781,0.1623,0.1490,0.1997,0.1315,0.1870,0.1542,0.1730,0.1542,0.1970,0.1985,0.1753,0.1642,0.1937,0.1970,0.1982,0.1980,0.1844,0.1987,0.1970,0.1490,0.1759,0.1861,0.1491,0.1286,0.1623,0.1668,0.1993,0.1763,0.1879,0.1286,0.1709,0.1911,0.1677,0.1626,0.1409,0.1980,0.1412,0.1557,0.1569,0.1581,0.1373,0.1646,IDLE,IDLE,IDLE,IDLE,IDLE,IDLE,IDLE,IDLE,IDLE,IDLE,IDLE,IDLE,IDLE,IDLE,IDLE,IDLE,IDLE,IDLE,IDLE,IDLE,IDLE,IDLE,IDLE,IDLE,IDLE,IDLE,IDLE,IDLE,IDLE,IDLE,IDLE,IDLE,IDLE,IDLE,IDLE,IDLE,IDLE,IDLE,IDLE,IDLE,IDLE,IDLE,IDLE,IDLE,IDLE,IDLE,IDLE,IDLE,IDLE,IDLE
255,2024-01-11 15:00:01,0.00,0.00,0,0.0000,0.0000,0.00,0.9998,0.9999,0.9997,0.9997,0.9998,0.9998,0.9998,0.9997,0.9998,0.9998,0.9999,0.9997,0.9998,0.9999,0.9998,0.9999,0.9998,0.9998,0.9998,0.9998,0.9998,0.9998,0.9999,0.9998,0.9998,0.9998,0.9998,0.9998,0.9998,0.9997,0.9998,0.9998,0.9998,0.9998,0.9998,0.9997,0.9996,0.9998,0.9998,0.9998,0.9998,0.9998,0.9998,0.9998,0.9997,0.9997,0.9998,0.9999,0.9998,0.9999,0.1622,0.1872,0.1898,0.1763,0.1969,0.1614,0.1677,0.1781,0.1623,0.1490,0.1997,0.1315,0.1870,0.1542,0.1730,0.1542,0.1970,0.1985,0.1753,0.1642,0.1937,0.1970,0.1982,0.1980,0.1844,0.1987,0.1970,0.1490,0.1759,0.1861,0.1491,0.1286,0.1623,0.1668,0.1993,0.1763,0.1879,0.1286,0.1709,0.1911,0.1677,0.1626,0.1409,0.1980,0.1412,0.1557,0.1569,0.1581,0.1373,0.1646,IDLE,IDLE,IDLE,IDLE,IDLE,IDLE,IDLE,IDLE,IDLE,IDLE,IDLE,IDLE,IDLE,IDLE,IDLE,IDLE,IDLE,IDLE,IDLE,IDLE,IDLE,IDLE,IDLE,IDLE,IDLE,IDLE,IDLE,IDLE,IDLE,IDLE,IDLE,IDLE,IDLE,IDLE,IDLE,IDLE,IDLE,IDLE,IDLE,IDLE,IDLE,IDLE,IDLE,IDLE,IDLE,IDLE,IDLE,IDLE,IDLE,IDLE
256,2024-01-11 16:00:01,0.00,0.00,0,0.0000,0.0000,0.00,0.9998,0.9999,0.9997,0.9997,0.9998,0.9998,0.9998,0.9997,0.9998,0.9998,0.9999,0.9997,0.9998,0.9999,0.9998,0.9999,0.9998,0.9998,0.9998,0.9998,0.9998,0.9998,0.9999,0.9998,0.9998,0.9998,0.9998,0.9998,0.9998,0.9997,0.9998,0.9998,0.9998,0.9998,0.9998,0.9997,0.9996,0.9998,0.9998,0.9998,0.9998,0.9998,0.9998,0.9998,0.9997,0.9997,0.9998,0.9999,0.9998,0.9999,0.1622,0.1872,0.1898,0.1763,0.1969,0.1614,0.1677,0.1781,0.1623,0.1490,0.1997,0.1315,0.1870,0.1542,0.1730,0.1542,0.1970,0.1985,0.1753,0.1642,0.1937,0.1970,0.1982,0.1980,0.1844,0.1987,0.1970,0.1490,0.1759,0.1861,0.1491,0.1286,0.1623,0.1668,0.1993,0.1763,0.1879,0.1286,0.1709,0.1911,0.1677,0.1626,0.1409,0.1980,0.1412,0.1557,0.1569,0.1581,0.1373,0.1646,IDLE,IDLE,IDLE,IDLE,IDLE,IDLE,IDLE,IDLE,IDLE,IDLE,IDLE,IDLE,IDLE,IDLE,IDLE,IDLE,IDLE,IDLE,IDLE,IDLE,IDLE,IDLE,IDLE,IDLE,IDLE,IDLE,IDLE,IDLE,IDLE,IDLE,IDLE,IDLE,IDLE,IDLE,IDLE,IDLE,IDLE,IDLE,IDLE,IDLE,IDLE,IDLE,IDLE,IDLE,IDLE,IDLE,IDLE,IDLE,IDLE,IDLE
257,2024-01-11 17:00:01,0.00,0.00,0,0.0000,0.0000,0.00,0.9998,0.9999,0.9997,0.9997,0.9998,0.9998,0.9998,0.9997,0.9998,0.9998,0.9999,0.9997,0.9998,0.9999,0.9998,0.9999,0.9998,0.9998,0.9998,0.9998,0.9998,0.9998,0.9999,0.9998,0.9998,0.9998,0.9998,0.9998,0.9998,0.9997,0.9998,0.9998,0.9998,0.9998,0.9998,0.9997,0.9996,0.9998,0.9998,0.9998,0.9998,0.9998,0.9998,0.9998,0.9997,0.9997,0.9998,0.9999,0.9998,0.9999,0.1622,0.1872,0.1898,0.1763,0.1969,0.1614,0.1677,0.1781,0.1623,0.1490,0.1997,0.1315,0.1870,0.1542,0.1730,0.1542,0.1970,0.1985,0.1753,0.1642,0.1937,0.1970,0.1982,0.1980,0.1844,0.1987,0.1970,0.1490,0.1759,0.1861,0.1491,0.1286,0.1623,0.1668,0.1993,0.1763,0.1879,0.1286,0.1709,0.1911,0.1677,0.1626,0.1409,0.1980,0.1412,0.1557,0.1569,0.1581,0.1373,0.1646,IDLE,IDLE,IDLE,IDLE,IDLE,IDLE,IDLE,IDLE,IDLE,IDLE,IDLE,IDLE,IDLE,IDLE,IDLE,IDLE,IDLE,IDLE,IDLE,IDLE,IDLE,IDLE,IDLE,IDLE,IDLE,IDLE,IDLE,IDLE,IDLE,IDLE,IDLE,IDLE,IDLE,IDLE,IDLE,IDLE,IDLE,IDLE,IDLE,IDLE,IDLE,IDLE,IDLE,IDLE,IDLE,IDLE,IDLE,IDLE,IDLE,IDLE
258,2024-01-11 18:00:01,0.00,0.00,0,0.0000,0.0000,0.00,0.9998,0.9999,0.9997,0.9997,0.9998,0.9998,0.9998,0.9997,0.9998,0.9998,0.9999,0.9997,0.9998,0.9999,0.9998,0.9999,0.9998,0.9998,0.9998,0.9998,0.9998,0.9998,0.9999,0.9998,0.9998,0.9998,0.9998,0.9998,0.9998,0.9997,0.9998,0.9998,0.9998,0.9998,0.9998,0.9997,0.9996,0.9998,0.9998,0.9998,0.9998,0.9998,0.9998,0.9998,0.9997,0.9997,0.9998,0.9999,0.9998,0.9999,0.1622,0.1872,0.1898,0.1763,0.1969,0.1614,0.1677,0.1781,0.1623,0.1490,0.1997,0.1315,0.1870,0.1542,0.1730,0.1542,0.1970,0.1985,0.1753,0.1642,0.1937,0.1970,0.1982,0.1980,0.1844,0.1987,0.1970,0.1490,0.1759,0.1861,0.1491,0.1286,0.1623,0.1668,0.1993,0.1763,0.1879,0.1286,0.1709,0.1911,0.1677,0.1626,0.1409,0.1980,0.1412,0.1557,0.1569,0.1581,0.1373,0.1646,IDLE,IDLE,IDLE,IDLE,IDLE,IDLE,IDLE,IDLE,IDLE,IDLE,IDLE,IDLE,IDLE,IDLE,IDLE,IDLE,IDLE,IDLE,IDLE,IDLE,IDLE,IDLE,IDLE,IDLE,IDLE,IDLE,IDLE,IDLE,IDLE,IDLE,IDLE,IDLE,IDLE,IDLE,IDLE,IDLE,IDLE,IDLE,IDLE,IDLE,IDLE,IDLE,IDLE,IDLE,IDLE,IDLE,IDLE,IDLE,IDLE,IDLE
259,2024-01-11 19:00:01,0.00,0.00,0,0.0000,0.0000,0.00,0.9998,0.9999,0.9997,0.9997,0.9998,0.9998,0.9998,0.9997,0.9998,0.9998,0.9999,0.9997,0.9998,0.9999,0.9998,0.9999,0.9998,0.9998,0.9998,0.9998,0.9998,0.9998,0.9999,0.9998,0.9998,0.9998,0.9998,0.9998,0.9998,0.9997,0.9998,0.9998,0.9998,0.9998,0.9998,0.9997,0.9996,0.9998,0.9998,0.9998,0.9998,0.9998,0.9998,0.9998,0.9997,0.9997,0.9998,0.9999,0.9998,0.9999,0.1622,0.1872,0.1898,0.1763,0.1969,0.1614,0.1677,0.1781,0.1623,0.1490,0.1997,0.1315,0.1870,0.1542,0.1730,0.1542,0.1970,0.1985,0.1753,0.1642,0.1937,0.1970,0.1982,0.1980,0.1844,0.1987,0.1970,0.1490,0.1759,0.1861,0.1491,0.1286,0.1623,0.1668,0.1993,0.1763,0.1879,0.1286,0.1709,0.1911,0.1677,0.1626,0.1409,0.1980,0.1412,0.1557,0.1569,0.1581,0.1373,0.1646,IDLE,IDLE,IDLE,IDLE,IDLE,IDLE,IDLE,IDLE,IDLE,IDLE,IDLE,IDLE,IDLE,IDLE,IDLE,IDLE,IDLE,IDLE,IDLE,IDLE,IDLE,IDLE,IDLE,IDLE,IDLE,IDLE,IDLE,IDLE,IDLE,IDLE,IDLE,IDLE,IDLE,IDLE,IDLE,IDLE,IDLE,IDLE,IDLE,IDLE,IDLE,IDLE,IDLE,IDLE,IDLE,IDLE,IDLE,IDLE,IDLE,IDLE
260,2024-01-11 20:00:01,0.00,0.00,0,0.0000,0.0000,0.00,0.9998,0.9999,0.9997,0.9997,0.9998,0.9998,0.9998,0.9997,0.9998,0.9998,0.9999,0.9997,0.9998,0.9999,0.9998,0.9999,0.9998,0.9998,0.9998,0.9998,0.9998,0.9998,0.9999,0.9998,0.9998,0.9998,0.9998,0.9998,0.9998,0.9997,0.9998,0.9998,0.9998,0.9998,0.9998,0.9997,0.9996,0.9998,0.9998,0.9998,0.9998,0.9998,0.9998,0.9998,0.9997,0.9997,0.9998,0.9999,0.9998,0.9999,0.1622,0.1872,0.1898,0.1763,0.1969,0.1614,0.1677,0.1781,0.1623,0.1490,0.1997,0.1315,0.1870,0.1542,0.1730,0.1542,0.1970,0.1985,0.1753,0.1642,0.1937,0.1970,0.1982,0.1980,0.1844,0.1987,0.1970,0.1490,0.1759,0.1861,0.1491,0.1286,0.1623,0.1668,0.1993,0.1763,0.1879,0.1286,0.1709,0.1911,0.1677,0.1626,0.1409,0.1980,0.1412,0.1557,0.1569,0.1581,0.1373,0.1646,IDLE,IDLE,IDLE,IDLE,IDLE,IDLE,IDLE,IDLE,IDLE,IDLE,IDLE,IDLE,IDLE,IDLE,IDLE,IDLE,IDLE,IDLE,IDLE,IDLE,IDLE,IDLE,IDLE,IDLE,IDLE,IDLE,IDLE,IDLE,IDLE,IDLE,IDLE,IDLE,IDLE,IDLE,IDLE,IDLE,IDLE,IDLE,IDLE,IDLE,IDLE,IDLE,IDLE,IDLE,IDLE,IDLE,IDLE,IDLE,IDLE,IDLE
261,2024-01-11 21:00:01,0.00,0.00,0,0.0000,0.0000,0.00,0.9998,0.9999,0.9997,0.9997,0.9998,0.9998,0.9998,0.9997,0.9998,0.9998,0.9999,0.9997,0.9998,0.9999,0.9998,0.9999,0.9998,0.9998,0.9998,0.9998,0.9998,0.9998,0.9999,0.9998,0.9998,0.9998,0.9998,0.9998,0.9998,0.9997,0.9998,0.9998,0.9998,0.9998,0.9998,0.9997,0.9996,0.9998,0.9998,0.9998,0.9998,0.9998,0.9998,0.9998,0.9997,0.9997,0.9998,0.9999,0.9998,0.9999,0.1622,0.1872,0.1898,0.1763,0.1969,0.1614,0.1677,0.1781,0.1623,0.1490,0.1997,0.1315,0.1870,0.1542,0.1730,0.1542,0.1970,0.1985,0.1753,0.1642,0.1937,0.1970,0.1982,0.1980,0.1844,0.1987,0.1970,0.1490,0.1759,0.1861,0.1491,0.1286,0.1623,0.1668,0.1993,0.1763,0.1879,0.1286,0.1709,0.1911,0.1677,0.1626,0.1409,0.1980,0.1412,0.1557,0.1569,0.1581,0.1373,0.1646,IDLE,IDLE,IDLE,IDLE,IDLE,IDLE,IDLE,IDLE,IDLE,IDLE,IDLE,IDLE,IDLE,IDLE,IDLE,IDLE,IDLE,IDLE,IDLE,IDLE,IDLE,IDLE,IDLE,IDLE,IDLE,IDLE,IDLE,IDLE,IDLE,IDLE,IDLE,IDLE,IDLE,IDLE,IDLE,IDLE,IDLE,IDLE,IDLE,IDLE,IDLE,IDLE,IDLE,IDLE,IDLE,IDLE,IDLE,IDLE,IDLE,IDLE
262,2024-01-11 22:00:01,0.00,0.00,0,0.0000,0.0000,0.00,0.9998,0.9999,0.9997,0.9997,0.9998,0.9998,0.9998,0.9997,0.9998,0.9998,0.9999,0.9997,0.9998,0.9999,0.9998,0.9999,0.9998,0.9998,0.9998,0.9998,0.9998,0.9998,0.9999,0.9998,0.9998,0.9998,0.9998,0.9998,0.9998,0.9997,0.9998,0.9998,0.9998,0.9998,0.9998,0.9997,0.9996,0.9998,0.9998,0.9998,0.9998,0.9998,0.9998,0.9998,0.9997,0.9997,0.9998,0.9999,0.9998,0.9999,0.1622,0.1872,0.1898,0.1763,0.1969,0.1614,0.1677,0.1781,0.1623,0.1490,0.1997,0.1315,0.1870,0.1542,0.1730,0.1542,0.1970,0.1985,0.1753,0.1642,0.1937,0.1970,0.1982,0.1980,0.1844,0.1987,0.1970,0.1490,0.1759,0.1861,0.1491,0.1286,0.1623,0.1668,0.1993,0.1763,0.1879,0.1286,0.1709,0.1911,0.1677,0.1626,0.1409,0.1980,0.1412,0.1557,0.1569,0.1581,0.1373,0.1646,IDLE,IDLE,IDLE,IDLE,IDLE,IDLE,IDLE,IDLE,IDLE,IDLE,IDLE,IDLE,IDLE,IDLE,IDLE,IDLE,IDLE,IDLE,IDLE,IDLE,IDLE,IDLE,IDLE,IDLE,IDLE,IDLE,IDLE,IDLE,IDLE,IDLE,IDLE,IDLE,IDLE,IDLE,IDLE,IDLE,IDLE,IDLE,IDLE,IDLE,IDLE,IDLE,IDLE,IDLE,IDLE,IDLE,IDLE,IDLE,IDLE,IDLE
263,2024-01-11 23:00:01,0.00,0.00,0,0.0000,0.0000,0.00,0.9998,0.9999,0.9997,0.9997,0.9998,0.9998,0.9998,0.9997,0.9998,0.9998,0.9999,0.9997,0.9998,0.9999,0.9998,0.9999,0.9998,0.9998,0.9998,0.9998,0.9998,0.9998,0.9999,0.9998,0.9998,0.9998,0.9998,0.9998,0.9998,0.9997,0.9998,0.9998,0.9998,0.9998,0.9998,0.9997,0.9996,0.9998,0.9998,0.9998,0.9998,0.9998,0.9998,0.9998,0.9997,0.9997,0.9998,0.9999,0.9998,0.9999,0.1622,0.1872,0.1898,0.1763,0.1969,0.1614,0.1677,0.1781,0.1623,0.1490,0.1997,0.1315,0.1870,0.1542,0.1730,0.1542,0.1970,0.1985,0.1753,0.1642,0.1937,0.1970,0.1982,0.1980,0.1844,0.1987,0.1970,0.1490,0.1759,0.1861,0.1491,0.1286,0.1623,0.1668,0.1993,0.1763,0.1879,0.1286,0.1709,0.1911,0.1677,0.1626,0.1409,0.1980,0.1412,0.1557,0.1569,0.1581,0.1373,0.1646,IDLE,IDLE,IDLE,IDLE,IDLE,IDLE,IDLE,IDLE,IDLE,IDLE,IDLE,IDLE,IDLE,IDLE,IDLE,IDLE,IDLE,IDLE,IDLE,IDLE,IDLE,IDLE,IDLE,IDLE,IDLE,IDLE,IDLE,IDLE,IDLE,IDLE,IDLE,IDLE,IDLE,IDLE,IDLE,IDLE,IDLE,IDLE,IDLE,IDLE,IDLE,IDLE,IDLE,IDLE,IDLE,IDLE,IDLE,IDLE,IDLE,IDLE
264,2024-01-12 00:00:01,0.00,0.00,0,0.0000,0.0000,0.00,0.9998,0.9999,0.9997,0.9997,0.9998,0.9998,0.9998,0.9997,0.9998,0.9998,0.9999,0.9997,0.9998,0.9999,0.9998,0.9999,0.9998,0.9998,0.9998,0.9998,0.9998,0.9998,0.9999,0.9998,0.9998,0.9998,0.9998,0.9998,0.9998,0.9997,0.9998,0.9998,0.9998,0.9998,0.9998,0.9997,0.9996,0.9998,0.9998,0.9998,0.9998,0.9998,0.9998,0.9998,0.9997,0.9997,0.9998,0.9999,0.9998,0.9999,0.1622,0.1872,0.1898,0.1763,0.1969,0.1614,0.1677,0.1781,0.1623,0.1490,0.1997,0.1315,0.1870,0.1542,0.1730,0.1542,0.1970,0.1985,0.1753,0.1642,0.1937,0.1970,0.1982,0.1980,0.1844,0.1987,0.1970,0.1490,0.1759,0.1861,0.1491,0.1286,0.1623,0.1668,0.1993,0.1763,0.1879,0.1286,0.1709,0.1911,0.1677,0.1626,0.1409,0.1980,0.1412,0.1557,0.1569,0.1581,0.1373,0.1646,IDLE,IDLE,IDLE,IDLE,IDLE,IDLE,IDLE,IDLE,IDLE,IDLE,IDLE,IDLE,IDLE,IDLE,IDLE,IDLE,IDLE,IDLE,IDLE,IDLE,IDLE,IDLE,IDLE,IDLE,IDLE,IDLE,IDLE,IDLE,IDLE,IDLE,IDLE,IDLE,IDLE,IDLE,IDLE,IDLE,IDLE,IDLE,IDLE,IDLE,IDLE,IDLE,IDLE,IDLE,IDLE,IDLE,IDLE,IDLE,IDLE,IDLE
265,2024-01-12 01:00:01,0.00,0.00,0,0.0000,0.0000,0.00,0.9998,0.9999,0.9997,0.9997,0.9998,0.9998,0.9998,0.9997,0.9998,0.9998,0.9999,0.9997,0.9998,0.9999,0.9998,0.9999,0.9998,0.9998,0.9998,0.9998,0.9998,0.9998,0.9999,0.9998,0.9998,0.9998,0.9998,0.9998,0.9998,0.9997,0.9998,0.9998,0.9998,0.9998,0.9998,0.9997,0.9996,0.9998,0.9998,0.9998,0.9998,0.9998,0.9998,0.9998,0.9997,0.9997,0.9998,0.9999,0.9998,0.9999,0.1622,0.1872,0.1898,0.1763,0.1969,0.1614,0.1677,0.1781,0.1623,0.1490,0.1997,0.1315,0.1870,0.1542,0.1730,0.1542,0.1970,0.1985,0.1753,0.1642,0.1937,0.1970,0.1982,0.1980,0.1844,0.1987,0.1970,0.1490,0.1759,0.1861,0.1491,0.1286,0.1623,0.1668,0.1993,0.1763,0.1879,0.1286,0.1709,0.1911,0.1677,0.1626,0.1409,0.1980,0.1412,0.1557,0.1569,0.1581,0.1373,0.1646,IDLE,IDLE,IDLE,IDLE,IDLE,IDLE,IDLE,IDLE,IDLE,IDLE,IDLE,IDLE,IDLE,IDLE,IDLE,IDLE,IDLE,IDLE,IDLE,IDLE,IDLE,IDLE,IDLE,IDLE,IDLE,IDLE,IDLE,IDLE,IDLE,IDLE,IDLE,IDLE,IDLE,IDLE,IDLE,IDLE,IDLE,IDLE,IDLE,IDLE,IDLE,IDLE,IDLE,IDLE,IDLE,IDLE,IDLE,IDLE,IDLE,IDLE
266,2024-01-12 02:00:01,0.00,0.00,0,0.0000,0.0000,0.00,0.9998,0.9999,0.9997,0.9997,0.9998,0.9998,0.9998,0.9997,0.9998,0.9998,0.9999,0.9997,0.9998,0.9999,0.9998,0.9999,0.9998,0.9998,0.9998,0.9998,0.9998,0.9998,0.9999,0.9998,0.9998,0.9998,0.9998,0.9998,0.9998,0.9997,0.9998,0.9998,0.9998,0.9998,0.9998,0.9997,0.9996,0.9998,0.9998,0.9998,0.9998,0.9998,0.9998,0.9998,0.9997,0.9997,0.9998,0.9999,0.9998,0.9999,0.1622,0.1872,0.1898,0.1763,0.1969,0.1614,0.1677,0.1781,0.1623,0.1490,0.1997,0.1315,0.1870,0.1542,0.1730,0.1542,0.1970,0.1985,0.1753,0.1642,0.1937,0.1970,0.1982,0.1980,0.1844,0.1987,0.1970,0.1490,0.1759,0.1861,0.1491,0.1286,0.1623,0.1668,0.1993,0.1763,0.1879,0.1286,0.1709,0.1911,0.1677,0.1626,0.1409,0.1980,0.1412,0.1557,0.1569,0.1581,0.1373,0.1646,IDLE,IDLE,IDLE,IDLE,IDLE,IDLE,IDLE,IDLE,IDLE,IDLE,IDLE,IDLE,IDLE,IDLE,IDLE,IDLE,IDLE,IDLE,IDLE,IDLE,IDLE,IDLE,IDLE,IDLE,IDLE,IDLE,IDLE,IDLE,IDLE,IDLE,IDLE,IDLE,IDLE,IDLE,IDLE,IDLE,IDLE,IDLE,IDLE,IDLE,IDLE,IDLE,IDLE,IDLE,IDLE,IDLE,IDLE,IDLE,IDLE,IDLE
267,2024-01-12 03:00:01,0.00,0.00,0,0.0000,0.0000,0.00,0.9998,0.9999,0.9997,0.9997,0.9998,0.9998,0.9998,0.9997,0.9998,0.9998,0.9999,0.9997,0.9998,0.9999,0.9998,0.9999,0.9998,0.9998,0.9998,0.9998,0.9998,0.9998,0.9999,0.9998,0.9998,0.9998,0.9998,0.9998,0.9998,0.9997,0.9998,0.9998,0.9998,0.9998,0.9998,0.9997,0.9996,0.9998,0.9998,0.9998,0.9998,0.9998,0.9998,0.9998,0.9997,0.9997,0.9998,0.9999,0.9998,0.9999,0.1622,0.1872,0.1898,0.1763,0.1969,0.1614,0.1677,0.1781,0.1623,0.1490,0.1997,0.1315,0.1870,0.1542,0.1730,0.1542,0.1970,0.1985,0.1753,0.1642,0.1937,0.1970,0.1982,0.1980,0.1844,0.1987,0.1970,0.1490,0.1759,0.1861,0.1491,0.1286,0.1623,0.1668,0.1993,0.1763,0.1879,0.1286,0.1709,0.1911,0.1677,0.1626,0.1409,0.1980,0.1412,0.1557,0.1569,0.1581,0.1373,0.1646,IDLE,IDLE,IDLE,IDLE,IDLE,IDLE,IDLE,IDLE,IDLE,IDLE,IDLE,IDLE,IDLE,IDLE,IDLE,IDLE,IDLE,IDLE,IDLE,IDLE,IDLE,IDLE,IDLE,IDLE,IDLE,IDLE,IDLE,IDLE,IDLE,IDLE,IDLE,IDLE,IDLE,IDLE,IDLE,IDLE,IDLE,IDLE,IDLE,IDLE,IDLE,IDLE,IDLE,IDLE,IDLE,IDLE,IDLE,IDLE,IDLE,IDLE
268,2024-01-12 04:00:01,0.00,0.00,0,0.0000,0.0000,0.00,0.9998,0.9999,0.9997,0.9997,0.9998,0.9998,0.9998,0.9997,0.9998,0.9998,0.9999,0.9997,0.9998,0.9999,0.9998,0.9999,0.9998,0.9998,0.9998,0.9998,0.9998,0.9998,0.9999,0.9998,0.9998,0.9998,0.9998,0.9998,0.9998,0.9997,0.9998,0.9998,0.9998,0.9998,0.9998,0.9997,0.9996,0.9998,0.9998,0.9998,0.9998,0.9998,0.9998,0.9998,0.9997,0.9997,0.9998,0.9999,0.9998,0.9999,0.1622,0.1872,0.1898,0.1763,0.1969,0.1614,0.1677,0.1781,0.1623,0.1490,0.1997,0.1315,0.1870,0.1542,0.1730,0.1542,0.1970,0.1985,0.1753,0.1642,0.1937,0.1970,0.1982,0.1980,0.1844,0.1987,0.1970,0.1490,0.1759,0.1861,0.1491,0.1286,0.1623,0.1668,0.1993,0.1763,0.1879,0.1286,0.1709,0.1911,0.1677,0.1626,0.1409,0.1980,0.1412,0.1557,0.1569,0.1581,0.1373,0.1646,IDLE,IDLE,IDLE,IDLE,IDLE,IDLE,IDLE,IDLE,IDLE,IDLE,IDLE,IDLE,IDLE,IDLE,IDLE,IDLE,IDLE,IDLE,IDLE,IDLE,IDLE,IDLE,IDLE,IDLE,IDLE,IDLE,IDLE,IDLE,IDLE,IDLE,IDLE,IDLE,IDLE,IDLE,IDLE,IDLE,IDLE,IDLE,IDLE,IDLE,IDLE,IDLE,IDLE,IDLE,IDLE,IDLE,IDLE,IDLE,IDLE,IDLE
269,2024-01-12 05:00:01,0.00,0.00,0,0.0000,0.0000,0.00,0.9998,0.9999,0.9997,0.9997,0.9998,0.9998,0.9998,0.9997,0.9998,0.9998,0.9999,0.9997,0.9998,0.9999,0.9998,0.9999,0.9998,0.9998,0.9998,0.9998,0.9998,0.9998,0.9999,0.9998,0.9998,0.9998,0.9998,0.9998,0.9998,0.9997,0.9998,0.9998,0.9998,0.9998,0.9998,0.9997,0.9996,0.9998,0.9998,0.9998,0.9998,0.9998,0.9998,0.9998,0.9997,0.9997,0.9998,0.9999,0.9998,0.9999,0.1622,0.1872,0.1898,0.1763,0.1969,0.1614,0.1677,0.1781,0.1623,0.1490,0.1997,0.1315,0.1870,0.1542,0.1730,0.1542,0.1970,0.1985,0.1753,0.1642,0.1937,0.1970,0.1982,0.1980,0.1844,0.1987,0.1970,0.1490,0.1759,0.1861,0.1491,0.1286,0.1623,0.1668,0.1993,0.1763,0.1879,0.1286,0.1709,0.1911,0.1677,0.1626,0.1409,0.1980,0.1412,0.1557,0.1569,0.1581,0.1373,0.1646,IDLE,IDLE,IDLE,IDLE,IDLE,IDLE,IDLE,IDLE,IDLE,IDLE,IDLE,IDLE,IDLE,IDLE,IDLE,IDLE,IDLE,IDLE,IDLE,IDLE,IDLE,IDLE,IDLE,IDLE,IDLE,IDLE,IDLE,IDLE,IDLE,IDLE,IDLE,IDLE,IDLE,IDLE,IDLE,IDLE,IDLE,IDLE,IDLE,IDLE,IDLE,IDLE,IDLE,IDLE,IDLE,IDLE,IDLE,IDLE,IDLE,IDLE
270,2024-01-12 06:00:01,0.00,0.00,0,0.0000,0.0000,0.00,0.9998,0.9999,0.9997,0.9997,0.9998,0.9998,0.9998,0.9997,0.9998,0.9998,0.9999,0.9997,0.9998,0.9999,0.9998,0.9999,0.9998,0.9998,0.9998,0.9998,0.9998,0.9998,0.9999,0.9998,0.9998,0.9998,0.9998,0.9998,0.9998,0.9997,0.9998,0.9998,0.9998,0.9998,0.9998,0.9997,0.9996,0.9998,0.9998,0.9998,0.9998,0.9998,0.9998,0.9998,0.9997,0.9997,0.9998,0.9999,0.9998,0.9999,0.1622,0.1872,0.1898,0.1763,0.1969,0.1614,0.1677,0.1781,0.1623,0.1490,0.1997,0.1315,0.1870,0.1542,0.1730,0.1542,0.1970,0.1985,0.1753,0.1642,0.1937,0.1970,0.1982,0.1980,0.1844,0.1987,0.1970,0.1490,0.1759,0.1861,0.1491,0.1286,0.1623,0.1668,0.1993,0.1763,0.1879,0.1286,0.1709,0.1911,0.1677,0.1626,0.1409,0.1980,0.1412,0.1557,0.1569,0.1581,0.1373,0.1646,IDLE,IDLE,IDLE,IDLE,IDLE,IDLE,IDLE,IDLE,IDLE,IDLE,IDLE,IDLE,IDLE,IDLE,IDLE,IDLE,IDLE,IDLE,IDLE,IDLE,IDLE,IDLE,IDLE,IDLE,IDLE,IDLE,IDLE,IDLE,IDLE,IDLE,IDLE,IDLE,IDLE,IDLE,IDLE,IDLE,IDLE,IDLE,IDLE,IDLE,IDLE,IDLE,IDLE,IDLE,IDLE,IDLE,IDLE,IDLE,IDLE,IDLE
271,2024-01-12 07:00:01,0.00,0.00,0,0.0000,0.0000,0.00,0.9998,0.9999,0.9997,0.9997,0.9998,0.9998,0.9998,0.9997,0.9998,0.9998,0.9999,0.9997,0.9998,0.9999,0.9998,0.9999,0.9998,0.9998,0.9998,0.9998,0.9998,0.9998,0.9999,0.9998,0.9998,0.9998,0.9998,0.9998,0.9998,0.9997,0.9998,0.9998,0.9998,0.9998,0.9998,0.9997,0.9996,0.9998,0.9998,0.9998,0.9998,0.9998,0.9998,0.9998,0.9997,0.9997,0.9998,0.9999,0.9998,0.9999,0.1622,0.1872,0.1898,0.1763,0.1969,0.1614,0.1677,0.1781,0.1623,0.1490,0.1997,0.1315,0.1870,0.1542,0.1730,0.1542,0.1970,0.1985,0.1753,0.1642,0.1937,0.1970,0.1982,0.1980,0.1844,0.1987,0.1970,0.1490,0.1759,0.1861,0.1491,0.1286,0.1623,0.1668,0.1993,0.1763,0.1879,0.1286,0.1709,0.1911,0.1677,0.1626,0.1409,0.1980,0.1412,0.1557,0.1569,0.1581,0.1373,0.1646,IDLE,IDLE,IDLE,IDLE,IDLE,IDLE,IDLE,IDLE,IDLE,IDLE,IDLE,IDLE,IDLE,IDLE,IDLE,IDLE,IDLE,IDLE,IDLE,IDLE,IDLE,IDLE,IDLE,IDLE,IDLE,IDLE,IDLE,IDLE,IDLE,IDLE,IDLE,IDLE,IDLE,IDLE,IDLE,IDLE,IDLE,IDLE,IDLE,IDLE,IDLE,IDLE,IDLE,IDLE,IDLE,IDLE,IDLE,IDLE,IDLE,IDLE
272,2024-01-12 08:00:01,0.00,0.00,0,0.0000,0.0000,0.00,0.9998,0.9999,0.9997,0.9997,0.9998,0.9998,0.9998,0.9997,0.9998,0.9998,0.9999,0.9997,0.9998,0.9999,0.9998,0.9999,0.9998,0.9998,0.9998,0.9998,0.9998,0.9998,0.9999,0.9998,0.9998,0.9998,0.9998,0.9998,0.9998,0.9997,0.9998,0.9998,0.9998,0.9998,0.9998,0.9997,0.9996,0.9998,0.9998,0.9998,0.9998,0.9998,0.9998,0.9998,0.9997,0.9997,0.9998,0.9999,0.9998,0.9999,0.1622,0.1872,0.1898,0.1763,0.1969,0.1614,0.1677,0.1781,0.1623,0.1490,0.1997,0.1315,0.1870,0.1542,0.1730,0.1542,0.1970,0.1985,0.1753,0.1642,0.1937,0.1970,0.1982,0.1980,0.1844,0.1987,0.1970,0.1490,0.1759,0.1861,0.1491,0.1286,0.1623,0.1668,0.1993,0.1763,0.1879,0.1286,0.1709,0.1911,0.1677,0.1626,0.1409,0.1980,0.1412,0.1557,0.1569,0.1581,0.1373,0.1646,IDLE,IDLE,IDLE,IDLE,IDLE,IDLE,IDLE,IDLE,IDLE,IDLE,IDLE,IDLE,IDLE,IDLE,IDLE,IDLE,IDLE,IDLE,IDLE,IDLE,IDLE,IDLE,IDLE,IDLE,IDLE,IDLE,IDLE,IDLE,IDLE,IDLE,IDLE,IDLE,IDLE,IDLE,IDLE,IDLE,IDLE,IDLE,IDLE,IDLE,IDLE,IDLE,IDLE,IDLE,IDLE,IDLE,IDLE,IDLE,IDLE,IDLE
273,2024-01-12 09:00:01,0.00,0.00,0,0.0000,0.0000,0.00,0.9998,0.9999,0.9997,0.9997,0.9998,0.9998,0.9998,0.9997,0.9998,0.9998,0.9999,0.9997,0.9998,0.9999,0.9998,0.9999,0.9998,0.9998,0.9998,0.9998,0.9998,0.9998,0.9999,0.9998,0.9998,0.9998,0.9998,0.9998,0.9998,0.9997,0.9998,0.9998,0.9998,0.9998,0.9998,0.9997,0.9996,0.9998,0.9998,0.9998,0.9998,0.9998,0.9998,0.9998,0.9997,0.9997,0.9998,0.9999,0.9998,0.9999,0.1622,0.1872,0.1898,0.1763,0.1969,0.1614,0.1677,0.1781,0.1623,0.1490,0.1997,0.1315,0.1870,0.1542,0.1730,0.1542,0.1970,0.1985,0.1753,0.1642,0.1937,0.1970,0.1982,0.1980,0.1844,0.1987,0.1970,0.1490,0.1759,0.1861,0.1491,0.1286,0.1623,0.1668,0.1993,0.1763,0.1879,0.1286,0.1709,0.1911,0.1677,0.1626,0.1409,0.1980,0.1412,0.1557,0.1569,0.1581,0.1373,0.1646,IDLE,IDLE,IDLE,IDLE,IDLE,IDLE,IDLE,IDLE,IDLE,IDLE,IDLE,IDLE,IDLE,IDLE,IDLE,IDLE,IDLE,IDLE,IDLE,IDLE,IDLE,IDLE,IDLE,IDLE,IDLE,IDLE,IDLE,IDLE,IDLE,IDLE,IDLE,IDLE,IDLE,IDLE,IDLE,IDLE,IDLE,IDLE,IDLE,IDLE,IDLE,IDLE,IDLE,IDLE,IDLE,IDLE,IDLE,IDLE,IDLE,IDLE
274,2024-01-12 10:00:01,0.00,0.00,0,0.0000,0.0000,0.00,0.9998,0.9999,0.9997,0.9997,0.9998,0.9998,0.9998,0.9997,0.9998,0.9998,0.9999,0.9997,0.9998,0.9999,0.9998,0.9999,0.9998,0.9998,0.9998,0.9998,0.9998,0.9998,0.9999,0.9998,0.9998,0.9998,0.9998,0.9998,0.9998,0.9997,0.9998,0.9998,0.9998,0.9998,0.9998,0.9997,0.9996,0.9998,0.9998,0.9998,0.9998,0.9998,0.9998,0.9998,0.9997,0.9997,0.9998,0.9999,0.9998,0.9999,0.1622,0.1872,0.1898,0.1763,0.1969,0.1614,0.1677,0.1781,0.1623,0.1490,0.1997,0.1315,0.1870,0.1542,0.1730,0.1542,0.1970,0.1985,0.1753,0.1642,0.1937,0.1970,0.1982,0.1980,0.1844,0.1987,0.1970,0.1490,0.1759,0.1861,0.1491,0.1286,0.1623,0.1668,0.1993,0.1763,0.1879,0.1286,0.1709,0.1911,0.1677,0.1626,0.1409,0.1980,0.1412,0.1557,0.1569,0.1581,0.1373,0.1646,IDLE,IDLE,IDLE,IDLE,IDLE,IDLE,IDLE,IDLE,IDLE,IDLE,IDLE,IDLE,IDLE,IDLE,IDLE,IDLE,IDLE,IDLE,IDLE,IDLE,IDLE,IDLE,IDLE,IDLE,IDLE,IDLE,IDLE,IDLE,IDLE,IDLE,IDLE,IDLE,IDLE,IDLE,IDLE,IDLE,IDLE,IDLE,IDLE,IDLE,IDLE,IDLE,IDLE,IDLE,IDLE,IDLE,IDLE,IDLE,IDLE,IDLE
275,2024-01-12 11:00:01,0.00,0.00,0,0.0000,0.0000,0.00,0.9998,0.9999,0.9997,0.9997,0.9998,0.9998,0.9998,0.9997,0.9998,0.9998,0.9999,0.9997,0.9998,0.9999,0.9998,0.9999,0.9998,0.9998,0.9998,0.9998,0.9998,0.9998,0.9999,0.9998,0.9998,0.9998,0.9998,0.9998,0.9998,0.9997,0.9998,0.9998,0.9998,0.9998,0.9998,0.9997,0.9996,0.9998,0.9998,0.9998,0.9998,0.9998,0.9998,0.9998,0.9997,0.9997,0.9998,0.9999,0.9998,0.9999,0.1622,0.1872,0.1898,0.1763,0.1969,0.1614,0.1677,0.1781,0.1623,0.1490,0.1997,0.1315,0.1870,0.1542,0.1730,0.1542,0.1970,0.1985,0.1753,0.1642,0.1937,0.1970,0.1982,0.1980,0.1844,0.1987,0.1970,0.1490,0.1759,0.1861,0.1491,0.1286,0.1623,0.1668,0.1993,0.1763,0.1879,0.1286,0.1709,0.1911,0.1677,0.1626,0.1409,0.1980,0.1412,0.1557,0.1569,0.1581,0.1373,0.1646,IDLE,IDLE,IDLE,IDLE,IDLE,IDLE,IDLE,IDLE,IDLE,IDLE,IDLE,IDLE,IDLE,IDLE,IDLE,IDLE,IDLE,IDLE,IDLE,IDLE,IDLE,IDLE,IDLE,IDLE,IDLE,IDLE,IDLE,IDLE,IDLE,IDLE,IDLE,IDLE,IDLE,IDLE,IDLE,IDLE,IDLE,IDLE,IDLE,IDLE,IDLE,IDLE,IDLE,IDLE,IDLE,IDLE,IDLE,IDLE,IDLE,IDLE
276,2024-01-12 12:00:01,0.00,0.00,0,0.0000,0.0000,0.00,0.9998,0.9999,0.9997,0.9997,0.9998,0.9998,0.9998,0.9997,0.9998,0.9998,0.9999,0.9997,0.9998,0.9999,0.9998,0.9999,0.9998,0.9998,0.9998,0.9998,0.9998,0.9998,0.9999,0.9998,0.9998,0.9998,0.9998,0.9998,0.9998,0.9997,0.9998,0.9998,0.9998,0.9998,0.9998,0.9997,0.9996,0.9998,0.9998,0.9998,0.9998,0.9998,0.9998,0.9998,0.9997,0.9997,0.9998,0.9999,0.9998,0.9999,0.1622,0.1872,0.1898,0.1763,0.1969,0.1614,0.1677,0.1781,0.1623,0.1490,0.1997,0.1315,0.1870,0.1542,0.1730,0.1542,0.1970,0.1985,0.1753,0.1642,0.1937,0.1970,0.1982,0.1980,0.1844,0.1987,0.1970,0.1490,0.1759,0.1861,0.1491,0.1286,0.1623,0.1668,0.1993,0.1763,0.1879,0.1286,0.1709,0.1911,0.1677,0.1626,0.1409,0.1980,0.1412,0.1557,0.1569,0.1581,0.1373,0.1646,IDLE,IDLE,IDLE,IDLE,IDLE,IDLE,IDLE,IDLE,IDLE,IDLE,IDLE,IDLE,IDLE,IDLE,IDLE,IDLE,IDLE,IDLE,IDLE,IDLE,IDLE,IDLE,IDLE,IDLE,IDLE,IDLE,IDLE,IDLE,IDLE,IDLE,IDLE,IDLE,IDLE,IDLE,IDLE,IDLE,IDLE,IDLE,IDLE,IDLE,IDLE,IDLE,IDLE,IDLE,IDLE,IDLE,IDLE,IDLE,IDLE,IDLE
277,2024-01-12 13:00:01,0.00,0.00,0,0.0000,0.0000,0.00,0.9998,0.9999,0.9997,0.9997,0.9998,0.9998,0.9998,0.9997,0.9998,0.9998,0.9999,0.9997,0.9998,0.9999,0.9998,0.9999,0.9998,0.9998,0.9998,0.9998,0.9998,0.9998,0.9999,0.9998,0.9998,0.9998,0.9998,0.9998,0.9998,0.9997,0.9998,0.9998,0.9998,0.9998,0.9998,0.9997,0.9996,0.9998,0.9998,0.9998,0.9998,0.9998,0.9998,0.9998,0.9997,0.9997,0.9998,0.9999,0.9998,0.9999,0.1622,0.1872,0.1898,0.1763,0.1969,0.1614,0.1677,0.1781,0.1623,0.1490,0.1997,0.1315,0.1870,0.1542,0.1730,0.1542,0.1970,0.1985,0.1753,0.1642,0.1937,0.1970,0.1982,0.1980,0.1844,0.1987,0.1970,0.1490,0.1759,0.1861,0.1491,0.1286,0.1623,0.1668,0.1993,0.1763,0.1879,0.1286,0.1709,0.1911,0.1677,0.1626,0.1409,0.1980,0.1412,0.1557,0.1569,0.1581,0.1373,0.1646,IDLE,IDLE,IDLE,IDLE,IDLE,IDLE,IDLE,IDLE,IDLE,IDLE,IDLE,IDLE,IDLE,IDLE,IDLE,IDLE,IDLE,IDLE,IDLE,IDLE,IDLE,IDLE,IDLE,IDLE,IDLE,IDLE,IDLE,IDLE,IDLE,IDLE,IDLE,IDLE,IDLE,IDLE,IDLE,IDLE,IDLE,IDLE,IDLE,IDLE,IDLE,IDLE,IDLE,IDLE,IDLE,IDLE,IDLE,IDLE,IDLE,IDLE
278,2024-01-12 14:00:01,0.00,0.00,0,0.0000,0.0000,0.00,0.9998,0.9999,0.9997,0.9997,0.9998,0.9998,0.9998,0.9997,0.9998,0.9998,0.9999,0.9997,0.9998,0.9999,0.9998,0.9999,0.9998,0.9998,0.9998,0.9998,0.9998,0.9998,0.9999,0.9998,0.9998,0.9998,0.9998,0.9998,0.9998,0.9997,0.9998,0.9998,0.9998,0.9998,0.9998,0.9997,0.9996,0.9998,0.9998,0.9998,0.9998,0.9998,0.9998,0.9998,0.9997,0.9997,0.9998,0.9999,0.9998,0.9999,0.1622,0.1872,0.1898,0.1763,0.1969,0.1614,0.1677,0.1781,0.1623,0.1490,0.1997,0.1315,0.1870,0.1542,0.1730,0.1542,0.1970,0.1985,0.1753,0.1642,0.1937,0.1970,0.1982,0.1980,0.1844,0.1987,0.1970,0.1490,0.1759,0.1861,0.1491,0.1286,0.1623,0.1668,0.1993,0.1763,0.1879,0.1286,0.1709,0.1911,0.1677,0.1626,0.1409,0.1980,0.1412,0.1557,0.1569,0.1581,0.1373,0.1646,IDLE,IDLE,IDLE,IDLE,IDLE,IDLE,IDLE,IDLE,IDLE,IDLE,IDLE,IDLE,IDLE,IDLE,IDLE,IDLE,IDLE,IDLE,IDLE,IDLE,IDLE,IDLE,IDLE,IDLE,IDLE,IDLE,IDLE,IDLE,IDLE,IDLE,IDLE,IDLE,IDLE,IDLE,IDLE,IDLE,IDLE,IDLE,IDLE,IDLE,IDLE,IDLE,IDLE,IDLE,IDLE,IDLE,IDLE,IDLE,IDLE,IDLE
279,2024-01-12 15:00:01,0.00,0.00,0,0.0000,0.0000,0.00,0.9998,0.9999,0.9997,0.9997,0.9998,0.9998,0.9998,0.9997,0.9998,0.9998,0.9999,0.9997,0.9998,0.9999,0.9998,0.9999,0.9998,0.9998,0.9998,0.9998,0.9998,0.9998,0.9999,0.9998,0.9998,0.9998,0.9998,0.9998,0.9998,0.9997,0.9998,0.9998,0.9998,0.9998,0.9998,0.9997,0.9996,0.9998,0.9998,0.9998,0.9998,0.9998,0.9998,0.9998,0.9997,0.9997,0.9998,0.9999,0.9998,0.9999,0.1622,0.1872,0.1898,0.1763,0.1969,0.1614,0.1677,0.1781,0.1623,0.1490,0.1997,0.1315,0.1870,0.1542,0.1730,0.1542,0.1970,0.1985,0.1753,0.1642,0.1937,0.1970,0.1982,0.1980,0.1844,0.1987,0.1970,0.1490,0.1759,0.1861,0.1491,0.1286,0.1623,0.1668,0.1993,0.1763,0.1879,0.1286,0.1709,0.1911,0.1677,0.1626,0.1409,0.1980,0.1412,0.1557,0.1569,0.1581,0.1373,0.1646,IDLE,IDLE,IDLE,IDLE,IDLE,IDLE,IDLE,IDLE,IDLE,IDLE,IDLE,IDLE,IDLE,IDLE,IDLE,IDLE,IDLE,IDLE,IDLE,IDLE,IDLE,IDLE,IDLE,IDLE,IDLE,IDLE,IDLE,IDLE,IDLE,IDLE,IDLE,IDLE,IDLE,IDLE,IDLE,IDLE,IDLE,IDLE,IDLE,IDLE,IDLE,IDLE,IDLE,IDLE,IDLE,IDLE,IDLE,IDLE,IDLE,IDLE
280,2024-01-12 16:00:01,0.00,0.00,0,0.0000,0.0000,0.00,0.9998,0.9999,0.9997,0.9997,0.9998,0.9998,0.9998,0.9997,0.9998,0.9998,0.9999,0.9997,0.9998,0.9999,0.9998,0.9999,0.9998,0.9998,0.9998,0.9998,0.9998,0.9998,0.9999,0.9998,0.9998,0.9998,0.9998,0.9998,0.9998,0.9997,0.9998,0.9998,0.9998,0.9998,0.9998,0.9997,0.9996,0.9998,0.9998,0.9998,0.9998,0.9998,0.9998,0.9998,0.9997,0.9997,0.9998,0.9999,0.9998,0.9999,0.1622,0.1872,0.1898,0.1763,0.1969,0.1614,0.1677,0.1781,0.1623,0.1490,0.1997,0.1315,0.1870,0.1542,0.1730,0.1542,0.1970,0.1985,0.1753,0.1642,0.1937,0.1970,0.1982,0.1980,0.1844,0.1987,0.1970,0.1490,0.1759,0.1861,0.1491,0.1286,0.1623,0.1668,0.1993,0.1763,0.1879,0.1286,0.1709,0.1911,0.1677,0.1626,0.1409,0.1980,0.1412,0.1557,0.1569,0.1581,0.1373,0.1646,IDLE,IDLE,IDLE,IDLE,IDLE,IDLE,IDLE,IDLE,IDLE,IDLE,IDLE,IDLE,IDLE,IDLE,IDLE,IDLE,IDLE,IDLE,IDLE,IDLE,IDLE,IDLE,IDLE,IDLE,IDLE,IDLE,IDLE,IDLE,IDLE,IDLE,IDLE,IDLE,IDLE,IDLE,IDLE,IDLE,IDLE,IDLE,IDLE,IDLE,IDLE,IDLE,IDLE,IDLE,IDLE,IDLE,IDLE,IDLE,IDLE,IDLE
281,2024-01-12 17:00:01,0.00,0.00,0,0.0000,0.0000,0.00,0.9998,0.9999,0.9997,0.9997,0.9998,0.9998,0.9998,0.9997,0.9998,0.9998,0.9999,0.9997,0.9998,0.9999,0.9998,0.9999,0.9998,0.9998,0.9998,0.9998,0.9998,0.9998,0.9999,0.9998,0.9998,0.9998,0.9998,0.9998,0.9998,0.9997,0.9998,0.9998,0.9998,0.9998,0.9998,0.9997,0.9996,0.9998,0.9998,0.9998,0.9998,0.9998,0.9998,0.9998,0.9997,0.9997,0.9998,0.9999,0.9998,0.9999,0.1622,0.1872,0.1898,0.1763,0.1969,0.1614,0.1677,0.1781,0.1623,0.1490,0.1997,0.1315,0.1870,0.1542,0.1730,0.1542,0.1970,0.1985,0.1753,0.1642,0.1937,0.1970,0.1982,0.1980,0.1844,0.1987,0.1970,0.1490,0.1759,0.1861,0.1491,0.1286,0.1623,0.1668,0.1993,0.1763,0.1879,0.1286,0.1709,0.1911,0.1677,0.1626,0.1409,0.1980,0.1412,0.1557,0.1569,0.1581,0.1373,0.1646,IDLE,IDLE,IDLE,IDLE,IDLE,IDLE,IDLE,IDLE,IDLE,IDLE,IDLE,IDLE,IDLE,IDLE,IDLE,IDLE,IDLE,IDLE,IDLE,IDLE,IDLE,IDLE,IDLE,IDLE,IDLE,IDLE,IDLE,IDLE,IDLE,IDLE,IDLE,IDLE,IDLE,IDLE,IDLE,IDLE,IDLE,IDLE,IDLE,IDLE,IDLE,IDLE,IDLE,IDLE,IDLE,IDLE,IDLE,IDLE,IDLE,IDLE
282,2024-01-12 18:00:01,0.00,0.00,0,0.0000,0.0000,0.00,0.9998,0.9999,0.9997,0.9997,0.9998,0.9998,0.9998,0.9997,0.9998,0.9998,0.9999,0.9997,0.9998,0.9999,0.9998,0.9999,0.9998,0.9998,0.9998,0.9998,0.9998,0.9998,0.9999,0.9998,0.9998,0.9998,0.9998,0.9998,0.9998,0.9997,0.9998,0.9998,0.9998,0.9998,0.9998,0.9997,0.9996,0.9998,0.9998,0.9998,0.9998,0.9998,0.9998,0.9998,0.9997,0.9997,0.9998,0.9999,0.9998,0.9999,0.1622,0.1872,0.1898,0.1763,0.1969,0.1614,0.1677,0.1781,0.1623,0.1490,0.1997,0.1315,0.1870,0.1542,0.1730,0.1542,0.1970,0.1985,0.1753,0.1642,0.1937,0.1970,0.1982,0.1980,0.1844,0.1987,0.1970,0.1490,0.1759,0.1861,0.1491,0.1286,0.1623,0.1668,0.1993,0.1763,0.1879,0.1286,0.1709,0.1911,0.1677,0.1626,0.1409,0.1980,0.1412,0.1557,0.1569,0.1581,0.1373,0.1646,IDLE,IDLE,IDLE,IDLE,IDLE,IDLE,IDLE,IDLE,IDLE,IDLE,IDLE,IDLE,IDLE,IDLE,IDLE,IDLE,IDLE,IDLE,IDLE,IDLE,IDLE,IDLE,IDLE,IDLE,IDLE,IDLE,IDLE,IDLE,IDLE,IDLE,IDLE,IDLE,IDLE,IDLE,IDLE,IDLE,IDLE,IDLE,IDLE,IDLE,IDLE,IDLE,IDLE,IDLE,IDLE,IDLE,IDLE,IDLE,IDLE,IDLE
283,2024-01-12 19:00:01,0.00,0.00,0,0.0000,0.0000,0.00,0.9998,0.9999,0.9997,0.9997,0.9998,0.9998,0.9998,0.9997,0.9998,0.9998,0.9999,0.9997,0.9998,0.9999,0.9998,0.9999,0.9998,0.9998,0.9998,0.9998,0.9998,0.9998,0.9999,0.9998,0.9998,0.9998,0.9998,0.9998,0.9998,0.9997,0.9998,0.9998,0.9998,0.9998,0.9998,0.9997,0.9996,0.9998,0.9998,0.9998,0.9998,0.9998,0.9998,0.9998,0.9997,0.9997,0.9998,0.9999,0.9998,0.9999,0.1622,0.1872,0.1898,0.1763,0.1969,0.1614,0.1677,0.1781,0.1623,0.1490,0.1997,0.1315,0.1870,0.1542,0.1730,0.1542,0.1970,0.1985,0.1753,0.1642,0.1937,0.1970,0.1982,0.1980,0.1844,0.1987,0.1970,0.1490,0.1759,0.1861,0.1491,0.1286,0.1623,0.1668,0.1993,0.1763,0.1879,0.1286,0.1709,0.1911,0.1677,0.1626,0.1409,0.1980,0.1412,0.1557,0.1569,0.1581,0.1373,0.1646,IDLE,IDLE,IDLE,IDLE,IDLE,IDLE,IDLE,IDLE,IDLE,IDLE,IDLE,IDLE,IDLE,IDLE,IDLE,IDLE,IDLE,IDLE,IDLE,IDLE,IDLE,IDLE,IDLE,IDLE,IDLE,IDLE,IDLE,IDLE,IDLE,IDLE,IDLE,IDLE,IDLE,IDLE,IDLE,IDLE,IDLE,IDLE,IDLE,IDLE,IDLE,IDLE,IDLE,IDLE,IDLE,IDLE,IDLE,IDLE,IDLE,IDLE
284,2024-01-12 20:00:01,0.00,0.00,0,0.0000,0.0000,0.00,0.9998,0.9999,0.9997,0.9997,0.9998,0.9998,0.9998,0.9997,0.9998,0.9998,0.9999,0.9997,0.9998,0.9999,0.9998,0.9999,0.9998,0.9998,0.9998,0.9998,0.9998,0.9998,0.9999,0.9998,0.9998,0.9998,0.9998,0.9998,0.9998,0.9997,0.9998,0.9998,0.9998,0.9998,0.9998,0.9997,0.9996,0.9998,0.9998,0.9998,0.9998,0.9998,0.9998,0.9998,0.9997,0.9997,0.9998,0.9999,0.9998,0.9999,0.1622,0.1872,0.1898,0.1763,0.1969,0.1614,0.1677,0.1781,0.1623,0.1490,0.1997,0.1315,0.1870,0.1542,0.1730,0.1542,0.1970,0.1985,0.1753,0.1642,0.1937,0.1970,0.1982,0.1980,0.1844,0.1987,0.1970,0.1490,0.1759,0.1861,0.1491,0.1286,0.1623,0.1668,0.1993,0.1763,0.1879,0.1286,0.1709,0.1911,0.1677,0.1626,0.1409,0.1980,0.1412,0.1557,0.1569,0.1581,0.1373,0.1646,IDLE,IDLE,IDLE,IDLE,IDLE,IDLE,IDLE,IDLE,IDLE,IDLE,IDLE,IDLE,IDLE,IDLE,IDLE,IDLE,IDLE,IDLE,IDLE,IDLE,IDLE,IDLE,IDLE,IDLE,IDLE,IDLE,IDLE,IDLE,IDLE,IDLE,IDLE,IDLE,IDLE,IDLE,IDLE,IDLE,IDLE,IDLE,IDLE,IDLE,IDLE,IDLE,IDLE,IDLE,IDLE,IDLE,IDLE,IDLE,IDLE,IDLE
285,2024-01-12 21:00:01,0.00,0.00,0,0.0000,0.0000,0.00,0.9998,0.9999,0.9997,0.9997,0.9998,0.9998,0.9998,0.9997,0.9998,0.9998,0.9999,0.9997,0.9998,0.9999,0.9998,0.9999,0.9998,0.9998,0.9998,0.9998,0.9998,0.9998,0.9999,0.9998,0.9998,0.9998,0.9998,0.9998,0.9998,0.9997,0.9998,0.9998,0.9998,0.9998,0.9998,0.9997,0.9996,0.9998,0.9998,0.9998,0.9998,0.9998,0.9998,0.9998,0.9997,0.9997,0.9998,0.9999,0.9998,0.9999,0.1622,0.1872,0.1898,0.1763,0.1969,0.1614,0.1677,0.1781,0.1623,0.1490,0.1997,0.1315,0.1870,0.1542,0.1730,0.1542,0.1970,0.1985,0.1753,0.1642,0.1937,0.1970,0.1982,0.1980,0.1844,0.1987,0.1970,0.1490,0.1759,0.1861,0.1491,0.1286,0.1623,0.1668,0.1993,0.1763,0.1879,0.1286,0.1709,0.1911,0.1677,0.1626,0.1409,0.1980,0.1412,0.1557,0.1569,0.1581,0.1373,0.1646,IDLE,IDLE,IDLE,IDLE,IDLE,IDLE,IDLE,IDLE,IDLE,IDLE,IDLE,IDLE,IDLE,IDLE,IDLE,IDLE,IDLE,IDLE,IDLE,IDLE,IDLE,IDLE,IDLE,IDLE,IDLE,IDLE,IDLE,IDLE,IDLE,IDLE,IDLE,IDLE,IDLE,IDLE,IDLE,IDLE,IDLE,IDLE,IDLE,IDLE,IDLE,IDLE,IDLE,IDLE,IDLE,IDLE,IDLE,IDLE,IDLE,IDLE
286,2024-01-12 22:00:01,0.00,0.00,0,0.0000,0.0000,0.00,0.9998,0.9999,0.9997,0.9997,0.9998,0.9998,0.9998,0.9997,0.9998,0.9998,0.9999,0.9997,0.9998,0.9999,0.9998,0.9999,0.9998,0.9998,0.9998,0.9998,0.9998,0.9998,0.9999,0.9998,0.9998,0.9998,0.9998,0.9998,0.9998,0.9997,0.9998,0.9998,0.9998,0.9998,0.9998,0.9997,0.9996,0.9998,0.9998,0.9998,0.9998,0.9998,0.9998,0.9998,0.9997,0.9997,0.9998,0.9999,0.9998,0.9999,0.1622,0.1872,0.1898,0.1763,0.1969,0.1614,0.1677,0.1781,0.1623,0.1490,0.1997,0.1315,0.1870,0.1542,0.1730,0.1542,0.1970,0.1985,0.1753,0.1642,0.1937,0.1970,0.1982,0.1980,0.1844,0.1987,0.1970,0.1490,0.1759,0.1861,0.1491,0.1286,0.1623,0.1668,0.1993,0.1763,0.1879,0.1286,0.1709,0.1911,0.1677,0.1626,0.1409,0.1980,0.1412,0.1557,0.1569,0.1581,0.1373,0.1646,IDLE,IDLE,IDLE,IDLE,IDLE,IDLE,IDLE,IDLE,IDLE,IDLE,IDLE,IDLE,IDLE,IDLE,IDLE,IDLE,IDLE,IDLE,IDLE,IDLE,IDLE,IDLE,IDLE,IDLE,IDLE,IDLE,IDLE,IDLE,IDLE,IDLE,IDLE,IDLE,IDLE,IDLE,IDLE,IDLE,IDLE,IDLE,IDLE,IDLE,IDLE,IDLE,IDLE,IDLE,IDLE,IDLE,IDLE,IDLE,IDLE,IDLE
287,2024-01-12 23:00:01,0.00,0.00,0,0.0000,0.0000,0.00,0.9998,0.9999,0.9997,0.9997,0.9998,0.9998,0.9998,0.9997,0.9998,0.9998,0.9999,0.9997,0.9998,0.9999,0.9998,0.9999,0.9998,0.9998,0.9998,0.9998,0.9998,0.9998,0.9999,0.9998,0.9998,0.9998,0.9998,0.9998,0.9998,0.9997,0.9998,0.9998,0.9998,0.9998,0.9998,0.9997,0.9996,0.9998,0.9998,0.9998,0.9998,0.9998,0.9998,0.9998,0.9997,0.9997,0.9998,0.9999,0.9998,0.9999,0.1622,0.1872,0.1898,0.1763,0.1969,0.1614,0.1677,0.1781,0.1623,0.1490,0.1997,0.1315,0.1870,0.1542,0.1730,0.1542,0.1970,0.1985,0.1753,0.1642,0.1937,0.1970,0.1982,0.1980,0.1844,0.1987,0.1970,0.1490,0.1759,0.1861,0.1491,0.1286,0.1623,0.1668,0.1993,0.1763,0.1879,0.1286,0.1709,0.1911,0.1677,0.1626,0.1409,0.1980,0.1412,0.1557,0.1569,0.1581,0.1373,0.1646,IDLE,IDLE,IDLE,IDLE,IDLE,IDLE,IDLE,IDLE,IDLE,IDLE,IDLE,IDLE,IDLE,IDLE,IDLE,IDLE,IDLE,IDLE,IDLE,IDLE,IDLE,IDLE,IDLE,IDLE,IDLE,IDLE,IDLE,IDLE,IDLE,IDLE,IDLE,IDLE,IDLE,IDLE,IDLE,IDLE,IDLE,IDLE,IDLE,IDLE,IDLE,IDLE,IDLE,IDLE,IDLE,IDLE,IDLE,IDLE,IDLE,IDLE
288,2024-01-13 00:00:01,0.00,0.00,0,0.0000,0.0000,0.00,0.9998,0.9999,0.9997,0.9997,0.9998,0.9998,0.9998,0.9997,0.9998,0.9998,0.9999,0.9997,0.9998,0.9999,0.9998,0.9999,0.9998,0.9998,0.9998,0.9998,0.9998,0.9998,0.9999,0.9998,0.9998,0.9998,0.9998,0.9998,0.9998,0.9997,0.9998,0.9998,0.9998,0.9998,0.9998,0.9997,0.9996,0.9998,0.9998,0.9998,0.9998,0.9998,0.9998,0.9998,0.9997,0.9997,0.9998,0.9999,0.9998,0.9999,0.1622,0.1872,0.1898,0.1763,0.1969,0.1614,0.1677,0.1781,0.1623,0.1490,0.1997,0.1315,0.1870,0.1542,0.1730,0.1542,0.1970,0.1985,0.1753,0.1642,0.1937,0.1970,0.1982,0.1980,0.1844,0.1987,0.1970,0.1490,0.1759,0.1861,0.1491,0.1286,0.1623,0.1668,0.1993,0.1763,0.1879,0.1286,0.1709,0.1911,0.1677,0.1626,0.1409,0.1980,0.1412,0.1557,0.1569,0.1581,0.1373,0.1646,IDLE,IDLE,IDLE,IDLE,IDLE,IDLE,IDLE,IDLE,IDLE,IDLE,IDLE,IDLE,IDLE,IDLE,IDLE,IDLE,IDLE,IDLE,IDLE,IDLE,IDLE,IDLE,IDLE,IDLE,IDLE,IDLE,IDLE,IDLE,IDLE,IDLE,IDLE,IDLE,IDLE,IDLE,IDLE,IDLE,IDLE,IDLE,IDLE,IDLE,IDLE,IDLE,IDLE,IDLE,IDLE,IDLE,IDLE,IDLE,IDLE,IDLE
289,2024-01-13 01:00:01,0.00,0.00,0,0.0000,0.0000,0.00,0.9998,0.9999,0.9997,0.9997,0.9998,0.9998,0.9998,0.9997,0.9998,0.9998,0.9999,0.9997,0.9998,0.9999,0.9998,0.9999,0.9998,0.9998,0.9998,0.9998,0.9998,0.9998,0.9999,0.9998,0.9998,0.9998,0.9998,0.9998,0.9998,0.9997,0.9998,0.9998,0.9998,0.9998,0.9998,0.9997,0.9996,0.9998,0.9998,0.9998,0.9998,0.9998,0.9998,0.9998,0.9997,0.9997,0.9998,0.9999,0.9998,0.9999,0.1622,0.1872,0.1898,0.1763,0.1969,0.1614,0.1677,0.1781,0.1623,0.1490,0.1997,0.1315,0.1870,0.1542,0.1730,0.1542,0.1970,0.1985,0.1753,0.1642,0.1937,0.1970,0.1982,0.1980,0.1844,0.1987,0.1970,0.1490,0.1759,0.1861,0.1491,0.1286,0.1623,0.1668,0.1993,0.1763,0.1879,0.1286,0.1709,0.1911,0.1677,0.1626,0.1409,0.1980,0.1412,0.1557,0.1569,0.1581,0.1373,0.1646,IDLE,IDLE,IDLE,IDLE,IDLE,IDLE,IDLE,IDLE,IDLE,IDLE,IDLE,IDLE,IDLE,IDLE,IDLE,IDLE,IDLE,IDLE,IDLE,IDLE,IDLE,IDLE,IDLE,IDLE,IDLE,IDLE,IDLE,IDLE,IDLE,IDLE,IDLE,IDLE,IDLE,IDLE,IDLE,IDLE,IDLE,IDLE,IDLE,IDLE,IDLE,IDLE,IDLE,IDLE,IDLE,IDLE,IDLE,IDLE,IDLE,IDLE
290,2024-01-13 02:00:01,0.00,0.00,0,0.0000,0.0000,0.00,0.9998,0.9999,0.9997,0.9997,0.9998,0.9998,0.9998,0.9997,0.9998,0.9998,0.9999,0.9997,0.9998,0.9999,0.9998,0.9999,0.9998,0.9998,0.9998,0.9998,0.9998,0.9998,0.9999,0.9998,0.9998,0.9998,0.9998,0.9998,0.9998,0.9997,0.9998,0.9998,0.9998,0.9998,0.9998,0.9997,0.9996,0.9998,0.9998,0.9998,0.9998,0.9998,0.9998,0.9998,0.9997,0.9997,0.9998,0.9999,0.9998,0.9999,0.1622,0.1872,0.1898,0.1763,0.1969,0.1614,0.1677,0.1781,0.1623,0.1490,0.1997,0.1315,0.1870,0.1542,0.1730,0.1542,0.1970,0.1985,0.1753,0.1642,0.1937,0.1970,0.1982,0.1980,0.1844,0.1987,0.1970,0.1490,0.1759,0.1861,0.1491,0.1286,0.1623,0.1668,0.1993,0.1763,0.1879,0.1286,0.1709,0.1911,0.1677,0.1626,0.1409,0.1980,0.1412,0.1557,0.1569,0.1581,0.1373,0.1646,IDLE,IDLE,IDLE,IDLE,IDLE,IDLE,IDLE,IDLE,IDLE,IDLE,IDLE,IDLE,IDLE,IDLE,IDLE,IDLE,IDLE,IDLE,IDLE,IDLE,IDLE,IDLE,IDLE,IDLE,IDLE,IDLE,IDLE,IDLE,IDLE,IDLE,IDLE,IDLE,IDLE,IDLE,IDLE,IDLE,IDLE,IDLE,IDLE,IDLE,IDLE,IDLE,IDLE,IDLE,IDLE,IDLE,IDLE,IDLE,IDLE,IDLE
291,2024-01-13 03:00:01,0.00,0.00,0,0.0000,0.0000,0.00,0.9998,0.9999,0.9997,0.9997,0.9998,0.9998,0.9998,0.9997,0.9998,0.9998,0.9999,0.9997,0.9998,0.9999,0.9998,0.9999,0.9998,0.9998,0.9998,0.9998,0.9998,0.9998,0.9999,0.9998,0.9998,0.9998,0.9998,0.9998,0.9998,0.9997,0.9998,0.9998,0.9998,0.9998,0.9998,0.9997,0.9996,0.9998,0.9998,0.9998,0.9998,0.9998,0.9998,0.9998,0.9997,0.9997,0.9998,0.9999,0.9998,0.9999,0.1622,0.1872,0.1898,0.1763,0.1969,0.1614,0.1677,0.1781,0.1623,0.1490,0.1997,0.1315,0.1870,0.1542,0.1730,0.1542,0.1970,0.1985,0.1753,0.1642,0.1937,0.1970,0.1982,0.1980,0.1844,0.1987,0.1970,0.1490,0.1759,0.1861,0.1491,0.1286,0.1623,0.1668,0.1993,0.1763,0.1879,0.1286,0.1709,0.1911,0.1677,0.1626,0.1409,0.1980,0.1412,0.1557,0.1569,0.1581,0.1373,0.1646,IDLE,IDLE,IDLE,IDLE,IDLE,IDLE,IDLE,IDLE,IDLE,IDLE,IDLE,IDLE,IDLE,IDLE,IDLE,IDLE,IDLE,IDLE,IDLE,IDLE,IDLE,IDLE,IDLE,IDLE,IDLE,IDLE,IDLE,IDLE,IDLE,IDLE,IDLE,IDLE,IDLE,IDLE,IDLE,IDLE,IDLE,IDLE,IDLE,IDLE,IDLE,IDLE,IDLE,IDLE,IDLE,IDLE,IDLE,IDLE,IDLE,IDLE
292,2024-01-13 04:00:01,0.00,0.00,0,0.0000,0.0000,0.00,0.9998,0.9999,0.9997,0.9997,0.9998,0.9998,0.9998,0.9997,0.9998,0.9998,0.9999,0.9997,0.9998,0.9999,0.9998,0.9999,0.9998,0.9998,0.9998,0.9998,0.9998,0.9998,0.9999,0.9998,0.9998,0.9998,0.9998,0.9998,0.9998,0.9997,0.9998,0.9998,0.9998,0.9998,0.9998,0.9997,0.9996,0.9998,0.9998,0.9998,0.9998,0.9998,0.9998,0.9998,0.9997,0.9997,0.9998,0.9999,0.9998,0.9999,0.1622,0.1872,0.1898,0.1763,0.1969,0.1614,0.1677,0.1781,0.1623,0.1490,0.1997,0.1315,0.1870,0.1542,0.1730,0.1542,0.1970,0.1985,0.1753,0.1642,0.1937,0.1970,0.1982,0.1980,0.1844,0.1987,0.1970,0.1490,0.1759,0.1861,0.1491,0.1286,0.1623,0.1668,0.1993,0.1763,0.1879,0.1286,0.1709,0.1911,0.1677,0.1626,0.1409,0.1980,0.1412,0.1557,0.1569,0.1581,0.1373,0.1646,IDLE,IDLE,IDLE,IDLE,IDLE,IDLE,IDLE,IDLE,IDLE,IDLE,IDLE,IDLE,IDLE,IDLE,IDLE,IDLE,IDLE,IDLE,IDLE,IDLE,IDLE,IDLE,IDLE,IDLE,IDLE,IDLE,IDLE,IDLE,IDLE,IDLE,IDLE,IDLE,IDLE,IDLE,IDLE,IDLE,IDLE,IDLE,IDLE,IDLE,IDLE,IDLE,IDLE,IDLE,IDLE,IDLE,IDLE,IDLE,IDLE,IDLE
293,2024-01-13 05:00:01,0.00,0.00,0,0.0000,0.0000,0.00,0.9998,0.9999,0.9997,0.9997,0.9998,0.9998,0.9998,0.9997,0.9998,0.9998,0.9999,0.9997,0.9998,0.9999,0.9998,0.9999,0.9998,0.9998,0.9998,0.9998,0.9998,0.9998,0.9999,0.9998,0.9998,0.9998,0.9998,0.9998,0.9998,0.9997,0.9998,0.9998,0.9998,0.9998,0.9998,0.9997,0.9996,0.9998,0.9998,0.9998,0.9998,0.9998,0.9998,0.9998,0.9997,0.9997,0.9998,0.9999,0.9998,0.9999,0.1622,0.1872,0.1898,0.1763,0.1969,0.1614,0.1677,0.1781,0.1623,0.1490,0.1997,0.1315,0.1870,0.1542,0.1730,0.1542,0.1970,0.1985,0.1753,0.1642,0.1937,0.1970,0.1982,0.1980,0.1844,0.1987,0.1970,0.1490,0.1759,0.1861,0.1491,0.1286,0.1623,0.1668,0.1993,0.1763,0.1879,0.1286,0.1709,0.1911,0.1677,0.1626,0.1409,0.1980,0.1412,0.1557,0.1569,0.1581,0.1373,0.1646,IDLE,IDLE,IDLE,IDLE,IDLE,IDLE,IDLE,IDLE,IDLE,IDLE,IDLE,IDLE,IDLE,IDLE,IDLE,IDLE,IDLE,IDLE,IDLE,IDLE,IDLE,IDLE,IDLE,IDLE,IDLE,IDLE,IDLE,IDLE,IDLE,IDLE,IDLE,IDLE,IDLE,IDLE,IDLE,IDLE,IDLE,IDLE,IDLE,IDLE,IDLE,IDLE,IDLE,IDLE,IDLE,IDLE,IDLE,IDLE,IDLE,IDLE
294,2024-01-13 06:00:01,0.00,0.00,0,0.0000,0.0000,0.00,0.9998,0.9999,0.9997,0.9997,0.9998,0.9998,0.9998,0.9997,0.9998,0.9998,0.9999,0.9997,0.9998,0.9999,0.9998,0.9999,0.9998,0.9998,0.9998,0.9998,0.9998,0.9998,0.9999,0.9998,0.9998,0.9998,0.9998,0.9998,0.9998,0.9997,0.9998,0.9998,0.9998,0.9998,0.9998,0.9997,0.9996,0.9998,0.9998,0.9998,0.9998,0.9998,0.9998,0.9998,0.9997,0.9997,0.9998,0.9999,0.9998,0.9999,0.1622,0.1872,0.1898,0.1763,0.1969,0.1614,0.1677,0.1781,0.1623,0.1490,0.1997,0.1315,0.1870,0.1542,0.1730,0.1542,0.1970,0.1985,0.1753,0.1642,0.1937,0.1970,0.1982,0.1980,0.1844,0.1987,0.1970,0.1490,0.1759,0.1861,0.1491,0.1286,0.1623,0.1668,0.1993,0.1763,0.1879,0.1286,0.1709,0.1911,0.1677,0.1626,0.1409,0.1980,0.1412,0.1557,0.1569,0.1581,0.1373,0.1646,IDLE,IDLE,IDLE,IDLE,IDLE,IDLE,IDLE,IDLE,IDLE,IDLE,IDLE,IDLE,IDLE,IDLE,IDLE,IDLE,IDLE,IDLE,IDLE,IDLE,IDLE,IDLE,IDLE,IDLE,IDLE,IDLE,IDLE,IDLE,IDLE,IDLE,IDLE,IDLE,IDLE,IDLE,IDLE,IDLE,IDLE,IDLE,IDLE,IDLE,IDLE,IDLE,IDLE,IDLE,IDLE,IDLE,IDLE,IDLE,IDLE,IDLE
295,2024-01-13 07:00:01,0.00,0.00,0,0.0000,0.0000,0.00,0.9998,0.9999,0.9997,0.9997,0.9998,0.9998,0.9998,0.9997,0.9998,0.9998,0.9999,0.9997,0.9998,0.9999,0.9998,0.9999,0.9998,0.9998,0.9998,0.9998,0.9998,0.9998,0.9999,0.9998,0.9998,0.9998,0.9998,0.9998,0.9998,0.9997,0.9998,0.9998,0.9998,0.9998,0.9998,0.9997,0.9996,0.9998,0.9998,0.9998,0.9998,0.9998,0.9998,0.9998,0.9997,0.9997,0.9998,0.9999,0.9998,0.9999,0.1622,0.1872,0.1898,0.1763,0.1969,0.1614,0.1677,0.1781,0.1623,0.1490,0.1997,0.1315,0.1870,0.1542,0.1730,0.1542,0.1970,0.1985,0.1753,0.1642,0.1937,0.1970,0.1982,0.1980,0.1844,0.1987,0.1970,0.1490,0.1759,0.1861,0.1491,0.1286,0.1623,0.1668,0.1993,0.1763,0.1879,0.1286,0.1709,0.1911,0.1677,0.1626,0.1409,0.1980,0.1412,0.1557,0.1569,0.1581,0.1373,0.1646,IDLE,IDLE,IDLE,IDLE,IDLE,IDLE,IDLE,IDLE,IDLE,IDLE,IDLE,IDLE,IDLE,IDLE,IDLE,IDLE,IDLE,IDLE,IDLE,IDLE,IDLE,IDLE,IDLE,IDLE,IDLE,IDLE,IDLE,IDLE,IDLE,IDLE,IDLE,IDLE,IDLE,IDLE,IDLE,IDLE,IDLE,IDLE,IDLE,IDLE,IDLE,IDLE,IDLE,IDLE,IDLE,IDLE,IDLE,IDLE,IDLE,IDLE
296,2024-01-13 08:00:01,0.00,0.00,0,0.0000,0.0000,0.00,0.9998,0.9999,0.9997,0.9997,0.9998,0.9998,0.9998,0.9997,0.9998,0.9998,0.9999,0.9997,0.9998,0.9999,0.9998,0.9999,0.9998,0.9998,0.9998,0.9998,0.9998,0.9998,0.9999,0.9998,0.9998,0.9998,0.9998,0.9998,0.9998,0.9997,0.9998,0.9998,0.9998,0.9998,0.9998,0.9997,0.9996,0.9998,0.9998,0.9998,0.9998,0.9998,0.9998,0.9998,0.9997,0.9997,0.9998,0.9999,0.9998,0.9999,0.1622,0.1872,0.1898,0.1763,0.1969,0.1614,0.1677,0.1781,0.1623,0.1490,0.1997,0.1315,0.1870,0.1542,0.1730,0.1542,0.1970,0.1985,0.1753,0.1642,0.1937,0.1970,0.1982,0.1980,0.1844,0.1987,0.1970,0.1490,0.1759,0.1861,0.1491,0.1286,0.1623,0.1668,0.1993,0.1763,0.1879,0.1286,0.1709,0.1911,0.1677,0.1626,0.1409,0.1980,0.1412,0.1557,0.1569,0.1581,0.1373,0.1646,IDLE,IDLE,IDLE,IDLE,IDLE,IDLE,IDLE,IDLE,IDLE,IDLE,IDLE,IDLE,IDLE,IDLE,IDLE,IDLE,IDLE,IDLE,IDLE,IDLE,IDLE,IDLE,IDLE,IDLE,IDLE,IDLE,IDLE,IDLE,IDLE,IDLE,IDLE,IDLE,IDLE,IDLE,IDLE,IDLE,IDLE,IDLE,IDLE,IDLE,IDLE,IDLE,IDLE,IDLE,IDLE,IDLE,IDLE,IDLE,IDLE,IDLE
297,2024-01-13 09:00:01,0.00,0.00,0,0.0000,0.0000,0.00,0.9998,0.9999,0.9997,0.9997,0.9998,0.9998,0.9998,0.9997,0.9998,0.9998,0.9999,0.9997,0.9998,0.9999,0.9998,0.9999,0.9998,0.9998,0.9998,0.9998,0.9998,0.9998,0.9999,0.9998,0.9998,0.9998,0.9998,0.9998,0.9998,0.9997,0.9998,0.9998,0.9998,0.9998,0.9998,0.9997,0.9996,0.9998,0.9998,0.9998,0.9998,0.9998,0.9998,0.9998,0.9997,0.9997,0.9998,0.9999,0.9998,0.9999,0.1622,0.1872,0.1898,0.1763,0.1969,0.1614,0.1677,0.1781,0.1623,0.1490,0.1997,0.1315,0.1870,0.1542,0.1730,0.1542,0.1970,0.1985,0.1753,0.1642,0.1937,0.1970,0.1982,0.1980,0.1844,0.1987,0.1970,0.1490,0.1759,0.1861,0.1491,0.1286,0.1623,0.1668,0.1993,0.1763,0.1879,0.1286,0.1709,0.1911,0.1677,0.1626,0.1409,0.1980,0.1412,0.1557,0.1569,0.1581,0.1373,0.1646,IDLE,IDLE,IDLE,IDLE,IDLE,IDLE,IDLE,IDLE,IDLE,IDLE,IDLE,IDLE,IDLE,IDLE,IDLE,IDLE,IDLE,IDLE,IDLE,IDLE,IDLE,IDLE,IDLE,IDLE,IDLE,IDLE,IDLE,IDLE,IDLE,IDLE,IDLE,IDLE,IDLE,IDLE,IDLE,IDLE,IDLE,IDLE,IDLE,IDLE,IDLE,IDLE,IDLE,IDLE,IDLE,IDLE,IDLE,IDLE,IDLE,IDLE
298,2024-01-13 10:00:01,0.00,0.00,0,0.0000,0.0000,0.00,0.9998,0.9999,0.9997,0.9997,0.9998,0.9998,0.9998,0.9997,0.9998,0.9998,0.9999,0.9997,0.9998,0.9999,0.9998,0.9999,0.9998,0.9998,0.9998,0.9998,0.9998,0.9998,0.9999,0.9998,0.9998,0.9998,0.9998,0.9998,0.9998,0.9997,0.9998,0.9998,0.9998,0.9998,0.9998,0.9997,0.9996,0.9998,0.9998,0.9998,0.9998,0.9998,0.9998,0.9998,0.9997,0.9997,0.9998,0.9999,0.9998,0.9999,0.1622,0.1872,0.1898,0.1763,0.1969,0.1614,0.1677,0.1781,0.1623,0.1490,0.1997,0.1315,0.1870,0.1542,0.1730,0.1542,0.1970,0.1985,0.1753,0.1642,0.1937,0.1970,0.1982,0.1980,0.1844,0.1987,0.1970,0.1490,0.1759,0.1861,0.1491,0.1286,0.1623,0.1668,0.1993,0.1763,0.1879,0.1286,0.1709,0.1911,0.1677,0.1626,0.1409,0.1980,0.1412,0.1557,0.1569,0.1581,0.1373,0.1646,IDLE,IDLE,IDLE,IDLE,IDLE,IDLE,IDLE,IDLE,IDLE,IDLE,IDLE,IDLE,IDLE,IDLE,IDLE,IDLE,IDLE,IDLE,IDLE,IDLE,IDLE,IDLE,IDLE,IDLE,IDLE,IDLE,IDLE,IDLE,IDLE,IDLE,IDLE,IDLE,IDLE,IDLE,IDLE,IDLE,IDLE,IDLE,IDLE,IDLE,IDLE,IDLE,IDLE,IDLE,IDLE,IDLE,IDLE,IDLE,IDLE,IDLE
299,2024-01-13 11:00:01,0.00,0.00,0,0.0000,0.0000,0.00,0.9998,0.9999,0.9997,0.9997,0.9998,0.9998,0.9998,0.9997,0.9998,0.9998,0.9999,0.9997,0.9998,0.9999,0.9998,0.9999,0.9998,0.9998,0.9998,0.9998,0.9998,0.9998,0.9999,0.9998,0.9998,0.9998,0.9998,0.9998,0.9998,0.9997,0.9998,0.9998,0.9998,0.9998,0.9998,0.9997,0.9996,0.9998,0.9998,0.9998,0.9998,0.9998,0.9998,0.9998,0.9997,0.9997,0.9998,0.9999,0.9998,0.9999,0.1622,0.1872,0.1898,0.1763,0.1969,0.1614,0.1677,0.1781,0.1623,0.1490,0.1997,0.1315,0.1870,0.1542,0.1730,0.1542,0.1970,0.1985,0.1753,0.1642,0.1937,0.1970,0.1982,0.1980,0.1844,0.1987,0.1970,0.1490,0.1759,0.1861,0.1491,0.1286,0.1623,0.1668,0.1993,0.1763,0.1879,0.1286,0.1709,0.1911,0.1677,0.1626,0.1409,0.1980,0.1412,0.1557,0.1569,0.1581,0.1373,0.1646,IDLE,IDLE,IDLE,IDLE,IDLE,IDLE,IDLE,IDLE,IDLE,IDLE,IDLE,IDLE,IDLE,IDLE,IDLE,IDLE,IDLE,IDLE,IDLE,IDLE,IDLE,IDLE,IDLE,IDLE,IDLE,IDLE,IDLE,IDLE,IDLE,IDLE,IDLE,IDLE,IDLE,IDLE,IDLE,IDLE,IDLE,IDLE,IDLE,IDLE,IDLE,IDLE,IDLE,IDLE,IDLE,IDLE,IDLE,IDLE,IDLE,IDLE
300,2024-01-13 12:00:01,0.00,0.00,0,0.0000,0.0000,0.00,0.9998,0.9999,0.9997,0.9997,0.9998,0.9998,0.9998,0.9997,0.9998,0.9998,0.9999,0.9997,0.9998,0.9999,0.9998,0.9999,0.9998,0.9998,0.9998,0.9998,0.9998,0.9998,0.9999,0.9998,0.9998,0.9998,0.9998,0.9998,0.9998,0.9997,0.9998,0.9998,0.9998,0.9998,0.9998,0.9997,0.9996,0.9998,0.9998,0.9998,0.9998,0.9998,0.9998,0.9998,0.9997,0.9997,0.9998,0.9999,0.9998,0.9999,0.1622,0.1872,0.1898,0.1763,0.1969,0.1614,0.1677,0.1781,0.1623,0.1490,0.1997,0.1315,0.1870,0.1542,0.1730,0.1542,0.1970,0.1985,0.1753,0.1642,0.1937,0.1970,0.1982,0.1980,0.1844,0.1987,0.1970,0.1490,0.1759,0.1861,0.1491,0.1286,0.1623,0.1668,0.1993,0.1763,0.1879,0.1286,0.1709,0.1911,0.1677,0.1626,0.1409,0.1980,0.1412,0.1557,0.1569,0.1581,0.1373,0.1646,IDLE,IDLE,IDLE,IDLE,IDLE,IDLE,IDLE,IDLE,IDLE,IDLE,IDLE,IDLE,IDLE,IDLE,IDLE,IDLE,IDLE,IDLE,IDLE,IDLE,IDLE,IDLE,IDLE,IDLE,IDLE,IDLE,IDLE,IDLE,IDLE,IDLE,IDLE,IDLE,IDLE,IDLE,IDLE,IDLE,IDLE,IDLE,IDLE,IDLE,IDLE,IDLE,IDLE,IDLE,IDLE,IDLE,IDLE,IDLE,IDLE,IDLE
301,2024-01-13 13:00:01,0.00,0.00,0,0.0000,0.0000,0.00,0.9998,0.9999,0.9997,0.9997,0.9998,0.9998,0.9998,0.9997,0.9998,0.9998,0.9999,0.9997,0.9998,0.9999,0.9998,0.9999,0.9998,0.9998,0.9998,0.9998,0.9998,0.9998,0.9999,0.9998,0.9998,0.9998,0.9998,0.9998,0.9998,0.9997,0.9998,0.9998,0.9998,0.9998,0.9998,0.9997,0.9996,0.9998,0.9998,0.9998,0.9998,0.9998,0.9998,0.9998,0.9997,0.9997,0.9998,0.9999,0.9998,0.9999,0.1622,0.1872,0.1898,0.1763,0.1969,0.1614,0.1677,0.1781,0.1623,0.1490,0.1997,0.1315,0.1870,0.1542,0.1730,0.1542,0.1970,0.1985,0.1753,0.1642,0.1937,0.1970,0.1982,0.1980,0.1844,0.1987,0.1970,0.1490,0.1759,0.1861,0.1491,0.1286,0.1623,0.1668,0.1993,0.1763,0.1879,0.1286,0.1709,0.1911,0.1677,0.1626,0.1409,0.1980,0.1412,0.1557,0.1569,0.1581,0.1373,0.1646,IDLE,IDLE,IDLE,IDLE,IDLE,IDLE,IDLE,IDLE,IDLE,IDLE,IDLE,IDLE,IDLE,IDLE,IDLE,IDLE,IDLE,IDLE,IDLE,IDLE,IDLE,IDLE,IDLE,IDLE,IDLE,IDLE,IDLE,IDLE,IDLE,IDLE,IDLE,IDLE,IDLE,IDLE,IDLE,IDLE,IDLE,IDLE,IDLE,IDLE,IDLE,IDLE,IDLE,IDLE,IDLE,IDLE,IDLE,IDLE,IDLE,IDLE
302,2024-01-13 14:00:01,0.00,0.00,0,0.0000,0.0000,0.00,0.9998,0.9999,0.9997,0.9997,0.9998,0.9998,0.9998,0.9997,0.9998,0.9998,0.9999,0.9997,0.9998,0.9999,0.9998,0.9999,0.9998,0.9998,0.9998,0.9998,0.9998,0.9998,0.9999,0.9998,0.9998,0.9998,0.9998,0.9998,0.9998,0.9997,0.9998,0.9998,0.9998,0.9998,0.9998,0.9997,0.9996,0.9998,0.9998,0.9998,0.9998,0.9998,0.9998,0.9998,0.9997,0.9997,0.9998,0.9999,0.9998,0.9999,0.1622,0.1872,0.1898,0.1763,0.1969,0.1614,0.1677,0.1781,0.1623,0.1490,0.1997,0.1315,0.1870,0.1542,0.1730,0.1542,0.1970,0.1985,0.1753,0.1642,0.1937,0.1970,0.1982,0.1980,0.1844,0.1987,0.1970,0.1490,0.1759,0.1861,0.1491,0.1286,0.1623,0.1668,0.1993,0.1763,0.1879,0.1286,0.1709,0.1911,0.1677,0.1626,0.1409,0.1980,0.1412,0.1557,0.1569,0.1581,0.1373,0.1646,IDLE,IDLE,IDLE,IDLE,IDLE,IDLE,IDLE,IDLE,IDLE,IDLE,IDLE,IDLE,IDLE,IDLE,IDLE,IDLE,IDLE,IDLE,IDLE,IDLE,IDLE,IDLE,IDLE,IDLE,IDLE,IDLE,IDLE,IDLE,IDLE,IDLE,IDLE,IDLE,IDLE,IDLE,IDLE,IDLE,IDLE,IDLE,IDLE,IDLE,IDLE,IDLE,IDLE,IDLE,IDLE,IDLE,IDLE,IDLE,IDLE,IDLE
303,2024-01-13 15:00:01,0.00,0.00,0,0.0000,0.0000,0.00,0.9998,0.9999,0.9997,0.9997,0.9998,0.9998,0.9998,0.9997,0.9998,0.9998,0.9999,0.9997,0.9998,0.9999,0.9998,0.9999,0.9998,0.9998,0.9998,0.9998,0.9998,0.9998,0.9999,0.9998,0.9998,0.9998,0.9998,0.9998,0.9998,0.9997,0.9998,0.9998,0.9998,0.9998,0.9998,0.9997,0.9996,0.9998,0.9998,0.9998,0.9998,0.9998,0.9998,0.9998,0.9997,0.9997,0.9998,0.9999,0.9998,0.9999,0.1622,0.1872,0.1898,0.1763,0.1969,0.1614,0.1677,0.1781,0.1623,0.1490,0.1997,0.1315,0.1870,0.1542,0.1730,0.1542,0.1970,0.1985,0.1753,0.1642,0.1937,0.1970,0.1982,0.1980,0.1844,0.1987,0.1970,0.1490,0.1759,0.1861,0.1491,0.1286,0.1623,0.1668,0.1993,0.1763,0.1879,0.1286,0.1709,0.1911,0.1677,0.1626,0.1409,0.1980,0.1412,0.1557,0.1569,0.1581,0.1373,0.1646,IDLE,IDLE,IDLE,IDLE,IDLE,IDLE,IDLE,IDLE,IDLE,IDLE,IDLE,IDLE,IDLE,IDLE,IDLE,IDLE,IDLE,IDLE,IDLE,IDLE,IDLE,IDLE,IDLE,IDLE,IDLE,IDLE,IDLE,IDLE,IDLE,IDLE,IDLE,IDLE,IDLE,IDLE,IDLE,IDLE,IDLE,IDLE,IDLE,IDLE,IDLE,IDLE,IDLE,IDLE,IDLE,IDLE,IDLE,IDLE,IDLE,IDLE
304,2024-01-13 16:00:01,0.00,0.00,0,0.0000,0.0000,0.00,0.9998,0.9999,0.9997,0.9997,0.9998,0.9998,0.9998,0.9997,0.9998,0.9998,0.9999,0.9997,0.9998,0.9999,0.9998,0.9999,0.9998,0.9998,0.9998,0.9998,0.9998,0.9998,0.9999,0.9998,0.9998,0.9998,0.9998,0.9998,0.9998,0.9997,0.9998,0.9998,0.9998,0.9998,0.9998,0.9997,0.9996,0.9998,0.9998,0.9998,0.9998,0.9998,0.9998,0.9998,0.9997,0.9997,0.9998,0.9999,0.9998,0.9999,0.1622,0.1872,0.1898,0.1763,0.1969,0.1614,0.1677,0.1781,0.1623,0.1490,0.1997,0.1315,0.1870,0.1542,0.1730,0.1542,0.1970,0.1985,0.1753,0.1642,0.1937,0.1970,0.1982,0.1980,0.1844,0.1987,0.1970,0.1490,0.1759,0.1861,0.1491,0.1286,0.1623,0.1668,0.1993,0.1763,0.1879,0.1286,0.1709,0.1911,0.1677,0.1626,0.1409,0.1980,0.1412,0.1557,0.1569,0.1581,0.1373,0.1646,IDLE,IDLE,IDLE,IDLE,IDLE,IDLE,IDLE,IDLE,IDLE,IDLE,IDLE,IDLE,IDLE,IDLE,IDLE,IDLE,IDLE,IDLE,IDLE,IDLE,IDLE,IDLE,IDLE,IDLE,IDLE,IDLE,IDLE,IDLE,IDLE,IDLE,IDLE,IDLE,IDLE,IDLE,IDLE,IDLE,IDLE,IDLE,IDLE,IDLE,IDLE,IDLE,IDLE,IDLE,IDLE,IDLE,IDLE,IDLE,IDLE,IDLE
305,2024-01-13 17:00:01,0.00,0.00,0,0.0000,0.0000,0.00,0.9998,0.9999,0.9997,0.9997,0.9998,0.9998,0.9998,0.9997,0.9998,0.9998,0.9999,0.9997,0.9998,0.9999,0.9998,0.9999,0.9998,0.9998,0.9998,0.9998,0.9998,0.9998,0.9999,0.9998,0.9998,0.9998,0.9998,0.9998,0.9998,0.9997,0.9998,0.9998,0.9998,0.9998,0.9998,0.9997,0.9996,0.9998,0.9998,0.9998,0.9998,0.9998,0.9998,0.9998,0.9997,0.9997,0.9998,0.9999,0.9998,0.9999,0.1622,0.1872,0.1898,0.1763,0.1969,0.1614,0.1677,0.1781,0.1623,0.1490,0.1997,0.1315,0.1870,0.1542,0.1730,0.1542,0.1970,0.1985,0.1753,0.1642,0.1937,0.1970,0.1982,0.1980,0.1844,0.1987,0.1970,0.1490,0.1759,0.1861,0.1491,0.1286,0.1623,0.1668,0.1993,0.1763,0.1879,0.1286,0.1709,0.1911,0.1677,0.1626,0.1409,0.1980,0.1412,0.1557,0.1569,0.1581,0.1373,0.1646,IDLE,IDLE,IDLE,IDLE,IDLE,IDLE,IDLE,IDLE,IDLE,IDLE,IDLE,IDLE,IDLE,IDLE,IDLE,IDLE,IDLE,IDLE,IDLE,IDLE,IDLE,IDLE,IDLE,IDLE,IDLE,IDLE,IDLE,IDLE,IDLE,IDLE,IDLE,IDLE,IDLE,IDLE,IDLE,IDLE,IDLE,IDLE,IDLE,IDLE,IDLE,IDLE,IDLE,IDLE,IDLE,IDLE,IDLE,IDLE,IDLE,IDLE
306,2024-01-13 18:00:01,0.00,0.00,0,0.0000,0.0000,0.00,0.9998,0.9999,0.9997,0.9997,0.9998,0.9998,0.9998,0.9997,0.9998,0.9998,0.9999,0.9997,0.9998,0.9999,0.9998,0.9999,0.9998,0.9998,0.9998,0.9998,0.9998,0.9998,0.9999,0.9998,0.9998,0.9998,0.9998,0.9998,0.9998,0.9997,0.9998,0.9998,0.9998,0.9998,0.9998,0.9997,0.9996,0.9998,0.9998,0.9998,0.9998,0.9998,0.9998,0.9998,0.9997,0.9997,0.9998,0.9999,0.9998,0.9999,0.1622,0.1872,0.1898,0.1763,0.1969,0.1614,0.1677,0.1781,0.1623,0.1490,0.1997,0.1315,0.1870,0.1542,0.1730,0.1542,0.1970,0.1985,0.1753,0.1642,0.1937,0.1970,0.1982,0.1980,0.1844,0.1987,0.1970,0.1490,0.1759,0.1861,0.1491,0.1286,0.1623,0.1668,0.1993,0.1763,0.1879,0.1286,0.1709,0.1911,0.1677,0.1626,0.1409,0.1980,0.1412,0.1557,0.1569,0.1581,0.1373,0.1646,IDLE,IDLE,IDLE,IDLE,IDLE,IDLE,IDLE,IDLE,IDLE,IDLE,IDLE,IDLE,IDLE,IDLE,IDLE,IDLE,IDLE,IDLE,IDLE,IDLE,IDLE,IDLE,IDLE,IDLE,IDLE,IDLE,IDLE,IDLE,IDLE,IDLE,IDLE,IDLE,IDLE,IDLE,IDLE,IDLE,IDLE,IDLE,IDLE,IDLE,IDLE,IDLE,IDLE,IDLE,IDLE,IDLE,IDLE,IDLE,IDLE,IDLE
307,2024-01-13 19:00:01,0.00,0.00,0,0.0000,0.0000,0.00,0.9998,0.9999,0.9997,0.9997,0.9998,0.9998,0.9998,0.9997,0.9998,0.9998,0.9999,0.9997,0.9998,0.9999,0.9998,0.9999,0.9998,0.9998,0.9998,0.9998,0.9998,0.9998,0.9999,0.9998,0.9998,0.9998,0.9998,0.9998,0.9998,0.9997,0.9998,0.9998,0.9998,0.9998,0.9998,0.9997,0.9996,0.9998,0.9998,0.9998,0.9998,0.9998,0.9998,0.9998,0.9997,0.9997,0.9998,0.9999,0.9998,0.9999,0.1622,0.1872,0.1898,0.1763,0.1969,0.1614,0.1677,0.1781,0.1623,0.1490,0.1997,0.1315,0.1870,0.1542,0.1730,0.1542,0.1970,0.1985,0.1753,0.1642,0.1937,0.1970,0.1982,0.1980,0.1844,0.1987,0.1970,0.1490,0.1759,0.1861,0.1491,0.1286,0.1623,0.1668,0.1993,0.1763,0.1879,0.1286,0.1709,0.1911,0.1677,0.1626,0.1409,0.1980,0.1412,0.1557,0.1569,0.1581,0.1373,0.1646,IDLE,IDLE,IDLE,IDLE,IDLE,IDLE,IDLE,IDLE,IDLE,IDLE,IDLE,IDLE,IDLE,IDLE,IDLE,IDLE,IDLE,IDLE,IDLE,IDLE,IDLE,IDLE,IDLE,IDLE,IDLE,IDLE,IDLE,IDLE,IDLE,IDLE,IDLE,IDLE,IDLE,IDLE,IDLE,IDLE,IDLE,IDLE,IDLE,IDLE,IDLE,IDLE,IDLE,IDLE,IDLE,IDLE,IDLE,IDLE,IDLE,IDLE
308,2024-01-13 20:00:01,0.00,0.00,0,0.0000,0.0000,0.00,0.9998,0.9999,0.9997,0.9997,0.9998,0.9998,0.9998,0.9997,0.9998,0.9998,0.9999,0.9997,0.9998,0.9999,0.9998,0.9999,0.9998,0.9998,0.9998,0.9998,0.9998,0.9998,0.9999,0.9998,0.9998,0.9998,0.9998,0.9998,0.9998,0.9997,0.9998,0.9998,0.9998,0.9998,0.9998,0.9997,0.9996,0.9998,0.9998,0.9998,0.9998,0.9998,0.9998,0.9998,0.9997,0.9997,0.9998,0.9999,0.9998,0.9999,0.1622,0.1872,0.1898,0.1763,0.1969,0.1614,0.1677,0.1781,0.1623,0.1490,0.1997,0.1315,0.1870,0.1542,0.1730,0.1542,0.1970,0.1985,0.1753,0.1642,0.1937,0.1970,0.1982,0.1980,0.1844,0.1987,0.1970,0.1490,0.1759,0.1861,0.1491,0.1286,0.1623,0.1668,0.1993,0.1763,0.1879,0.1286,0.1709,0.1911,0.1677,0.1626,0.1409,0.1980,0.1412,0.1557,0.1569,0.1581,0.1373,0.1646,IDLE,IDLE,IDLE,IDLE,IDLE,IDLE,IDLE,IDLE,IDLE,IDLE,IDLE,IDLE,IDLE,IDLE,IDLE,IDLE,IDLE,IDLE,IDLE,IDLE,IDLE,IDLE,IDLE,IDLE,IDLE,IDLE,IDLE,IDLE,IDLE,IDLE,IDLE,IDLE,IDLE,IDLE,IDLE,IDLE,IDLE,IDLE,IDLE,IDLE,IDLE,IDLE,IDLE,IDLE,IDLE,IDLE,IDLE,IDLE,IDLE,IDLE
309,2024-01-13 21:00:01,0.00,0.00,0,0.0000,0.0000,0.00,0.9998,0.9999,0.9997,0.9997,0.9998,0.9998,0.9998,0.9997,0.9998,0.9998,0.9999,0.9997,0.9998,0.9999,0.9998,0.9999,0.9998,0.9998,0.9998,0.9998,0.9998,0.9998,0.9999,0.9998,0.9998,0.9998,0.9998,0.9998,0.9998,0.9997,0.9998,0.9998,0.9998,0.9998,0.9998,0.9997,0.9996,0.9998,0.9998,0.9998,0.9998,0.9998,0.9998,0.9998,0.9997,0.9997,0.9998,0.9999,0.9998,0.9999,0.1622,0.1872,0.1898,0.1763,0.1969,0.1614,0.1677,0.1781,0.1623,0.1490,0.1997,0.1315,0.1870,0.1542,0.1730,0.1542,0.1970,0.1985,0.1753,0.1642,0.1937,0.1970,0.1982,0.1980,0.1844,0.1987,0.1970,0.1490,0.1759,0.1861,0.1491,0.1286,0.1623,0.1668,0.1993,0.1763,0.1879,0.1286,0.1709,0.1911,0.1677,0.1626,0.1409,0.1980,0.1412,0.1557,0.1569,0.1581,0.1373,0.1646,IDLE,IDLE,IDLE,IDLE,IDLE,IDLE,IDLE,IDLE,IDLE,IDLE,IDLE,IDLE,IDLE,IDLE,IDLE,IDLE,IDLE,IDLE,IDLE,IDLE,IDLE,IDLE,IDLE,IDLE,IDLE,IDLE,IDLE,IDLE,IDLE,IDLE,IDLE,IDLE,IDLE,IDLE,IDLE,IDLE,IDLE,IDLE,IDLE,IDLE,IDLE,IDLE,IDLE,IDLE,IDLE,IDLE,IDLE,IDLE,IDLE,IDLE
310,2024-01-13 22:00:01,0.00,0.00,0,0.0000,0.0000,0.00,0.9998,0.9999,0.9997,0.9997,0.9998,0.9998,0.9998,0.9997,0.9998,0.9998,0.9999,0.9997,0.9998,0.9999,0.9998,0.9999,0.9998,0.9998,0.9998,0.9998,0.9998,0.9998,0.9999,0.9998,0.9998,0.9998,0.9998,0.9998,0.9998,0.9997,0.9998,0.9998,0.9998,0.9998,0.9998,0.9997,0.9996,0.9998,0.9998,0.9998,0.9998,0.9998,0.9998,0.9998,0.9997,0.9997,0.9998,0.9999,0.9998,0.9999,0.1622,0.1872,0.1898,0.1763,0.1969,0.1614,0.1677,0.1781,0.1623,0.1490,0.1997,0.1315,0.1870,0.1542,0.1730,0.1542,0.1970,0.1985,0.1753,0.1642,0.1937,0.1970,0.1982,0.1980,0.1844,0.1987,0.1970,0.1490,0.1759,0.1861,0.1491,0.1286,0.1623,0.1668,0.1993,0.1763,0.1879,0.1286,0.1709,0.1911,0.1677,0.1626,0.1409,0.1980,0.1412,0.1557,0.1569,0.1581,0.1373,0.1646,IDLE,IDLE,IDLE,IDLE,IDLE,IDLE,IDLE,IDLE,IDLE,IDLE,IDLE,IDLE,IDLE,IDLE,IDLE,IDLE,IDLE,IDLE,IDLE,IDLE,IDLE,IDLE,IDLE,IDLE,IDLE,IDLE,IDLE,IDLE,IDLE,IDLE,IDLE,IDLE,IDLE,IDLE,IDLE,IDLE,IDLE,IDLE,IDLE,IDLE,IDLE,IDLE,IDLE,IDLE,IDLE,IDLE,IDLE,IDLE,IDLE,IDLE
311,2024-01-13 23:00:01,0.00,0.00,0,0.0000,0.0000,0.00,0.9998,0.9999,0.9997,0.9997,0.9998,0.9998,0.9998,0.9997,0.9998,0.9998,0.9999,0.9997,0.9998,0.9999,0.9998,0.9999,0.9998,0.9998,0.9998,0.9998,0.9998,0.9998,0.9999,0.9998,0.9998,0.9998,0.9998,0.9998,0.9998,0.9997,0.9998,0.9998,0.9998,0.9998,0.9998,0.9997,0.9996,0.9998,0.9998,0.9998,0.9998,0.9998,0.9998,0.9998,0.9997,0.9997,0.9998,0.9999,0.9998,0.9999,0.1622,0.1872,0.1898,0.1763,0.1969,0.1614,0.1677,0.1781,0.1623,0.1490,0.1997,0.1315,0.1870,0.1542,0.1730,0.1542,0.1970,0.1985,0.1753,0.1642,0.1937,0.1970,0.1982,0.1980,0.1844,0.1987,0.1970,0.1490,0.1759,0.1861,0.1491,0.1286,0.1623,0.1668,0.1993,0.1763,0.1879,0.1286,0.1709,0.1911,0.1677,0.1626,0.1409,0.1980,0.1412,0.1557,0.1569,0.1581,0.1373,0.1646,IDLE,IDLE,IDLE,IDLE,IDLE,IDLE,IDLE,IDLE,IDLE,IDLE,IDLE,IDLE,IDLE,IDLE,IDLE,IDLE,IDLE,IDLE,IDLE,IDLE,IDLE,IDLE,IDLE,IDLE,IDLE,IDLE,IDLE,IDLE,IDLE,IDLE,IDLE,IDLE,IDLE,IDLE,IDLE,IDLE,IDLE,IDLE,IDLE,IDLE,IDLE,IDLE,IDLE,IDLE,IDLE,IDLE,IDLE,IDLE,IDLE,IDLE
312,2024-01-14 00:00:01,0.00,0.00,0,0.0000,0.0000,0.00,0.9998,0.9999,0.9997,0.9997,0.9998,0.9998,0.9998,0.9997,0.9998,0.9998,0.9999,0.9997,0.9998,0.9999,0.9998,0.9999,0.9998,0.9998,0.9998,0.9998,0.9998,0.9998,0.9999,0.9998,0.9998,0.9998,0.9998,0.9998,0.9998,0.9997,0.9998,0.9998,0.9998,0.9998,0.9998,0.9997,0.9996,0.9998,0.9998,0.9998,0.9998,0.9998,0.9998,0.9998,0.9997,0.9997,0.9998,0.9999,0.9998,0.9999,0.1622,0.1872,0.1898,0.1763,0.1969,0.1614,0.1677,0.1781,0.1623,0.1490,0.1997,0.1315,0.1870,0.1542,0.1730,0.1542,0.1970,0.1985,0.1753,0.1642,0.1937,0.1970,0.1982,0.1980,0.1844,0.1987,0.1970,0.1490,0.1759,0.1861,0.1491,0.1286,0.1623,0.1668,0.1993,0.1763,0.1879,0.1286,0.1709,0.1911,0.1677,0.1626,0.1409,0.1980,0.1412,0.1557,0.1569,0.1581,0.1373,0.1646,IDLE,IDLE,IDLE,IDLE,IDLE,IDLE,IDLE,IDLE,IDLE,IDLE,IDLE,IDLE,IDLE,IDLE,IDLE,IDLE,IDLE,IDLE,IDLE,IDLE,IDLE,IDLE,IDLE,IDLE,IDLE,IDLE,IDLE,IDLE,IDLE,IDLE,IDLE,IDLE,IDLE,IDLE,IDLE,IDLE,IDLE,IDLE,IDLE,IDLE,IDLE,IDLE,IDLE,IDLE,IDLE,IDLE,IDLE,IDLE,IDLE,IDLE
313,2024-01-14 01:00:01,0.00,0.00,0,0.0000,0.0000,0.00,0.9998,0.9999,0.9997,0.9997,0.9998,0.9998,0.9998,0.9997,0.9998,0.9998,0.9999,0.9997,0.9998,0.9999,0.9998,0.9999,0.9998,0.9998,0.9998,0.9998,0.9998,0.9998,0.9999,0.9998,0.9998,0.9998,0.9998,0.9998,0.9998,0.9997,0.9998,0.9998,0.9998,0.9998,0.9998,0.9997,0.9996,0.9998,0.9998,0.9998,0.9998,0.9998,0.9998,0.9998,0.9997,0.9997,0.9998,0.9999,0.9998,0.9999,0.1622,0.1872,0.1898,0.1763,0.1969,0.1614,0.1677,0.1781,0.1623,0.1490,0.1997,0.1315,0.1870,0.1542,0.1730,0.1542,0.1970,0.1985,0.1753,0.1642,0.1937,0.1970,0.1982,0.1980,0.1844,0.1987,0.1970,0.1490,0.1759,0.1861,0.1491,0.1286,0.1623,0.1668,0.1993,0.1763,0.1879,0.1286,0.1709,0.1911,0.1677,0.1626,0.1409,0.1980,0.1412,0.1557,0.1569,0.1581,0.1373,0.1646,IDLE,IDLE,IDLE,IDLE,IDLE,IDLE,IDLE,IDLE,IDLE,IDLE,IDLE,IDLE,IDLE,IDLE,IDLE,IDLE,IDLE,IDLE,IDLE,IDLE,IDLE,IDLE,IDLE,IDLE,IDLE,IDLE,IDLE,IDLE,IDLE,IDLE,IDLE,IDLE,IDLE,IDLE,IDLE,IDLE,IDLE,IDLE,IDLE,IDLE,IDLE,IDLE,IDLE,IDLE,IDLE,IDLE,IDLE,IDLE,IDLE,IDLE
314,2024-01-14 02:00:01,0.00,0.00,0,0.0000,0.0000,0.00,0.9998,0.9999,0.9997,0.9997,0.9998,0.9998,0.9998,0.9997,0.9998,0.9998,0.9999,0.9997,0.9998,0.9999,0.9998,0.9999,0.9998,0.9998,0.9998,0.9998,0.9998,0.9998,0.9999,0.9998,0.9998,0.9998,0.9998,0.9998,0.9998,0.9997,0.9998,0.9998,0.9998,0.9998,0.9998,0.9997,0.9996,0.9998,0.9998,0.9998,0.9998,0.9998,0.9998,0.9998,0.9997,0.9997,0.9998,0.9999,0.9998,0.9999,0.1622,0.1872,0.1898,0.1763,0.1969,0.1614,0.1677,0.1781,0.1623,0.1490,0.1997,0.1315,0.1870,0.1542,0.1730,0.1542,0.1970,0.1985,0.1753,0.1642,0.1937,0.1970,0.1982,0.1980,0.1844,0.1987,0.1970,0.1490,0.1759,0.1861,0.1491,0.1286,0.1623,0.1668,0.1993,0.1763,0.1879,0.1286,0.1709,0.1911,0.1677,0.1626,0.1409,0.1980,0.1412,0.1557,0.1569,0.1581,0.1373,0.1646,IDLE,IDLE,IDLE,IDLE,IDLE,IDLE,IDLE,IDLE,IDLE,IDLE,IDLE,IDLE,IDLE,IDLE,IDLE,IDLE,IDLE,IDLE,IDLE,IDLE,IDLE,IDLE,IDLE,IDLE,IDLE,IDLE,IDLE,IDLE,IDLE,IDLE,IDLE,IDLE,IDLE,IDLE,IDLE,IDLE,IDLE,IDLE,IDLE,IDLE,IDLE,IDLE,IDLE,IDLE,IDLE,IDLE,IDLE,IDLE,IDLE,IDLE
315,2024-01-14 03:00:01,0.00,0.00,0,0.0000,0.0000,0.00,0.9998,0.9999,0.9997,0.9997,0.9998,0.9998,0.9998,0.9997,0.9998,0.9998,0.9999,0.9997,0.9998,0.9999,0.9998,0.9999,0.9998,0.9998,0.9998,0.9998,0.9998,0.9998,0.9999,0.9998,0.9998,0.9998,0.9998,0.9998,0.9998,0.9997,0.9998,0.9998,0.9998,0.9998,0.9998,0.9997,0.9996,0.9998,0.9998,0.9998,0.9998,0.9998,0.9998,0.9998,0.9997,0.9997,0.9998,0.9999,0.9998,0.9999,0.1622,0.1872,0.1898,0.1763,0.1969,0.1614,0.1677,0.1781,0.1623,0.1490,0.1997,0.1315,0.1870,0.1542,0.1730,0.1542,0.1970,0.1985,0.1753,0.1642,0.1937,0.1970,0.1982,0.1980,0.1844,0.1987,0.1970,0.1490,0.1759,0.1861,0.1491,0.1286,0.1623,0.1668,0.1993,0.1763,0.1879,0.1286,0.1709,0.1911,0.1677,0.1626,0.1409,0.1980,0.1412,0.1557,0.1569,0.1581,0.1373,0.1646,IDLE,IDLE,IDLE,IDLE,IDLE,IDLE,IDLE,IDLE,IDLE,IDLE,IDLE,IDLE,IDLE,IDLE,IDLE,IDLE,IDLE,IDLE,IDLE,IDLE,IDLE,IDLE,IDLE,IDLE,IDLE,IDLE,IDLE,IDLE,IDLE,IDLE,IDLE,IDLE,IDLE,IDLE,IDLE,IDLE,IDLE,IDLE,IDLE,IDLE,IDLE,IDLE,IDLE,IDLE,IDLE,IDLE,IDLE,IDLE,IDLE,IDLE
316,2024-01-14 04:00:01,0.00,0.00,0,0.0000,0.0000,0.00,0.9998,0.9999,0.9997,0.9997,0.9998,0.9998,0.9998,0.9997,0.9998,0.9998,0.9999,0.9997,0.9998,0.9999,0.9998,0.9999,0.9998,0.9998,0.9998,0.9998,0.9998,0.9998,0.9999,0.9998,0.9998,0.9998,0.9998,0.9998,0.9998,0.9997,0.9998,0.9998,0.9998,0.9998,0.9998,0.9997,0.9996,0.9998,0.9998,0.9998,0.9998,0.9998,0.9998,0.9998,0.9997,0.9997,0.9998,0.9999,0.9998,0.9999,0.1622,0.1872,0.1898,0.1763,0.1969,0.1614,0.1677,0.1781,0.1623,0.1490,0.1997,0.1315,0.1870,0.1542,0.1730,0.1542,0.1970,0.1985,0.1753,0.1642,0.1937,0.1970,0.1982,0.1980,0.1844,0.1987,0.1970,0.1490,0.1759,0.1861,0.1491,0.1286,0.1623,0.1668,0.1993,0.1763,0.1879,0.1286,0.1709,0.1911,0.1677,0.1626,0.1409,0.1980,0.1412,0.1557,0.1569,0.1581,0.1373,0.1646,IDLE,IDLE,IDLE,IDLE,IDLE,IDLE,IDLE,IDLE,IDLE,IDLE,IDLE,IDLE,IDLE,IDLE,IDLE,IDLE,IDLE,IDLE,IDLE,IDLE,IDLE,IDLE,IDLE,IDLE,IDLE,IDLE,IDLE,IDLE,IDLE,IDLE,IDLE,IDLE,IDLE,IDLE,IDLE,IDLE,IDLE,IDLE,IDLE,IDLE,IDLE,IDLE,IDLE,IDLE,IDLE,IDLE,IDLE,IDLE,IDLE,IDLE
317,2024-01-14 05:00:01,0.00,0.00,0,0.0000,0.0000,0.00,0.9998,0.9999,0.9997,0.9997,0.9998,0.9998,0.9998,0.9997,0.9998,0.9998,0.9999,0.9997,0.9998,0.9999,0.9998,0.9999,0.9998,0.9998,0.9998,0.9998,0.9998,0.9998,0.9999,0.9998,0.9998,0.9998,0.9998,0.9998,0.9998,0.9997,0.9998,0.9998,0.9998,0.9998,0.9998,0.9997,0.9996,0.9998,0.9998,0.9998,0.9998,0.9998,0.9998,0.9998,0.9997,0.9997,0.9998,0.9999,0.9998,0.9999,0.1622,0.1872,0.1898,0.1763,0.1969,0.1614,0.1677,0.1781,0.1623,0.1490,0.1997,0.1315,0.1870,0.1542,0.1730,0.1542,0.1970,0.1985,0.1753,0.1642,0.1937,0.1970,0.1982,0.1980,0.1844,0.1987,0.1970,0.1490,0.1759,0.1861,0.1491,0.1286,0.1623,0.1668,0.1993,0.1763,0.1879,0.1286,0.1709,0.1911,0.1677,0.1626,0.1409,0.1980,0.1412,0.1557,0.1569,0.1581,0.1373,0.1646,IDLE,IDLE,IDLE,IDLE,IDLE,IDLE,IDLE,IDLE,IDLE,IDLE,IDLE,IDLE,IDLE,IDLE,IDLE,IDLE,IDLE,IDLE,IDLE,IDLE,IDLE,IDLE,IDLE,IDLE,IDLE,IDLE,IDLE,IDLE,IDLE,IDLE,IDLE,IDLE,IDLE,IDLE,IDLE,IDLE,IDLE,IDLE,IDLE,IDLE,IDLE,IDLE,IDLE,IDLE,IDLE,IDLE,IDLE,IDLE,IDLE,IDLE
318,2024-01-14 06:00:01,0.00,0.00,0,0.0000,0.0000,0.00,0.9998,0.9999,0.9997,0.9997,0.9998,0.9998,0.9998,0.9997,0.9998,0.9998,0.9999,0.9997,0.9998,0.9999,0.9998,0.9999,0.9998,0.9998,0.9998,0.9998,0.9998,0.9998,0.9999,0.9998,0.9998,0.9998,0.9998,0.9998,0.9998,0.9997,0.9998,0.9998,0.9998,0.9998,0.9998,0.9997,0.9996,0.9998,0.9998,0.9998,0.9998,0.9998,0.9998,0.9998,0.9997,0.9997,0.9998,0.9999,0.9998,0.9999,0.1622,0.1872,0.1898,0.1763,0.1969,0.1614,0.1677,0.1781,0.1623,0.1490,0.1997,0.1315,0.1870,0.1542,0.1730,0.1542,0.1970,0.1985,0.1753,0.1642,0.1937,0.1970,0.1982,0.1980,0.1844,0.1987,0.1970,0.1490,0.1759,0.1861,0.1491,0.1286,0.1623,0.1668,0.1993,0.1763,0.1879,0.1286,0.1709,0.1911,0.1677,0.1626,0.1409,0.1980,0.1412,0.1557,0.1569,0.1581,0.1373,0.1646,IDLE,IDLE,IDLE,IDLE,IDLE,IDLE,IDLE,IDLE,IDLE,IDLE,IDLE,IDLE,IDLE,IDLE,IDLE,IDLE,IDLE,IDLE,IDLE,IDLE,IDLE,IDLE,IDLE,IDLE,IDLE,IDLE,IDLE,IDLE,IDLE,IDLE,IDLE,IDLE,IDLE,IDLE,IDLE,IDLE,IDLE,IDLE,IDLE,IDLE,IDLE,IDLE,IDLE,IDLE,IDLE,IDLE,IDLE,IDLE,IDLE,IDLE
319,2024-01-14 07:00:01,0.00,0.00,0,0.0000,0.0000,0.00,0.9998,0.9999,0.9997,0.9997,0.9998,0.9998,0.9998,0.9997,0.9998,0.9998,0.9999,0.9997,0.9998,0.9999,0.9998,0.9999,0.9998,0.9998,0.9998,0.9998,0.9998,0.9998,0.9999,0.9998,0.9998,0.9998,0.9998,0.9998,0.9998,0.9997,0.9998,0.9998,0.9998,0.9998,0.9998,0.9997,0.9996,0.9998,0.9998,0.9998,0.9998,0.9998,0.9998,0.9998,0.9997,0.9997,0.9998,0.9999,0.9998,0.9999,0.1622,0.1872,0.1898,0.1763,0.1969,0.1614,0.1677,0.1781,0.1623,0.1490,0.1997,0.1315,0.1870,0.1542,0.1730,0.1542,0.1970,0.1985,0.1753,0.1642,0.1937,0.1970,0.1982,0.1980,0.1844,0.1987,0.1970,0.1490,0.1759,0.1861,0.1491,0.1286,0.1623,0.1668,0.1993,0.1763,0.1879,0.1286,0.1709,0.1911,0.1677,0.1626,0.1409,0.1980,0.1412,0.1557,0.1569,0.1581,0.1373,0.1646,IDLE,IDLE,IDLE,IDLE,IDLE,IDLE,IDLE,IDLE,IDLE,IDLE,IDLE,IDLE,IDLE,IDLE,IDLE,IDLE,IDLE,IDLE,IDLE,IDLE,IDLE,IDLE,IDLE,IDLE,IDLE,IDLE,IDLE,IDLE,IDLE,IDLE,IDLE,IDLE,IDLE,IDLE,IDLE,IDLE,IDLE,IDLE,IDLE,IDLE,IDLE,IDLE,IDLE,IDLE,IDLE,IDLE,IDLE,IDLE,IDLE,IDLE
320,2024-01-14 08:00:01,0.00,0.00,0,0.0000,0.0000,0.00,0.9998,0.9999,0.9997,0.9997,0.9998,0.9998,0.9998,0.9997,0.9998,0.9998,0.9999,0.9997,0.9998,0.9999,0.9998,0.9999,0.9998,0.9998,0.9998,0.9998,0.9998,0.9998,0.9999,0.9998,0.9998,0.9998,0.9998,0.9998,0.9998,0.9997,0.9998,0.9998,0.9998,0.9998,0.9998,0.9997,0.9996,0.9998,0.9998,0.9998,0.9998,0.9998,0.9998,0.9998,0.9997,0.9997,0.9998,0.9999,0.9998,0.9999,0.1622,0.1872,0.1898,0.1763,0.1969,0.1614,0.1677,0.1781,0.1623,0.1490,0.1997,0.1315,0.1870,0.1542,0.1730,0.1542,0.1970,0.1985,0.1753,0.1642,0.1937,0.1970,0.1982,0.1980,0.1844,0.1987,0.1970,0.1490,0.1759,0.1861,0.1491,0.1286,0.1623,0.1668,0.1993,0.1763,0.1879,0.1286,0.1709,0.1911,0.1677,0.1626,0.1409,0.1980,0.1412,0.1557,0.1569,0.1581,0.1373,0.1646,IDLE,IDLE,IDLE,IDLE,IDLE,IDLE,IDLE,IDLE,IDLE,IDLE,IDLE,IDLE,IDLE,IDLE,IDLE,IDLE,IDLE,IDLE,IDLE,IDLE,IDLE,IDLE,IDLE,IDLE,IDLE,IDLE,IDLE,IDLE,IDLE,IDLE,IDLE,IDLE,IDLE,IDLE,IDLE,IDLE,IDLE,IDLE,IDLE,IDLE,IDLE,IDLE,IDLE,IDLE,IDLE,IDLE,IDLE,IDLE,IDLE,IDLE
321,2024-01-14 09:00:01,0.00,0.00,0,0.0000,0.0000,0.00,0.9998,0.9999,0.9997,0.9997,0.9998,0.9998,0.9998,0.9997,0.9998,0.9998,0.9999,0.9997,0.9998,0.9999,0.9998,0.9999,0.9998,0.9998,0.9998,0.9998,0.9998,0.9998,0.9999,0.9998,0.9998,0.9998,0.9998,0.9998,0.9998,0.9997,0.9998,0.9998,0.9998,0.9998,0.9998,0.9997,0.9996,0.9998,0.9998,0.9998,0.9998,0.9998,0.9998,0.9998,0.9997,0.9997,0.9998,0.9999,0.9998,0.9999,0.1622,0.1872,0.1898,0.1763,0.1969,0.1614,0.1677,0.1781,0.1623,0.1490,0.1997,0.1315,0.1870,0.1542,0.1730,0.1542,0.1970,0.1985,0.1753,0.1642,0.1937,0.1970,0.1982,0.1980,0.1844,0.1987,0.1970,0.1490,0.1759,0.1861,0.1491,0.1286,0.1623,0.1668,0.1993,0.1763,0.1879,0.1286,0.1709,0.1911,0.1677,0.1626,0.1409,0.1980,0.1412,0.1557,0.1569,0.1581,0.1373,0.1646,IDLE,IDLE,IDLE,IDLE,IDLE,IDLE,IDLE,IDLE,IDLE,IDLE,IDLE,IDLE,IDLE,IDLE,IDLE,IDLE,IDLE,IDLE,IDLE,IDLE,IDLE,IDLE,IDLE,IDLE,IDLE,IDLE,IDLE,IDLE,IDLE,IDLE,IDLE,IDLE,IDLE,IDLE,IDLE,IDLE,IDLE,IDLE,IDLE,IDLE,IDLE,IDLE,IDLE,IDLE,IDLE,IDLE,IDLE,IDLE,IDLE,IDLE
322,2024-01-14 10:00:01,0.00,0.00,0,0.0000,0.0000,0.00,0.9998,0.9999,0.9997,0.9997,0.9998,0.9998,0.9998,0.9997,0.9998,0.9998,0.9999,0.9997,0.9998,0.9999,0.9998,0.9999,0.9998,0.9998,0.9998,0.9998,0.9998,0.9998,0.9999,0.9998,0.9998,0.9998,0.9998,0.9998,0.9998,0.9997,0.9998,0.9998,0.9998,0.9998,0.9998,0.9997,0.9996,0.9998,0.9998,0.9998,0.9998,0.9998,0.9998,0.9998,0.9997,0.9997,0.9998,0.9999,0.9998,0.9999,0.1622,0.1872,0.1898,0.1763,0.1969,0.1614,0.1677,0.1781,0.1623,0.1490,0.1997,0.1315,0.1870,0.1542,0.1730,0.1542,0.1970,0.1985,0.1753,0.1642,0.1937,0.1970,0.1982,0.1980,0.1844,0.1987,0.1970,0.1490,0.1759,0.1861,0.1491,0.1286,0.1623,0.1668,0.1993,0.1763,0.1879,0.1286,0.1709,0.1911,0.1677,0.1626,0.1409,0.1980,0.1412,0.1557,0.1569,0.1581,0.1373,0.1646,IDLE,IDLE,IDLE,IDLE,IDLE,IDLE,IDLE,IDLE,IDLE,IDLE,IDLE,IDLE,IDLE,IDLE,IDLE,IDLE,IDLE,IDLE,IDLE,IDLE,IDLE,IDLE,IDLE,IDLE,IDLE,IDLE,IDLE,IDLE,IDLE,IDLE,IDLE,IDLE,IDLE,IDLE,IDLE,IDLE,IDLE,IDLE,IDLE,IDLE,IDLE,IDLE,IDLE,IDLE,IDLE,IDLE,IDLE,IDLE,IDLE,IDLE
323,2024-01-14 11:00:01,0.00,0.00,0,0.0000,0.0000,0.00,0.9998,0.9999,0.9997,0.9997,0.9998,0.9998,0.9998,0.9997,0.9998,0.9998,0.9999,0.9997,0.9998,0.9999,0.9998,0.9999,0.9998,0.9998,0.9998,0.9998,0.9998,0.9998,0.9999,0.9998,0.9998,0.9998,0.9998,0.9998,0.9998,0.9997,0.9998,0.9998,0.9998,0.9998,0.9998,0.9997,0.9996,0.9998,0.9998,0.9998,0.9998,0.9998,0.9998,0.9998,0.9997,0.9997,0.9998,0.9999,0.9998,0.9999,0.1622,0.1872,0.1898,0.1763,0.1969,0.1614,0.1677,0.1781,0.1623,0.1490,0.1997,0.1315,0.1870,0.1542,0.1730,0.1542,0.1970,0.1985,0.1753,0.1642,0.1937,0.1970,0.1982,0.1980,0.1844,0.1987,0.1970,0.1490,0.1759,0.1861,0.1491,0.1286,0.1623,0.1668,0.1993,0.1763,0.1879,0.1286,0.1709,0.1911,0.1677,0.1626,0.1409,0.1980,0.1412,0.1557,0.1569,0.1581,0.1373,0.1646,IDLE,IDLE,IDLE,IDLE,IDLE,IDLE,IDLE,IDLE,IDLE,IDLE,IDLE,IDLE,IDLE,IDLE,IDLE,IDLE,IDLE,IDLE,IDLE,IDLE,IDLE,IDLE,IDLE,IDLE,IDLE,IDLE,IDLE,IDLE,IDLE,IDLE,IDLE,IDLE,IDLE,IDLE,IDLE,IDLE,IDLE,IDLE,IDLE,IDLE,IDLE,IDLE,IDLE,IDLE,IDLE,IDLE,IDLE,IDLE,IDLE,IDLE
324,2024-01-14 12:00:01,0.00,0.00,0,0.0000,0.0000,0.00,0.9998,0.9999,0.9997,0.9997,0.9998,0.9998,0.9998,0.9997,0.9998,0.9998,0.9999,0.9997,0.9998,0.9999,0.9998,0.9999,0.9998,0.9998,0.9998,0.9998,0.9998,0.9998,0.9999,0.9998,0.9998,0.9998,0.9998,0.9998,0.9998,0.9997,0.9998,0.9998,0.9998,0.9998,0.9998,0.9997,0.9996,0.9998,0.9998,0.9998,0.9998,0.9998,0.9998,0.9998,0.9997,0.9997,0.9998,0.9999,0.9998,0.9999,0.1622,0.1872,0.1898,0.1763,0.1969,0.1614,0.1677,0.1781,0.1623,0.1490,0.1997,0.1315,0.1870,0.1542,0.1730,0.1542,0.1970,0.1985,0.1753,0.1642,0.1937,0.1970,0.1982,0.1980,0.1844,0.1987,0.1970,0.1490,0.1759,0.1861,0.1491,0.1286,0.1623,0.1668,0.1993,0.1763,0.1879,0.1286,0.1709,0.1911,0.1677,0.1626,0.1409,0.1980,0.1412,0.1557,0.1569,0.1581,0.1373,0.1646,IDLE,IDLE,IDLE,IDLE,IDLE,IDLE,IDLE,IDLE,IDLE,IDLE,IDLE,IDLE,IDLE,IDLE,IDLE,IDLE,IDLE,IDLE,IDLE,IDLE,IDLE,IDLE,IDLE,IDLE,IDLE,IDLE,IDLE,IDLE,IDLE,IDLE,IDLE,IDLE,IDLE,IDLE,IDLE,IDLE,IDLE,IDLE,IDLE,IDLE,IDLE,IDLE,IDLE,IDLE,IDLE,IDLE,IDLE,IDLE,IDLE,IDLE
325,2024-01-14 13:00:01,0.00,0.00,0,0.0000,0.0000,0.00,0.9998,0.9999,0.9997,0.9997,0.9998,0.9998,0.9998,0.9997,0.9998,0.9998,0.9999,0.9997,0.9998,0.9999,0.9998,0.9999,0.9998,0.9998,0.9998,0.9998,0.9998,0.9998,0.9999,0.9998,0.9998,0.9998,0.9998,0.9998,0.9998,0.9997,0.9998,0.9998,0.9998,0.9998,0.9998,0.9997,0.9996,0.9998,0.9998,0.9998,0.9998,0.9998,0.9998,0.9998,0.9997,0.9997,0.9998,0.9999,0.9998,0.9999,0.1622,0.1872,0.1898,0.1763,0.1969,0.1614,0.1677,0.1781,0.1623,0.1490,0.1997,0.1315,0.1870,0.1542,0.1730,0.1542,0.1970,0.1985,0.1753,0.1642,0.1937,0.1970,0.1982,0.1980,0.1844,0.1987,0.1970,0.1490,0.1759,0.1861,0.1491,0.1286,0.1623,0.1668,0.1993,0.1763,0.1879,0.1286,0.1709,0.1911,0.1677,0.1626,0.1409,0.1980,0.1412,0.1557,0.1569,0.1581,0.1373,0.1646,IDLE,IDLE,IDLE,IDLE,IDLE,IDLE,IDLE,IDLE,IDLE,IDLE,IDLE,IDLE,IDLE,IDLE,IDLE,IDLE,IDLE,IDLE,IDLE,IDLE,IDLE,IDLE,IDLE,IDLE,IDLE,IDLE,IDLE,IDLE,IDLE,IDLE,IDLE,IDLE,IDLE,IDLE,IDLE,IDLE,IDLE,IDLE,IDLE,IDLE,IDLE,IDLE,IDLE,IDLE,IDLE,IDLE,IDLE,IDLE,IDLE,IDLE
326,2024-01-14 14:00:01,0.00,0.00,0,0.0000,0.0000,0.00,0.9998,0.9999,0.9997,0.9997,0.9998,0.9998,0.9998,0.9997,0.9998,0.9998,0.9999,0.9997,0.9998,0.9999,0.9998,0.9999,0.9998,0.9998,0.9998,0.9998,0.9998,0.9998,0.9999,0.9998,0.9998,0.9998,0.9998,0.9998,0.9998,0.9997,0.9998,0.9998,0.9998,0.9998,0.9998,0.9997,0.9996,0.9998,0.9998,0.9998,0.9998,0.9998,0.9998,0.9998,0.9997,0.9997,0.9998,0.9999,0.9998,0.9999,0.1622,0.1872,0.1898,0.1763,0.1969,0.1614,0.1677,0.1781,0.1623,0.1490,0.1997,0.1315,0.1870,0.1542,0.1730,0.1542,0.1970,0.1985,0.1753,0.1642,0.1937,0.1970,0.1982,0.1980,0.1844,0.1987,0.1970,0.1490,0.1759,0.1861,0.1491,0.1286,0.1623,0.1668,0.1993,0.1763,0.1879,0.1286,0.1709,0.1911,0.1677,0.1626,0.1409,0.1980,0.1412,0.1557,0.1569,0.1581,0.1373,0.1646,IDLE,IDLE,IDLE,IDLE,IDLE,IDLE,IDLE,IDLE,IDLE,IDLE,IDLE,IDLE,IDLE,IDLE,IDLE,IDLE,IDLE,IDLE,IDLE,IDLE,IDLE,IDLE,IDLE,IDLE,IDLE,IDLE,IDLE,IDLE,IDLE,IDLE,IDLE,IDLE,IDLE,IDLE,IDLE,IDLE,IDLE,IDLE,IDLE,IDLE,IDLE,IDLE,IDLE,IDLE,IDLE,IDLE,IDLE,IDLE,IDLE,IDLE
327,2024-01-14 15:00:01,0.00,0.00,0,0.0000,0.0000,0.00,0.9998,0.9999,0.9997,0.9997,0.9998,0.9998,0.9998,0.9997,0.9998,0.9998,0.9999,0.9997,0.9998,0.9999,0.9998,0.9999,0.9998,0.9998,0.9998,0.9998,0.9998,0.9998,0.9999,0.9998,0.9998,0.9998,0.9998,0.9998,0.9998,0.9997,0.9998,0.9998,0.9998,0.9998,0.9998,0.9997,0.9996,0.9998,0.9998,0.9998,0.9998,0.9998,0.9998,0.9998,0.9997,0.9997,0.9998,0.9999,0.9998,0.9999,0.1622,0.1872,0.1898,0.1763,0.1969,0.1614,0.1677,0.1781,0.1623,0.1490,0.1997,0.1315,0.1870,0.1542,0.1730,0.1542,0.1970,0.1985,0.1753,0.1642,0.1937,0.1970,0.1982,0.1980,0.1844,0.1987,0.1970,0.1490,0.1759,0.1861,0.1491,0.1286,0.1623,0.1668,0.1993,0.1763,0.1879,0.1286,0.1709,0.1911,0.1677,0.1626,0.1409,0.1980,0.1412,0.1557,0.1569,0.1581,0.1373,0.1646,IDLE,IDLE,IDLE,IDLE,IDLE,IDLE,IDLE,IDLE,IDLE,IDLE,IDLE,IDLE,IDLE,IDLE,IDLE,IDLE,IDLE,IDLE,IDLE,IDLE,IDLE,IDLE,IDLE,IDLE,IDLE,IDLE,IDLE,IDLE,IDLE,IDLE,IDLE,IDLE,IDLE,IDLE,IDLE,IDLE,IDLE,IDLE,IDLE,IDLE,IDLE,IDLE,IDLE,IDLE,IDLE,IDLE,IDLE,IDLE,IDLE,IDLE
328,2024-01-14 16:00:01,0.00,0.00,0,0.0000,0.0000,0.00,0.9998,0.9999,0.9997,0.9997,0.9998,0.9998,0.9998,0.9997,0.9998,0.9998,0.9999,0.9997,0.9998,0.9999,0.9998,0.9999,0.9998,0.9998,0.9998,0.9998,0.9998,0.9998,0.9999,0.9998,0.9998,0.9998,0.9998,0.9998,0.9998,0.9997,0.9998,0.9998,0.9998,0.9998,0.9998,0.9997,0.9996,0.9998,0.9998,0.9998,0.9998,0.9998,0.9998,0.9998,0.9997,0.9997,0.9998,0.9999,0.9998,0.9999,0.1622,0.1872,0.1898,0.1763,0.1969,0.1614,0.1677,0.1781,0.1623,0.1490,0.1997,0.1315,0.1870,0.1542,0.1730,0.1542,0.1970,0.1985,0.1753,0.1642,0.1937,0.1970,0.1982,0.1980,0.1844,0.1987,0.1970,0.1490,0.1759,0.1861,0.1491,0.1286,0.1623,0.1668,0.1993,0.1763,0.1879,0.1286,0.1709,0.1911,0.1677,0.1626,0.1409,0.1980,0.1412,0.1557,0.1569,0.1581,0.1373,0.1646,IDLE,IDLE,IDLE,IDLE,IDLE,IDLE,IDLE,IDLE,IDLE,IDLE,IDLE,IDLE,IDLE,IDLE,IDLE,IDLE,IDLE,IDLE,IDLE,IDLE,IDLE,IDLE,IDLE,IDLE,IDLE,IDLE,IDLE,IDLE,IDLE,IDLE,IDLE,IDLE,IDLE,IDLE,IDLE,IDLE,IDLE,IDLE,IDLE,IDLE,IDLE,IDLE,IDLE,IDLE,IDLE,IDLE,IDLE,IDLE,IDLE,IDLE
329,2024-01-14 17:00:01,0.00,0.00,0,0.0000,0.0000,0.00,0.9998,0.9999,0.9997,0.9997,0.9998,0.9998,0.9998,0.9997,0.9998,0.9998,0.9999,0.9997,0.9998,0.9999,0.9998,0.9999,0.9998,0.9998,0.9998,0.9998,0.9998,0.9998,0.9999,0.9998,0.9998,0.9998,0.9998,0.9998,0.9998,0.9997,0.9998,0.9998,0.9998,0.9998,0.9998,0.9997,0.9996,0.9998,0.9998,0.9998,0.9998,0.9998,0.9998,0.9998,0.9997,0.9997,0.9998,0.9999,0.9998,0.9999,0.1622,0.1872,0.1898,0.1763,0.1969,0.1614,0.1677,0.1781,0.1623,0.1490,0.1997,0.1315,0.1870,0.1542,0.1730,0.1542,0.1970,0.1985,0.1753,0.1642,0.1937,0.1970,0.1982,0.1980,0.1844,0.1987,0.1970,0.1490,0.1759,0.1861,0.1491,0.1286,0.1623,0.1668,0.1993,0.1763,0.1879,0.1286,0.1709,0.1911,0.1677,0.1626,0.1409,0.1980,0.1412,0.1557,0.1569,0.1581,0.1373,0.1646,IDLE,IDLE,IDLE,IDLE,IDLE,IDLE,IDLE,IDLE,IDLE,IDLE,IDLE,IDLE,IDLE,IDLE,IDLE,IDLE,IDLE,IDLE,IDLE,IDLE,IDLE,IDLE,IDLE,IDLE,IDLE,IDLE,IDLE,IDLE,IDLE,IDLE,IDLE,IDLE,IDLE,IDLE,IDLE,IDLE,IDLE,IDLE,IDLE,IDLE,IDLE,IDLE,IDLE,IDLE,IDLE,IDLE,IDLE,IDLE,IDLE,IDLE
330,2024-01-14 18:00:01,0.00,0.00,0,0.0000,0.0000,0.00,0.9998,0.9999,0.9997,0.9997,0.9998,0.9998,0.9998,0.9997,0.9998,0.9998,0.9999,0.9997,0.9998,0.9999,0.9998,0.9999,0.9998,0.9998,0.9998,0.9998,0.9998,0.9998,0.9999,0.9998,0.9998,0.9998,0.9998,0.9998,0.9998,0.9997,0.9998,0.9998,0.9998,0.9998,0.9998,0.9997,0.9996,0.9998,0.9998,0.9998,0.9998,0.9998,0.9998,0.9998,0.9997,0.9997,0.9998,0.9999,0.9998,0.9999,0.1622,0.1872,0.1898,0.1763,0.1969,0.1614,0.1677,0.1781,0.1623,0.1490,0.1997,0.1315,0.1870,0.1542,0.1730,0.1542,0.1970,0.1985,0.1753,0.1642,0.1937,0.1970,0.1982,0.1980,0.1844,0.1987,0.1970,0.1490,0.1759,0.1861,0.1491,0.1286,0.1623,0.1668,0.1993,0.1763,0.1879,0.1286,0.1709,0.1911,0.1677,0.1626,0.1409,0.1980,0.1412,0.1557,0.1569,0.1581,0.1373,0.1646,IDLE,IDLE,IDLE,IDLE,IDLE,IDLE,IDLE,IDLE,IDLE,IDLE,IDLE,IDLE,IDLE,IDLE,IDLE,IDLE,IDLE,IDLE,IDLE,IDLE,IDLE,IDLE,IDLE,IDLE,IDLE,IDLE,IDLE,IDLE,IDLE,IDLE,IDLE,IDLE,IDLE,IDLE,IDLE,IDLE,IDLE,IDLE,IDLE,IDLE,IDLE,IDLE,IDLE,IDLE,IDLE,IDLE,IDLE,IDLE,IDLE,IDLE
331,2024-01-14 19:00:01,0.00,0.00,0,0.0000,0.0000,0.00,0.9998,0.9999,0.9997,0.9997,0.9998,0.9998,0.9998,0.9997,0.9998,0.9998,0.9999,0.9997,0.9998,0.9999,0.9998,0.9999,0.9998,0.9998,0.9998,0.9998,0.9998,0.9998,0.9999,0.9998,0.9998,0.9998,0.9998,0.9998,0.9998,0.9997,0.9998,0.9998,0.9998,0.9998,0.9998,0.9997,0.9996,0.9998,0.9998,0.9998,0.9998,0.9998,0.9998,0.9998,0.9997,0.9997,0.9998,0.9999,0.9998,0.9999,0.1622,0.1872,0.1898,0.1763,0.1969,0.1614,0.1677,0.1781,0.1623,0.1490,0.1997,0.1315,0.1870,0.1542,0.1730,0.1542,0.1970,0.1985,0.1753,0.1642,0.1937,0.1970,0.1982,0.1980,0.1844,0.1987,0.1970,0.1490,0.1759,0.1861,0.1491,0.1286,0.1623,0.1668,0.1993,0.1763,0.1879,0.1286,0.1709,0.1911,0.1677,0.1626,0.1409,0.1980,0.1412,0.1557,0.1569,0.1581,0.1373,0.1646,IDLE,IDLE,IDLE,IDLE,IDLE,IDLE,IDLE,IDLE,IDLE,IDLE,IDLE,IDLE,IDLE,IDLE,IDLE,IDLE,IDLE,IDLE,IDLE,IDLE,IDLE,IDLE,IDLE,IDLE,IDLE,IDLE,IDLE,IDLE,IDLE,IDLE,IDLE,IDLE,IDLE,IDLE,IDLE,IDLE,IDLE,IDLE,IDLE,IDLE,IDLE,IDLE,IDLE,IDLE,IDLE,IDLE,IDLE,IDLE,IDLE,IDLE
332,2024-01-14 20:00:01,0.00,0.00,0,0.0000,0.0000,0.00,0.9998,0.9999,0.9997,0.9997,0.9998,0.9998,0.9998,0.9997,0.9998,0.9998,0.9999,0.9997,0.9998,0.9999,0.9998,0.9999,0.9998,0.9998,0.9998,0.9998,0.9998,0.9998,0.9999,0.9998,0.9998,0.9998,0.9998,0.9998,0.9998,0.9997,0.9998,0.9998,0.9998,0.9998,0.9998,0.9997,0.9996,0.9998,0.9998,0.9998,0.9998,0.9998,0.9998,0.9998,0.9997,0.9997,0.9998,0.9999,0.9998,0.9999,0.1622,0.1872,0.1898,0.1763,0.1969,0.1614,0.1677,0.1781,0.1623,0.1490,0.1997,0.1315,0.1870,0.1542,0.1730,0.1542,0.1970,0.1985,0.1753,0.1642,0.1937,0.1970,0.1982,0.1980,0.1844,0.1987,0.1970,0.1490,0.1759,0.1861,0.1491,0.1286,0.1623,0.1668,0.1993,0.1763,0.1879,0.1286,0.1709,0.1911,0.1677,0.1626,0.1409,0.1980,0.1412,0.1557,0.1569,0.1581,0.1373,0.1646,IDLE,IDLE,IDLE,IDLE,IDLE,IDLE,IDLE,IDLE,IDLE,IDLE,IDLE,IDLE,IDLE,IDLE,IDLE,IDLE,IDLE,IDLE,IDLE,IDLE,IDLE,IDLE,IDLE,IDLE,IDLE,IDLE,IDLE,IDLE,IDLE,IDLE,IDLE,IDLE,IDLE,IDLE,IDLE,IDLE,IDLE,IDLE,IDLE,IDLE,IDLE,IDLE,IDLE,IDLE,IDLE,IDLE,IDLE,IDLE,IDLE,IDLE
333,2024-01-14 21:00:01,0.00,0.00,0,0.0000,0.0000,0.00,0.9998,0.9999,0.9997,0.9997,0.9998,0.9998,0.9998,0.9997,0.9998,0.9998,0.9999,0.9997,0.9998,0.9999,0.9998,0.9999,0.9998,0.9998,0.9998,0.9998,0.9998,0.9998,0.9999,0.9998,0.9998,0.9998,0.9998,0.9998,0.9998,0.9997,0.9998,0.9998,0.9998,0.9998,0.9998,0.9997,0.9996,0.9998,0.9998,0.9998,0.9998,0.9998,0.9998,0.9998,0.9997,0.9997,0.9998,0.9999,0.9998,0.9999,0.1622,0.1872,0.1898,0.1763,0.1969,0.1614,0.1677,0.1781,0.1623,0.1490,0.1997,0.1315,0.1870,0.1542,0.1730,0.1542,0.1970,0.1985,0.1753,0.1642,0.1937,0.1970,0.1982,0.1980,0.1844,0.1987,0.1970,0.1490,0.1759,0.1861,0.1491,0.1286,0.1623,0.1668,0.1993,0.1763,0.1879,0.1286,0.1709,0.1911,0.1677,0.1626,0.1409,0.1980,0.1412,0.1557,0.1569,0.1581,0.1373,0.1646,IDLE,IDLE,IDLE,IDLE,IDLE,IDLE,IDLE,IDLE,IDLE,IDLE,IDLE,IDLE,IDLE,IDLE,IDLE,IDLE,IDLE,IDLE,IDLE,IDLE,IDLE,IDLE,IDLE,IDLE,IDLE,IDLE,IDLE,IDLE,IDLE,IDLE,IDLE,IDLE,IDLE,IDLE,IDLE,IDLE,IDLE,IDLE,IDLE,IDLE,IDLE,IDLE,IDLE,IDLE,IDLE,IDLE,IDLE,IDLE,IDLE,IDLE
334,2024-01-14 22:00:01,0.00,0.00,0,0.0000,0.0000,0.00,0.9998,0.9999,0.9997,0.9997,0.9998,0.9998,0.9998,0.9997,0.9998,0.9998,0.9999,0.9997,0.9998,0.9999,0.9998,0.9999,0.9998,0.9998,0.9998,0.9998,0.9998,0.9998,0.9999,0.9998,0.9998,0.9998,0.9998,0.9998,0.9998,0.9997,0.9998,0.9998,0.9998,0.9998,0.9998,0.9997,0.9996,0.9998,0.9998,0.9998,0.9998,0.9998,0.9998,0.9998,0.9997,0.9997,0.9998,0.9999,0.9998,0.9999,0.1622,0.1872,0.1898,0.1763,0.1969,0.1614,0.1677,0.1781,0.1623,0.1490,0.1997,0.1315,0.1870,0.1542,0.1730,0.1542,0.1970,0.1985,0.1753,0.1642,0.1937,0.1970,0.1982,0.1980,0.1844,0.1987,0.1970,0.1490,0.1759,0.1861,0.1491,0.1286,0.1623,0.1668,0.1993,0.1763,0.1879,0.1286,0.1709,0.1911,0.1677,0.1626,0.1409,0.1980,0.1412,0.1557,0.1569,0.1581,0.1373,0.1646,IDLE,IDLE,IDLE,IDLE,IDLE,IDLE,IDLE,IDLE,IDLE,IDLE,IDLE,IDLE,IDLE,IDLE,IDLE,IDLE,IDLE,IDLE,IDLE,IDLE,IDLE,IDLE,IDLE,IDLE,IDLE,IDLE,IDLE,IDLE,IDLE,IDLE,IDLE,IDLE,IDLE,IDLE,IDLE,IDLE,IDLE,IDLE,IDLE,IDLE,IDLE,IDLE,IDLE,IDLE,IDLE,IDLE,IDLE,IDLE,IDLE,IDLE
335,2024-01-14 23:00:01,0.00,0.00,0,0.0000,0.0000,0.00,0.9998,0.9999,0.9997,0.9997,0.9998,0.9998,0.9998,0.9997,0.9998,0.9998,0.9999,0.9997,0.9998,0.9999,0.9998,0.9999,0.9998,0.9998,0.9998,0.9998,0.9998,0.9998,0.9999,0.9998,0.9998,0.9998,0.9998,0.9998,0.9998,0.9997,0.9998,0.9998,0.9998,0.9998,0.9998,0.9997,0.9996,0.9998,0.9998,0.9998,0.9998,0.9998,0.9998,0.9998,0.9997,0.9997,0.9998,0.9999,0.9998,0.9999,0.1622,0.1872,0.1898,0.1763,0.1969,0.1614,0.1677,0.1781,0.1623,0.1490,0.1997,0.1315,0.1870,0.1542,0.1730,0.1542,0.1970,0.1985,0.1753,0.1642,0.1937,0.1970,0.1982,0.1980,0.1844,0.1987,0.1970,0.1490,0.1759,0.1861,0.1491,0.1286,0.1623,0.1668,0.1993,0.1763,0.1879,0.1286,0.1709,0.1911,0.1677,0.1626,0.1409,0.1980,0.1412,0.1557,0.1569,0.1581,0.1373,0.1646,IDLE,IDLE,IDLE,IDLE,IDLE,IDLE,IDLE,IDLE,IDLE,IDLE,IDLE,IDLE,IDLE,IDLE,IDLE,IDLE,IDLE,IDLE,IDLE,IDLE,IDLE,IDLE,IDLE,IDLE,IDLE,IDLE,IDLE,IDLE,IDLE,IDLE,IDLE,IDLE,IDLE,IDLE,IDLE,IDLE,IDLE,IDLE,IDLE,IDLE,IDLE,IDLE,IDLE,IDLE,IDLE,IDLE,IDLE,IDLE,IDLE,IDLE
336,2024-01-15 00:00:01,0.00,0.00,0,0.0000,0.0000,0.00,0.9998,0.9999,0.9997,0.9997,0.9998,0.9998,0.9998,0.9997,0.9998,0.9998,0.9999,0.9997,0.9998,0.9999,0.9998,0.9999,0.9998,0.9998,0.9998,0.9998,0.9998,0.9998,0.9999,0.9998,0.9998,0.9998,0.9998,0.9998,0.9998,0.9997,0.9998,0.9998,0.9998,0.9998,0.9998,0.9997,0.9996,0.9998,0.9998,0.9998,0.9998,0.9998,0.9998,0.9998,0.9997,0.9997,0.9998,0.9999,0.9998,0.9999,0.1622,0.1872,0.1898,0.1763,0.1969,0.1614,0.1677,0.1781,0.1623,0.1490,0.1997,0.1315,0.1870,0.1542,0.1730,0.1542,0.1970,0.1985,0.1753,0.1642,0.1937,0.1970,0.1982,0.1980,0.1844,0.1987,0.1970,0.1490,0.1759,0.1861,0.1491,0.1286,0.1623,0.1668,0.1993,0.1763,0.1879,0.1286,0.1709,0.1911,0.1677,0.1626,0.1409,0.1980,0.1412,0.1557,0.1569,0.1581,0.1373,0.1646,IDLE,IDLE,IDLE,IDLE,IDLE,IDLE,IDLE,IDLE,IDLE,IDLE,IDLE,IDLE,IDLE,IDLE,IDLE,IDLE,IDLE,IDLE,IDLE,IDLE,IDLE,IDLE,IDLE,IDLE,IDLE,IDLE,IDLE,IDLE,IDLE,IDLE,IDLE,IDLE,IDLE,IDLE,IDLE,IDLE,IDLE,IDLE,IDLE,IDLE,IDLE,IDLE,IDLE,IDLE,IDLE,IDLE,IDLE,IDLE,IDLE,IDLE
337,2024-01-15 01:00:01,0.00,0.00,0,0.0000,0.0000,0.00,0.9998,0.9999,0.9997,0.9997,0.9998,0.9998,0.9998,0.9997,0.9998,0.9998,0.9999,0.9997,0.9998,0.9999,0.9998,0.9999,0.9998,0.9998,0.9998,0.9998,0.9998,0.9998,0.9999,0.9998,0.9998,0.9998,0.9998,0.9998,0.9998,0.9997,0.9998,0.9998,0.9998,0.9998,0.9998,0.9997,0.9996,0.9998,0.9998,0.9998,0.9998,0.9998,0.9998,0.9998,0.9997,0.9997,0.9998,0.9999,0.9998,0.9999,0.1622,0.1872,0.1898,0.1763,0.1969,0.1614,0.1677,0.1781,0.1623,0.1490,0.1997,0.1315,0.1870,0.1542,0.1730,0.1542,0.1970,0.1985,0.1753,0.1642,0.1937,0.1970,0.1982,0.1980,0.1844,0.1987,0.1970,0.1490,0.1759,0.1861,0.1491,0.1286,0.1623,0.1668,0.1993,0.1763,0.1879,0.1286,0.1709,0.1911,0.1677,0.1626,0.1409,0.1980,0.1412,0.1557,0.1569,0.1581,0.1373,0.1646,IDLE,IDLE,IDLE,IDLE,IDLE,IDLE,IDLE,IDLE,IDLE,IDLE,IDLE,IDLE,IDLE,IDLE,IDLE,IDLE,IDLE,IDLE,IDLE,IDLE,IDLE,IDLE,IDLE,IDLE,IDLE,IDLE,IDLE,IDLE,IDLE,IDLE,IDLE,IDLE,IDLE,IDLE,IDLE,IDLE,IDLE,IDLE,IDLE,IDLE,IDLE,IDLE,IDLE,IDLE,IDLE,IDLE,IDLE,IDLE,IDLE,IDLE
338,2024-01-15 02:00:01,0.00,0.00,0,0.0000,0.0000,0.00,0.9998,0.9999,0.9997,0.9997,0.9998,0.9998,0.9998,0.9997,0.9998,0.9998,0.9999,0.9997,0.9998,0.9999,0.9998,0.9999,0.9998,0.9998,0.9998,0.9998,0.9998,0.9998,0.9999,0.9998,0.9998,0.9998,0.9998,0.9998,0.9998,0.9997,0.9998,0.9998,0.9998,0.9998,0.9998,0.9997,0.9996,0.9998,0.9998,0.9998,0.9998,0.9998,0.9998,0.9998,0.9997,0.9997,0.9998,0.9999,0.9998,0.9999,0.1622,0.1872,0.1898,0.1763,0.1969,0.1614,0.1677,0.1781,0.1623,0.1490,0.1997,0.1315,0.1870,0.1542,0.1730,0.1542,0.1970,0.1985,0.1753,0.1642,0.1937,0.1970,0.1982,0.1980,0.1844,0.1987,0.1970,0.1490,0.1759,0.1861,0.1491,0.1286,0.1623,0.1668,0.1993,0.1763,0.1879,0.1286,0.1709,0.1911,0.1677,0.1626,0.1409,0.1980,0.1412,0.1557,0.1569,0.1581,0.1373,0.1646,IDLE,IDLE,IDLE,IDLE,IDLE,IDLE,IDLE,IDLE,IDLE,IDLE,IDLE,IDLE,IDLE,IDLE,IDLE,IDLE,IDLE,IDLE,IDLE,IDLE,IDLE,IDLE,IDLE,IDLE,IDLE,IDLE,IDLE,IDLE,IDLE,IDLE,IDLE,IDLE,IDLE,IDLE,IDLE,IDLE,IDLE,IDLE,IDLE,IDLE,IDLE,IDLE,IDLE,IDLE,IDLE,IDLE,IDLE,IDLE,IDLE,IDLE
339,2024-01-15 03:00:01,0.00,0.00,0,0.0000,0.0000,0.00,0.9998,0.9999,0.9997,0.9997,0.9998,0.9998,0.9998,0.9997,0.9998,0.9998,0.9999,0.9997,0.9998,0.9999,0.9998,0.9999,0.9998,0.9998,0.9998,0.9998,0.9998,0.9998,0.9999,0.9998,0.9998,0.9998,0.9998,0.9998,0.9998,0.9997,0.9998,0.9998,0.9998,0.9998,0.9998,0.9997,0.9996,0.9998,0.9998,0.9998,0.9998,0.9998,0.9998,0.9998,0.9997,0.9997,0.9998,0.9999,0.9998,0.9999,0.1622,0.1872,0.1898,0.1763,0.1969,0.1614,0.1677,0.1781,0.1623,0.1490,0.1997,0.1315,0.1870,0.1542,0.1730,0.1542,0.1970,0.1985,0.1753,0.1642,0.1937,0.1970,0.1982,0.1980,0.1844,0.1987,0.1970,0.1490,0.1759,0.1861,0.1491,0.1286,0.1623,0.1668,0.1993,0.1763,0.1879,0.1286,0.1709,0.1911,0.1677,0.1626,0.1409,0.1980,0.1412,0.1557,0.1569,0.1581,0.1373,0.1646,IDLE,IDLE,IDLE,IDLE,IDLE,IDLE,IDLE,IDLE,IDLE,IDLE,IDLE,IDLE,IDLE,IDLE,IDLE,IDLE,IDLE,IDLE,IDLE,IDLE,IDLE,IDLE,IDLE,IDLE,IDLE,IDLE,IDLE,IDLE,IDLE,IDLE,IDLE,IDLE,IDLE,IDLE,IDLE,IDLE,IDLE,IDLE,IDLE,IDLE,IDLE,IDLE,IDLE,IDLE,IDLE,IDLE,IDLE,IDLE,IDLE,IDLE
340,2024-01-15 04:00:01,0.00,0.00,0,0.0000,0.0000,0.00,0.9998,0.9999,0.9997,0.9997,0.9998,0.9998,0.9998,0.9997,0.9998,0.9998,0.9999,0.9997,0.9998,0.9999,0.9998,0.9999,0.9998,0.9998,0.9998,0.9998,0.9998,0.9998,0.9999,0.9998,0.9998,0.9998,0.9998,0.9998,0.9998,0.9997,0.9998,0.9998,0.9998,0.9998,0.9998,0.9997,0.9996,0.9998,0.9998,0.9998,0.9998,0.9998,0.9998,0.9998,0.9997,0.9997,0.9998,0.9999,0.9998,0.9999,0.1622,0.1872,0.1898,0.1763,0.1969,0.1614,0.1677,0.1781,0.1623,0.1490,0.1997,0.1315,0.1870,0.1542,0.1730,0.1542,0.1970,0.1985,0.1753,0.1642,0.1937,0.1970,0.1982,0.1980,0.1844,0.1987,0.1970,0.1490,0.1759,0.1861,0.1491,0.1286,0.1623,0.1668,0.1993,0.1763,0.1879,0.1286,0.1709,0.1911,0.1677,0.1626,0.1409,0.1980,0.1412,0.1557,0.1569,0.1581,0.1373,0.1646,IDLE,IDLE,IDLE,IDLE,IDLE,IDLE,IDLE,IDLE,IDLE,IDLE,IDLE,IDLE,IDLE,IDLE,IDLE,IDLE,IDLE,IDLE,IDLE,IDLE,IDLE,IDLE,IDLE,IDLE,IDLE,IDLE,IDLE,IDLE,IDLE,IDLE,IDLE,IDLE,IDLE,IDLE,IDLE,IDLE,IDLE,IDLE,IDLE,IDLE,IDLE,IDLE,IDLE,IDLE,IDLE,IDLE,IDLE,IDLE,IDLE,IDLE
341,2024-01-15 05:00:01,0.00,0.00,0,0.0000,0.0000,0.00,0.9998,0.9999,0.9997,0.9997,0.9998,0.9998,0.9998,0.9997,0.9998,0.9998,0.9999,0.9997,0.9998,0.9999,0.9998,0.9999,0.9998,0.9998,0.9998,0.9998,0.9998,0.9998,0.9999,0.9998,0.9998,0.9998,0.9998,0.9998,0.9998,0.9997,0.9998,0.9998,0.9998,0.9998,0.9998,0.9997,0.9996,0.9998,0.9998,0.9998,0.9998,0.9998,0.9998,0.9998,0.9997,0.9997,0.9998,0.9999,0.9998,0.9999,0.1622,0.1872,0.1898,0.1763,0.1969,0.1614,0.1677,0.1781,0.1623,0.1490,0.1997,0.1315,0.1870,0.1542,0.1730,0.1542,0.1970,0.1985,0.1753,0.1642,0.1937,0.1970,0.1982,0.1980,0.1844,0.1987,0.1970,0.1490,0.1759,0.1861,0.1491,0.1286,0.1623,0.1668,0.1993,0.1763,0.1879,0.1286,0.1709,0.1911,0.1677,0.1626,0.1409,0.1980,0.1412,0.1557,0.1569,0.1581,0.1373,0.1646,IDLE,IDLE,IDLE,IDLE,IDLE,IDLE,IDLE,IDLE,IDLE,IDLE,IDLE,IDLE,IDLE,IDLE,IDLE,IDLE,IDLE,IDLE,IDLE,IDLE,IDLE,IDLE,IDLE,IDLE,IDLE,IDLE,IDLE,IDLE,IDLE,IDLE,IDLE,IDLE,IDLE,IDLE,IDLE,IDLE,IDLE,IDLE,IDLE,IDLE,IDLE,IDLE,IDLE,IDLE,IDLE,IDLE,IDLE,IDLE,IDLE,IDLE
342,2024-01-15 06:00:01,0.00,0.00,0,0.0000,0.0000,0.00,0.9998,0.9999,0.9997,0.9997,0.9998,0.9998,0.9998,0.9997,0.9998,0.9998,0.9999,0.9997,0.9998,0.9999,0.9998,0.9999,0.9998,0.9998,0.9998,0.9998,0.9998,0.9998,0.9999,0.9998,0.9998,0.9998,0.9998,0.9998,0.9998,0.9997,0.9998,0.9998,0.9998,0.9998,0.9998,0.9997,0.9996,0.9998,0.9998,0.9998,0.9998,0.9998,0.9998,0.9998,0.9997,0.9997,0.9998,0.9999,0.9998,0.9999,0.1622,0.1872,0.1898,0.1763,0.1969,0.1614,0.1677,0.1781,0.1623,0.1490,0.1997,0.1315,0.1870,0.1542,0.1730,0.1542,0.1970,0.1985,0.1753,0.1642,0.1937,0.1970,0.1982,0.1980,0.1844,0.1987,0.1970,0.1490,0.1759,0.1861,0.1491,0.1286,0.1623,0.1668,0.1993,0.1763,0.1879,0.1286,0.1709,0.1911,0.1677,0.1626,0.1409,0.1980,0.1412,0.1557,0.1569,0.1581,0.1373,0.1646,IDLE,IDLE,IDLE,IDLE,IDLE,IDLE,IDLE,IDLE,IDLE,IDLE,IDLE,IDLE,IDLE,IDLE,IDLE,IDLE,IDLE,IDLE,IDLE,IDLE,IDLE,IDLE,IDLE,IDLE,IDLE,IDLE,IDLE,IDLE,IDLE,IDLE,IDLE,IDLE,IDLE,IDLE,IDLE,IDLE,IDLE,IDLE,IDLE,IDLE,IDLE,IDLE,IDLE,IDLE,IDLE,IDLE,IDLE,IDLE,IDLE,IDLE
343,2024-01-15 07:00:01,0.00,0.00,0,0.0000,0.0000,0.00,0.9998,0.9999,0.9997,0.9997,0.9998,0.9998,0.9998,0.9997,0.9998,0.9998,0.9999,0.9997,0.9998,0.9999,0.9998,0.9999,0.9998,0.9998,0.9998,0.9998,0.9998,0.9998,0.9999,0.9998,0.9998,0.9998,0.9998,0.9998,0.9998,0.9997,0.9998,0.9998,0.9998,0.9998,0.9998,0.9997,0.9996,0.9998,0.9998,0.9998,0.9998,0.9998,0.9998,0.9998,0.9997,0.9997,0.9998,0.9999,0.9998,0.9999,0.1622,0.1872,0.1898,0.1763,0.1969,0.1614,0.1677,0.1781,0.1623,0.1490,0.1997,0.1315,0.1870,0.1542,0.1730,0.1542,0.1970,0.1985,0.1753,0.1642,0.1937,0.1970,0.1982,0.1980,0.1844,0.1987,0.1970,0.1490,0.1759,0.1861,0.1491,0.1286,0.1623,0.1668,0.1993,0.1763,0.1879,0.1286,0.1709,0.1911,0.1677,0.1626,0.1409,0.1980,0.1412,0.1557,0.1569,0.1581,0.1373,0.1646,IDLE,IDLE,IDLE,IDLE,IDLE,IDLE,IDLE,IDLE,IDLE,IDLE,IDLE,IDLE,IDLE,IDLE,IDLE,IDLE,IDLE,IDLE,IDLE,IDLE,IDLE,IDLE,IDLE,IDLE,IDLE,IDLE,IDLE,IDLE,IDLE,IDLE,IDLE,IDLE,IDLE,IDLE,IDLE,IDLE,IDLE,IDLE,IDLE,IDLE,IDLE,IDLE,IDLE,IDLE,IDLE,IDLE,IDLE,IDLE,IDLE,IDLE
344,2024-01-15 08:00:01,0.00,0.00,0,0.0000,0.0000,0.00,0.9998,0.9999,0.9997,0.9997,0.9998,0.9998,0.9998,0.9997,0.9998,0.9998,0.9999,0.9997,0.9998,0.9999,0.9998,0.9999,0.9998,0.9998,0.9998,0.9998,0.9998,0.9998,0.9999,0.9998,0.9998,0.9998,0.9998,0.9998,0.9998,0.9997,0.9998,0.9998,0.9998,0.9998,0.9998,0.9997,0.9996,0.9998,0.9998,0.9998,0.9998,0.9998,0.9998,0.9998,0.9997,0.9997,0.9998,0.9999,0.9998,0.9999,0.1622,0.1872,0.1898,0.1763,0.1969,0.1614,0.1677,0.1781,0.1623,0.1490,0.1997,0.1315,0.1870,0.1542,0.1730,0.1542,0.1970,0.1985,0.1753,0.1642,0.1937,0.1970,0.1982,0.1980,0.1844,0.1987,0.1970,0.1490,0.1759,0.1861,0.1491,0.1286,0.1623,0.1668,0.1993,0.1763,0.1879,0.1286,0.1709,0.1911,0.1677,0.1626,0.1409,0.1980,0.1412,0.1557,0.1569,0.1581,0.1373,0.1646,IDLE,IDLE,IDLE,IDLE,IDLE,IDLE,IDLE,IDLE,IDLE,IDLE,IDLE,IDLE,IDLE,IDLE,IDLE,IDLE,IDLE,IDLE,IDLE,IDLE,IDLE,IDLE,IDLE,IDLE,IDLE,IDLE,IDLE,IDLE,IDLE,IDLE,IDLE,IDLE,IDLE,IDLE,IDLE,IDLE,IDLE,IDLE,IDLE,IDLE,IDLE,IDLE,IDLE,IDLE,IDLE,IDLE,IDLE,IDLE,IDLE,IDLE
345,2024-01-15 09:00:01,0.00,0.00,0,0.0000,0.0000,0.00,0.9998,0.9999,0.9997,0.9997,0.9998,0.9998,0.9998,0.9997,0.9998,0.9998,0.9999,0.9997,0.9998,0.9999,0.9998,0.9999,0.9998,0.9998,0.9998,0.9998,0.9998,0.9998,0.9999,0.9998,0.9998,0.9998,0.9998,0.9998,0.9998,0.9997,0.9998,0.9998,0.9998,0.9998,0.9998,0.9997,0.9996,0.9998,0.9998,0.9998,0.9998,0.9998,0.9998,0.9998,0.9997,0.9997,0.9998,0.9999,0.9998,0.9999,0.1622,0.1872,0.1898,0.1763,0.1969,0.1614,0.1677,0.1781,0.1623,0.1490,0.1997,0.1315,0.1870,0.1542,0.1730,0.1542,0.1970,0.1985,0.1753,0.1642,0.1937,0.1970,0.1982,0.1980,0.1844,0.1987,0.1970,0.1490,0.1759,0.1861,0.1491,0.1286,0.1623,0.1668,0.1993,0.1763,0.1879,0.1286,0.1709,0.1911,0.1677,0.1626,0.1409,0.1980,0.1412,0.1557,0.1569,0.1581,0.1373,0.1646,IDLE,IDLE,IDLE,IDLE,IDLE,IDLE,IDLE,IDLE,IDLE,IDLE,IDLE,IDLE,IDLE,IDLE,IDLE,IDLE,IDLE,IDLE,IDLE,IDLE,IDLE,IDLE,IDLE,IDLE,IDLE,IDLE,IDLE,IDLE,IDLE,IDLE,IDLE,IDLE,IDLE,IDLE,IDLE,IDLE,IDLE,IDLE,IDLE,IDLE,IDLE,IDLE,IDLE,IDLE,IDLE,IDLE,IDLE,IDLE,IDLE,IDLE
346,2024-01-15 10:00:01,0.00,0.00,0,0.0000,0.0000,0.00,0.9998,0.9999,0.9997,0.9997,0.9998,0.9998,0.9998,0.9997,0.9998,0.9998,0.9999,0.9997,0.9998,0.9999,0.9998,0.9999,0.9998,0.9998,0.9998,0.9998,0.9998,0.9998,0.9999,0.9998,0.9998,0.9998,0.9998,0.9998,0.9998,0.9997,0.9998,0.9998,0.9998,0.9998,0.9998,0.9997,0.9996,0.9998,0.9998,0.9998,0.9998,0.9998,0.9998,0.9998,0.9997,0.9997,0.9998,0.9999,0.9998,0.9999,0.1622,0.1872,0.1898,0.1763,0.1969,0.1614,0.1677,0.1781,0.1623,0.1490,0.1997,0.1315,0.1870,0.1542,0.1730,0.1542,0.1970,0.1985,0.1753,0.1642,0.1937,0.1970,0.1982,0.1980,0.1844,0.1987,0.1970,0.1490,0.1759,0.1861,0.1491,0.1286,0.1623,0.1668,0.1993,0.1763,0.1879,0.1286,0.1709,0.1911,0.1677,0.1626,0.1409,0.1980,0.1412,0.1557,0.1569,0.1581,0.1373,0.1646,IDLE,IDLE,IDLE,IDLE,IDLE,IDLE,IDLE,IDLE,IDLE,IDLE,IDLE,IDLE,IDLE,IDLE,IDLE,IDLE,IDLE,IDLE,IDLE,IDLE,IDLE,IDLE,IDLE,IDLE,IDLE,IDLE,IDLE,IDLE,IDLE,IDLE,IDLE,IDLE,IDLE,IDLE,IDLE,IDLE,IDLE,IDLE,IDLE,IDLE,IDLE,IDLE,IDLE,IDLE,IDLE,IDLE,IDLE,IDLE,IDLE,IDLE
347,2024-01-15 11:00:01,0.00,0.00,0,0.0000,0.0000,0.00,0.9998,0.9999,0.9997,0.9997,0.9998,0.9998,0.9998,0.9997,0.9998,0.9998,0.9999,0.9997,0.9998,0.9999,0.9998,0.9999,0.9998,0.9998,0.9998,0.9998,0.9998,0.9998,0.9999,0.9998,0.9998,0.9998,0.9998,0.9998,0.9998,0.9997,0.9998,0.9998,0.9998,0.9998,0.9998,0.9997,0.9996,0.9998,0.9998,0.9998,0.9998,0.9998,0.9998,0.9998,0.9997,0.9997,0.9998,0.9999,0.9998,0.9999,0.1622,0.1872,0.1898,0.1763,0.1969,0.1614,0.1677,0.1781,0.1623,0.1490,0.1997,0.1315,0.1870,0.1542,0.1730,0.1542,0.1970,0.1985,0.1753,0.1642,0.1937,0.1970,0.1982,0.1980,0.1844,0.1987,0.1970,0.1490,0.1759,0.1861,0.1491,0.1286,0.1623,0.1668,0.1993,0.1763,0.1879,0.1286,0.1709,0.1911,0.1677,0.1626,0.1409,0.1980,0.1412,0.1557,0.1569,0.1581,0.1373,0.1646,IDLE,IDLE,IDLE,IDLE,IDLE,IDLE,IDLE,IDLE,IDLE,IDLE,IDLE,IDLE,IDLE,IDLE,IDLE,IDLE,IDLE,IDLE,IDLE,IDLE,IDLE,IDLE,IDLE,IDLE,IDLE,IDLE,IDLE,IDLE,IDLE,IDLE,IDLE,IDLE,IDLE,IDLE,IDLE,IDLE,IDLE,IDLE,IDLE,IDLE,IDLE,IDLE,IDLE,IDLE,IDLE,IDLE,IDLE,IDLE,IDLE,IDLE
348,2024-01-15 12:00:01,0.00,0.00,0,0.0000,0.0000,0.00,0.9998,0.9999,0.9997,0.9997,0.9998,0.9998,0.9998,0.9997,0.9998,0.9998,0.9999,0.9997,0.9998,0.9999,0.9998,0.9999,0.9998,0.9998,0.9998,0.9998,0.9998,0.9998,0.9999,0.9998,0.9998,0.9998,0.9998,0.9998,0.9998,0.9997,0.9998,0.9998,0.9998,0.9998,0.9998,0.9997,0.9996,0.9998,0.9998,0.9998,0.9998,0.9998,0.9998,0.9998,0.9997,0.9997,0.9998,0.9999,0.9998,0.9999,0.1622,0.1872,0.1898,0.1763,0.1969,0.1614,0.1677,0.1781,0.1623,0.1490,0.1997,0.1315,0.1870,0.1542,0.1730,0.1542,0.1970,0.1985,0.1753,0.1642,0.1937,0.1970,0.1982,0.1980,0.1844,0.1987,0.1970,0.1490,0.1759,0.1861,0.1491,0.1286,0.1623,0.1668,0.1993,0.1763,0.1879,0.1286,0.1709,0.1911,0.1677,0.1626,0.1409,0.1980,0.1412,0.1557,0.1569,0.1581,0.1373,0.1646,IDLE,IDLE,IDLE,IDLE,IDLE,IDLE,IDLE,IDLE,IDLE,IDLE,IDLE,IDLE,IDLE,IDLE,IDLE,IDLE,IDLE,IDLE,IDLE,IDLE,IDLE,IDLE,IDLE,IDLE,IDLE,IDLE,IDLE,IDLE,IDLE,IDLE,IDLE,IDLE,IDLE,IDLE,IDLE,IDLE,IDLE,IDLE,IDLE,IDLE,IDLE,IDLE,IDLE,IDLE,IDLE,IDLE,IDLE,IDLE,IDLE,IDLE
349,2024-01-15 13:00:01,0.00,0.00,0,0.0000,0.0000,0.00,0.9998,0.9999,0.9997,0.9997,0.9998,0.9998,0.9998,0.9997,0.9998,0.9998,0.9999,0.9997,0.9998,0.9999,0.9998,0.9999,0.9998,0.9998,0.9998,0.9998,0.9998,0.9998,0.9999,0.9998,0.9998,0.9998,0.9998,0.9998,0.9998,0.9997,0.9998,0.9998,0.9998,0.9998,0.9998,0.9997,0.9996,0.9998,0.9998,0.9998,0.9998,0.9998,0.9998,0.9998,0.9997,0.9997,0.9998,0.9999,0.9998,0.9999,0.1622,0.1872,0.1898,0.1763,0.1969,0.1614,0.1677,0.1781,0.1623,0.1490,0.1997,0.1315,0.1870,0.1542,0.1730,0.1542,0.1970,0.1985,0.1753,0.1642,0.1937,0.1970,0.1982,0.1980,0.1844,0.1987,0.1970,0.1490,0.1759,0.1861,0.1491,0.1286,0.1623,0.1668,0.1993,0.1763,0.1879,0.1286,0.1709,0.1911,0.1677,0.1626,0.1409,0.1980,0.1412,0.1557,0.1569,0.1581,0.1373,0.1646,IDLE,IDLE,IDLE,IDLE,IDLE,IDLE,IDLE,IDLE,IDLE,IDLE,IDLE,IDLE,IDLE,IDLE,IDLE,IDLE,IDLE,IDLE,IDLE,IDLE,IDLE,IDLE,IDLE,IDLE,IDLE,IDLE,IDLE,IDLE,IDLE,IDLE,IDLE,IDLE,IDLE,IDLE,IDLE,IDLE,IDLE,IDLE,IDLE,IDLE,IDLE,IDLE,IDLE,IDLE,IDLE,IDLE,IDLE,IDLE,IDLE,IDLE
350,2024-01-15 14:00:01,0.00,0.00,0,0.0000,0.0000,0.00,0.9998,0.9999,0.9997,0.9997,0.9998,0.9998,0.9998,0.9997,0.9998,0.9998,0.9999,0.9997,0.9998,0.9999,0.9998,0.9999,0.9998,0.9998,0.9998,0.9998,0.9998,0.9998,0.9999,0.9998,0.9998,0.9998,0.9998,0.9998,0.9998,0.9997,0.9998,0.9998,0.9998,0.9998,0.9998,0.9997,0.9996,0.9998,0.9998,0.9998,0.9998,0.9998,0.9998,0.9998,0.9997,0.9997,0.9998,0.9999,0.9998,0.9999,0.1622,0.1872,0.1898,0.1763,0.1969,0.1614,0.1677,0.1781,0.1623,0.1490,0.1997,0.1315,0.1870,0.1542,0.1730,0.1542,0.1970,0.1985,0.1753,0.1642,0.1937,0.1970,0.1982,0.1980,0.1844,0.1987,0.1970,0.1490,0.1759,0.1861,0.1491,0.1286,0.1623,0.1668,0.1993,0.1763,0.1879,0.1286,0.1709,0.1911,0.1677,0.1626,0.1409,0.1980,0.1412,0.1557,0.1569,0.1581,0.1373,0.1646,IDLE,IDLE,IDLE,IDLE,IDLE,IDLE,IDLE,IDLE,IDLE,IDLE,IDLE,IDLE,IDLE,IDLE,IDLE,IDLE,IDLE,IDLE,IDLE,IDLE,IDLE,IDLE,IDLE,IDLE,IDLE,IDLE,IDLE,IDLE,IDLE,IDLE,IDLE,IDLE,IDLE,IDLE,IDLE,IDLE,IDLE,IDLE,IDLE,IDLE,IDLE,IDLE,IDLE,IDLE,IDLE,IDLE,IDLE,IDLE,IDLE,IDLE
351,2024-01-15 15:00:01,0.00,0.00,0,0.0000,0.0000,0.00,0.9998,0.9999,0.9997,0.9997,0.9998,0.9998,0.9998,0.9997,0.9998,0.9998,0.9999,0.9997,0.9998,0.9999,0.9998,0.9999,0.9998,0.9998,0.9998,0.9998,0.9998,0.9998,0.9999,0.9998,0.9998,0.9998,0.9998,0.9998,0.9998,0.9997,0.9998,0.9998,0.9998,0.9998,0.9998,0.9997,0.9996,0.9998,0.9998,0.9998,0.9998,0.9998,0.9998,0.9998,0.9997,0.9997,0.9998,0.9999,0.9998,0.9999,0.1622,0.1872,0.1898,0.1763,0.1969,0.1614,0.1677,0.1781,0.1623,0.1490,0.1997,0.1315,0.1870,0.1542,0.1730,0.1542,0.1970,0.1985,0.1753,0.1642,0.1937,0.1970,0.1982,0.1980,0.1844,0.1987,0.1970,0.1490,0.1759,0.1861,0.1491,0.1286,0.1623,0.1668,0.1993,0.1763,0.1879,0.1286,0.1709,0.1911,0.1677,0.1626,0.1409,0.1980,0.1412,0.1557,0.1569,0.1581,0.1373,0.1646,IDLE,IDLE,IDLE,IDLE,IDLE,IDLE,IDLE,IDLE,IDLE,IDLE,IDLE,IDLE,IDLE,IDLE,IDLE,IDLE,IDLE,IDLE,IDLE,IDLE,IDLE,IDLE,IDLE,IDLE,IDLE,IDLE,IDLE,IDLE,IDLE,IDLE,IDLE,IDLE,IDLE,IDLE,IDLE,IDLE,IDLE,IDLE,IDLE,IDLE,IDLE,IDLE,IDLE,IDLE,IDLE,IDLE,IDLE,IDLE,IDLE,IDLE
352,2024-01-15 16:00:01,0.00,0.00,0,0.0000,0.0000,0.00,0.9998,0.9999,0.9997,0.9997,0.9998,0.9998,0.9998,0.9997,0.9998,0.9998,0.9999,0.9997,0.9998,0.9999,0.9998,0.9999,0.9998,0.9998,0.9998,0.9998,0.9998,0.9998,0.9999,0.9998,0.9998,0.9998,0.9998,0.9998,0.9998,0.9997,0.9998,0.9998,0.9998,0.9998,0.9998,0.9997,0.9996,0.9998,0.9998,0.9998,0.9998,0.9998,0.9998,0.9998,0.9997,0.9997,0.9998,0.9999,0.9998,0.9999,0.1622,0.1872,0.1898,0.1763,0.1969,0.1614,0.1677,0.1781,0.1623,0.1490,0.1997,0.1315,0.1870,0.1542,0.1730,0.1542,0.1970,0.1985,0.1753,0.1642,0.1937,0.1970,0.1982,0.1980,0.1844,0.1987,0.1970,0.1490,0.1759,0.1861,0.1491,0.1286,0.1623,0.1668,0.1993,0.1763,0.1879,0.1286,0.1709,0.1911,0.1677,0.1626,0.1409,0.1980,0.1412,0.1557,0.1569,0.1581,0.1373,0.1646,IDLE,IDLE,IDLE,IDLE,IDLE,IDLE,IDLE,IDLE,IDLE,IDLE,IDLE,IDLE,IDLE,IDLE,IDLE,IDLE,IDLE,IDLE,IDLE,IDLE,IDLE,IDLE,IDLE,IDLE,IDLE,IDLE,IDLE,IDLE,IDLE,IDLE,IDLE,IDLE,IDLE,IDLE,IDLE,IDLE,IDLE,IDLE,IDLE,IDLE,IDLE,IDLE,IDLE,IDLE,IDLE,IDLE,IDLE,IDLE,IDLE,IDLE
353,2024-01-15 17:00:01,0.00,0.00,0,0.0000,0.0000,0.00,0.9998,0.9999,0.9997,0.9997,0.9998,0.9998,0.9998,0.9997,0.9998,0.9998,0.9999,0.9997,0.9998,0.9999,0.9998,0.9999,0.9998,0.9998,0.9998,0.9998,0.9998,0.9998,0.9999,0.9998,0.9998,0.9998,0.9998,0.9998,0.9998,0.9997,0.9998,0.9998,0.9998,0.9998,0.9998,0.9997,0.9996,0.9998,0.9998,0.9998,0.9998,0.9998,0.9998,0.9998,0.9997,0.9997,0.9998,0.9999,0.9998,0.9999,0.1622,0.1872,0.1898,0.1763,0.1969,0.1614,0.1677,0.1781,0.1623,0.1490,0.1997,0.1315,0.1870,0.1542,0.1730,0.1542,0.1970,0.1985,0.1753,0.1642,0.1937,0.1970,0.1982,0.1980,0.1844,0.1987,0.1970,0.1490,0.1759,0.1861,0.1491,0.1286,0.1623,0.1668,0.1993,0.1763,0.1879,0.1286,0.1709,0.1911,0.1677,0.1626,0.1409,0.1980,0.1412,0.1557,0.1569,0.1581,0.1373,0.1646,IDLE,IDLE,IDLE,IDLE,IDLE,IDLE,IDLE,IDLE,IDLE,IDLE,IDLE,IDLE,IDLE,IDLE,IDLE,IDLE,IDLE,IDLE,IDLE,IDLE,IDLE,IDLE,IDLE,IDLE,IDLE,IDLE,IDLE,IDLE,IDLE,IDLE,IDLE,IDLE,IDLE,IDLE,IDLE,IDLE,IDLE,IDLE,IDLE,IDLE,IDLE,IDLE,IDLE,IDLE,IDLE,IDLE,IDLE,IDLE,IDLE,IDLE
354,2024-01-15 18:00:01,0.00,0.00,0,0.0000,0.0000,0.00,0.9998,0.9999,0.9997,0.9997,0.9998,0.9998,0.9998,0.9997,0.9998,0.9998,0.9999,0.9997,0.9998,0.9999,0.9998,0.9999,0.9998,0.9998,0.9998,0.9998,0.9998,0.9998,0.9999,0.9998,0.9998,0.9998,0.9998,0.9998,0.9998,0.9997,0.9998,0.9998,0.9998,0.9998,0.9998,0.9997,0.9996,0.9998,0.9998,0.9998,0.9998,0.9998,0.9998,0.9998,0.9997,0.9997,0.9998,0.9999,0.9998,0.9999,0.1622,0.1872,0.1898,0.1763,0.1969,0.1614,0.1677,0.1781,0.1623,0.1490,0.1997,0.1315,0.1870,0.1542,0.1730,0.1542,0.1970,0.1985,0.1753,0.1642,0.1937,0.1970,0.1982,0.1980,0.1844,0.1987,0.1970,0.1490,0.1759,0.1861,0.1491,0.1286,0.1623,0.1668,0.1993,0.1763,0.1879,0.1286,0.1709,0.1911,0.1677,0.1626,0.1409,0.1980,0.1412,0.1557,0.1569,0.1581,0.1373,0.1646,IDLE,IDLE,IDLE,IDLE,IDLE,IDLE,IDLE,IDLE,IDLE,IDLE,IDLE,IDLE,IDLE,IDLE,IDLE,IDLE,IDLE,IDLE,IDLE,IDLE,IDLE,IDLE,IDLE,IDLE,IDLE,IDLE,IDLE,IDLE,IDLE,IDLE,IDLE,IDLE,IDLE,IDLE,IDLE,IDLE,IDLE,IDLE,IDLE,IDLE,IDLE,IDLE,IDLE,IDLE,IDLE,IDLE,IDLE,IDLE,IDLE,IDLE
355,2024-01-15 19:00:01,0.00,0.00,0,0.0000,0.0000,0.00,0.9998,0.9999,0.9997,0.9997,0.9998,0.9998,0.9998,0.9997,0.9998,0.9998,0.9999,0.9997,0.9998,0.9999,0.9998,0.9999,0.9998,0.9998,0.9998,0.9998,0.9998,0.9998,0.9999,0.9998,0.9998,0.9998,0.9998,0.9998,0.9998,0.9997,0.9998,0.9998,0.9998,0.9998,0.9998,0.9997,0.9996,0.9998,0.9998,0.9998,0.9998,0.9998,0.9998,0.9998,0.9997,0.9997,0.9998,0.9999,0.9998,0.9999,0.1622,0.1872,0.1898,0.1763,0.1969,0.1614,0.1677,0.1781,0.1623,0.1490,0.1997,0.1315,0.1870,0.1542,0.1730,0.1542,0.1970,0.1985,0.1753,0.1642,0.1937,0.1970,0.1982,0.1980,0.1844,0.1987,0.1970,0.1490,0.1759,0.1861,0.1491,0.1286,0.1623,0.1668,0.1993,0.1763,0.1879,0.1286,0.1709,0.1911,0.1677,0.1626,0.1409,0.1980,0.1412,0.1557,0.1569,0.1581,0.1373,0.1646,IDLE,IDLE,IDLE,IDLE,IDLE,IDLE,IDLE,IDLE,IDLE,IDLE,IDLE,IDLE,IDLE,IDLE,IDLE,IDLE,IDLE,IDLE,IDLE,IDLE,IDLE,IDLE,IDLE,IDLE,IDLE,IDLE,IDLE,IDLE,IDLE,IDLE,IDLE,IDLE,IDLE,IDLE,IDLE,IDLE,IDLE,IDLE,IDLE,IDLE,IDLE,IDLE,IDLE,IDLE,IDLE,IDLE,IDLE,IDLE,IDLE,IDLE
356,2024-01-15 20:00:01,0.00,0.00,0,0.0000,0.0000,0.00,0.9998,0.9999,0.9997,0.9997,0.9998,0.9998,0.9998,0.9997,0.9998,0.9998,0.9999,0.9997,0.9998,0.9999,0.9998,0.9999,0.9998,0.9998,0.9998,0.9998,0.9998,0.9998,0.9999,0.9998,0.9998,0.9998,0.9998,0.9998,0.9998,0.9997,0.9998,0.9998,0.9998,0.9998,0.9998,0.9997,0.9996,0.9998,0.9998,0.9998,0.9998,0.9998,0.9998,0.9998,0.9997,0.9997,0.9998,0.9999,0.9998,0.9999,0.1622,0.1872,0.1898,0.1763,0.1969,0.1614,0.1677,0.1781,0.1623,0.1490,0.1997,0.1315,0.1870,0.1542,0.1730,0.1542,0.1970,0.1985,0.1753,0.1642,0.1937,0.1970,0.1982,0.1980,0.1844,0.1987,0.1970,0.1490,0.1759,0.1861,0.1491,0.1286,0.1623,0.1668,0.1993,0.1763,0.1879,0.1286,0.1709,0.1911,0.1677,0.1626,0.1409,0.1980,0.1412,0.1557,0.1569,0.1581,0.1373,0.1646,IDLE,IDLE,IDLE,IDLE,IDLE,IDLE,IDLE,IDLE,IDLE,IDLE,IDLE,IDLE,IDLE,IDLE,IDLE,IDLE,IDLE,IDLE,IDLE,IDLE,IDLE,IDLE,IDLE,IDLE,IDLE,IDLE,IDLE,IDLE,IDLE,IDLE,IDLE,IDLE,IDLE,IDLE,IDLE,IDLE,IDLE,IDLE,IDLE,IDLE,IDLE,IDLE,IDLE,IDLE,IDLE,IDLE,IDLE,IDLE,IDLE,IDLE
357,2024-01-15 21:00:01,0.00,0.00,0,0.0000,0.0000,0.00,0.9998,0.9999,0.9997,0.9997,0.9998,0.9998,0.9998,0.9997,0.9998,0.9998,0.9999,0.9997,0.9998,0.9999,0.9998,0.9999,0.9998,0.9998,0.9998,0.9998,0.9998,0.9998,0.9999,0.9998,0.9998,0.9998,0.9998,0.9998,0.9998,0.9997,0.9998,0.9998,0.9998,0.9998,0.9998,0.9997,0.9996,0.9998,0.9998,0.9998,0.9998,0.9998,0.9998,0.9998,0.9997,0.9997,0.9998,0.9999,0.9998,0.9999,0.1622,0.1872,0.1898,0.1763,0.1969,0.1614,0.1677,0.1781,0.1623,0.1490,0.1997,0.1315,0.1870,0.1542,0.1730,0.1542,0.1970,0.1985,0.1753,0.1642,0.1937,0.1970,0.1982,0.1980,0.1844,0.1987,0.1970,0.1490,0.1759,0.1861,0.1491,0.1286,0.1623,0.1668,0.1993,0.1763,0.1879,0.1286,0.1709,0.1911,0.1677,0.1626,0.1409,0.1980,0.1412,0.1557,0.1569,0.1581,0.1373,0.1646,IDLE,IDLE,IDLE,IDLE,IDLE,IDLE,IDLE,IDLE,IDLE,IDLE,IDLE,IDLE,IDLE,IDLE,IDLE,IDLE,IDLE,IDLE,IDLE,IDLE,IDLE,IDLE,IDLE,IDLE,IDLE,IDLE,IDLE,IDLE,IDLE,IDLE,IDLE,IDLE,IDLE,IDLE,IDLE,IDLE,IDLE,IDLE,IDLE,IDLE,IDLE,IDLE,IDLE,IDLE,IDLE,IDLE,IDLE,IDLE,IDLE,IDLE
358,2024-01-15 22:00:01,0.00,0.00,0,0.0000,0.0000,0.00,0.9998,0.9999,0.9997,0.9997,0.9998,0.9998,0.9998,0.9997,0.9998,0.9998,0.9999,0.9997,0.9998,0.9999,0.9998,0.9999,0.9998,0.9998,0.9998,0.9998,0.9998,0.9998,0.9999,0.9998,0.9998,0.9998,0.9998,0.9998,0.9998,0.9997,0.9998,0.9998,0.9998,0.9998,0.9998,0.9997,0.9996,0.9998,0.9998,0.9998,0.9998,0.9998,0.9998,0.9998,0.9997,0.9997,0.9998,0.9999,0.9998,0.9999,0.1622,0.1872,0.1898,0.1763,0.1969,0.1614,0.1677,0.1781,0.1623,0.1490,0.1997,0.1315,0.1870,0.1542,0.1730,0.1542,0.1970,0.1985,0.1753,0.1642,0.1937,0.1970,0.1982,0.1980,0.1844,0.1987,0.1970,0.1490,0.1759,0.1861,0.1491,0.1286,0.1623,0.1668,0.1993,0.1763,0.1879,0.1286,0.1709,0.1911,0.1677,0.1626,0.1409,0.1980,0.1412,0.1557,0.1569,0.1581,0.1373,0.1646,IDLE,IDLE,IDLE,IDLE,IDLE,IDLE,IDLE,IDLE,IDLE,IDLE,IDLE,IDLE,IDLE,IDLE,IDLE,IDLE,IDLE,IDLE,IDLE,IDLE,IDLE,IDLE,IDLE,IDLE,IDLE,IDLE,IDLE,IDLE,IDLE,IDLE,IDLE,IDLE,IDLE,IDLE,IDLE,IDLE,IDLE,IDLE,IDLE,IDLE,IDLE,IDLE,IDLE,IDLE,IDLE,IDLE,IDLE,IDLE,IDLE,IDLE
359,2024-01-15 23:00:01,0.00,0.00,0,0.0000,0.0000,0.00,0.9998,0.9999,0.9997,0.9997,0.9998,0.9998,0.9998,0.9997,0.9998,0.9998,0.9999,0.9997,0.9998,0.9999,0.9998,0.9999,0.9998,0.9998,0.9998,0.9998,0.9998,0.9998,0.9999,0.9998,0.9998,0.9998,0.9998,0.9998,0.9998,0.9997,0.9998,0.9998,0.9998,0.9998,0.9998,0.9997,0.9996,0.9998,0.9998,0.9998,0.9998,0.9998,0.9998,0.9998,0.9997,0.9997,0.9998,0.9999,0.9998,0.9999,0.1622,0.1872,0.1898,0.1763,0.1969,0.1614,0.1677,0.1781,0.1623,0.1490,0.1997,0.1315,0.1870,0.1542,0.1730,0.1542,0.1970,0.1985,0.1753,0.1642,0.1937,0.1970,0.1982,0.1980,0.1844,0.1987,0.1970,0.1490,0.1759,0.1861,0.1491,0.1286,0.1623,0.1668,0.1993,0.1763,0.1879,0.1286,0.1709,0.1911,0.1677,0.1626,0.1409,0.1980,0.1412,0.1557,0.1569,0.1581,0.1373,0.1646,IDLE,IDLE,IDLE,IDLE,IDLE,IDLE,IDLE,IDLE,IDLE,IDLE,IDLE,IDLE,IDLE,IDLE,IDLE,IDLE,IDLE,IDLE,IDLE,IDLE,IDLE,IDLE,IDLE,IDLE,IDLE,IDLE,IDLE,IDLE,IDLE,IDLE,IDLE,IDLE,IDLE,IDLE,IDLE,IDLE,IDLE,IDLE,IDLE,IDLE,IDLE,IDLE,IDLE,IDLE,IDLE,IDLE,IDLE,IDLE,IDLE,IDLE
360,2024-01-16 00:00:01,0.00,0.00,0,0.0000,0.0000,0.00,0.9998,0.9999,0.9997,0.9997,0.9998,0.9998,0.9998,0.9997,0.9998,0.9998,0.9999,0.9997,0.9998,0.9999,0.9998,0.9999,0.9998,0.9998,0.9998,0.9998,0.9998,0.9998,0.9999,0.9998,0.9998,0.9998,0.9998,0.9998,0.9998,0.9997,0.9998,0.9998,0.9998,0.9998,0.9998,0.9997,0.9996,0.9998,0.9998,0.9998,0.9998,0.9998,0.9998,0.9998,0.9997,0.9997,0.9998,0.9999,0.9998,0.9999,0.1622,0.1872,0.1898,0.1763,0.1969,0.1614,0.1677,0.1781,0.1623,0.1490,0.1997,0.1315,0.1870,0.1542,0.1730,0.1542,0.1970,0.1985,0.1753,0.1642,0.1937,0.1970,0.1982,0.1980,0.1844,0.1987,0.1970,0.1490,0.1759,0.1861,0.1491,0.1286,0.1623,0.1668,0.1993,0.1763,0.1879,0.1286,0.1709,0.1911,0.1677,0.1626,0.1409,0.1980,0.1412,0.1557,0.1569,0.1581,0.1373,0.1646,IDLE,IDLE,IDLE,IDLE,IDLE,IDLE,IDLE,IDLE,IDLE,IDLE,IDLE,IDLE,IDLE,IDLE,IDLE,IDLE,IDLE,IDLE,IDLE,IDLE,IDLE,IDLE,IDLE,IDLE,IDLE,IDLE,IDLE,IDLE,IDLE,IDLE,IDLE,IDLE,IDLE,IDLE,IDLE,IDLE,IDLE,IDLE,IDLE,IDLE,IDLE,IDLE,IDLE,IDLE,IDLE,IDLE,IDLE,IDLE,IDLE,IDLE
361,2024-01-16 01:00:01,0.00,0.00,0,0.0000,0.0000,0.00,0.9998,0.9999,0.9997,0.9997,0.9998,0.9998,0.9998,0.9997,0.9998,0.9998,0.9999,0.9997,0.9998,0.9999,0.9998,0.9999,0.9998,0.9998,0.9998,0.9998,0.9998,0.9998,0.9999,0.9998,0.9998,0.9998,0.9998,0.9998,0.9998,0.9997,0.9998,0.9998,0.9998,0.9998,0.9998,0.9997,0.9996,0.9998,0.9998,0.9998,0.9998,0.9998,0.9998,0.9998,0.9997,0.9997,0.9998,0.9999,0.9998,0.9999,0.1622,0.1872,0.1898,0.1763,0.1969,0.1614,0.1677,0.1781,0.1623,0.1490,0.1997,0.1315,0.1870,0.1542,0.1730,0.1542,0.1970,0.1985,0.1753,0.1642,0.1937,0.1970,0.1982,0.1980,0.1844,0.1987,0.1970,0.1490,0.1759,0.1861,0.1491,0.1286,0.1623,0.1668,0.1993,0.1763,0.1879,0.1286,0.1709,0.1911,0.1677,0.1626,0.1409,0.1980,0.1412,0.1557,0.1569,0.1581,0.1373,0.1646,IDLE,IDLE,IDLE,IDLE,IDLE,IDLE,IDLE,IDLE,IDLE,IDLE,IDLE,IDLE,IDLE,IDLE,IDLE,IDLE,IDLE,IDLE,IDLE,IDLE,IDLE,IDLE,IDLE,IDLE,IDLE,IDLE,IDLE,IDLE,IDLE,IDLE,IDLE,IDLE,IDLE,IDLE,IDLE,IDLE,IDLE,IDLE,IDLE,IDLE,IDLE,IDLE,IDLE,IDLE,IDLE,IDLE,IDLE,IDLE,IDLE,IDLE
362,2024-01-16 02:00:01,0.00,0.00,0,0.0000,0.0000,0.00,0.9998,0.9999,0.9997,0.9997,0.9998,0.9998,0.9998,0.9997,0.9998,0.9998,0.9999,0.9997,0.9998,0.9999,0.9998,0.9999,0.9998,0.9998,0.9998,0.9998,0.9998,0.9998,0.9999,0.9998,0.9998,0.9998,0.9998,0.9998,0.9998,0.9997,0.9998,0.9998,0.9998,0.9998,0.9998,0.9997,0.9996,0.9998,0.9998,0.9998,0.9998,0.9998,0.9998,0.9998,0.9997,0.9997,0.9998,0.9999,0.9998,0.9999,0.1622,0.1872,0.1898,0.1763,0.1969,0.1614,0.1677,0.1781,0.1623,0.1490,0.1997,0.1315,0.1870,0.1542,0.1730,0.1542,0.1970,0.1985,0.1753,0.1642,0.1937,0.1970,0.1982,0.1980,0.1844,0.1987,0.1970,0.1490,0.1759,0.1861,0.1491,0.1286,0.1623,0.1668,0.1993,0.1763,0.1879,0.1286,0.1709,0.1911,0.1677,0.1626,0.1409,0.1980,0.1412,0.1557,0.1569,0.1581,0.1373,0.1646,IDLE,IDLE,IDLE,IDLE,IDLE,IDLE,IDLE,IDLE,IDLE,IDLE,IDLE,IDLE,IDLE,IDLE,IDLE,IDLE,IDLE,IDLE,IDLE,IDLE,IDLE,IDLE,IDLE,IDLE,IDLE,IDLE,IDLE,IDLE,IDLE,IDLE,IDLE,IDLE,IDLE,IDLE,IDLE,IDLE,IDLE,IDLE,IDLE,IDLE,IDLE,IDLE,IDLE,IDLE,IDLE,IDLE,IDLE,IDLE,IDLE,IDLE
363,2024-01-16 03:00:01,0.00,0.00,0,0.0000,0.0000,0.00,0.9998,0.9999,0.9997,0.9997,0.9998,0.9998,0.9998,0.9997,0.9998,0.9998,0.9999,0.9997,0.9998,0.9999,0.9998,0.9999,0.9998,0.9998,0.9998,0.9998,0.9998,0.9998,0.9999,0.9998,0.9998,0.9998,0.9998,0.9998,0.9998,0.9997,0.9998,0.9998,0.9998,0.9998,0.9998,0.9997,0.9996,0.9998,0.9998,0.9998,0.9998,0.9998,0.9998,0.9998,0.9997,0.9997,0.9998,0.9999,0.9998,0.9999,0.1622,0.1872,0.1898,0.1763,0.1969,0.1614,0.1677,0.1781,0.1623,0.1490,0.1997,0.1315,0.1870,0.1542,0.1730,0.1542,0.1970,0.1985,0.1753,0.1642,0.1937,0.1970,0.1982,0.1980,0.1844,0.1987,0.1970,0.1490,0.1759,0.1861,0.1491,0.1286,0.1623,0.1668,0.1993,0.1763,0.1879,0.1286,0.1709,0.1911,0.1677,0.1626,0.1409,0.1980,0.1412,0.1557,0.1569,0.1581,0.1373,0.1646,IDLE,IDLE,IDLE,IDLE,IDLE,IDLE,IDLE,IDLE,IDLE,IDLE,IDLE,IDLE,IDLE,IDLE,IDLE,IDLE,IDLE,IDLE,IDLE,IDLE,IDLE,IDLE,IDLE,IDLE,IDLE,IDLE,IDLE,IDLE,IDLE,IDLE,IDLE,IDLE,IDLE,IDLE,IDLE,IDLE,IDLE,IDLE,IDLE,IDLE,IDLE,IDLE,IDLE,IDLE,IDLE,IDLE,IDLE,IDLE,IDLE,IDLE
364,2024-01-16 04:00:01,0.00,0.00,0,0.0000,0.0000,0.00,0.9998,0.9999,0.9997,0.9997,0.9998,0.9998,0.9998,0.9997,0.9998,0.9998,0.9999,0.9997,0.9998,0.9999,0.9998,0.9999,0.9998,0.9998,0.9998,0.9998,0.9998,0.9998,0.9999,0.9998,0.9998,0.9998,0.9998,0.9998,0.9998,0.9997,0.9998,0.9998,0.9998,0.9998,0.9998,0.9997,0.9996,0.9998,0.9998,0.9998,0.9998,0.9998,0.9998,0.9998,0.9997,0.9997,0.9998,0.9999,0.9998,0.9999,0.1622,0.1872,0.1898,0.1763,0.1969,0.1614,0.1677,0.1781,0.1623,0.1490,0.1997,0.1315,0.1870,0.1542,0.1730,0.1542,0.1970,0.1985,0.1753,0.1642,0.1937,0.1970,0.1982,0.1980,0.1844,0.1987,0.1970,0.1490,0.1759,0.1861,0.1491,0.1286,0.1623,0.1668,0.1993,0.1763,0.1879,0.1286,0.1709,0.1911,0.1677,0.1626,0.1409,0.1980,0.1412,0.1557,0.1569,0.1581,0.1373,0.1646,IDLE,IDLE,IDLE,IDLE,IDLE,IDLE,IDLE,IDLE,IDLE,IDLE,IDLE,IDLE,IDLE,IDLE,IDLE,IDLE,IDLE,IDLE,IDLE,IDLE,IDLE,IDLE,IDLE,IDLE,IDLE,IDLE,IDLE,IDLE,IDLE,IDLE,IDLE,IDLE,IDLE,IDLE,IDLE,IDLE,IDLE,IDLE,IDLE,IDLE,IDLE,IDLE,IDLE,IDLE,IDLE,IDLE,IDLE,IDLE,IDLE,IDLE
365,2024-01-16 05:00:01,0.00,0.00,0,0.0000,0.0000,0.00,0.9998,0.9999,0.9997,0.9997,0.9998,0.9998,0.9998,0.9997,0.9998,0.9998,0.9999,0.9997,0.9998,0.9999,0.9998,0.9999,0.9998,0.9998,0.9998,0.9998,0.9998,0.9998,0.9999,0.9998,0.9998,0.9998,0.9998,0.9998,0.9998,0.9997,0.9998,0.9998,0.9998,0.9998,0.9998,0.9997,0.9996,0.9998,0.9998,0.9998,0.9998,0.9998,0.9998,0.9998,0.9997,0.9997,0.9998,0.9999,0.9998,0.9999,0.1622,0.1872,0.1898,0.1763,0.1969,0.1614,0.1677,0.1781,0.1623,0.1490,0.1997,0.1315,0.1870,0.1542,0.1730,0.1542,0.1970,0.1985,0.1753,0.1642,0.1937,0.1970,0.1982,0.1980,0.1844,0.1987,0.1970,0.1490,0.1759,0.1861,0.1491,0.1286,0.1623,0.1668,0.1993,0.1763,0.1879,0.1286,0.1709,0.1911,0.1677,0.1626,0.1409,0.1980,0.1412,0.1557,0.1569,0.1581,0.1373,0.1646,IDLE,IDLE,IDLE,IDLE,IDLE,IDLE,IDLE,IDLE,IDLE,IDLE,IDLE,IDLE,IDLE,IDLE,IDLE,IDLE,IDLE,IDLE,IDLE,IDLE,IDLE,IDLE,IDLE,IDLE,IDLE,IDLE,IDLE,IDLE,IDLE,IDLE,IDLE,IDLE,IDLE,IDLE,IDLE,IDLE,IDLE,IDLE,IDLE,IDLE,IDLE,IDLE,IDLE,IDLE,IDLE,IDLE,IDLE,IDLE,IDLE,IDLE
366,2024-01-16 06:00:01,0.00,0.00,0,0.0000,0.0000,0.00,0.9998,0.9999,0.9997,0.9997,0.9998,0.9998,0.9998,0.9997,0.9998,0.9998,0.9999,0.9997,0.9998,0.9999,0.9998,0.9999,0.9998,0.9998,0.9998,0.9998,0.9998,0.9998,0.9999,0.9998,0.9998,0.9998,0.9998,0.9998,0.9998,0.9997,0.9998,0.9998,0.9998,0.9998,0.9998,0.9997,0.9996,0.9998,0.9998,0.9998,0.9998,0.9998,0.9998,0.9998,0.9997,0.9997,0.9998,0.9999,0.9998,0.9999,0.1622,0.1872,0.1898,0.1763,0.1969,0.1614,0.1677,0.1781,0.1623,0.1490,0.1997,0.1315,0.1870,0.1542,0.1730,0.1542,0.1970,0.1985,0.1753,0.1642,0.1937,0.1970,0.1982,0.1980,0.1844,0.1987,0.1970,0.1490,0.1759,0.1861,0.1491,0.1286,0.1623,0.1668,0.1993,0.1763,0.1879,0.1286,0.1709,0.1911,0.1677,0.1626,0.1409,0.1980,0.1412,0.1557,0.1569,0.1581,0.1373,0.1646,IDLE,IDLE,IDLE,IDLE,IDLE,IDLE,IDLE,IDLE,IDLE,IDLE,IDLE,IDLE,IDLE,IDLE,IDLE,IDLE,IDLE,IDLE,IDLE,IDLE,IDLE,IDLE,IDLE,IDLE,IDLE,IDLE,IDLE,IDLE,IDLE,IDLE,IDLE,IDLE,IDLE,IDLE,IDLE,IDLE,IDLE,IDLE,IDLE,IDLE,IDLE,IDLE,IDLE,IDLE,IDLE,IDLE,IDLE,IDLE,IDLE,IDLE
367,2024-01-16 07:00:01,0.00,0.00,0,0.0000,0.0000,0.00,0.9998,0.9999,0.9997,0.9997,0.9998,0.9998,0.9998,0.9997,0.9998,0.9998,0.9999,0.9997,0.9998,0.9999,0.9998,0.9999,0.9998,0.9998,0.9998,0.9998,0.9998,0.9998,0.9999,0.9998,0.9998,0.9998,0.9998,0.9998,0.9998,0.9997,0.9998,0.9998,0.9998,0.9998,0.9998,0.9997,0.9996,0.9998,0.9998,0.9998,0.9998,0.9998,0.9998,0.9998,0.9997,0.9997,0.9998,0.9999,0.9998,0.9999,0.1622,0.1872,0.1898,0.1763,0.1969,0.1614,0.1677,0.1781,0.1623,0.1490,0.1997,0.1315,0.1870,0.1542,0.1730,0.1542,0.1970,0.1985,0.1753,0.1642,0.1937,0.1970,0.1982,0.1980,0.1844,0.1987,0.1970,0.1490,0.1759,0.1861,0.1491,0.1286,0.1623,0.1668,0.1993,0.1763,0.1879,0.1286,0.1709,0.1911,0.1677,0.1626,0.1409,0.1980,0.1412,0.1557,0.1569,0.1581,0.1373,0.1646,IDLE,IDLE,IDLE,IDLE,IDLE,IDLE,IDLE,IDLE,IDLE,IDLE,IDLE,IDLE,IDLE,IDLE,IDLE,IDLE,IDLE,IDLE,IDLE,IDLE,IDLE,IDLE,IDLE,IDLE,IDLE,IDLE,IDLE,IDLE,IDLE,IDLE,IDLE,IDLE,IDLE,IDLE,IDLE,IDLE,IDLE,IDLE,IDLE,IDLE,IDLE,IDLE,IDLE,IDLE,IDLE,IDLE,IDLE,IDLE,IDLE,IDLE
368,2024-01-16 08:00:01,0.00,0.00,0,0.0000,0.0000,0.00,0.9998,0.9999,0.9997,0.9997,0.9998,0.9998,0.9998,0.9997,0.9998,0.9998,0.9999,0.9997,0.9998,0.9999,0.9998,0.9999,0.9998,0.9998,0.9998,0.9998,0.9998,0.9998,0.9999,0.9998,0.9998,0.9998,0.9998,0.9998,0.9998,0.9997,0.9998,0.9998,0.9998,0.9998,0.9998,0.9997,0.9996,0.9998,0.9998,0.9998,0.9998,0.9998,0.9998,0.9998,0.9997,0.9997,0.9998,0.9999,0.9998,0.9999,0.1622,0.1872,0.1898,0.1763,0.1969,0.1614,0.1677,0.1781,0.1623,0.1490,0.1997,0.1315,0.1870,0.1542,0.1730,0.1542,0.1970,0.1985,0.1753,0.1642,0.1937,0.1970,0.1982,0.1980,0.1844,0.1987,0.1970,0.1490,0.1759,0.1861,0.1491,0.1286,0.1623,0.1668,0.1993,0.1763,0.1879,0.1286,0.1709,0.1911,0.1677,0.1626,0.1409,0.1980,0.1412,0.1557,0.1569,0.1581,0.1373,0.1646,IDLE,IDLE,IDLE,IDLE,IDLE,IDLE,IDLE,IDLE,IDLE,IDLE,IDLE,IDLE,IDLE,IDLE,IDLE,IDLE,IDLE,IDLE,IDLE,IDLE,IDLE,IDLE,IDLE,IDLE,IDLE,IDLE,IDLE,IDLE,IDLE,IDLE,IDLE,IDLE,IDLE,IDLE,IDLE,IDLE,IDLE,IDLE,IDLE,IDLE,IDLE,IDLE,IDLE,IDLE,IDLE,IDLE,IDLE,IDLE,IDLE,IDLE
369,2024-01-16 09:00:01,0.00,0.00,0,0.0000,0.0000,0.00,0.9998,0.9999,0.9997,0.9997,0.9998,0.9998,0.9998,0.9997,0.9998,0.9998,0.9999,0.9997,0.9998,0.9999,0.9998,0.9999,0.9998,0.9998,0.9998,0.9998,0.9998,0.9998,0.9999,0.9998,0.9998,0.9998,0.9998,0.9998,0.9998,0.9997,0.9998,0.9998,0.9998,0.9998,0.9998,0.9997,0.9996,0.9998,0.9998,0.9998,0.9998,0.9998,0.9998,0.9998,0.9997,0.9997,0.9998,0.9999,0.9998,0.9999,0.1622,0.1872,0.1898,0.1763,0.1969,0.1614,0.1677,0.1781,0.1623,0.1490,0.1997,0.1315,0.1870,0.1542,0.1730,0.1542,0.1970,0.1985,0.1753,0.1642,0.1937,0.1970,0.1982,0.1980,0.1844,0.1987,0.1970,0.1490,0.1759,0.1861,0.1491,0.1286,0.1623,0.1668,0.1993,0.1763,0.1879,0.1286,0.1709,0.1911,0.1677,0.1626,0.1409,0.1980,0.1412,0.1557,0.1569,0.1581,0.1373,0.1646,IDLE,IDLE,IDLE,IDLE,IDLE,IDLE,IDLE,IDLE,IDLE,IDLE,IDLE,IDLE,IDLE,IDLE,IDLE,IDLE,IDLE,IDLE,IDLE,IDLE,IDLE,IDLE,IDLE,IDLE,IDLE,IDLE,IDLE,IDLE,IDLE,IDLE,IDLE,IDLE,IDLE,IDLE,IDLE,IDLE,IDLE,IDLE,IDLE,IDLE,IDLE,IDLE,IDLE,IDLE,IDLE,IDLE,IDLE,IDLE,IDLE,IDLE
370,2024-01-16 10:00:01,0.00,0.00,0,0.0000,0.0000,0.00,0.9998,0.9999,0.9997,0.9997,0.9998,0.9998,0.9998,0.9997,0.9998,0.9998,0.9999,0.9997,0.9998,0.9999,0.9998,0.9999,0.9998,0.9998,0.9998,0.9998,0.9998,0.9998,0.9999,0.9998,0.9998,0.9998,0.9998,0.9998,0.9998,0.9997,0.9998,0.9998,0.9998,0.9998,0.9998,0.9997,0.9996,0.9998,0.9998,0.9998,0.9998,0.9998,0.9998,0.9998,0.9997,0.9997,0.9998,0.9999,0.9998,0.9999,0.1622,0.1872,0.1898,0.1763,0.1969,0.1614,0.1677,0.1781,0.1623,0.1490,0.1997,0.1315,0.1870,0.1542,0.1730,0.1542,0.1970,0.1985,0.1753,0.1642,0.1937,0.1970,0.1982,0.1980,0.1844,0.1987,0.1970,0.1490,0.1759,0.1861,0.1491,0.1286,0.1623,0.1668,0.1993,0.1763,0.1879,0.1286,0.1709,0.1911,0.1677,0.1626,0.1409,0.1980,0.1412,0.1557,0.1569,0.1581,0.1373,0.1646,IDLE,IDLE,IDLE,IDLE,IDLE,IDLE,IDLE,IDLE,IDLE,IDLE,IDLE,IDLE,IDLE,IDLE,IDLE,IDLE,IDLE,IDLE,IDLE,IDLE,IDLE,IDLE,IDLE,IDLE,IDLE,IDLE,IDLE,IDLE,IDLE,IDLE,IDLE,IDLE,IDLE,IDLE,IDLE,IDLE,IDLE,IDLE,IDLE,IDLE,IDLE,IDLE,IDLE,IDLE,IDLE,IDLE,IDLE,IDLE,IDLE,IDLE
371,2024-01-16 11:00:01,0.00,0.00,0,0.0000,0.0000,0.00,0.9998,0.9999,0.9997,0.9997,0.9998,0.9998,0.9998,0.9997,0.9998,0.9998,0.9999,0.9997,0.9998,0.9999,0.9998,0.9999,0.9998,0.9998,0.9998,0.9998,0.9998,0.9998,0.9999,0.9998,0.9998,0.9998,0.9998,0.9998,0.9998,0.9997,0.9998,0.9998,0.9998,0.9998,0.9998,0.9997,0.9996,0.9998,0.9998,0.9998,0.9998,0.9998,0.9998,0.9998,0.9997,0.9997,0.9998,0.9999,0.9998,0.9999,0.1622,0.1872,0.1898,0.1763,0.1969,0.1614,0.1677,0.1781,0.1623,0.1490,0.1997,0.1315,0.1870,0.1542,0.1730,0.1542,0.1970,0.1985,0.1753,0.1642,0.1937,0.1970,0.1982,0.1980,0.1844,0.1987,0.1970,0.1490,0.1759,0.1861,0.1491,0.1286,0.1623,0.1668,0.1993,0.1763,0.1879,0.1286,0.1709,0.1911,0.1677,0.1626,0.1409,0.1980,0.1412,0.1557,0.1569,0.1581,0.1373,0.1646,IDLE,IDLE,IDLE,IDLE,IDLE,IDLE,IDLE,IDLE,IDLE,IDLE,IDLE,IDLE,IDLE,IDLE,IDLE,IDLE,IDLE,IDLE,IDLE,IDLE,IDLE,IDLE,IDLE,IDLE,IDLE,IDLE,IDLE,IDLE,IDLE,IDLE,IDLE,IDLE,IDLE,IDLE,IDLE,IDLE,IDLE,IDLE,IDLE,IDLE,IDLE,IDLE,IDLE,IDLE,IDLE,IDLE,IDLE,IDLE,IDLE,IDLE
372,2024-01-16 12:00:01,0.00,0.00,0,0.0000,0.0000,0.00,0.9998,0.9999,0.9997,0.9997,0.9998,0.9998,0.9998,0.9997,0.9998,0.9998,0.9999,0.9997,0.9998,0.9999,0.9998,0.9999,0.9998,0.9998,0.9998,0.9998,0.9998,0.9998,0.9999,0.9998,0.9998,0.9998,0.9998,0.9998,0.9998,0.9997,0.9998,0.9998,0.9998,0.9998,0.9998,0.9997,0.9996,0.9998,0.9998,0.9998,0.9998,0.9998,0.9998,0.9998,0.9997,0.9997,0.9998,0.9999,0.9998,0.9999,0.1622,0.1872,0.1898,0.1763,0.1969,0.1614,0.1677,0.1781,0.1623,0.1490,0.1997,0.1315,0.1870,0.1542,0.1730,0.1542,0.1970,0.1985,0.1753,0.1642,0.1937,0.1970,0.1982,0.1980,0.1844,0.1987,0.1970,0.1490,0.1759,0.1861,0.1491,0.1286,0.1623,0.1668,0.1993,0.1763,0.1879,0.1286,0.1709,0.1911,0.1677,0.1626,0.1409,0.1980,0.1412,0.1557,0.1569,0.1581,0.1373,0.1646,IDLE,IDLE,IDLE,IDLE,IDLE,IDLE,IDLE,IDLE,IDLE,IDLE,IDLE,IDLE,IDLE,IDLE,IDLE,IDLE,IDLE,IDLE,IDLE,IDLE,IDLE,IDLE,IDLE,IDLE,IDLE,IDLE,IDLE,IDLE,IDLE,IDLE,IDLE,IDLE,IDLE,IDLE,IDLE,IDLE,IDLE,IDLE,IDLE,IDLE,IDLE,IDLE,IDLE,IDLE,IDLE,IDLE,IDLE,IDLE,IDLE,IDLE
373,2024-01-16 13:00:01,0.00,0.00,0,0.0000,0.0000,0.00,0.9998,0.9999,0.9997,0.9997,0.9998,0.9998,0.9998,0.9997,0.9998,0.9998,0.9999,0.9997,0.9998,0.9999,0.9998,0.9999,0.9998,0.9998,0.9998,0.9998,0.9998,0.9998,0.9999,0.9998,0.9998,0.9998,0.9998,0.9998,0.9998,0.9997,0.9998,0.9998,0.9998,0.9998,0.9998,0.9997,0.9996,0.9998,0.9998,0.9998,0.9998,0.9998,0.9998,0.9998,0.9997,0.9997,0.9998,0.9999,0.9998,0.9999,0.1622,0.1872,0.1898,0.1763,0.1969,0.1614,0.1677,0.1781,0.1623,0.1490,0.1997,0.1315,0.1870,0.1542,0.1730,0.1542,0.1970,0.1985,0.1753,0.1642,0.1937,0.1970,0.1982,0.1980,0.1844,0.1987,0.1970,0.1490,0.1759,0.1861,0.1491,0.1286,0.1623,0.1668,0.1993,0.1763,0.1879,0.1286,0.1709,0.1911,0.1677,0.1626,0.1409,0.1980,0.1412,0.1557,0.1569,0.1581,0.1373,0.1646,IDLE,IDLE,IDLE,IDLE,IDLE,IDLE,IDLE,IDLE,IDLE,IDLE,IDLE,IDLE,IDLE,IDLE,IDLE,IDLE,IDLE,IDLE,IDLE,IDLE,IDLE,IDLE,IDLE,IDLE,IDLE,IDLE,IDLE,IDLE,IDLE,IDLE,IDLE,IDLE,IDLE,IDLE,IDLE,IDLE,IDLE,IDLE,IDLE,IDLE,IDLE,IDLE,IDLE,IDLE,IDLE,IDLE,IDLE,IDLE,IDLE,IDLE
374,2024-01-16 14:00:01,0.00,0.00,0,0.0000,0.0000,0.00,0.9998,0.9999,0.9997,0.9997,0.9998,0.9998,0.9998,0.9997,0.9998,0.9998,0.9999,0.9997,0.9998,0.9999,0.9998,0.9999,0.9998,0.9998,0.9998,0.9998,0.9998,0.9998,0.9999,0.9998,0.9998,0.9998,0.9998,0.9998,0.9998,0.9997,0.9998,0.9998,0.9998,0.9998,0.9998,0.9997,0.9996,0.9998,0.9998,0.9998,0.9998,0.9998,0.9998,0.9998,0.9997,0.9997,0.9998,0.9999,0.9998,0.9999,0.1622,0.1872,0.1898,0.1763,0.1969,0.1614,0.1677,0.1781,0.1623,0.1490,0.1997,0.1315,0.1870,0.1542,0.1730,0.1542,0.1970,0.1985,0.1753,0.1642,0.1937,0.1970,0.1982,0.1980,0.1844,0.1987,0.1970,0.1490,0.1759,0.1861,0.1491,0.1286,0.1623,0.1668,0.1993,0.1763,0.1879,0.1286,0.1709,0.1911,0.1677,0.1626,0.1409,0.1980,0.1412,0.1557,0.1569,0.1581,0.1373,0.1646,IDLE,IDLE,IDLE,IDLE,IDLE,IDLE,IDLE,IDLE,IDLE,IDLE,IDLE,IDLE,IDLE,IDLE,IDLE,IDLE,IDLE,IDLE,IDLE,IDLE,IDLE,IDLE,IDLE,IDLE,IDLE,IDLE,IDLE,IDLE,IDLE,IDLE,IDLE,IDLE,IDLE,IDLE,IDLE,IDLE,IDLE,IDLE,IDLE,IDLE,IDLE,IDLE,IDLE,IDLE,IDLE,IDLE,IDLE,IDLE,IDLE,IDLE
375,2024-01-16 15:00:01,0.00,0.00,0,0.0000,0.0000,0.00,0.9998,0.9999,0.9997,0.9997,0.9998,0.9998,0.9998,0.9997,0.9998,0.9998,0.9999,0.9997,0.9998,0.9999,0.9998,0.9999,0.9998,0.9998,0.9998,0.9998,0.9998,0.9998,0.9999,0.9998,0.9998,0.9998,0.9998,0.9998,0.9998,0.9997,0.9998,0.9998,0.9998,0.9998,0.9998,0.9997,0.9996,0.9998,0.9998,0.9998,0.9998,0.9998,0.9998,0.9998,0.9997,0.9997,0.9998,0.9999,0.9998,0.9999,0.1622,0.1872,0.1898,0.1763,0.1969,0.1614,0.1677,0.1781,0.1623,0.1490,0.1997,0.1315,0.1870,0.1542,0.1730,0.1542,0.1970,0.1985,0.1753,0.1642,0.1937,0.1970,0.1982,0.1980,0.1844,0.1987,0.1970,0.1490,0.1759,0.1861,0.1491,0.1286,0.1623,0.1668,0.1993,0.1763,0.1879,0.1286,0.1709,0.1911,0.1677,0.1626,0.1409,0.1980,0.1412,0.1557,0.1569,0.1581,0.1373,0.1646,IDLE,IDLE,IDLE,IDLE,IDLE,IDLE,IDLE,IDLE,IDLE,IDLE,IDLE,IDLE,IDLE,IDLE,IDLE,IDLE,IDLE,IDLE,IDLE,IDLE,IDLE,IDLE,IDLE,IDLE,IDLE,IDLE,IDLE,IDLE,IDLE,IDLE,IDLE,IDLE,IDLE,IDLE,IDLE,IDLE,IDLE,IDLE,IDLE,IDLE,IDLE,IDLE,IDLE,IDLE,IDLE,IDLE,IDLE,IDLE,IDLE,IDLE
376,2024-01-16 16:00:01,0.00,0.00,0,0.0000,0.0000,0.00,0.9998,0.9999,0.9997,0.9997,0.9998,0.9998,0.9998,0.9997,0.9998,0.9998,0.9999,0.9997,0.9998,0.9999,0.9998,0.9999,0.9998,0.9998,0.9998,0.9998,0.9998,0.9998,0.9999,0.9998,0.9998,0.9998,0.9998,0.9998,0.9998,0.9997,0.9998,0.9998,0.9998,0.9998,0.9998,0.9997,0.9996,0.9998,0.9998,0.9998,0.9998,0.9998,0.9998,0.9998,0.9997,0.9997,0.9998,0.9999,0.9998,0.9999,0.1622,0.1872,0.1898,0.1763,0.1969,0.1614,0.1677,0.1781,0.1623,0.1490,0.1997,0.1315,0.1870,0.1542,0.1730,0.1542,0.1970,0.1985,0.1753,0.1642,0.1937,0.1970,0.1982,0.1980,0.1844,0.1987,0.1970,0.1490,0.1759,0.1861,0.1491,0.1286,0.1623,0.1668,0.1993,0.1763,0.1879,0.1286,0.1709,0.1911,0.1677,0.1626,0.1409,0.1980,0.1412,0.1557,0.1569,0.1581,0.1373,0.1646,IDLE,IDLE,IDLE,IDLE,IDLE,IDLE,IDLE,IDLE,IDLE,IDLE,IDLE,IDLE,IDLE,IDLE,IDLE,IDLE,IDLE,IDLE,IDLE,IDLE,IDLE,IDLE,IDLE,IDLE,IDLE,IDLE,IDLE,IDLE,IDLE,IDLE,IDLE,IDLE,IDLE,IDLE,IDLE,IDLE,IDLE,IDLE,IDLE,IDLE,IDLE,IDLE,IDLE,IDLE,IDLE,IDLE,IDLE,IDLE,IDLE,IDLE
377,2024-01-16 17:00:01,0.00,0.00,0,0.0000,0.0000,0.00,0.9998,0.9999,0.9997,0.9997,0.9998,0.9998,0.9998,0.9997,0.9998,0.9998,0.9999,0.9997,0.9998,0.9999,0.9998,0.9999,0.9998,0.9998,0.9998,0.9998,0.9998,0.9998,0.9999,0.9998,0.9998,0.9998,0.9998,0.9998,0.9998,0.9997,0.9998,0.9998,0.9998,0.9998,0.9998,0.9997,0.9996,0.9998,0.9998,0.9998,0.9998,0.9998,0.9998,0.9998,0.9997,0.9997,0.9998,0.9999,0.9998,0.9999,0.1622,0.1872,0.1898,0.1763,0.1969,0.1614,0.1677,0.1781,0.1623,0.1490,0.1997,0.1315,0.1870,0.1542,0.1730,0.1542,0.1970,0.1985,0.1753,0.1642,0.1937,0.1970,0.1982,0.1980,0.1844,0.1987,0.1970,0.1490,0.1759,0.1861,0.1491,0.1286,0.1623,0.1668,0.1993,0.1763,0.1879,0.1286,0.1709,0.1911,0.1677,0.1626,0.1409,0.1980,0.1412,0.1557,0.1569,0.1581,0.1373,0.1646,IDLE,IDLE,IDLE,IDLE,IDLE,IDLE,IDLE,IDLE,IDLE,IDLE,IDLE,IDLE,IDLE,IDLE,IDLE,IDLE,IDLE,IDLE,IDLE,IDLE,IDLE,IDLE,IDLE,IDLE,IDLE,IDLE,IDLE,IDLE,IDLE,IDLE,IDLE,IDLE,IDLE,IDLE,IDLE,IDLE,IDLE,IDLE,IDLE,IDLE,IDLE,IDLE,IDLE,IDLE,IDLE,IDLE,IDLE,IDLE,IDLE,IDLE
378,2024-01-16 18:00:01,0.00,0.00,0,0.0000,0.0000,0.00,0.9998,0.9999,0.9997,0.9997,0.9998,0.9998,0.9998,0.9997,0.9998,0.9998,0.9999,0.9997,0.9998,0.9999,0.9998,0.9999,0.9998,0.9998,0.9998,0.9998,0.9998,0.9998,0.9999,0.9998,0.9998,0.9998,0.9998,0.9998,0.9998,0.9997,0.9998,0.9998,0.9998,0.9998,0.9998,0.9997,0.9996,0.9998,0.9998,0.9998,0.9998,0.9998,0.9998,0.9998,0.9997,0.9997,0.9998,0.9999,0.9998,0.9999,0.1622,0.1872,0.1898,0.1763,0.1969,0.1614,0.1677,0.1781,0.1623,0.1490,0.1997,0.1315,0.1870,0.1542,0.1730,0.1542,0.1970,0.1985,0.1753,0.1642,0.1937,0.1970,0.1982,0.1980,0.1844,0.1987,0.1970,0.1490,0.1759,0.1861,0.1491,0.1286,0.1623,0.1668,0.1993,0.1763,0.1879,0.1286,0.1709,0.1911,0.1677,0.1626,0.1409,0.1980,0.1412,0.1557,0.1569,0.1581,0.1373,0.1646,IDLE,IDLE,IDLE,IDLE,IDLE,IDLE,IDLE,IDLE,IDLE,IDLE,IDLE,IDLE,IDLE,IDLE,IDLE,IDLE,IDLE,IDLE,IDLE,IDLE,IDLE,IDLE,IDLE,IDLE,IDLE,IDLE,IDLE,IDLE,IDLE,IDLE,IDLE,IDLE,IDLE,IDLE,IDLE,IDLE,IDLE,IDLE,IDLE,IDLE,IDLE,IDLE,IDLE,IDLE,IDLE,IDLE,IDLE,IDLE,IDLE,IDLE
379,2024-01-16 19:00:01,0.00,0.00,0,0.0000,0.0000,0.00,0.9998,0.9999,0.9997,0.9997,0.9998,0.9998,0.9998,0.9997,0.9998,0.9998,0.9999,0.9997,0.9998,0.9999,0.9998,0.9999,0.9998,0.9998,0.9998,0.9998,0.9998,0.9998,0.9999,0.9998,0.9998,0.9998,0.9998,0.9998,0.9998,0.9997,0.9998,0.9998,0.9998,0.9998,0.9998,0.9997,0.9996,0.9998,0.9998,0.9998,0.9998,0.9998,0.9998,0.9998,0.9997,0.9997,0.9998,0.9999,0.9998,0.9999,0.1622,0.1872,0.1898,0.1763,0.1969,0.1614,0.1677,0.1781,0.1623,0.1490,0.1997,0.1315,0.1870,0.1542,0.1730,0.1542,0.1970,0.1985,0.1753,0.1642,0.1937,0.1970,0.1982,0.1980,0.1844,0.1987,0.1970,0.1490,0.1759,0.1861,0.1491,0.1286,0.1623,0.1668,0.1993,0.1763,0.1879,0.1286,0.1709,0.1911,0.1677,0.1626,0.1409,0.1980,0.1412,0.1557,0.1569,0.1581,0.1373,0.1646,IDLE,IDLE,IDLE,IDLE,IDLE,IDLE,IDLE,IDLE,IDLE,IDLE,IDLE,IDLE,IDLE,IDLE,IDLE,IDLE,IDLE,IDLE,IDLE,IDLE,IDLE,IDLE,IDLE,IDLE,IDLE,IDLE,IDLE,IDLE,IDLE,IDLE,IDLE,IDLE,IDLE,IDLE,IDLE,IDLE,IDLE,IDLE,IDLE,IDLE,IDLE,IDLE,IDLE,IDLE,IDLE,IDLE,IDLE,IDLE,IDLE,IDLE
380,2024-01-16 20:00:01,0.00,0.00,0,0.0000,0.0000,0.00,0.9998,0.9999,0.9997,0.9997,0.9998,0.9998,0.9998,0.9997,0.9998,0.9998,0.9999,0.9997,0.9998,0.9999,0.9998,0.9999,0.9998,0.9998,0.9998,0.9998,0.9998,0.9998,0.9999,0.9998,0.9998,0.9998,0.9998,0.9998,0.9998,0.9997,0.9998,0.9998,0.9998,0.9998,0.9998,0.9997,0.9996,0.9998,0.9998,0.9998,0.9998,0.9998,0.9998,0.9998,0.9997,0.9997,0.9998,0.9999,0.9998,0.9999,0.1622,0.1872,0.1898,0.1763,0.1969,0.1614,0.1677,0.1781,0.1623,0.1490,0.1997,0.1315,0.1870,0.1542,0.1730,0.1542,0.1970,0.1985,0.1753,0.1642,0.1937,0.1970,0.1982,0.1980,0.1844,0.1987,0.1970,0.1490,0.1759,0.1861,0.1491,0.1286,0.1623,0.1668,0.1993,0.1763,0.1879,0.1286,0.1709,0.1911,0.1677,0.1626,0.1409,0.1980,0.1412,0.1557,0.1569,0.1581,0.1373,0.1646,IDLE,IDLE,IDLE,IDLE,IDLE,IDLE,IDLE,IDLE,IDLE,IDLE,IDLE,IDLE,IDLE,IDLE,IDLE,IDLE,IDLE,IDLE,IDLE,IDLE,IDLE,IDLE,IDLE,IDLE,IDLE,IDLE,IDLE,IDLE,IDLE,IDLE,IDLE,IDLE,IDLE,IDLE,IDLE,IDLE,IDLE,IDLE,IDLE,IDLE,IDLE,IDLE,IDLE,IDLE,IDLE,IDLE,IDLE,IDLE,IDLE,IDLE
381,2024-01-16 21:00:01,0.00,0.00,0,0.0000,0.0000,0.00,0.9998,0.9999,0.9997,0.9997,0.9998,0.9998,0.9998,0.9997,0.9998,0.9998,0.9999,0.9997,0.9998,0.9999,0.9998,0.9999,0.9998,0.9998,0.9998,0.9998,0.9998,0.9998,0.9999,0.9998,0.9998,0.9998,0.9998,0.9998,0.9998,0.9997,0.9998,0.9998,0.9998,0.9998,0.9998,0.9997,0.9996,0.9998,0.9998,0.9998,0.9998,0.9998,0.9998,0.9998,0.9997,0.9997,0.9998,0.9999,0.9998,0.9999,0.1622,0.1872,0.1898,0.1763,0.1969,0.1614,0.1677,0.1781,0.1623,0.1490,0.1997,0.1315,0.1870,0.1542,0.1730,0.1542,0.1970,0.1985,0.1753,0.1642,0.1937,0.1970,0.1982,0.1980,0.1844,0.1987,0.1970,0.1490,0.1759,0.1861,0.1491,0.1286,0.1623,0.1668,0.1993,0.1763,0.1879,0.1286,0.1709,0.1911,0.1677,0.1626,0.1409,0.1980,0.1412,0.1557,0.1569,0.1581,0.1373,0.1646,IDLE,IDLE,IDLE,IDLE,IDLE,IDLE,IDLE,IDLE,IDLE,IDLE,IDLE,IDLE,IDLE,IDLE,IDLE,IDLE,IDLE,IDLE,IDLE,IDLE,IDLE,IDLE,IDLE,IDLE,IDLE,IDLE,IDLE,IDLE,IDLE,IDLE,IDLE,IDLE,IDLE,IDLE,IDLE,IDLE,IDLE,IDLE,IDLE,IDLE,IDLE,IDLE,IDLE,IDLE,IDLE,IDLE,IDLE,IDLE,IDLE,IDLE
382,2024-01-16 22:00:01,0.00,0.00,0,0.0000,0.0000,0.00,0.9998,0.9999,0.9997,0.9997,0.9998,0.9998,0.9998,0.9997,0.9998,0.9998,0.9999,0.9997,0.9998,0.9999,0.9998,0.9999,0.9998,0.9998,0.9998,0.9998,0.9998,0.9998,0.9999,0.9998,0.9998,0.9998,0.9998,0.9998,0.9998,0.9997,0.9998,0.9998,0.9998,0.9998,0.9998,0.9997,0.9996,0.9998,0.9998,0.9998,0.9998,0.9998,0.9998,0.9998,0.9997,0.9997,0.9998,0.9999,0.9998,0.9999,0.1622,0.1872,0.1898,0.1763,0.1969,0.1614,0.1677,0.1781,0.1623,0.1490,0.1997,0.1315,0.1870,0.1542,0.1730,0.1542,0.1970,0.1985,0.1753,0.1642,0.1937,0.1970,0.1982,0.1980,0.1844,0.1987,0.1970,0.1490,0.1759,0.1861,0.1491,0.1286,0.1623,0.1668,0.1993,0.1763,0.1879,0.1286,0.1709,0.1911,0.1677,0.1626,0.1409,0.1980,0.1412,0.1557,0.1569,0.1581,0.1373,0.1646,IDLE,IDLE,IDLE,IDLE,IDLE,IDLE,IDLE,IDLE,IDLE,IDLE,IDLE,IDLE,IDLE,IDLE,IDLE,IDLE,IDLE,IDLE,IDLE,IDLE,IDLE,IDLE,IDLE,IDLE,IDLE,IDLE,IDLE,IDLE,IDLE,IDLE,IDLE,IDLE,IDLE,IDLE,IDLE,IDLE,IDLE,IDLE,IDLE,IDLE,IDLE,IDLE,IDLE,IDLE,IDLE,IDLE,IDLE,IDLE,IDLE,IDLE
383,2024-01-16 23:00:01,0.00,0.00,0,0.0000,0.0000,0.00,0.9998,0.9999,0.9997,0.9997,0.9998,0.9998,0.9998,0.9997,0.9998,0.9998,0.9999,0.9997,0.9998,0.9999,0.9998,0.9999,0.9998,0.9998,0.9998,0.9998,0.9998,0.9998,0.9999,0.9998,0.9998,0.9998,0.9998,0.9998,0.9998,0.9997,0.9998,0.9998,0.9998,0.9998,0.9998,0.9997,0.9996,0.9998,0.9998,0.9998,0.9998,0.9998,0.9998,0.9998,0.9997,0.9997,0.9998,0.9999,0.9998,0.9999,0.1622,0.1872,0.1898,0.1763,0.1969,0.1614,0.1677,0.1781,0.1623,0.1490,0.1997,0.1315,0.1870,0.1542,0.1730,0.1542,0.1970,0.1985,0.1753,0.1642,0.1937,0.1970,0.1982,0.1980,0.1844,0.1987,0.1970,0.1490,0.1759,0.1861,0.1491,0.1286,0.1623,0.1668,0.1993,0.1763,0.1879,0.1286,0.1709,0.1911,0.1677,0.1626,0.1409,0.1980,0.1412,0.1557,0.1569,0.1581,0.1373,0.1646,IDLE,IDLE,IDLE,IDLE,IDLE,IDLE,IDLE,IDLE,IDLE,IDLE,IDLE,IDLE,IDLE,IDLE,IDLE,IDLE,IDLE,IDLE,IDLE,IDLE,IDLE,IDLE,IDLE,IDLE,IDLE,IDLE,IDLE,IDLE,IDLE,IDLE,IDLE,IDLE,IDLE,IDLE,IDLE,IDLE,IDLE,IDLE,IDLE,IDLE,IDLE,IDLE,IDLE,IDLE,IDLE,IDLE,IDLE,IDLE,IDLE,IDLE
384,2024-01-17 00:00:01,0.00,0.00,0,0.0000,0.0000,0.00,0.9998,0.9999,0.9997,0.9997,0.9998,0.9998,0.9998,0.9997,0.9998,0.9998,0.9999,0.9997,0.9998,0.9999,0.9998,0.9999,0.9998,0.9998,0.9998,0.9998,0.9998,0.9998,0.9999,0.9998,0.9998,0.9998,0.9998,0.9998,0.9998,0.9997,0.9998,0.9998,0.9998,0.9998,0.9998,0.9997,0.9996,0.9998,0.9998,0.9998,0.9998,0.9998,0.9998,0.9998,0.9997,0.9997,0.9998,0.9999,0.9998,0.9999,0.1622,0.1872,0.1898,0.1763,0.1969,0.1614,0.1677,0.1781,0.1623,0.1490,0.1997,0.1315,0.1870,0.1542,0.1730,0.1542,0.1970,0.1985,0.1753,0.1642,0.1937,0.1970,0.1982,0.1980,0.1844,0.1987,0.1970,0.1490,0.1759,0.1861,0.1491,0.1286,0.1623,0.1668,0.1993,0.1763,0.1879,0.1286,0.1709,0.1911,0.1677,0.1626,0.1409,0.1980,0.1412,0.1557,0.1569,0.1581,0.1373,0.1646,IDLE,IDLE,IDLE,IDLE,IDLE,IDLE,IDLE,IDLE,IDLE,IDLE,IDLE,IDLE,IDLE,IDLE,IDLE,IDLE,IDLE,IDLE,IDLE,IDLE,IDLE,IDLE,IDLE,IDLE,IDLE,IDLE,IDLE,IDLE,IDLE,IDLE,IDLE,IDLE,IDLE,IDLE,IDLE,IDLE,IDLE,IDLE,IDLE,IDLE,IDLE,IDLE,IDLE,IDLE,IDLE,IDLE,IDLE,IDLE,IDLE,IDLE
385,2024-01-17 01:00:01,0.00,0.00,0,0.0000,0.0000,0.00,0.9998,0.9999,0.9997,0.9997,0.9998,0.9998,0.9998,0.9997,0.9998,0.9998,0.9999,0.9997,0.9998,0.9999,0.9998,0.9999,0.9998,0.9998,0.9998,0.9998,0.9998,0.9998,0.9999,0.9998,0.9998,0.9998,0.9998,0.9998,0.9998,0.9997,0.9998,0.9998,0.9998,0.9998,0.9998,0.9997,0.9996,0.9998,0.9998,0.9998,0.9998,0.9998,0.9998,0.9998,0.9997,0.9997,0.9998,0.9999,0.9998,0.9999,0.1622,0.1872,0.1898,0.1763,0.1969,0.1614,0.1677,0.1781,0.1623,0.1490,0.1997,0.1315,0.1870,0.1542,0.1730,0.1542,0.1970,0.1985,0.1753,0.1642,0.1937,0.1970,0.1982,0.1980,0.1844,0.1987,0.1970,0.1490,0.1759,0.1861,0.1491,0.1286,0.1623,0.1668,0.1993,0.1763,0.1879,0.1286,0.1709,0.1911,0.1677,0.1626,0.1409,0.1980,0.1412,0.1557,0.1569,0.1581,0.1373,0.1646,IDLE,IDLE,IDLE,IDLE,IDLE,IDLE,IDLE,IDLE,IDLE,IDLE,IDLE,IDLE,IDLE,IDLE,IDLE,IDLE,IDLE,IDLE,IDLE,IDLE,IDLE,IDLE,IDLE,IDLE,IDLE,IDLE,IDLE,IDLE,IDLE,IDLE,IDLE,IDLE,IDLE,IDLE,IDLE,IDLE,IDLE,IDLE,IDLE,IDLE,IDLE,IDLE,IDLE,IDLE,IDLE,IDLE,IDLE,IDLE,IDLE,IDLE
386,2024-01-17 02:00:01,0.00,0.00,0,0.0000,0.0000,0.00,0.9998,0.9999,0.9997,0.9997,0.9998,0.9998,0.9998,0.9997,0.9998,0.9998,0.9999,0.9997,0.9998,0.9999,0.9998,0.9999,0.9998,0.9998,0.9998,0.9998,0.9998,0.9998,0.9999,0.9998,0.9998,0.9998,0.9998,0.9998,0.9998,0.9997,0.9998,0.9998,0.9998,0.9998,0.9998,0.9997,0.9996,0.9998,0.9998,0.9998,0.9998,0.9998,0.9998,0.9998,0.9997,0.9997,0.9998,0.9999,0.9998,0.9999,0.1622,0.1872,0.1898,0.1763,0.1969,0.1614,0.1677,0.1781,0.1623,0.1490,0.1997,0.1315,0.1870,0.1542,0.1730,0.1542,0.1970,0.1985,0.1753,0.1642,0.1937,0.1970,0.1982,0.1980,0.1844,0.1987,0.1970,0.1490,0.1759,0.1861,0.1491,0.1286,0.1623,0.1668,0.1993,0.1763,0.1879,0.1286,0.1709,0.1911,0.1677,0.1626,0.1409,0.1980,0.1412,0.1557,0.1569,0.1581,0.1373,0.1646,IDLE,IDLE,IDLE,IDLE,IDLE,IDLE,IDLE,IDLE,IDLE,IDLE,IDLE,IDLE,IDLE,IDLE,IDLE,IDLE,IDLE,IDLE,IDLE,IDLE,IDLE,IDLE,IDLE,IDLE,IDLE,IDLE,IDLE,IDLE,IDLE,IDLE,IDLE,IDLE,IDLE,IDLE,IDLE,IDLE,IDLE,IDLE,IDLE,IDLE,IDLE,IDLE,IDLE,IDLE,IDLE,IDLE,IDLE,IDLE,IDLE,IDLE
387,2024-01-17 03:00:01,0.00,0.00,0,0.0000,0.0000,0.00,0.9998,0.9999,0.9997,0.9997,0.9998,0.9998,0.9998,0.9997,0.9998,0.9998,0.9999,0.9997,0.9998,0.9999,0.9998,0.9999,0.9998,0.9998,0.9998,0.9998,0.9998,0.9998,0.9999,0.9998,0.9998,0.9998,0.9998,0.9998,0.9998,0.9997,0.9998,0.9998,0.9998,0.9998,0.9998,0.9997,0.9996,0.9998,0.9998,0.9998,0.9998,0.9998,0.9998,0.9998,0.9997,0.9997,0.9998,0.9999,0.9998,0.9999,0.1622,0.1872,0.1898,0.1763,0.1969,0.1614,0.1677,0.1781,0.1623,0.1490,0.1997,0.1315,0.1870,0.1542,0.1730,0.1542,0.1970,0.1985,0.1753,0.1642,0.1937,0.1970,0.1982,0.1980,0.1844,0.1987,0.1970,0.1490,0.1759,0.1861,0.1491,0.1286,0.1623,0.1668,0.1993,0.1763,0.1879,0.1286,0.1709,0.1911,0.1677,0.1626,0.1409,0.1980,0.1412,0.1557,0.1569,0.1581,0.1373,0.1646,IDLE,IDLE,IDLE,IDLE,IDLE,IDLE,IDLE,IDLE,IDLE,IDLE,IDLE,IDLE,IDLE,IDLE,IDLE,IDLE,IDLE,IDLE,IDLE,IDLE,IDLE,IDLE,IDLE,IDLE,IDLE,IDLE,IDLE,IDLE,IDLE,IDLE,IDLE,IDLE,IDLE,IDLE,IDLE,IDLE,IDLE,IDLE,IDLE,IDLE,IDLE,IDLE,IDLE,IDLE,IDLE,IDLE,IDLE,IDLE,IDLE,IDLE
388,2024-01-17 04:00:01,0.00,0.00,0,0.0000,0.0000,0.00,0.9998,0.9999,0.9997,0.9997,0.9998,0.9998,0.9998,0.9997,0.9998,0.9998,0.9999,0.9997,0.9998,0.9999,0.9998,0.9999,0.9998,0.9998,0.9998,0.9998,0.9998,0.9998,0.9999,0.9998,0.9998,0.9998,0.9998,0.9998,0.9998,0.9997,0.9998,0.9998,0.9998,0.9998,0.9998,0.9997,0.9996,0.9998,0.9998,0.9998,0.9998,0.9998,0.9998,0.9998,0.9997,0.9997,0.9998,0.9999,0.9998,0.9999,0.1622,0.1872,0.1898,0.1763,0.1969,0.1614,0.1677,0.1781,0.1623,0.1490,0.1997,0.1315,0.1870,0.1542,0.1730,0.1542,0.1970,0.1985,0.1753,0.1642,0.1937,0.1970,0.1982,0.1980,0.1844,0.1987,0.1970,0.1490,0.1759,0.1861,0.1491,0.1286,0.1623,0.1668,0.1993,0.1763,0.1879,0.1286,0.1709,0.1911,0.1677,0.1626,0.1409,0.1980,0.1412,0.1557,0.1569,0.1581,0.1373,0.1646,IDLE,IDLE,IDLE,IDLE,IDLE,IDLE,IDLE,IDLE,IDLE,IDLE,IDLE,IDLE,IDLE,IDLE,IDLE,IDLE,IDLE,IDLE,IDLE,IDLE,IDLE,IDLE,IDLE,IDLE,IDLE,IDLE,IDLE,IDLE,IDLE,IDLE,IDLE,IDLE,IDLE,IDLE,IDLE,IDLE,IDLE,IDLE,IDLE,IDLE,IDLE,IDLE,IDLE,IDLE,IDLE,IDLE,IDLE,IDLE,IDLE,IDLE
389,2024-01-17 05:00:01,0.00,0.00,0,0.0000,0.0000,0.00,0.9998,0.9999,0.9997,0.9997,0.9998,0.9998,0.9998,0.9997,0.9998,0.9998,0.9999,0.9997,0.9998,0.9999,0.9998,0.9999,0.9998,0.9998,0.9998,0.9998,0.9998,0.9998,0.9999,0.9998,0.9998,0.9998,0.9998,0.9998,0.9998,0.9997,0.9998,0.9998,0.9998,0.9998,0.9998,0.9997,0.9996,0.9998,0.9998,0.9998,0.9998,0.9998,0.9998,0.9998,0.9997,0.9997,0.9998,0.9999,0.9998,0.9999,0.1622,0.1872,0.1898,0.1763,0.1969,0.1614,0.1677,0.1781,0.1623,0.1490,0.1997,0.1315,0.1870,0.1542,0.1730,0.1542,0.1970,0.1985,0.1753,0.1642,0.1937,0.1970,0.1982,0.1980,0.1844,0.1987,0.1970,0.1490,0.1759,0.1861,0.1491,0.1286,0.1623,0.1668,0.1993,0.1763,0.1879,0.1286,0.1709,0.1911,0.1677,0.1626,0.1409,0.1980,0.1412,0.1557,0.1569,0.1581,0.1373,0.1646,IDLE,IDLE,IDLE,IDLE,IDLE,IDLE,IDLE,IDLE,IDLE,IDLE,IDLE,IDLE,IDLE,IDLE,IDLE,IDLE,IDLE,IDLE,IDLE,IDLE,IDLE,IDLE,IDLE,IDLE,IDLE,IDLE,IDLE,IDLE,IDLE,IDLE,IDLE,IDLE,IDLE,IDLE,IDLE,IDLE,IDLE,IDLE,IDLE,IDLE,IDLE,IDLE,IDLE,IDLE,IDLE,IDLE,IDLE,IDLE,IDLE,IDLE
390,2024-01-17 06:00:01,0.00,0.00,0,0.0000,0.0000,0.00,0.9998,0.9999,0.9997,0.9997,0.9998,0.9998,0.9998,0.9997,0.9998,0.9998,0.9999,0.9997,0.9998,0.9999,0.9998,0.9999,0.9998,0.9998,0.9998,0.9998,0.9998,0.9998,0.9999,0.9998,0.9998,0.9998,0.9998,0.9998,0.9998,0.9997,0.9998,0.9998,0.9998,0.9998,0.9998,0.9997,0.9996,0.9998,0.9998,0.9998,0.9998,0.9998,0.9998,0.9998,0.9997,0.9997,0.9998,0.9999,0.9998,0.9999,0.1622,0.1872,0.1898,0.1763,0.1969,0.1614,0.1677,0.1781,0.1623,0.1490,0.1997,0.1315,0.1870,0.1542,0.1730,0.1542,0.1970,0.1985,0.1753,0.1642,0.1937,0.1970,0.1982,0.1980,0.1844,0.1987,0.1970,0.1490,0.1759,0.1861,0.1491,0.1286,0.1623,0.1668,0.1993,0.1763,0.1879,0.1286,0.1709,0.1911,0.1677,0.1626,0.1409,0.1980,0.1412,0.1557,0.1569,0.1581,0.1373,0.1646,IDLE,IDLE,IDLE,IDLE,IDLE,IDLE,IDLE,IDLE,IDLE,IDLE,IDLE,IDLE,IDLE,IDLE,IDLE,IDLE,IDLE,IDLE,IDLE,IDLE,IDLE,IDLE,IDLE,IDLE,IDLE,IDLE,IDLE,IDLE,IDLE,IDLE,IDLE,IDLE,IDLE,IDLE,IDLE,IDLE,IDLE,IDLE,IDLE,IDLE,IDLE,IDLE,IDLE,IDLE,IDLE,IDLE,IDLE,IDLE,IDLE,IDLE
391,2024-01-17 07:00:01,0.00,0.00,0,0.0000,0.0000,0.00,0.9998,0.9999,0.9997,0.9997,0.9998,0.9998,0.9998,0.9997,0.9998,0.9998,0.9999,0.9997,0.9998,0.9999,0.9998,0.9999,0.9998,0.9998,0.9998,0.9998,0.9998,0.9998,0.9999,0.9998,0.9998,0.9998,0.9998,0.9998,0.9998,0.9997,0.9998,0.9998,0.9998,0.9998,0.9998,0.9997,0.9996,0.9998,0.9998,0.9998,0.9998,0.9998,0.9998,0.9998,0.9997,0.9997,0.9998,0.9999,0.9998,0.9999,0.1622,0.1872,0.1898,0.1763,0.1969,0.1614,0.1677,0.1781,0.1623,0.1490,0.1997,0.1315,0.1870,0.1542,0.1730,0.1542,0.1970,0.1985,0.1753,0.1642,0.1937,0.1970,0.1982,0.1980,0.1844,0.1987,0.1970,0.1490,0.1759,0.1861,0.1491,0.1286,0.1623,0.1668,0.1993,0.1763,0.1879,0.1286,0.1709,0.1911,0.1677,0.1626,0.1409,0.1980,0.1412,0.1557,0.1569,0.1581,0.1373,0.1646,IDLE,IDLE,IDLE,IDLE,IDLE,IDLE,IDLE,IDLE,IDLE,IDLE,IDLE,IDLE,IDLE,IDLE,IDLE,IDLE,IDLE,IDLE,IDLE,IDLE,IDLE,IDLE,IDLE,IDLE,IDLE,IDLE,IDLE,IDLE,IDLE,IDLE,IDLE,IDLE,IDLE,IDLE,IDLE,IDLE,IDLE,IDLE,IDLE,IDLE,IDLE,IDLE,IDLE,IDLE,IDLE,IDLE,IDLE,IDLE,IDLE,IDLE
392,2024-01-17 08:00:01,0.00,0.00,0,0.0000,0.0000,0.00,0.9998,0.9999,0.9997,0.9997,0.9998,0.9998,0.9998,0.9997,0.9998,0.9998,0.9999,0.9997,0.9998,0.9999,0.9998,0.9999,0.9998,0.9998,0.9998,0.9998,0.9998,0.9998,0.9999,0.9998,0.9998,0.9998,0.9998,0.9998,0.9998,0.9997,0.9998,0.9998,0.9998,0.9998,0.9998,0.9997,0.9996,0.9998,0.9998,0.9998,0.9998,0.9998,0.9998,0.9998,0.9997,0.9997,0.9998,0.9999,0.9998,0.9999,0.1622,0.1872,0.1898,0.1763,0.1969,0.1614,0.1677,0.1781,0.1623,0.1490,0.1997,0.1315,0.1870,0.1542,0.1730,0.1542,0.1970,0.1985,0.1753,0.1642,0.1937,0.1970,0.1982,0.1980,0.1844,0.1987,0.1970,0.1490,0.1759,0.1861,0.1491,0.1286,0.1623,0.1668,0.1993,0.1763,0.1879,0.1286,0.1709,0.1911,0.1677,0.1626,0.1409,0.1980,0.1412,0.1557,0.1569,0.1581,0.1373,0.1646,IDLE,IDLE,IDLE,IDLE,IDLE,IDLE,IDLE,IDLE,IDLE,IDLE,IDLE,IDLE,IDLE,IDLE,IDLE,IDLE,IDLE,IDLE,IDLE,IDLE,IDLE,IDLE,IDLE,IDLE,IDLE,IDLE,IDLE,IDLE,IDLE,IDLE,IDLE,IDLE,IDLE,IDLE,IDLE,IDLE,IDLE,IDLE,IDLE,IDLE,IDLE,IDLE,IDLE,IDLE,IDLE,IDLE,IDLE,IDLE,IDLE,IDLE
393,2024-01-17 09:00:01,0.00,0.00,0,0.0000,0.0000,0.00,0.9998,0.9999,0.9997,0.9997,0.9998,0.9998,0.9998,0.9997,0.9998,0.9998,0.9999,0.9997,0.9998,0.9999,0.9998,0.9999,0.9998,0.9998,0.9998,0.9998,0.9998,0.9998,0.9999,0.9998,0.9998,0.9998,0.9998,0.9998,0.9998,0.9997,0.9998,0.9998,0.9998,0.9998,0.9998,0.9997,0.9996,0.9998,0.9998,0.9998,0.9998,0.9998,0.9998,0.9998,0.9997,0.9997,0.9998,0.9999,0.9998,0.9999,0.1622,0.1872,0.1898,0.1763,0.1969,0.1614,0.1677,0.1781,0.1623,0.1490,0.1997,0.1315,0.1870,0.1542,0.1730,0.1542,0.1970,0.1985,0.1753,0.1642,0.1937,0.1970,0.1982,0.1980,0.1844,0.1987,0.1970,0.1490,0.1759,0.1861,0.1491,0.1286,0.1623,0.1668,0.1993,0.1763,0.1879,0.1286,0.1709,0.1911,0.1677,0.1626,0.1409,0.1980,0.1412,0.1557,0.1569,0.1581,0.1373,0.1646,IDLE,IDLE,IDLE,IDLE,IDLE,IDLE,IDLE,IDLE,IDLE,IDLE,IDLE,IDLE,IDLE,IDLE,IDLE,IDLE,IDLE,IDLE,IDLE,IDLE,IDLE,IDLE,IDLE,IDLE,IDLE,IDLE,IDLE,IDLE,IDLE,IDLE,IDLE,IDLE,IDLE,IDLE,IDLE,IDLE,IDLE,IDLE,IDLE,IDLE,IDLE,IDLE,IDLE,IDLE,IDLE,IDLE,IDLE,IDLE,IDLE,IDLE
394,2024-01-17 10:00:01,0.00,0.00,0,0.0000,0.0000,0.00,0.9998,0.9999,0.9997,0.9997,0.9998,0.9998,0.9998,0.9997,0.9998,0.9998,0.9999,0.9997,0.9998,0.9999,0.9998,0.9999,0.9998,0.9998,0.9998,0.9998,0.9998,0.9998,0.9999,0.9998,0.9998,0.9998,0.9998,0.9998,0.9998,0.9997,0.9998,0.9998,0.9998,0.9998,0.9998,0.9997,0.9996,0.9998,0.9998,0.9998,0.9998,0.9998,0.9998,0.9998,0.9997,0.9997,0.9998,0.9999,0.9998,0.9999,0.1622,0.1872,0.1898,0.1763,0.1969,0.1614,0.1677,0.1781,0.1623,0.1490,0.1997,0.1315,0.1870,0.1542,0.1730,0.1542,0.1970,0.1985,0.1753,0.1642,0.1937,0.1970,0.1982,0.1980,0.1844,0.1987,0.1970,0.1490,0.1759,0.1861,0.1491,0.1286,0.1623,0.1668,0.1993,0.1763,0.1879,0.1286,0.1709,0.1911,0.1677,0.1626,0.1409,0.1980,0.1412,0.1557,0.1569,0.1581,0.1373,0.1646,IDLE,IDLE,IDLE,IDLE,IDLE,IDLE,IDLE,IDLE,IDLE,IDLE,IDLE,IDLE,IDLE,IDLE,IDLE,IDLE,IDLE,IDLE,IDLE,IDLE,IDLE,IDLE,IDLE,IDLE,IDLE,IDLE,IDLE,IDLE,IDLE,IDLE,IDLE,IDLE,IDLE,IDLE,IDLE,IDLE,IDLE,IDLE,IDLE,IDLE,IDLE,IDLE,IDLE,IDLE,IDLE,IDLE,IDLE,IDLE,IDLE,IDLE
395,2024-01-17 11:00:01,0.00,0.00,0,0.0000,0.0000,0.00,0.9998,0.9999,0.9997,0.9997,0.9998,0.9998,0.9998,0.9997,0.9998,0.9998,0.9999,0.9997,0.9998,0.9999,0.9998,0.9999,0.9998,0.9998,0.9998,0.9998,0.9998,0.9998,0.9999,0.9998,0.9998,0.9998,0.9998,0.9998,0.9998,0.9997,0.9998,0.9998,0.9998,0.9998,0.9998,0.9997,0.9996,0.9998,0.9998,0.9998,0.9998,0.9998,0.9998,0.9998,0.9997,0.9997,0.9998,0.9999,0.9998,0.9999,0.1622,0.1872,0.1898,0.1763,0.1969,0.1614,0.1677,0.1781,0.1623,0.1490,0.1997,0.1315,0.1870,0.1542,0.1730,0.1542,0.1970,0.1985,0.1753,0.1642,0.1937,0.1970,0.1982,0.1980,0.1844,0.1987,0.1970,0.1490,0.1759,0.1861,0.1491,0.1286,0.1623,0.1668,0.1993,0.1763,0.1879,0.1286,0.1709,0.1911,0.1677,0.1626,0.1409,0.1980,0.1412,0.1557,0.1569,0.1581,0.1373,0.1646,IDLE,IDLE,IDLE,IDLE,IDLE,IDLE,IDLE,IDLE,IDLE,IDLE,IDLE,IDLE,IDLE,IDLE,IDLE,IDLE,IDLE,IDLE,IDLE,IDLE,IDLE,IDLE,IDLE,IDLE,IDLE,IDLE,IDLE,IDLE,IDLE,IDLE,IDLE,IDLE,IDLE,IDLE,IDLE,IDLE,IDLE,IDLE,IDLE,IDLE,IDLE,IDLE,IDLE,IDLE,IDLE,IDLE,IDLE,IDLE,IDLE,IDLE
396,2024-01-17 12:00:01,0.00,0.00,0,0.0000,0.0000,0.00,0.9998,0.9999,0.9997,0.9997,0.9998,0.9998,0.9998,0.9997,0.9998,0.9998,0.9999,0.9997,0.9998,0.9999,0.9998,0.9999,0.9998,0.9998,0.9998,0.9998,0.9998,0.9998,0.9999,0.9998,0.9998,0.9998,0.9998,0.9998,0.9998,0.9997,0.9998,0.9998,0.9998,0.9998,0.9998,0.9997,0.9996,0.9998,0.9998,0.9998,0.9998,0.9998,0.9998,0.9998,0.9997,0.9997,0.9998,0.9999,0.9998,0.9999,0.1622,0.1872,0.1898,0.1763,0.1969,0.1614,0.1677,0.1781,0.1623,0.1490,0.1997,0.1315,0.1870,0.1542,0.1730,0.1542,0.1970,0.1985,0.1753,0.1642,0.1937,0.1970,0.1982,0.1980,0.1844,0.1987,0.1970,0.1490,0.1759,0.1861,0.1491,0.1286,0.1623,0.1668,0.1993,0.1763,0.1879,0.1286,0.1709,0.1911,0.1677,0.1626,0.1409,0.1980,0.1412,0.1557,0.1569,0.1581,0.1373,0.1646,IDLE,IDLE,IDLE,IDLE,IDLE,IDLE,IDLE,IDLE,IDLE,IDLE,IDLE,IDLE,IDLE,IDLE,IDLE,IDLE,IDLE,IDLE,IDLE,IDLE,IDLE,IDLE,IDLE,IDLE,IDLE,IDLE,IDLE,IDLE,IDLE,IDLE,IDLE,IDLE,IDLE,IDLE,IDLE,IDLE,IDLE,IDLE,IDLE,IDLE,IDLE,IDLE,IDLE,IDLE,IDLE,IDLE,IDLE,IDLE,IDLE,IDLE
397,2024-01-17 13:00:01,0.00,0.00,0,0.0000,0.0000,0.00,0.9998,0.9999,0.9997,0.9997,0.9998,0.9998,0.9998,0.9997,0.9998,0.9998,0.9999,0.9997,0.9998,0.9999,0.9998,0.9999,0.9998,0.9998,0.9998,0.9998,0.9998,0.9998,0.9999,0.9998,0.9998,0.9998,0.9998,0.9998,0.9998,0.9997,0.9998,0.9998,0.9998,0.9998,0.9998,0.9997,0.9996,0.9998,0.9998,0.9998,0.9998,0.9998,0.9998,0.9998,0.9997,0.9997,0.9998,0.9999,0.9998,0.9999,0.1622,0.1872,0.1898,0.1763,0.1969,0.1614,0.1677,0.1781,0.1623,0.1490,0.1997,0.1315,0.1870,0.1542,0.1730,0.1542,0.1970,0.1985,0.1753,0.1642,0.1937,0.1970,0.1982,0.1980,0.1844,0.1987,0.1970,0.1490,0.1759,0.1861,0.1491,0.1286,0.1623,0.1668,0.1993,0.1763,0.1879,0.1286,0.1709,0.1911,0.1677,0.1626,0.1409,0.1980,0.1412,0.1557,0.1569,0.1581,0.1373,0.1646,IDLE,IDLE,IDLE,IDLE,IDLE,IDLE,IDLE,IDLE,IDLE,IDLE,IDLE,IDLE,IDLE,IDLE,IDLE,IDLE,IDLE,IDLE,IDLE,IDLE,IDLE,IDLE,IDLE,IDLE,IDLE,IDLE,IDLE,IDLE,IDLE,IDLE,IDLE,IDLE,IDLE,IDLE,IDLE,IDLE,IDLE,IDLE,IDLE,IDLE,IDLE,IDLE,IDLE,IDLE,IDLE,IDLE,IDLE,IDLE,IDLE,IDLE
398,2024-01-17 14:00:01,0.00,0.00,0,0.0000,0.0000,0.00,0.9998,0.9999,0.9997,0.9997,0.9998,0.9998,0.9998,0.9997,0.9998,0.9998,0.9999,0.9997,0.9998,0.9999,0.9998,0.9999,0.9998,0.9998,0.9998,0.9998,0.9998,0.9998,0.9999,0.9998,0.9998,0.9998,0.9998,0.9998,0.9998,0.9997,0.9998,0.9998,0.9998,0.9998,0.9998,0.9997,0.9996,0.9998,0.9998,0.9998,0.9998,0.9998,0.9998,0.9998,0.9997,0.9997,0.9998,0.9999,0.9998,0.9999,0.1622,0.1872,0.1898,0.1763,0.1969,0.1614,0.1677,0.1781,0.1623,0.1490,0.1997,0.1315,0.1870,0.1542,0.1730,0.1542,0.1970,0.1985,0.1753,0.1642,0.1937,0.1970,0.1982,0.1980,0.1844,0.1987,0.1970,0.1490,0.1759,0.1861,0.1491,0.1286,0.1623,0.1668,0.1993,0.1763,0.1879,0.1286,0.1709,0.1911,0.1677,0.1626,0.1409,0.1980,0.1412,0.1557,0.1569,0.1581,0.1373,0.1646,IDLE,IDLE,IDLE,IDLE,IDLE,IDLE,IDLE,IDLE,IDLE,IDLE,IDLE,IDLE,IDLE,IDLE,IDLE,IDLE,IDLE,IDLE,IDLE,IDLE,IDLE,IDLE,IDLE,IDLE,IDLE,IDLE,IDLE,IDLE,IDLE,IDLE,IDLE,IDLE,IDLE,IDLE,IDLE,IDLE,IDLE,IDLE,IDLE,IDLE,IDLE,IDLE,IDLE,IDLE,IDLE,IDLE,IDLE,IDLE,IDLE,IDLE
399,2024-01-17 15:00:01,0.00,0.00,0,0.0000,0.0000,0.00,0.9998,0.9999,0.9997,0.9997,0.9998,0.9998,0.9998,0.9997,0.9998,0.9998,0.9999,0.9997,0.9998,0.9999,0.9998,0.9999,0.9998,0.9998,0.9998,0.9998,0.9998,0.9998,0.9999,0.9998,0.9998,0.9998,0.9998,0.9998,0.9998,0.9997,0.9998,0.9998,0.9998,0.9998,0.9998,0.9997,0.9996,0.9998,0.9998,0.9998,0.9998,0.9998,0.9998,0.9998,0.9997,0.9997,0.9998,0.9999,0.9998,0.9999,0.1622,0.1872,0.1898,0.1763,0.1969,0.1614,0.1677,0.1781,0.1623,0.1490,0.1997,0.1315,0.1870,0.1542,0.1730,0.1542,0.1970,0.1985,0.1753,0.1642,0.1937,0.1970,0.1982,0.1980,0.1844,0.1987,0.1970,0.1490,0.1759,0.1861,0.1491,0.1286,0.1623,0.1668,0.1993,0.1763,0.1879,0.1286,0.1709,0.1911,0.1677,0.1626,0.1409,0.1980,0.1412,0.1557,0.1569,0.1581,0.1373,0.1646,IDLE,IDLE,IDLE,IDLE,IDLE,IDLE,IDLE,IDLE,IDLE,IDLE,IDLE,IDLE,IDLE,IDLE,IDLE,IDLE,IDLE,IDLE,IDLE,IDLE,IDLE,IDLE,IDLE,IDLE,IDLE,IDLE,IDLE,IDLE,IDLE,IDLE,IDLE,IDLE,IDLE,IDLE,IDLE,IDLE,IDLE,IDLE,IDLE,IDLE,IDLE,IDLE,IDLE,IDLE,IDLE,IDLE,IDLE,IDLE,IDLE,IDLE
400,2024-01-17 16:00:01,0.00,0.00,0,0.0000,0.0000,0.00,0.9998,0.9999,0.9997,0.9997,0.9998,0.9998,0.9998,0.9997,0.9998,0.9998,0.9999,0.9997,0.9998,0.9999,0.9998,0.9999,0.9998,0.9998,0.9998,0.9998,0.9998,0.9998,0.9999,0.9998,0.9998,0.9998,0.9998,0.9998,0.9998,0.9997,0.9998,0.9998,0.9998,0.9998,0.9998,0.9997,0.9996,0.9998,0.9998,0.9998,0.9998,0.9998,0.9998,0.9998,0.9997,0.9997,0.9998,0.9999,0.9998,0.9999,0.1622,0.1872,0.1898,0.1763,0.1969,0.1614,0.1677,0.1781,0.1623,0.1490,0.1997,0.1315,0.1870,0.1542,0.1730,0.1542,0.1970,0.1985,0.1753,0.1642,0.1937,0.1970,0.1982,0.1980,0.1844,0.1987,0.1970,0.1490,0.1759,0.1861,0.1491,0.1286,0.1623,0.1668,0.1993,0.1763,0.1879,0.1286,0.1709,0.1911,0.1677,0.1626,0.1409,0.1980,0.1412,0.1557,0.1569,0.1581,0.1373,0.1646,IDLE,IDLE,IDLE,IDLE,IDLE,IDLE,IDLE,IDLE,IDLE,IDLE,IDLE,IDLE,IDLE,IDLE,IDLE,IDLE,IDLE,IDLE,IDLE,IDLE,IDLE,IDLE,IDLE,IDLE,IDLE,IDLE,IDLE,IDLE,IDLE,IDLE,IDLE,IDLE,IDLE,IDLE,IDLE,IDLE,IDLE,IDLE,IDLE,IDLE,IDLE,IDLE,IDLE,IDLE,IDLE,IDLE,IDLE,IDLE,IDLE,IDLE
401,2024-01-17 17:00:01,0.00,0.00,0,0.0000,0.0000,0.00,0.9998,0.9999,0.9997,0.9997,0.9998,0.9998,0.9998,0.9997,0.9998,0.9998,0.9999,0.9997,0.9998,0.9999,0.9998,0.9999,0.9998,0.9998,0.9998,0.9998,0.9998,0.9998,0.9999,0.9998,0.9998,0.9998,0.9998,0.9998,0.9998,0.9997,0.9998,0.9998,0.9998,0.9998,0.9998,0.9997,0.9996,0.9998,0.9998,0.9998,0.9998,0.9998,0.9998,0.9998,0.9997,0.9997,0.9998,0.9999,0.9998,0.9999,0.1622,0.1872,0.1898,0.1763,0.1969,0.1614,0.1677,0.1781,0.1623,0.1490,0.1997,0.1315,0.1870,0.1542,0.1730,0.1542,0.1970,0.1985,0.1753,0.1642,0.1937,0.1970,0.1982,0.1980,0.1844,0.1987,0.1970,0.1490,0.1759,0.1861,0.1491,0.1286,0.1623,0.1668,0.1993,0.1763,0.1879,0.1286,0.1709,0.1911,0.1677,0.1626,0.1409,0.1980,0.1412,0.1557,0.1569,0.1581,0.1373,0.1646,IDLE,IDLE,IDLE,IDLE,IDLE,IDLE,IDLE,IDLE,IDLE,IDLE,IDLE,IDLE,IDLE,IDLE,IDLE,IDLE,IDLE,IDLE,IDLE,IDLE,IDLE,IDLE,IDLE,IDLE,IDLE,IDLE,IDLE,IDLE,IDLE,IDLE,IDLE,IDLE,IDLE,IDLE,IDLE,IDLE,IDLE,IDLE,IDLE,IDLE,IDLE,IDLE,IDLE,IDLE,IDLE,IDLE,IDLE,IDLE,IDLE,IDLE
402,2024-01-17 18:00:01,0.00,0.00,0,0.0000,0.0000,0.00,0.9998,0.9999,0.9997,0.9997,0.9998,0.9998,0.9998,0.9997,0.9998,0.9998,0.9999,0.9997,0.9998,0.9999,0.9998,0.9999,0.9998,0.9998,0.9998,0.9998,0.9998,0.9998,0.9999,0.9998,0.9998,0.9998,0.9998,0.9998,0.9998,0.9997,0.9998,0.9998,0.9998,0.9998,0.9998,0.9997,0.9996,0.9998,0.9998,0.9998,0.9998,0.9998,0.9998,0.9998,0.9997,0.9997,0.9998,0.9999,0.9998,0.9999,0.1622,0.1872,0.1898,0.1763,0.1969,0.1614,0.1677,0.1781,0.1623,0.1490,0.1997,0.1315,0.1870,0.1542,0.1730,0.1542,0.1970,0.1985,0.1753,0.1642,0.1937,0.1970,0.1982,0.1980,0.1844,0.1987,0.1970,0.1490,0.1759,0.1861,0.1491,0.1286,0.1623,0.1668,0.1993,0.1763,0.1879,0.1286,0.1709,0.1911,0.1677,0.1626,0.1409,0.1980,0.1412,0.1557,0.1569,0.1581,0.1373,0.1646,IDLE,IDLE,IDLE,IDLE,IDLE,IDLE,IDLE,IDLE,IDLE,IDLE,IDLE,IDLE,IDLE,IDLE,IDLE,IDLE,IDLE,IDLE,IDLE,IDLE,IDLE,IDLE,IDLE,IDLE,IDLE,IDLE,IDLE,IDLE,IDLE,IDLE,IDLE,IDLE,IDLE,IDLE,IDLE,IDLE,IDLE,IDLE,IDLE,IDLE,IDLE,IDLE,IDLE,IDLE,IDLE,IDLE,IDLE,IDLE,IDLE,IDLE
403,2024-01-17 19:00:01,0.00,0.00,0,0.0000,0.0000,0.00,0.9998,0.9999,0.9997,0.9997,0.9998,0.9998,0.9998,0.9997,0.9998,0.9998,0.9999,0.9997,0.9998,0.9999,0.9998,0.9999,0.9998,0.9998,0.9998,0.9998,0.9998,0.9998,0.9999,0.9998,0.9998,0.9998,0.9998,0.9998,0.9998,0.9997,0.9998,0.9998,0.9998,0.9998,0.9998,0.9997,0.9996,0.9998,0.9998,0.9998,0.9998,0.9998,0.9998,0.9998,0.9997,0.9997,0.9998,0.9999,0.9998,0.9999,0.1622,0.1872,0.1898,0.1763,0.1969,0.1614,0.1677,0.1781,0.1623,0.1490,0.1997,0.1315,0.1870,0.1542,0.1730,0.1542,0.1970,0.1985,0.1753,0.1642,0.1937,0.1970,0.1982,0.1980,0.1844,0.1987,0.1970,0.1490,0.1759,0.1861,0.1491,0.1286,0.1623,0.1668,0.1993,0.1763,0.1879,0.1286,0.1709,0.1911,0.1677,0.1626,0.1409,0.1980,0.1412,0.1557,0.1569,0.1581,0.1373,0.1646,IDLE,IDLE,IDLE,IDLE,IDLE,IDLE,IDLE,IDLE,IDLE,IDLE,IDLE,IDLE,IDLE,IDLE,IDLE,IDLE,IDLE,IDLE,IDLE,IDLE,IDLE,IDLE,IDLE,IDLE,IDLE,IDLE,IDLE,IDLE,IDLE,IDLE,IDLE,IDLE,IDLE,IDLE,IDLE,IDLE,IDLE,IDLE,IDLE,IDLE,IDLE,IDLE,IDLE,IDLE,IDLE,IDLE,IDLE,IDLE,IDLE,IDLE
404,2024-01-17 20:00:01,0.00,0.00,0,0.0000,0.0000,0.00,0.9998,0.9999,0.9997,0.9997,0.9998,0.9998,0.9998,0.9997,0.9998,0.9998,0.9999,0.9997,0.9998,0.9999,0.9998,0.9999,0.9998,0.9998,0.9998,0.9998,0.9998,0.9998,0.9999,0.9998,0.9998,0.9998,0.9998,0.9998,0.9998,0.9997,0.9998,0.9998,0.9998,0.9998,0.9998,0.9997,0.9996,0.9998,0.9998,0.9998,0.9998,0.9998,0.9998,0.9998,0.9997,0.9997,0.9998,0.9999,0.9998,0.9999,0.1622,0.1872,0.1898,0.1763,0.1969,0.1614,0.1677,0.1781,0.1623,0.1490,0.1997,0.1315,0.1870,0.1542,0.1730,0.1542,0.1970,0.1985,0.1753,0.1642,0.1937,0.1970,0.1982,0.1980,0.1844,0.1987,0.1970,0.1490,0.1759,0.1861,0.1491,0.1286,0.1623,0.1668,0.1993,0.1763,0.1879,0.1286,0.1709,0.1911,0.1677,0.1626,0.1409,0.1980,0.1412,0.1557,0.1569,0.1581,0.1373,0.1646,IDLE,IDLE,IDLE,IDLE,IDLE,IDLE,IDLE,IDLE,IDLE,IDLE,IDLE,IDLE,IDLE,IDLE,IDLE,IDLE,IDLE,IDLE,IDLE,IDLE,IDLE,IDLE,IDLE,IDLE,IDLE,IDLE,IDLE,IDLE,IDLE,IDLE,IDLE,IDLE,IDLE,IDLE,IDLE,IDLE,IDLE,IDLE,IDLE,IDLE,IDLE,IDLE,IDLE,IDLE,IDLE,IDLE,IDLE,IDLE,IDLE,IDLE
405,2024-01-17 21:00:01,0.00,0.00,0,0.0000,0.0000,0.00,0.9998,0.9999,0.9997,0.9997,0.9998,0.9998,0.9998,0.9997,0.9998,0.9998,0.9999,0.9997,0.9998,0.9999,0.9998,0.9999,0.9998,0.9998,0.9998,0.9998,0.9998,0.9998,0.9999,0.9998,0.9998,0.9998,0.9998,0.9998,0.9998,0.9997,0.9998,0.9998,0.9998,0.9998,0.9998,0.9997,0.9996,0.9998,0.9998,0.9998,0.9998,0.9998,0.9998,0.9998,0.9997,0.9997,0.9998,0.9999,0.9998,0.9999,0.1622,0.1872,0.1898,0.1763,0.1969,0.1614,0.1677,0.1781,0.1623,0.1490,0.1997,0.1315,0.1870,0.1542,0.1730,0.1542,0.1970,0.1985,0.1753,0.1642,0.1937,0.1970,0.1982,0.1980,0.1844,0.1987,0.1970,0.1490,0.1759,0.1861,0.1491,0.1286,0.1623,0.1668,0.1993,0.1763,0.1879,0.1286,0.1709,0.1911,0.1677,0.1626,0.1409,0.1980,0.1412,0.1557,0.1569,0.1581,0.1373,0.1646,IDLE,IDLE,IDLE,IDLE,IDLE,IDLE,IDLE,IDLE,IDLE,IDLE,IDLE,IDLE,IDLE,IDLE,IDLE,IDLE,IDLE,IDLE,IDLE,IDLE,IDLE,IDLE,IDLE,IDLE,IDLE,IDLE,IDLE,IDLE,IDLE,IDLE,IDLE,IDLE,IDLE,IDLE,IDLE,IDLE,IDLE,IDLE,IDLE,IDLE,IDLE,IDLE,IDLE,IDLE,IDLE,IDLE,IDLE,IDLE,IDLE,IDLE
406,2024-01-17 22:00:01,0.00,0.00,0,0.0000,0.0000,0.00,0.9998,0.9999,0.9997,0.9997,0.9998,0.9998,0.9998,0.9997,0.9998,0.9998,0.9999,0.9997,0.9998,0.9999,0.9998,0.9999,0.9998,0.9998,0.9998,0.9998,0.9998,0.9998,0.9999,0.9998,0.9998,0.9998,0.9998,0.9998,0.9998,0.9997,0.9998,0.9998,0.9998,0.9998,0.9998,0.9997,0.9996,0.9998,0.9998,0.9998,0.9998,0.9998,0.9998,0.9998,0.9997,0.9997,0.9998,0.9999,0.9998,0.9999,0.1622,0.1872,0.1898,0.1763,0.1969,0.1614,0.1677,0.1781,0.1623,0.1490,0.1997,0.1315,0.1870,0.1542,0.1730,0.1542,0.1970,0.1985,0.1753,0.1642,0.1937,0.1970,0.1982,0.1980,0.1844,0.1987,0.1970,0.1490,0.1759,0.1861,0.1491,0.1286,0.1623,0.1668,0.1993,0.1763,0.1879,0.1286,0.1709,0.1911,0.1677,0.1626,0.1409,0.1980,0.1412,0.1557,0.1569,0.1581,0.1373,0.1646,IDLE,IDLE,IDLE,IDLE,IDLE,IDLE,IDLE,IDLE,IDLE,IDLE,IDLE,IDLE,IDLE,IDLE,IDLE,IDLE,IDLE,IDLE,IDLE,IDLE,IDLE,IDLE,IDLE,IDLE,IDLE,IDLE,IDLE,IDLE,IDLE,IDLE,IDLE,IDLE,IDLE,IDLE,IDLE,IDLE,IDLE,IDLE,IDLE,IDLE,IDLE,IDLE,IDLE,IDLE,IDLE,IDLE,IDLE,IDLE,IDLE,IDLE
407,2024-01-17 23:00:01,0.00,0.00,0,0.0000,0.0000,0.00,0.9998,0.9999,0.9997,0.9997,0.9998,0.9998,0.9998,0.9997,0.9998,0.9998,0.9999,0.9997,0.9998,0.9999,0.9998,0.9999,0.9998,0.9998,0.9998,0.9998,0.9998,0.9998,0.9999,0.9998,0.9998,0.9998,0.9998,0.9998,0.9998,0.9997,0.9998,0.9998,0.9998,0.9998,0.9998,0.9997,0.9996,0.9998,0.9998,0.9998,0.9998,0.9998,0.9998,0.9998,0.9997,0.9997,0.9998,0.9999,0.9998,0.9999,0.1622,0.1872,0.1898,0.1763,0.1969,0.1614,0.1677,0.1781,0.1623,0.1490,0.1997,0.1315,0.1870,0.1542,0.1730,0.1542,0.1970,0.1985,0.1753,0.1642,0.1937,0.1970,0.1982,0.1980,0.1844,0.1987,0.1970,0.1490,0.1759,0.1861,0.1491,0.1286,0.1623,0.1668,0.1993,0.1763,0.1879,0.1286,0.1709,0.1911,0.1677,0.1626,0.1409,0.1980,0.1412,0.1557,0.1569,0.1581,0.1373,0.1646,IDLE,IDLE,IDLE,IDLE,IDLE,IDLE,IDLE,IDLE,IDLE,IDLE,IDLE,IDLE,IDLE,IDLE,IDLE,IDLE,IDLE,IDLE,IDLE,IDLE,IDLE,IDLE,IDLE,IDLE,IDLE,IDLE,IDLE,IDLE,IDLE,IDLE,IDLE,IDLE,IDLE,IDLE,IDLE,IDLE,IDLE,IDLE,IDLE,IDLE,IDLE,IDLE,IDLE,IDLE,IDLE,IDLE,IDLE,IDLE,IDLE,IDLE
408,2024-01-18 00:00:01,0.00,0.00,0,0.0000,0.0000,0.00,0.9998,0.9999,0.9997,0.9997,0.9998,0.9998,0.9998,0.9997,0.9998,0.9998,0.9999,0.9997,0.9998,0.9999,0.9998,0.9999,0.9998,0.9998,0.9998,0.9998,0.9998,0.9998,0.9999,0.9998,0.9998,0.9998,0.9998,0.9998,0.9998,0.9997,0.9998,0.9998,0.9998,0.9998,0.9998,0.9997,0.9996,0.9998,0.9998,0.9998,0.9998,0.9998,0.9998,0.9998,0.9997,0.9997,0.9998,0.9999,0.9998,0.9999,0.1622,0.1872,0.1898,0.1763,0.1969,0.1614,0.1677,0.1781,0.1623,0.1490,0.1997,0.1315,0.1870,0.1542,0.1730,0.1542,0.1970,0.1985,0.1753,0.1642,0.1937,0.1970,0.1982,0.1980,0.1844,0.1987,0.1970,0.1490,0.1759,0.1861,0.1491,0.1286,0.1623,0.1668,0.1993,0.1763,0.1879,0.1286,0.1709,0.1911,0.1677,0.1626,0.1409,0.1980,0.1412,0.1557,0.1569,0.1581,0.1373,0.1646,IDLE,IDLE,IDLE,IDLE,IDLE,IDLE,IDLE,IDLE,IDLE,IDLE,IDLE,IDLE,IDLE,IDLE,IDLE,IDLE,IDLE,IDLE,IDLE,IDLE,IDLE,IDLE,IDLE,IDLE,IDLE,IDLE,IDLE,IDLE,IDLE,IDLE,IDLE,IDLE,IDLE,IDLE,IDLE,IDLE,IDLE,IDLE,IDLE,IDLE,IDLE,IDLE,IDLE,IDLE,IDLE,IDLE,IDLE,IDLE,IDLE,IDLE
409,2024-01-18 01:00:01,0.00,0.00,0,0.0000,0.0000,0.00,0.9998,0.9999,0.9997,0.9997,0.9998,0.9998,0.9998,0.9997,0.9998,0.9998,0.9999,0.9997,0.9998,0.9999,0.9998,0.9999,0.9998,0.9998,0.9998,0.9998,0.9998,0.9998,0.9999,0.9998,0.9998,0.9998,0.9998,0.9998,0.9998,0.9997,0.9998,0.9998,0.9998,0.9998,0.9998,0.9997,0.9996,0.9998,0.9998,0.9998,0.9998,0.9998,0.9998,0.9998,0.9997,0.9997,0.9998,0.9999,0.9998,0.9999,0.1622,0.1872,0.1898,0.1763,0.1969,0.1614,0.1677,0.1781,0.1623,0.1490,0.1997,0.1315,0.1870,0.1542,0.1730,0.1542,0.1970,0.1985,0.1753,0.1642,0.1937,0.1970,0.1982,0.1980,0.1844,0.1987,0.1970,0.1490,0.1759,0.1861,0.1491,0.1286,0.1623,0.1668,0.1993,0.1763,0.1879,0.1286,0.1709,0.1911,0.1677,0.1626,0.1409,0.1980,0.1412,0.1557,0.1569,0.1581,0.1373,0.1646,IDLE,IDLE,IDLE,IDLE,IDLE,IDLE,IDLE,IDLE,IDLE,IDLE,IDLE,IDLE,IDLE,IDLE,IDLE,IDLE,IDLE,IDLE,IDLE,IDLE,IDLE,IDLE,IDLE,IDLE,IDLE,IDLE,IDLE,IDLE,IDLE,IDLE,IDLE,IDLE,IDLE,IDLE,IDLE,IDLE,IDLE,IDLE,IDLE,IDLE,IDLE,IDLE,IDLE,IDLE,IDLE,IDLE,IDLE,IDLE,IDLE,IDLE
410,2024-01-18 02:00:01,0.00,0.00,0,0.0000,0.0000,0.00,0.9998,0.9999,0.9997,0.9997,0.9998,0.9998,0.9998,0.9997,0.9998,0.9998,0.9999,0.9997,0.9998,0.9999,0.9998,0.9999,0.9998,0.9998,0.9998,0.9998,0.9998,0.9998,0.9999,0.9998,0.9998,0.9998,0.9998,0.9998,0.9998,0.9997,0.9998,0.9998,0.9998,0.9998,0.9998,0.9997,0.9996,0.9998,0.9998,0.9998,0.9998,0.9998,0.9998,0.9998,0.9997,0.9997,0.9998,0.9999,0.9998,0.9999,0.1622,0.1872,0.1898,0.1763,0.1969,0.1614,0.1677,0.1781,0.1623,0.1490,0.1997,0.1315,0.1870,0.1542,0.1730,0.1542,0.1970,0.1985,0.1753,0.1642,0.1937,0.1970,0.1982,0.1980,0.1844,0.1987,0.1970,0.1490,0.1759,0.1861,0.1491,0.1286,0.1623,0.1668,0.1993,0.1763,0.1879,0.1286,0.1709,0.1911,0.1677,0.1626,0.1409,0.1980,0.1412,0.1557,0.1569,0.1581,0.1373,0.1646,IDLE,IDLE,IDLE,IDLE,IDLE,IDLE,IDLE,IDLE,IDLE,IDLE,IDLE,IDLE,IDLE,IDLE,IDLE,IDLE,IDLE,IDLE,IDLE,IDLE,IDLE,IDLE,IDLE,IDLE,IDLE,IDLE,IDLE,IDLE,IDLE,IDLE,IDLE,IDLE,IDLE,IDLE,IDLE,IDLE,IDLE,IDLE,IDLE,IDLE,IDLE,IDLE,IDLE,IDLE,IDLE,IDLE,IDLE,IDLE,IDLE,IDLE
411,2024-01-18 03:00:01,0.00,0.00,0,0.0000,0.0000,0.00,0.9998,0.9999,0.9997,0.9997,0.9998,0.9998,0.9998,0.9997,0.9998,0.9998,0.9999,0.9997,0.9998,0.9999,0.9998,0.9999,0.9998,0.9998,0.9998,0.9998,0.9998,0.9998,0.9999,0.9998,0.9998,0.9998,0.9998,0.9998,0.9998,0.9997,0.9998,0.9998,0.9998,0.9998,0.9998,0.9997,0.9996,0.9998,0.9998,0.9998,0.9998,0.9998,0.9998,0.9998,0.9997,0.9997,0.9998,0.9999,0.9998,0.9999,0.1622,0.1872,0.1898,0.1763,0.1969,0.1614,0.1677,0.1781,0.1623,0.1490,0.1997,0.1315,0.1870,0.1542,0.1730,0.1542,0.1970,0.1985,0.1753,0.1642,0.1937,0.1970,0.1982,0.1980,0.1844,0.1987,0.1970,0.1490,0.1759,0.1861,0.1491,0.1286,0.1623,0.1668,0.1993,0.1763,0.1879,0.1286,0.1709,0.1911,0.1677,0.1626,0.1409,0.1980,0.1412,0.1557,0.1569,0.1581,0.1373,0.1646,IDLE,IDLE,IDLE,IDLE,IDLE,IDLE,IDLE,IDLE,IDLE,IDLE,IDLE,IDLE,IDLE,IDLE,IDLE,IDLE,IDLE,IDLE,IDLE,IDLE,IDLE,IDLE,IDLE,IDLE,IDLE,IDLE,IDLE,IDLE,IDLE,IDLE,IDLE,IDLE,IDLE,IDLE,IDLE,IDLE,IDLE,IDLE,IDLE,IDLE,IDLE,IDLE,IDLE,IDLE,IDLE,IDLE,IDLE,IDLE,IDLE,IDLE
412,2024-01-18 04:00:01,0.00,0.00,0,0.0000,0.0000,0.00,0.9998,0.9999,0.9997,0.9997,0.9998,0.9998,0.9998,0.9997,0.9998,0.9998,0.9999,0.9997,0.9998,0.9999,0.9998,0.9999,0.9998,0.9998,0.9998,0.9998,0.9998,0.9998,0.9999,0.9998,0.9998,0.9998,0.9998,0.9998,0.9998,0.9997,0.9998,0.9998,0.9998,0.9998,0.9998,0.9997,0.9996,0.9998,0.9998,0.9998,0.9998,0.9998,0.9998,0.9998,0.9997,0.9997,0.9998,0.9999,0.9998,0.9999,0.1622,0.1872,0.1898,0.1763,0.1969,0.1614,0.1677,0.1781,0.1623,0.1490,0.1997,0.1315,0.1870,0.1542,0.1730,0.1542,0.1970,0.1985,0.1753,0.1642,0.1937,0.1970,0.1982,0.1980,0.1844,0.1987,0.1970,0.1490,0.1759,0.1861,0.1491,0.1286,0.1623,0.1668,0.1993,0.1763,0.1879,0.1286,0.1709,0.1911,0.1677,0.1626,0.1409,0.1980,0.1412,0.1557,0.1569,0.1581,0.1373,0.1646,IDLE,IDLE,IDLE,IDLE,IDLE,IDLE,IDLE,IDLE,IDLE,IDLE,IDLE,IDLE,IDLE,IDLE,IDLE,IDLE,IDLE,IDLE,IDLE,IDLE,IDLE,IDLE,IDLE,IDLE,IDLE,IDLE,IDLE,IDLE,IDLE,IDLE,IDLE,IDLE,IDLE,IDLE,IDLE,IDLE,IDLE,IDLE,IDLE,IDLE,IDLE,IDLE,IDLE,IDLE,IDLE,IDLE,IDLE,IDLE,IDLE,IDLE
413,2024-01-18 05:00:01,0.00,0.00,0,0.0000,0.0000,0.00,0.9998,0.9999,0.9997,0.9997,0.9998,0.9998,0.9998,0.9997,0.9998,0.9998,0.9999,0.9997,0.9998,0.9999,0.9998,0.9999,0.9998,0.9998,0.9998,0.9998,0.9998,0.9998,0.9999,0.9998,0.9998,0.9998,0.9998,0.9998,0.9998,0.9997,0.9998,0.9998,0.9998,0.9998,0.9998,0.9997,0.9996,0.9998,0.9998,0.9998,0.9998,0.9998,0.9998,0.9998,0.9997,0.9997,0.9998,0.9999,0.9998,0.9999,0.1622,0.1872,0.1898,0.1763,0.1969,0.1614,0.1677,0.1781,0.1623,0.1490,0.1997,0.1315,0.1870,0.1542,0.1730,0.1542,0.1970,0.1985,0.1753,0.1642,0.1937,0.1970,0.1982,0.1980,0.1844,0.1987,0.1970,0.1490,0.1759,0.1861,0.1491,0.1286,0.1623,0.1668,0.1993,0.1763,0.1879,0.1286,0.1709,0.1911,0.1677,0.1626,0.1409,0.1980,0.1412,0.1557,0.1569,0.1581,0.1373,0.1646,IDLE,IDLE,IDLE,IDLE,IDLE,IDLE,IDLE,IDLE,IDLE,IDLE,IDLE,IDLE,IDLE,IDLE,IDLE,IDLE,IDLE,IDLE,IDLE,IDLE,IDLE,IDLE,IDLE,IDLE,IDLE,IDLE,IDLE,IDLE,IDLE,IDLE,IDLE,IDLE,IDLE,IDLE,IDLE,IDLE,IDLE,IDLE,IDLE,IDLE,IDLE,IDLE,IDLE,IDLE,IDLE,IDLE,IDLE,IDLE,IDLE,IDLE
414,2024-01-18 06:00:01,0.00,0.00,0,0.0000,0.0000,0.00,0.9998,0.9999,0.9997,0.9997,0.9998,0.9998,0.9998,0.9997,0.9998,0.9998,0.9999,0.9997,0.9998,0.9999,0.9998,0.9999,0.9998,0.9998,0.9998,0.9998,0.9998,0.9998,0.9999,0.9998,0.9998,0.9998,0.9998,0.9998,0.9998,0.9997,0.9998,0.9998,0.9998,0.9998,0.9998,0.9997,0.9996,0.9998,0.9998,0.9998,0.9998,0.9998,0.9998,0.9998,0.9997,0.9997,0.9998,0.9999,0.9998,0.9999,0.1622,0.1872,0.1898,0.1763,0.1969,0.1614,0.1677,0.1781,0.1623,0.1490,0.1997,0.1315,0.1870,0.1542,0.1730,0.1542,0.1970,0.1985,0.1753,0.1642,0.1937,0.1970,0.1982,0.1980,0.1844,0.1987,0.1970,0.1490,0.1759,0.1861,0.1491,0.1286,0.1623,0.1668,0.1993,0.1763,0.1879,0.1286,0.1709,0.1911,0.1677,0.1626,0.1409,0.1980,0.1412,0.1557,0.1569,0.1581,0.1373,0.1646,IDLE,IDLE,IDLE,IDLE,IDLE,IDLE,IDLE,IDLE,IDLE,IDLE,IDLE,IDLE,IDLE,IDLE,IDLE,IDLE,IDLE,IDLE,IDLE,IDLE,IDLE,IDLE,IDLE,IDLE,IDLE,IDLE,IDLE,IDLE,IDLE,IDLE,IDLE,IDLE,IDLE,IDLE,IDLE,IDLE,IDLE,IDLE,IDLE,IDLE,IDLE,IDLE,IDLE,IDLE,IDLE,IDLE,IDLE,IDLE,IDLE,IDLE
415,2024-01-18 07:00:01,0.00,0.00,0,0.0000,0.0000,0.00,0.9998,0.9999,0.9997,0.9997,0.9998,0.9998,0.9998,0.9997,0.9998,0.9998,0.9999,0.9997,0.9998,0.9999,0.9998,0.9999,0.9998,0.9998,0.9998,0.9998,0.9998,0.9998,0.9999,0.9998,0.9998,0.9998,0.9998,0.9998,0.9998,0.9997,0.9998,0.9998,0.9998,0.9998,0.9998,0.9997,0.9996,0.9998,0.9998,0.9998,0.9998,0.9998,0.9998,0.9998,0.9997,0.9997,0.9998,0.9999,0.9998,0.9999,0.1622,0.1872,0.1898,0.1763,0.1969,0.1614,0.1677,0.1781,0.1623,0.1490,0.1997,0.1315,0.1870,0.1542,0.1730,0.1542,0.1970,0.1985,0.1753,0.1642,0.1937,0.1970,0.1982,0.1980,0.1844,0.1987,0.1970,0.1490,0.1759,0.1861,0.1491,0.1286,0.1623,0.1668,0.1993,0.1763,0.1879,0.1286,0.1709,0.1911,0.1677,0.1626,0.1409,0.1980,0.1412,0.1557,0.1569,0.1581,0.1373,0.1646,IDLE,IDLE,IDLE,IDLE,IDLE,IDLE,IDLE,IDLE,IDLE,IDLE,IDLE,IDLE,IDLE,IDLE,IDLE,IDLE,IDLE,IDLE,IDLE,IDLE,IDLE,IDLE,IDLE,IDLE,IDLE,IDLE,IDLE,IDLE,IDLE,IDLE,IDLE,IDLE,IDLE,IDLE,IDLE,IDLE,IDLE,IDLE,IDLE,IDLE,IDLE,IDLE,IDLE,IDLE,IDLE,IDLE,IDLE,IDLE,IDLE,IDLE
416,2024-01-18 08:00:01,0.00,0.00,0,0.0000,0.0000,0.00,0.9998,0.9999,0.9997,0.9997,0.9998,0.9998,0.9998,0.9997,0.9998,0.9998,0.9999,0.9997,0.9998,0.9999,0.9998,0.9999,0.9998,0.9998,0.9998,0.9998,0.9998,0.9998,0.9999,0.9998,0.9998,0.9998,0.9998,0.9998,0.9998,0.9997,0.9998,0.9998,0.9998,0.9998,0.9998,0.9997,0.9996,0.9998,0.9998,0.9998,0.9998,0.9998,0.9998,0.9998,0.9997,0.9997,0.9998,0.9999,0.9998,0.9999,0.1622,0.1872,0.1898,0.1763,0.1969,0.1614,0.1677,0.1781,0.1623,0.1490,0.1997,0.1315,0.1870,0.1542,0.1730,0.1542,0.1970,0.1985,0.1753,0.1642,0.1937,0.1970,0.1982,0.1980,0.1844,0.1987,0.1970,0.1490,0.1759,0.1861,0.1491,0.1286,0.1623,0.1668,0.1993,0.1763,0.1879,0.1286,0.1709,0.1911,0.1677,0.1626,0.1409,0.1980,0.1412,0.1557,0.1569,0.1581,0.1373,0.1646,IDLE,IDLE,IDLE,IDLE,IDLE,IDLE,IDLE,IDLE,IDLE,IDLE,IDLE,IDLE,IDLE,IDLE,IDLE,IDLE,IDLE,IDLE,IDLE,IDLE,IDLE,IDLE,IDLE,IDLE,IDLE,IDLE,IDLE,IDLE,IDLE,IDLE,IDLE,IDLE,IDLE,IDLE,IDLE,IDLE,IDLE,IDLE,IDLE,IDLE,IDLE,IDLE,IDLE,IDLE,IDLE,IDLE,IDLE,IDLE,IDLE,IDLE
417,2024-01-18 09:00:01,0.00,0.00,0,0.0000,0.0000,0.00,0.9998,0.9999,0.9997,0.9997,0.9998,0.9998,0.9998,0.9997,0.9998,0.9998,0.9999,0.9997,0.9998,0.9999,0.9998,0.9999,0.9998,0.9998,0.9998,0.9998,0.9998,0.9998,0.9999,0.9998,0.9998,0.9998,0.9998,0.9998,0.9998,0.9997,0.9998,0.9998,0.9998,0.9998,0.9998,0.9997,0.9996,0.9998,0.9998,0.9998,0.9998,0.9998,0.9998,0.9998,0.9997,0.9997,0.9998,0.9999,0.9998,0.9999,0.1622,0.1872,0.1898,0.1763,0.1969,0.1614,0.1677,0.1781,0.1623,0.1490,0.1997,0.1315,0.1870,0.1542,0.1730,0.1542,0.1970,0.1985,0.1753,0.1642,0.1937,0.1970,0.1982,0.1980,0.1844,0.1987,0.1970,0.1490,0.1759,0.1861,0.1491,0.1286,0.1623,0.1668,0.1993,0.1763,0.1879,0.1286,0.1709,0.1911,0.1677,0.1626,0.1409,0.1980,0.1412,0.1557,0.1569,0.1581,0.1373,0.1646,IDLE,IDLE,IDLE,IDLE,IDLE,IDLE,IDLE,IDLE,IDLE,IDLE,IDLE,IDLE,IDLE,IDLE,IDLE,IDLE,IDLE,IDLE,IDLE,IDLE,IDLE,IDLE,IDLE,IDLE,IDLE,IDLE,IDLE,IDLE,IDLE,IDLE,IDLE,IDLE,IDLE,IDLE,IDLE,IDLE,IDLE,IDLE,IDLE,IDLE,IDLE,IDLE,IDLE,IDLE,IDLE,IDLE,IDLE,IDLE,IDLE,IDLE
418,2024-01-18 10:00:01,0.00,0.00,0,0.0000,0.0000,0.00,0.9998,0.9999,0.9997,0.9997,0.9998,0.9998,0.9998,0.9997,0.9998,0.9998,0.9999,0.9997,0.9998,0.9999,0.9998,0.9999,0.9998,0.9998,0.9998,0.9998,0.9998,0.9998,0.9999,0.9998,0.9998,0.9998,0.9998,0.9998,0.9998,0.9997,0.9998,0.9998,0.9998,0.9998,0.9998,0.9997,0.9996,0.9998,0.9998,0.9998,0.9998,0.9998,0.9998,0.9998,0.9997,0.9997,0.9998,0.9999,0.9998,0.9999,0.1622,0.1872,0.1898,0.1763,0.1969,0.1614,0.1677,0.1781,0.1623,0.1490,0.1997,0.1315,0.1870,0.1542,0.1730,0.1542,0.1970,0.1985,0.1753,0.1642,0.1937,0.1970,0.1982,0.1980,0.1844,0.1987,0.1970,0.1490,0.1759,0.1861,0.1491,0.1286,0.1623,0.1668,0.1993,0.1763,0.1879,0.1286,0.1709,0.1911,0.1677,0.1626,0.1409,0.1980,0.1412,0.1557,0.1569,0.1581,0.1373,0.1646,IDLE,IDLE,IDLE,IDLE,IDLE,IDLE,IDLE,IDLE,IDLE,IDLE,IDLE,IDLE,IDLE,IDLE,IDLE,IDLE,IDLE,IDLE,IDLE,IDLE,IDLE,IDLE,IDLE,IDLE,IDLE,IDLE,IDLE,IDLE,IDLE,IDLE,IDLE,IDLE,IDLE,IDLE,IDLE,IDLE,IDLE,IDLE,IDLE,IDLE,IDLE,IDLE,IDLE,IDLE,IDLE,IDLE,IDLE,IDLE,IDLE,IDLE
419,2024-01-18 11:00:01,0.00,0.00,0,0.0000,0.0000,0.00,0.9998,0.9999,0.9997,0.9997,0.9998,0.9998,0.9998,0.9997,0.9998,0.9998,0.9999,0.9997,0.9998,0.9999,0.9998,0.9999,0.9998,0.9998,0.9998,0.9998,0.9998,0.9998,0.9999,0.9998,0.9998,0.9998,0.9998,0.9998,0.9998,0.9997,0.9998,0.9998,0.9998,0.9998,0.9998,0.9997,0.9996,0.9998,0.9998,0.9998,0.9998,0.9998,0.9998,0.9998,0.9997,0.9997,0.9998,0.9999,0.9998,0.9999,0.1622,0.1872,0.1898,0.1763,0.1969,0.1614,0.1677,0.1781,0.1623,0.1490,0.1997,0.1315,0.1870,0.1542,0.1730,0.1542,0.1970,0.1985,0.1753,0.1642,0.1937,0.1970,0.1982,0.1980,0.1844,0.1987,0.1970,0.1490,0.1759,0.1861,0.1491,0.1286,0.1623,0.1668,0.1993,0.1763,0.1879,0.1286,0.1709,0.1911,0.1677,0.1626,0.1409,0.1980,0.1412,0.1557,0.1569,0.1581,0.1373,0.1646,IDLE,IDLE,IDLE,IDLE,IDLE,IDLE,IDLE,IDLE,IDLE,IDLE,IDLE,IDLE,IDLE,IDLE,IDLE,IDLE,IDLE,IDLE,IDLE,IDLE,IDLE,IDLE,IDLE,IDLE,IDLE,IDLE,IDLE,IDLE,IDLE,IDLE,IDLE,IDLE,IDLE,IDLE,IDLE,IDLE,IDLE,IDLE,IDLE,IDLE,IDLE,IDLE,IDLE,IDLE,IDLE,IDLE,IDLE,IDLE,IDLE,IDLE
420,2024-01-18 12:00:01,0.00,0.00,0,0.0000,0.0000,0.00,0.9998,0.9999,0.9997,0.9997,0.9998,0.9998,0.9998,0.9997,0.9998,0.9998,0.9999,0.9997,0.9998,0.9999,0.9998,0.9999,0.9998,0.9998,0.9998,0.9998,0.9998,0.9998,0.9999,0.9998,0.9998,0.9998,0.9998,0.9998,0.9998,0.9997,0.9998,0.9998,0.9998,0.9998,0.9998,0.9997,0.9996,0.9998,0.9998,0.9998,0.9998,0.9998,0.9998,0.9998,0.9997,0.9997,0.9998,0.9999,0.9998,0.9999,0.1622,0.1872,0.1898,0.1763,0.1969,0.1614,0.1677,0.1781,0.1623,0.1490,0.1997,0.1315,0.1870,0.1542,0.1730,0.1542,0.1970,0.1985,0.1753,0.1642,0.1937,0.1970,0.1982,0.1980,0.1844,0.1987,0.1970,0.1490,0.1759,0.1861,0.1491,0.1286,0.1623,0.1668,0.1993,0.1763,0.1879,0.1286,0.1709,0.1911,0.1677,0.1626,0.1409,0.1980,0.1412,0.1557,0.1569,0.1581,0.1373,0.1646,IDLE,IDLE,IDLE,IDLE,IDLE,IDLE,IDLE,IDLE,IDLE,IDLE,IDLE,IDLE,IDLE,IDLE,IDLE,IDLE,IDLE,IDLE,IDLE,IDLE,IDLE,IDLE,IDLE,IDLE,IDLE,IDLE,IDLE,IDLE,IDLE,IDLE,IDLE,IDLE,IDLE,IDLE,IDLE,IDLE,IDLE,IDLE,IDLE,IDLE,IDLE,IDLE,IDLE,IDLE,IDLE,IDLE,IDLE,IDLE,IDLE,IDLE
421,2024-01-18 13:00:01,0.00,0.00,0,0.0000,0.0000,0.00,0.9998,0.9999,0.9997,0.9997,0.9998,0.9998,0.9998,0.9997,0.9998,0.9998,0.9999,0.9997,0.9998,0.9999,0.9998,0.9999,0.9998,0.9998,0.9998,0.9998,0.9998,0.9998,0.9999,0.9998,0.9998,0.9998,0.9998,0.9998,0.9998,0.9997,0.9998,0.9998,0.9998,0.9998,0.9998,0.9997,0.9996,0.9998,0.9998,0.9998,0.9998,0.9998,0.9998,0.9998,0.9997,0.9997,0.9998,0.9999,0.9998,0.9999,0.1622,0.1872,0.1898,0.1763,0.1969,0.1614,0.1677,0.1781,0.1623,0.1490,0.1997,0.1315,0.1870,0.1542,0.1730,0.1542,0.1970,0.1985,0.1753,0.1642,0.1937,0.1970,0.1982,0.1980,0.1844,0.1987,0.1970,0.1490,0.1759,0.1861,0.1491,0.1286,0.1623,0.1668,0.1993,0.1763,0.1879,0.1286,0.1709,0.1911,0.1677,0.1626,0.1409,0.1980,0.1412,0.1557,0.1569,0.1581,0.1373,0.1646,IDLE,IDLE,IDLE,IDLE,IDLE,IDLE,IDLE,IDLE,IDLE,IDLE,IDLE,IDLE,IDLE,IDLE,IDLE,IDLE,IDLE,IDLE,IDLE,IDLE,IDLE,IDLE,IDLE,IDLE,IDLE,IDLE,IDLE,IDLE,IDLE,IDLE,IDLE,IDLE,IDLE,IDLE,IDLE,IDLE,IDLE,IDLE,IDLE,IDLE,IDLE,IDLE,IDLE,IDLE,IDLE,IDLE,IDLE,IDLE,IDLE,IDLE
422,2024-01-18 14:00:01,0.00,0.00,0,0.0000,0.0000,0.00,0.9998,0.9999,0.9997,0.9997,0.9998,0.9998,0.9998,0.9997,0.9998,0.9998,0.9999,0.9997,0.9998,0.9999,0.9998,0.9999,0.9998,0.9998,0.9998,0.9998,0.9998,0.9998,0.9999,0.9998,0.9998,0.9998,0.9998,0.9998,0.9998,0.9997,0.9998,0.9998,0.9998,0.9998,0.9998,0.9997,0.9996,0.9998,0.9998,0.9998,0.9998,0.9998,0.9998,0.9998,0.9997,0.9997,0.9998,0.9999,0.9998,0.9999,0.1622,0.1872,0.1898,0.1763,0.1969,0.1614,0.1677,0.1781,0.1623,0.1490,0.1997,0.1315,0.1870,0.1542,0.1730,0.1542,0.1970,0.1985,0.1753,0.1642,0.1937,0.1970,0.1982,0.1980,0.1844,0.1987,0.1970,0.1490,0.1759,0.1861,0.1491,0.1286,0.1623,0.1668,0.1993,0.1763,0.1879,0.1286,0.1709,0.1911,0.1677,0.1626,0.1409,0.1980,0.1412,0.1557,0.1569,0.1581,0.1373,0.1646,IDLE,IDLE,IDLE,IDLE,IDLE,IDLE,IDLE,IDLE,IDLE,IDLE,IDLE,IDLE,IDLE,IDLE,IDLE,IDLE,IDLE,IDLE,IDLE,IDLE,IDLE,IDLE,IDLE,IDLE,IDLE,IDLE,IDLE,IDLE,IDLE,IDLE,IDLE,IDLE,IDLE,IDLE,IDLE,IDLE,IDLE,IDLE,IDLE,IDLE,IDLE,IDLE,IDLE,IDLE,IDLE,IDLE,IDLE,IDLE,IDLE,IDLE
423,2024-01-18 15:00:01,0.00,0.00,0,0.0000,0.0000,0.00,0.9998,0.9999,0.9997,0.9997,0.9998,0.9998,0.9998,0.9997,0.9998,0.9998,0.9999,0.9997,0.9998,0.9999,0.9998,0.9999,0.9998,0.9998,0.9998,0.9998,0.9998,0.9998,0.9999,0.9998,0.9998,0.9998,0.9998,0.9998,0.9998,0.9997,0.9998,0.9998,0.9998,0.9998,0.9998,0.9997,0.9996,0.9998,0.9998,0.9998,0.9998,0.9998,0.9998,0.9998,0.9997,0.9997,0.9998,0.9999,0.9998,0.9999,0.1622,0.1872,0.1898,0.1763,0.1969,0.1614,0.1677,0.1781,0.1623,0.1490,0.1997,0.1315,0.1870,0.1542,0.1730,0.1542,0.1970,0.1985,0.1753,0.1642,0.1937,0.1970,0.1982,0.1980,0.1844,0.1987,0.1970,0.1490,0.1759,0.1861,0.1491,0.1286,0.1623,0.1668,0.1993,0.1763,0.1879,0.1286,0.1709,0.1911,0.1677,0.1626,0.1409,0.1980,0.1412,0.1557,0.1569,0.1581,0.1373,0.1646,IDLE,IDLE,IDLE,IDLE,IDLE,IDLE,IDLE,IDLE,IDLE,IDLE,IDLE,IDLE,IDLE,IDLE,IDLE,IDLE,IDLE,IDLE,IDLE,IDLE,IDLE,IDLE,IDLE,IDLE,IDLE,IDLE,IDLE,IDLE,IDLE,IDLE,IDLE,IDLE,IDLE,IDLE,IDLE,IDLE,IDLE,IDLE,IDLE,IDLE,IDLE,IDLE,IDLE,IDLE,IDLE,IDLE,IDLE,IDLE,IDLE,IDLE
424,2024-01-18 16:00:01,0.00,0.00,0,0.0000,0.0000,0.00,0.9998,0.9999,0.9997,0.9997,0.9998,0.9998,0.9998,0.9997,0.9998,0.9998,0.9999,0.9997,0.9998,0.9999,0.9998,0.9999,0.9998,0.9998,0.9998,0.9998,0.9998,0.9998,0.9999,0.9998,0.9998,0.9998,0.9998,0.9998,0.9998,0.9997,0.9998,0.9998,0.9998,0.9998,0.9998,0.9997,0.9996,0.9998,0.9998,0.9998,0.9998,0.9998,0.9998,0.9998,0.9997,0.9997,0.9998,0.9999,0.9998,0.9999,0.1622,0.1872,0.1898,0.1763,0.1969,0.1614,0.1677,0.1781,0.1623,0.1490,0.1997,0.1315,0.1870,0.1542,0.1730,0.1542,0.1970,0.1985,0.1753,0.1642,0.1937,0.1970,0.1982,0.1980,0.1844,0.1987,0.1970,0.1490,0.1759,0.1861,0.1491,0.1286,0.1623,0.1668,0.1993,0.1763,0.1879,0.1286,0.1709,0.1911,0.1677,0.1626,0.1409,0.1980,0.1412,0.1557,0.1569,0.1581,0.1373,0.1646,IDLE,IDLE,IDLE,IDLE,IDLE,IDLE,IDLE,IDLE,IDLE,IDLE,IDLE,IDLE,IDLE,IDLE,IDLE,IDLE,IDLE,IDLE,IDLE,IDLE,IDLE,IDLE,IDLE,IDLE,IDLE,IDLE,IDLE,IDLE,IDLE,IDLE,IDLE,IDLE,IDLE,IDLE,IDLE,IDLE,IDLE,IDLE,IDLE,IDLE,IDLE,IDLE,IDLE,IDLE,IDLE,IDLE,IDLE,IDLE,IDLE,IDLE
425,2024-01-18 17:00:01,0.00,0.00,0,0.0000,0.0000,0.00,0.9998,0.9999,0.9997,0.9997,0.9998,0.9998,0.9998,0.9997,0.9998,0.9998,0.9999,0.9997,0.9998,0.9999,0.9998,0.9999,0.9998,0.9998,0.9998,0.9998,0.9998,0.9998,0.9999,0.9998,0.9998,0.9998,0.9998,0.9998,0.9998,0.9997,0.9998,0.9998,0.9998,0.9998,0.9998,0.9997,0.9996,0.9998,0.9998,0.9998,0.9998,0.9998,0.9998,0.9998,0.9997,0.9997,0.9998,0.9999,0.9998,0.9999,0.1622,0.1872,0.1898,0.1763,0.1969,0.1614,0.1677,0.1781,0.1623,0.1490,0.1997,0.1315,0.1870,0.1542,0.1730,0.1542,0.1970,0.1985,0.1753,0.1642,0.1937,0.1970,0.1982,0.1980,0.1844,0.1987,0.1970,0.1490,0.1759,0.1861,0.1491,0.1286,0.1623,0.1668,0.1993,0.1763,0.1879,0.1286,0.1709,0.1911,0.1677,0.1626,0.1409,0.1980,0.1412,0.1557,0.1569,0.1581,0.1373,0.1646,IDLE,IDLE,IDLE,IDLE,IDLE,IDLE,IDLE,IDLE,IDLE,IDLE,IDLE,IDLE,IDLE,IDLE,IDLE,IDLE,IDLE,IDLE,IDLE,IDLE,IDLE,IDLE,IDLE,IDLE,IDLE,IDLE,IDLE,IDLE,IDLE,IDLE,IDLE,IDLE,IDLE,IDLE,IDLE,IDLE,IDLE,IDLE,IDLE,IDLE,IDLE,IDLE,IDLE,IDLE,IDLE,IDLE,IDLE,IDLE,IDLE,IDLE
426,2024-01-18 18:00:01,0.00,0.00,0,0.0000,0.0000,0.00,0.9998,0.9999,0.9997,0.9997,0.9998,0.9998,0.9998,0.9997,0.9998,0.9998,0.9999,0.9997,0.9998,0.9999,0.9998,0.9999,0.9998,0.9998,0.9998,0.9998,0.9998,0.9998,0.9999,0.9998,0.9998,0.9998,0.9998,0.9998,0.9998,0.9997,0.9998,0.9998,0.9998,0.9998,0.9998,0.9997,0.9996,0.9998,0.9998,0.9998,0.9998,0.9998,0.9998,0.9998,0.9997,0.9997,0.9998,0.9999,0.9998,0.9999,0.1622,0.1872,0.1898,0.1763,0.1969,0.1614,0.1677,0.1781,0.1623,0.1490,0.1997,0.1315,0.1870,0.1542,0.1730,0.1542,0.1970,0.1985,0.1753,0.1642,0.1937,0.1970,0.1982,0.1980,0.1844,0.1987,0.1970,0.1490,0.1759,0.1861,0.1491,0.1286,0.1623,0.1668,0.1993,0.1763,0.1879,0.1286,0.1709,0.1911,0.1677,0.1626,0.1409,0.1980,0.1412,0.1557,0.1569,0.1581,0.1373,0.1646,IDLE,IDLE,IDLE,IDLE,IDLE,IDLE,IDLE,IDLE,IDLE,IDLE,IDLE,IDLE,IDLE,IDLE,IDLE,IDLE,IDLE,IDLE,IDLE,IDLE,IDLE,IDLE,IDLE,IDLE,IDLE,IDLE,IDLE,IDLE,IDLE,IDLE,IDLE,IDLE,IDLE,IDLE,IDLE,IDLE,IDLE,IDLE,IDLE,IDLE,IDLE,IDLE,IDLE,IDLE,IDLE,IDLE,IDLE,IDLE,IDLE,IDLE
427,2024-01-18 19:00:01,0.00,0.00,0,0.0000,0.0000,0.00,0.9998,0.9999,0.9997,0.9997,0.9998,0.9998,0.9998,0.9997,0.9998,0.9998,0.9999,0.9997,0.9998,0.9999,0.9998,0.9999,0.9998,0.9998,0.9998,0.9998,0.9998,0.9998,0.9999,0.9998,0.9998,0.9998,0.9998,0.9998,0.9998,0.9997,0.9998,0.9998,0.9998,0.9998,0.9998,0.9997,0.9996,0.9998,0.9998,0.9998,0.9998,0.9998,0.9998,0.9998,0.9997,0.9997,0.9998,0.9999,0.9998,0.9999,0.1622,0.1872,0.1898,0.1763,0.1969,0.1614,0.1677,0.1781,0.1623,0.1490,0.1997,0.1315,0.1870,0.1542,0.1730,0.1542,0.1970,0.1985,0.1753,0.1642,0.1937,0.1970,0.1982,0.1980,0.1844,0.1987,0.1970,0.1490,0.1759,0.1861,0.1491,0.1286,0.1623,0.1668,0.1993,0.1763,0.1879,0.1286,0.1709,0.1911,0.1677,0.1626,0.1409,0.1980,0.1412,0.1557,0.1569,0.1581,0.1373,0.1646,IDLE,IDLE,IDLE,IDLE,IDLE,IDLE,IDLE,IDLE,IDLE,IDLE,IDLE,IDLE,IDLE,IDLE,IDLE,IDLE,IDLE,IDLE,IDLE,IDLE,IDLE,IDLE,IDLE,IDLE,IDLE,IDLE,IDLE,IDLE,IDLE,IDLE,IDLE,IDLE,IDLE,IDLE,IDLE,IDLE,IDLE,IDLE,IDLE,IDLE,IDLE,IDLE,IDLE,IDLE,IDLE,IDLE,IDLE,IDLE,IDLE,IDLE
428,2024-01-18 20:00:01,0.00,0.00,0,0.0000,0.0000,0.00,0.9998,0.9999,0.9997,0.9997,0.9998,0.9998,0.9998,0.9997,0.9998,0.9998,0.9999,0.9997,0.9998,0.9999,0.9998,0.9999,0.9998,0.9998,0.9998,0.9998,0.9998,0.9998,0.9999,0.9998,0.9998,0.9998,0.9998,0.9998,0.9998,0.9997,0.9998,0.9998,0.9998,0.9998,0.9998,0.9997,0.9996,0.9998,0.9998,0.9998,0.9998,0.9998,0.9998,0.9998,0.9997,0.9997,0.9998,0.9999,0.9998,0.9999,0.1622,0.1872,0.1898,0.1763,0.1969,0.1614,0.1677,0.1781,0.1623,0.1490,0.1997,0.1315,0.1870,0.1542,0.1730,0.1542,0.1970,0.1985,0.1753,0.1642,0.1937,0.1970,0.1982,0.1980,0.1844,0.1987,0.1970,0.1490,0.1759,0.1861,0.1491,0.1286,0.1623,0.1668,0.1993,0.1763,0.1879,0.1286,0.1709,0.1911,0.1677,0.1626,0.1409,0.1980,0.1412,0.1557,0.1569,0.1581,0.1373,0.1646,IDLE,IDLE,IDLE,IDLE,IDLE,IDLE,IDLE,IDLE,IDLE,IDLE,IDLE,IDLE,IDLE,IDLE,IDLE,IDLE,IDLE,IDLE,IDLE,IDLE,IDLE,IDLE,IDLE,IDLE,IDLE,IDLE,IDLE,IDLE,IDLE,IDLE,IDLE,IDLE,IDLE,IDLE,IDLE,IDLE,IDLE,IDLE,IDLE,IDLE,IDLE,IDLE,IDLE,IDLE,IDLE,IDLE,IDLE,IDLE,IDLE,IDLE
429,2024-01-18 21:00:01,0.00,0.00,0,0.0000,0.0000,0.00,0.9998,0.9999,0.9997,0.9997,0.9998,0.9998,0.9998,0.9997,0.9998,0.9998,0.9999,0.9997,0.9998,0.9999,0.9998,0.9999,0.9998,0.9998,0.9998,0.9998,0.9998,0.9998,0.9999,0.9998,0.9998,0.9998,0.9998,0.9998,0.9998,0.9997,0.9998,0.9998,0.9998,0.9998,0.9998,0.9997,0.9996,0.9998,0.9998,0.9998,0.9998,0.9998,0.9998,0.9998,0.9997,0.9997,0.9998,0.9999,0.9998,0.9999,0.1622,0.1872,0.1898,0.1763,0.1969,0.1614,0.1677,0.1781,0.1623,0.1490,0.1997,0.1315,0.1870,0.1542,0.1730,0.1542,0.1970,0.1985,0.1753,0.1642,0.1937,0.1970,0.1982,0.1980,0.1844,0.1987,0.1970,0.1490,0.1759,0.1861,0.1491,0.1286,0.1623,0.1668,0.1993,0.1763,0.1879,0.1286,0.1709,0.1911,0.1677,0.1626,0.1409,0.1980,0.1412,0.1557,0.1569,0.1581,0.1373,0.1646,IDLE,IDLE,IDLE,IDLE,IDLE,IDLE,IDLE,IDLE,IDLE,IDLE,IDLE,IDLE,IDLE,IDLE,IDLE,IDLE,IDLE,IDLE,IDLE,IDLE,IDLE,IDLE,IDLE,IDLE,IDLE,IDLE,IDLE,IDLE,IDLE,IDLE,IDLE,IDLE,IDLE,IDLE,IDLE,IDLE,IDLE,IDLE,IDLE,IDLE,IDLE,IDLE,IDLE,IDLE,IDLE,IDLE,IDLE,IDLE,IDLE,IDLE
430,2024-01-18 22:00:01,0.00,0.00,0,0.0000,0.0000,0.00,0.9998,0.9999,0.9997,0.9997,0.9998,0.9998,0.9998,0.9997,0.9998,0.9998,0.9999,0.9997,0.9998,0.9999,0.9998,0.9999,0.9998,0.9998,0.9998,0.9998,0.9998,0.9998,0.9999,0.9998,0.9998,0.9998,0.9998,0.9998,0.9998,0.9997,0.9998,0.9998,0.9998,0.9998,0.9998,0.9997,0.9996,0.9998,0.9998,0.9998,0.9998,0.9998,0.9998,0.9998,0.9997,0.9997,0.9998,0.9999,0.9998,0.9999,0.1622,0.1872,0.1898,0.1763,0.1969,0.1614,0.1677,0.1781,0.1623,0.1490,0.1997,0.1315,0.1870,0.1542,0.1730,0.1542,0.1970,0.1985,0.1753,0.1642,0.1937,0.1970,0.1982,0.1980,0.1844,0.1987,0.1970,0.1490,0.1759,0.1861,0.1491,0.1286,0.1623,0.1668,0.1993,0.1763,0.1879,0.1286,0.1709,0.1911,0.1677,0.1626,0.1409,0.1980,0.1412,0.1557,0.1569,0.1581,0.1373,0.1646,IDLE,IDLE,IDLE,IDLE,IDLE,IDLE,IDLE,IDLE,IDLE,IDLE,IDLE,IDLE,IDLE,IDLE,IDLE,IDLE,IDLE,IDLE,IDLE,IDLE,IDLE,IDLE,IDLE,IDLE,IDLE,IDLE,IDLE,IDLE,IDLE,IDLE,IDLE,IDLE,IDLE,IDLE,IDLE,IDLE,IDLE,IDLE,IDLE,IDLE,IDLE,IDLE,IDLE,IDLE,IDLE,IDLE,IDLE,IDLE,IDLE,IDLE
431,2024-01-18 23:00:01,0.00,0.00,0,0.0000,0.0000,0.00,0.9998,0.9999,0.9997,0.9997,0.9998,0.9998,0.9998,0.9997,0.9998,0.9998,0.9999,0.9997,0.9998,0.9999,0.9998,0.9999,0.9998,0.9998,0.9998,0.9998,0.9998,0.9998,0.9999,0.9998,0.9998,0.9998,0.9998,0.9998,0.9998,0.9997,0.9998,0.9998,0.9998,0.9998,0.9998,0.9997,0.9996,0.9998,0.9998,0.9998,0.9998,0.9998,0.9998,0.9998,0.9997,0.9997,0.9998,0.9999,0.9998,0.9999,0.1622,0.1872,0.1898,0.1763,0.1969,0.1614,0.1677,0.1781,0.1623,0.1490,0.1997,0.1315,0.1870,0.1542,0.1730,0.1542,0.1970,0.1985,0.1753,0.1642,0.1937,0.1970,0.1982,0.1980,0.1844,0.1987,0.1970,0.1490,0.1759,0.1861,0.1491,0.1286,0.1623,0.1668,0.1993,0.1763,0.1879,0.1286,0.1709,0.1911,0.1677,0.1626,0.1409,0.1980,0.1412,0.1557,0.1569,0.1581,0.1373,0.1646,IDLE,IDLE,IDLE,IDLE,IDLE,IDLE,IDLE,IDLE,IDLE,IDLE,IDLE,IDLE,IDLE,IDLE,IDLE,IDLE,IDLE,IDLE,IDLE,IDLE,IDLE,IDLE,IDLE,IDLE,IDLE,IDLE,IDLE,IDLE,IDLE,IDLE,IDLE,IDLE,IDLE,IDLE,IDLE,IDLE,IDLE,IDLE,IDLE,IDLE,IDLE,IDLE,IDLE,IDLE,IDLE,IDLE,IDLE,IDLE,IDLE,IDLE
432,2024-01-19 00:00:01,0.00,0.00,0,0.0000,0.0000,0.00,0.9998,0.9999,0.9997,0.9997,0.9998,0.9998,0.9998,0.9997,0.9998,0.9998,0.9999,0.9997,0.9998,0.9999,0.9998,0.9999,0.9998,0.9998,0.9998,0.9998,0.9998,0.9998,0.9999,0.9998,0.9998,0.9998,0.9998,0.9998,0.9998,0.9997,0.9998,0.9998,0.9998,0.9998,0.9998,0.9997,0.9996,0.9998,0.9998,0.9998,0.9998,0.9998,0.9998,0.9998,0.9997,0.9997,0.9998,0.9999,0.9998,0.9999,0.1622,0.1872,0.1898,0.1763,0.1969,0.1614,0.1677,0.1781,0.1623,0.1490,0.1997,0.1315,0.1870,0.1542,0.1730,0.1542,0.1970,0.1985,0.1753,0.1642,0.1937,0.1970,0.1982,0.1980,0.1844,0.1987,0.1970,0.1490,0.1759,0.1861,0.1491,0.1286,0.1623,0.1668,0.1993,0.1763,0.1879,0.1286,0.1709,0.1911,0.1677,0.1626,0.1409,0.1980,0.1412,0.1557,0.1569,0.1581,0.1373,0.1646,IDLE,IDLE,IDLE,IDLE,IDLE,IDLE,IDLE,IDLE,IDLE,IDLE,IDLE,IDLE,IDLE,IDLE,IDLE,IDLE,IDLE,IDLE,IDLE,IDLE,IDLE,IDLE,IDLE,IDLE,IDLE,IDLE,IDLE,IDLE,IDLE,IDLE,IDLE,IDLE,IDLE,IDLE,IDLE,IDLE,IDLE,IDLE,IDLE,IDLE,IDLE,IDLE,IDLE,IDLE,IDLE,IDLE,IDLE,IDLE,IDLE,IDLE
433,2024-01-19 01:00:01,0.00,0.00,0,0.0000,0.0000,0.00,0.9998,0.9999,0.9997,0.9997,0.9998,0.9998,0.9998,0.9997,0.9998,0.9998,0.9999,0.9997,0.9998,0.9999,0.9998,0.9999,0.9998,0.9998,0.9998,0.9998,0.9998,0.9998,0.9999,0.9998,0.9998,0.9998,0.9998,0.9998,0.9998,0.9997,0.9998,0.9998,0.9998,0.9998,0.9998,0.9997,0.9996,0.9998,0.9998,0.9998,0.9998,0.9998,0.9998,0.9998,0.9997,0.9997,0.9998,0.9999,0.9998,0.9999,0.1622,0.1872,0.1898,0.1763,0.1969,0.1614,0.1677,0.1781,0.1623,0.1490,0.1997,0.1315,0.1870,0.1542,0.1730,0.1542,0.1970,0.1985,0.1753,0.1642,0.1937,0.1970,0.1982,0.1980,0.1844,0.1987,0.1970,0.1490,0.1759,0.1861,0.1491,0.1286,0.1623,0.1668,0.1993,0.1763,0.1879,0.1286,0.1709,0.1911,0.1677,0.1626,0.1409,0.1980,0.1412,0.1557,0.1569,0.1581,0.1373,0.1646,IDLE,IDLE,IDLE,IDLE,IDLE,IDLE,IDLE,IDLE,IDLE,IDLE,IDLE,IDLE,IDLE,IDLE,IDLE,IDLE,IDLE,IDLE,IDLE,IDLE,IDLE,IDLE,IDLE,IDLE,IDLE,IDLE,IDLE,IDLE,IDLE,IDLE,IDLE,IDLE,IDLE,IDLE,IDLE,IDLE,IDLE,IDLE,IDLE,IDLE,IDLE,IDLE,IDLE,IDLE,IDLE,IDLE,IDLE,IDLE,IDLE,IDLE
434,2024-01-19 02:00:01,0.00,0.00,0,0.0000,0.0000,0.00,0.9998,0.9999,0.9997,0.9997,0.9998,0.9998,0.9998,0.9997,0.9998,0.9998,0.9999,0.9997,0.9998,0.9999,0.9998,0.9999,0.9998,0.9998,0.9998,0.9998,0.9998,0.9998,0.9999,0.9998,0.9998,0.9998,0.9998,0.9998,0.9998,0.9997,0.9998,0.9998,0.9998,0.9998,0.9998,0.9997,0.9996,0.9998,0.9998,0.9998,0.9998,0.9998,0.9998,0.9998,0.9997,0.9997,0.9998,0.9999,0.9998,0.9999,0.1622,0.1872,0.1898,0.1763,0.1969,0.1614,0.1677,0.1781,0.1623,0.1490,0.1997,0.1315,0.1870,0.1542,0.1730,0.1542,0.1970,0.1985,0.1753,0.1642,0.1937,0.1970,0.1982,0.1980,0.1844,0.1987,0.1970,0.1490,0.1759,0.1861,0.1491,0.1286,0.1623,0.1668,0.1993,0.1763,0.1879,0.1286,0.1709,0.1911,0.1677,0.1626,0.1409,0.1980,0.1412,0.1557,0.1569,0.1581,0.1373,0.1646,IDLE,IDLE,IDLE,IDLE,IDLE,IDLE,IDLE,IDLE,IDLE,IDLE,IDLE,IDLE,IDLE,IDLE,IDLE,IDLE,IDLE,IDLE,IDLE,IDLE,IDLE,IDLE,IDLE,IDLE,IDLE,IDLE,IDLE,IDLE,IDLE,IDLE,IDLE,IDLE,IDLE,IDLE,IDLE,IDLE,IDLE,IDLE,IDLE,IDLE,IDLE,IDLE,IDLE,IDLE,IDLE,IDLE,IDLE,IDLE,IDLE,IDLE
435,2024-01-19 03:00:01,0.00,0.00,0,0.0000,0.0000,0.00,0.9998,0.9999,0.9997,0.9997,0.9998,0.9998,0.9998,0.9997,0.9998,0.9998,0.9999,0.9997,0.9998,0.9999,0.9998,0.9999,0.9998,0.9998,0.9998,0.9998,0.9998,0.9998,0.9999,0.9998,0.9998,0.9998,0.9998,0.9998,0.9998,0.9997,0.9998,0.9998,0.9998,0.9998,0.9998,0.9997,0.9996,0.9998,0.9998,0.9998,0.9998,0.9998,0.9998,0.9998,0.9997,0.9997,0.9998,0.9999,0.9998,0.9999,0.1622,0.1872,0.1898,0.1763,0.1969,0.1614,0.1677,0.1781,0.1623,0.1490,0.1997,0.1315,0.1870,0.1542,0.1730,0.1542,0.1970,0.1985,0.1753,0.1642,0.1937,0.1970,0.1982,0.1980,0.1844,0.1987,0.1970,0.1490,0.1759,0.1861,0.1491,0.1286,0.1623,0.1668,0.1993,0.1763,0.1879,0.1286,0.1709,0.1911,0.1677,0.1626,0.1409,0.1980,0.1412,0.1557,0.1569,0.1581,0.1373,0.1646,IDLE,IDLE,IDLE,IDLE,IDLE,IDLE,IDLE,IDLE,IDLE,IDLE,IDLE,IDLE,IDLE,IDLE,IDLE,IDLE,IDLE,IDLE,IDLE,IDLE,IDLE,IDLE,IDLE,IDLE,IDLE,IDLE,IDLE,IDLE,IDLE,IDLE,IDLE,IDLE,IDLE,IDLE,IDLE,IDLE,IDLE,IDLE,IDLE,IDLE,IDLE,IDLE,IDLE,IDLE,IDLE,IDLE,IDLE,IDLE,IDLE,IDLE
436,2024-01-19 04:00:01,0.00,0.00,0,0.0000,0.0000,0.00,0.9998,0.9999,0.9997,0.9997,0.9998,0.9998,0.9998,0.9997,0.9998,0.9998,0.9999,0.9997,0.9998,0.9999,0.9998,0.9999,0.9998,0.9998,0.9998,0.9998,0.9998,0.9998,0.9999,0.9998,0.9998,0.9998,0.9998,0.9998,0.9998,0.9997,0.9998,0.9998,0.9998,0.9998,0.9998,0.9997,0.9996,0.9998,0.9998,0.9998,0.9998,0.9998,0.9998,0.9998,0.9997,0.9997,0.9998,0.9999,0.9998,0.9999,0.1622,0.1872,0.1898,0.1763,0.1969,0.1614,0.1677,0.1781,0.1623,0.1490,0.1997,0.1315,0.1870,0.1542,0.1730,0.1542,0.1970,0.1985,0.1753,0.1642,0.1937,0.1970,0.1982,0.1980,0.1844,0.1987,0.1970,0.1490,0.1759,0.1861,0.1491,0.1286,0.1623,0.1668,0.1993,0.1763,0.1879,0.1286,0.1709,0.1911,0.1677,0.1626,0.1409,0.1980,0.1412,0.1557,0.1569,0.1581,0.1373,0.1646,IDLE,IDLE,IDLE,IDLE,IDLE,IDLE,IDLE,IDLE,IDLE,IDLE,IDLE,IDLE,IDLE,IDLE,IDLE,IDLE,IDLE,IDLE,IDLE,IDLE,IDLE,IDLE,IDLE,IDLE,IDLE,IDLE,IDLE,IDLE,IDLE,IDLE,IDLE,IDLE,IDLE,IDLE,IDLE,IDLE,IDLE,IDLE,IDLE,IDLE,IDLE,IDLE,IDLE,IDLE,IDLE,IDLE,IDLE,IDLE,IDLE,IDLE
437,2024-01-19 05:00:01,0.00,0.00,0,0.0000,0.0000,0.00,0.9998,0.9999,0.9997,0.9997,0.9998,0.9998,0.9998,0.9997,0.9998,0.9998,0.9999,0.9997,0.9998,0.9999,0.9998,0.9999,0.9998,0.9998,0.9998,0.9998,0.9998,0.9998,0.9999,0.9998,0.9998,0.9998,0.9998,0.9998,0.9998,0.9997,0.9998,0.9998,0.9998,0.9998,0.9998,0.9997,0.9996,0.9998,0.9998,0.9998,0.9998,0.9998,0.9998,0.9998,0.9997,0.9997,0.9998,0.9999,0.9998,0.9999,0.1622,0.1872,0.1898,0.1763,0.1969,0.1614,0.1677,0.1781,0.1623,0.1490,0.1997,0.1315,0.1870,0.1542,0.1730,0.1542,0.1970,0.1985,0.1753,0.1642,0.1937,0.1970,0.1982,0.1980,0.1844,0.1987,0.1970,0.1490,0.1759,0.1861,0.1491,0.1286,0.1623,0.1668,0.1993,0.1763,0.1879,0.1286,0.1709,0.1911,0.1677,0.1626,0.1409,0.1980,0.1412,0.1557,0.1569,0.1581,0.1373,0.1646,IDLE,IDLE,IDLE,IDLE,IDLE,IDLE,IDLE,IDLE,IDLE,IDLE,IDLE,IDLE,IDLE,IDLE,IDLE,IDLE,IDLE,IDLE,IDLE,IDLE,IDLE,IDLE,IDLE,IDLE,IDLE,IDLE,IDLE,IDLE,IDLE,IDLE,IDLE,IDLE,IDLE,IDLE,IDLE,IDLE,IDLE,IDLE,IDLE,IDLE,IDLE,IDLE,IDLE,IDLE,IDLE,IDLE,IDLE,IDLE,IDLE,IDLE
438,2024-01-19 06:00:01,0.00,0.00,0,0.0000,0.0000,0.00,0.9998,0.9999,0.9997,0.9997,0.9998,0.9998,0.9998,0.9997,0.9998,0.9998,0.9999,0.9997,0.9998,0.9999,0.9998,0.9999,0.9998,0.9998,0.9998,0.9998,0.9998,0.9998,0.9999,0.9998,0.9998,0.9998,0.9998,0.9998,0.9998,0.9997,0.9998,0.9998,0.9998,0.9998,0.9998,0.9997,0.9996,0.9998,0.9998,0.9998,0.9998,0.9998,0.9998,0.9998,0.9997,0.9997,0.9998,0.9999,0.9998,0.9999,0.1622,0.1872,0.1898,0.1763,0.1969,0.1614,0.1677,0.1781,0.1623,0.1490,0.1997,0.1315,0.1870,0.1542,0.1730,0.1542,0.1970,0.1985,0.1753,0.1642,0.1937,0.1970,0.1982,0.1980,0.1844,0.1987,0.1970,0.1490,0.1759,0.1861,0.1491,0.1286,0.1623,0.1668,0.1993,0.1763,0.1879,0.1286,0.1709,0.1911,0.1677,0.1626,0.1409,0.1980,0.1412,0.1557,0.1569,0.1581,0.1373,0.1646,IDLE,IDLE,IDLE,IDLE,IDLE,IDLE,IDLE,IDLE,IDLE,IDLE,IDLE,IDLE,IDLE,IDLE,IDLE,IDLE,IDLE,IDLE,IDLE,IDLE,IDLE,IDLE,IDLE,IDLE,IDLE,IDLE,IDLE,IDLE,IDLE,IDLE,IDLE,IDLE,IDLE,IDLE,IDLE,IDLE,IDLE,IDLE,IDLE,IDLE,IDLE,IDLE,IDLE,IDLE,IDLE,IDLE,IDLE,IDLE,IDLE,IDLE
439,2024-01-19 07:00:01,0.00,0.00,0,0.0000,0.0000,0.00,0.9998,0.9999,0.9997,0.9997,0.9998,0.9998,0.9998,0.9997,0.9998,0.9998,0.9999,0.9997,0.9998,0.9999,0.9998,0.9999,0.9998,0.9998,0.9998,0.9998,0.9998,0.9998,0.9999,0.9998,0.9998,0.9998,0.9998,0.9998,0.9998,0.9997,0.9998,0.9998,0.9998,0.9998,0.9998,0.9997,0.9996,0.9998,0.9998,0.9998,0.9998,0.9998,0.9998,0.9998,0.9997,0.9997,0.9998,0.9999,0.9998,0.9999,0.1622,0.1872,0.1898,0.1763,0.1969,0.1614,0.1677,0.1781,0.1623,0.1490,0.1997,0.1315,0.1870,0.1542,0.1730,0.1542,0.1970,0.1985,0.1753,0.1642,0.1937,0.1970,0.1982,0.1980,0.1844,0.1987,0.1970,0.1490,0.1759,0.1861,0.1491,0.1286,0.1623,0.1668,0.1993,0.1763,0.1879,0.1286,0.1709,0.1911,0.1677,0.1626,0.1409,0.1980,0.1412,0.1557,0.1569,0.1581,0.1373,0.1646,IDLE,IDLE,IDLE,IDLE,IDLE,IDLE,IDLE,IDLE,IDLE,IDLE,IDLE,IDLE,IDLE,IDLE,IDLE,IDLE,IDLE,IDLE,IDLE,IDLE,IDLE,IDLE,IDLE,IDLE,IDLE,IDLE,IDLE,IDLE,IDLE,IDLE,IDLE,IDLE,IDLE,IDLE,IDLE,IDLE,IDLE,IDLE,IDLE,IDLE,IDLE,IDLE,IDLE,IDLE,IDLE,IDLE,IDLE,IDLE,IDLE,IDLE
440,2024-01-19 08:00:01,0.00,0.00,0,0.0000,0.0000,0.00,0.9998,0.9999,0.9997,0.9997,0.9998,0.9998,0.9998,0.9997,0.9998,0.9998,0.9999,0.9997,0.9998,0.9999,0.9998,0.9999,0.9998,0.9998,0.9998,0.9998,0.9998,0.9998,0.9999,0.9998,0.9998,0.9998,0.9998,0.9998,0.9998,0.9997,0.9998,0.9998,0.9998,0.9998,0.9998,0.9997,0.9996,0.9998,0.9998,0.9998,0.9998,0.9998,0.9998,0.9998,0.9997,0.9997,0.9998,0.9999,0.9998,0.9999,0.1622,0.1872,0.1898,0.1763,0.1969,0.1614,0.1677,0.1781,0.1623,0.1490,0.1997,0.1315,0.1870,0.1542,0.1730,0.1542,0.1970,0.1985,0.1753,0.1642,0.1937,0.1970,0.1982,0.1980,0.1844,0.1987,0.1970,0.1490,0.1759,0.1861,0.1491,0.1286,0.1623,0.1668,0.1993,0.1763,0.1879,0.1286,0.1709,0.1911,0.1677,0.1626,0.1409,0.1980,0.1412,0.1557,0.1569,0.1581,0.1373,0.1646,IDLE,IDLE,IDLE,IDLE,IDLE,IDLE,IDLE,IDLE,IDLE,IDLE,IDLE,IDLE,IDLE,IDLE,IDLE,IDLE,IDLE,IDLE,IDLE,IDLE,IDLE,IDLE,IDLE,IDLE,IDLE,IDLE,IDLE,IDLE,IDLE,IDLE,IDLE,IDLE,IDLE,IDLE,IDLE,IDLE,IDLE,IDLE,IDLE,IDLE,IDLE,IDLE,IDLE,IDLE,IDLE,IDLE,IDLE,IDLE,IDLE,IDLE
441,2024-01-19 09:00:01,0.00,0.00,0,0.0000,0.0000,0.00,0.9998,0.9999,0.9997,0.9997,0.9998,0.9998,0.9998,0.9997,0.9998,0.9998,0.9999,0.9997,0.9998,0.9999,0.9998,0.9999,0.9998,0.9998,0.9998,0.9998,0.9998,0.9998,0.9999,0.9998,0.9998,0.9998,0.9998,0.9998,0.9998,0.9997,0.9998,0.9998,0.9998,0.9998,0.9998,0.9997,0.9996,0.9998,0.9998,0.9998,0.9998,0.9998,0.9998,0.9998,0.9997,0.9997,0.9998,0.9999,0.9998,0.9999,0.1622,0.1872,0.1898,0.1763,0.1969,0.1614,0.1677,0.1781,0.1623,0.1490,0.1997,0.1315,0.1870,0.1542,0.1730,0.1542,0.1970,0.1985,0.1753,0.1642,0.1937,0.1970,0.1982,0.1980,0.1844,0.1987,0.1970,0.1490,0.1759,0.1861,0.1491,0.1286,0.1623,0.1668,0.1993,0.1763,0.1879,0.1286,0.1709,0.1911,0.1677,0.1626,0.1409,0.1980,0.1412,0.1557,0.1569,0.1581,0.1373,0.1646,IDLE,IDLE,IDLE,IDLE,IDLE,IDLE,IDLE,IDLE,IDLE,IDLE,IDLE,IDLE,IDLE,IDLE,IDLE,IDLE,IDLE,IDLE,IDLE,IDLE,IDLE,IDLE,IDLE,IDLE,IDLE,IDLE,IDLE,IDLE,IDLE,IDLE,IDLE,IDLE,IDLE,IDLE,IDLE,IDLE,IDLE,IDLE,IDLE,IDLE,IDLE,IDLE,IDLE,IDLE,IDLE,IDLE,IDLE,IDLE,IDLE,IDLE
442,2024-01-19 10:00:01,0.00,0.00,0,0.0000,0.0000,0.00,0.9998,0.9999,0.9997,0.9997,0.9998,0.9998,0.9998,0.9997,0.9998,0.9998,0.9999,0.9997,0.9998,0.9999,0.9998,0.9999,0.9998,0.9998,0.9998,0.9998,0.9998,0.9998,0.9999,0.9998,0.9998,0.9998,0.9998,0.9998,0.9998,0.9997,0.9998,0.9998,0.9998,0.9998,0.9998,0.9997,0.9996,0.9998,0.9998,0.9998,0.9998,0.9998,0.9998,0.9998,0.9997,0.9997,0.9998,0.9999,0.9998,0.9999,0.1622,0.1872,0.1898,0.1763,0.1969,0.1614,0.1677,0.1781,0.1623,0.1490,0.1997,0.1315,0.1870,0.1542,0.1730,0.1542,0.1970,0.1985,0.1753,0.1642,0.1937,0.1970,0.1982,0.1980,0.1844,0.1987,0.1970,0.1490,0.1759,0.1861,0.1491,0.1286,0.1623,0.1668,0.1993,0.1763,0.1879,0.1286,0.1709,0.1911,0.1677,0.1626,0.1409,0.1980,0.1412,0.1557,0.1569,0.1581,0.1373,0.1646,IDLE,IDLE,IDLE,IDLE,IDLE,IDLE,IDLE,IDLE,IDLE,IDLE,IDLE,IDLE,IDLE,IDLE,IDLE,IDLE,IDLE,IDLE,IDLE,IDLE,IDLE,IDLE,IDLE,IDLE,IDLE,IDLE,IDLE,IDLE,IDLE,IDLE,IDLE,IDLE,IDLE,IDLE,IDLE,IDLE,IDLE,IDLE,IDLE,IDLE,IDLE,IDLE,IDLE,IDLE,IDLE,IDLE,IDLE,IDLE,IDLE,IDLE
443,2024-01-19 11:00:01,0.00,0.00,0,0.0000,0.0000,0.00,0.9998,0.9999,0.9997,0.9997,0.9998,0.9998,0.9998,0.9997,0.9998,0.9998,0.9999,0.9997,0.9998,0.9999,0.9998,0.9999,0.9998,0.9998,0.9998,0.9998,0.9998,0.9998,0.9999,0.9998,0.9998,0.9998,0.9998,0.9998,0.9998,0.9997,0.9998,0.9998,0.9998,0.9998,0.9998,0.9997,0.9996,0.9998,0.9998,0.9998,0.9998,0.9998,0.9998,0.9998,0.9997,0.9997,0.9998,0.9999,0.9998,0.9999,0.1622,0.1872,0.1898,0.1763,0.1969,0.1614,0.1677,0.1781,0.1623,0.1490,0.1997,0.1315,0.1870,0.1542,0.1730,0.1542,0.1970,0.1985,0.1753,0.1642,0.1937,0.1970,0.1982,0.1980,0.1844,0.1987,0.1970,0.1490,0.1759,0.1861,0.1491,0.1286,0.1623,0.1668,0.1993,0.1763,0.1879,0.1286,0.1709,0.1911,0.1677,0.1626,0.1409,0.1980,0.1412,0.1557,0.1569,0.1581,0.1373,0.1646,IDLE,IDLE,IDLE,IDLE,IDLE,IDLE,IDLE,IDLE,IDLE,IDLE,IDLE,IDLE,IDLE,IDLE,IDLE,IDLE,IDLE,IDLE,IDLE,IDLE,IDLE,IDLE,IDLE,IDLE,IDLE,IDLE,IDLE,IDLE,IDLE,IDLE,IDLE,IDLE,IDLE,IDLE,IDLE,IDLE,IDLE,IDLE,IDLE,IDLE,IDLE,IDLE,IDLE,IDLE,IDLE,IDLE,IDLE,IDLE,IDLE,IDLE
444,2024-01-19 12:00:01,0.00,0.00,0,0.0000,0.0000,0.00,0.9998,0.9999,0.9997,0.9997,0.9998,0.9998,0.9998,0.9997,0.9998,0.9998,0.9999,0.9997,0.9998,0.9999,0.9998,0.9999,0.9998,0.9998,0.9998,0.9998,0.9998,0.9998,0.9999,0.9998,0.9998,0.9998,0.9998,0.9998,0.9998,0.9997,0.9998,0.9998,0.9998,0.9998,0.9998,0.9997,0.9996,0.9998,0.9998,0.9998,0.9998,0.9998,0.9998,0.9998,0.9997,0.9997,0.9998,0.9999,0.9998,0.9999,0.1622,0.1872,0.1898,0.1763,0.1969,0.1614,0.1677,0.1781,0.1623,0.1490,0.1997,0.1315,0.1870,0.1542,0.1730,0.1542,0.1970,0.1985,0.1753,0.1642,0.1937,0.1970,0.1982,0.1980,0.1844,0.1987,0.1970,0.1490,0.1759,0.1861,0.1491,0.1286,0.1623,0.1668,0.1993,0.1763,0.1879,0.1286,0.1709,0.1911,0.1677,0.1626,0.1409,0.1980,0.1412,0.1557,0.1569,0.1581,0.1373,0.1646,IDLE,IDLE,IDLE,IDLE,IDLE,IDLE,IDLE,IDLE,IDLE,IDLE,IDLE,IDLE,IDLE,IDLE,IDLE,IDLE,IDLE,IDLE,IDLE,IDLE,IDLE,IDLE,IDLE,IDLE,IDLE,IDLE,IDLE,IDLE,IDLE,IDLE,IDLE,IDLE,IDLE,IDLE,IDLE,IDLE,IDLE,IDLE,IDLE,IDLE,IDLE,IDLE,IDLE,IDLE,IDLE,IDLE,IDLE,IDLE,IDLE,IDLE
445,2024-01-19 13:00:01,0.00,0.00,0,0.0000,0.0000,0.00,0.9998,0.9999,0.9997,0.9997,0.9998,0.9998,0.9998,0.9997,0.9998,0.9998,0.9999,0.9997,0.9998,0.9999,0.9998,0.9999,0.9998,0.9998,0.9998,0.9998,0.9998,0.9998,0.9999,0.9998,0.9998,0.9998,0.9998,0.9998,0.9998,0.9997,0.9998,0.9998,0.9998,0.9998,0.9998,0.9997,0.9996,0.9998,0.9998,0.9998,0.9998,0.9998,0.9998,0.9998,0.9997,0.9997,0.9998,0.9999,0.9998,0.9999,0.1622,0.1872,0.1898,0.1763,0.1969,0.1614,0.1677,0.1781,0.1623,0.1490,0.1997,0.1315,0.1870,0.1542,0.1730,0.1542,0.1970,0.1985,0.1753,0.1642,0.1937,0.1970,0.1982,0.1980,0.1844,0.1987,0.1970,0.1490,0.1759,0.1861,0.1491,0.1286,0.1623,0.1668,0.1993,0.1763,0.1879,0.1286,0.1709,0.1911,0.1677,0.1626,0.1409,0.1980,0.1412,0.1557,0.1569,0.1581,0.1373,0.1646,IDLE,IDLE,IDLE,IDLE,IDLE,IDLE,IDLE,IDLE,IDLE,IDLE,IDLE,IDLE,IDLE,IDLE,IDLE,IDLE,IDLE,IDLE,IDLE,IDLE,IDLE,IDLE,IDLE,IDLE,IDLE,IDLE,IDLE,IDLE,IDLE,IDLE,IDLE,IDLE,IDLE,IDLE,IDLE,IDLE,IDLE,IDLE,IDLE,IDLE,IDLE,IDLE,IDLE,IDLE,IDLE,IDLE,IDLE,IDLE,IDLE,IDLE
446,2024-01-19 14:00:01,0.00,0.00,0,0.0000,0.0000,0.00,0.9998,0.9999,0.9997,0.9997,0.9998,0.9998,0.9998,0.9997,0.9998,0.9998,0.9999,0.9997,0.9998,0.9999,0.9998,0.9999,0.9998,0.9998,0.9998,0.9998,0.9998,0.9998,0.9999,0.9998,0.9998,0.9998,0.9998,0.9998,0.9998,0.9997,0.9998,0.9998,0.9998,0.9998,0.9998,0.9997,0.9996,0.9998,0.9998,0.9998,0.9998,0.9998,0.9998,0.9998,0.9997,0.9997,0.9998,0.9999,0.9998,0.9999,0.1622,0.1872,0.1898,0.1763,0.1969,0.1614,0.1677,0.1781,0.1623,0.1490,0.1997,0.1315,0.1870,0.1542,0.1730,0.1542,0.1970,0.1985,0.1753,0.1642,0.1937,0.1970,0.1982,0.1980,0.1844,0.1987,0.1970,0.1490,0.1759,0.1861,0.1491,0.1286,0.1623,0.1668,0.1993,0.1763,0.1879,0.1286,0.1709,0.1911,0.1677,0.1626,0.1409,0.1980,0.1412,0.1557,0.1569,0.1581,0.1373,0.1646,IDLE,IDLE,IDLE,IDLE,IDLE,IDLE,IDLE,IDLE,IDLE,IDLE,IDLE,IDLE,IDLE,IDLE,IDLE,IDLE,IDLE,IDLE,IDLE,IDLE,IDLE,IDLE,IDLE,IDLE,IDLE,IDLE,IDLE,IDLE,IDLE,IDLE,IDLE,IDLE,IDLE,IDLE,IDLE,IDLE,IDLE,IDLE,IDLE,IDLE,IDLE,IDLE,IDLE,IDLE,IDLE,IDLE,IDLE,IDLE,IDLE,IDLE
447,2024-01-19 15:00:01,0.00,0.00,0,0.0000,0.0000,0.00,0.9998,0.9999,0.9997,0.9997,0.9998,0.9998,0.9998,0.9997,0.9998,0.9998,0.9999,0.9997,0.9998,0.9999,0.9998,0.9999,0.9998,0.9998,0.9998,0.9998,0.9998,0.9998,0.9999,0.9998,0.9998,0.9998,0.9998,0.9998,0.9998,0.9997,0.9998,0.9998,0.9998,0.9998,0.9998,0.9997,0.9996,0.9998,0.9998,0.9998,0.9998,0.9998,0.9998,0.9998,0.9997,0.9997,0.9998,0.9999,0.9998,0.9999,0.1622,0.1872,0.1898,0.1763,0.1969,0.1614,0.1677,0.1781,0.1623,0.1490,0.1997,0.1315,0.1870,0.1542,0.1730,0.1542,0.1970,0.1985,0.1753,0.1642,0.1937,0.1970,0.1982,0.1980,0.1844,0.1987,0.1970,0.1490,0.1759,0.1861,0.1491,0.1286,0.1623,0.1668,0.1993,0.1763,0.1879,0.1286,0.1709,0.1911,0.1677,0.1626,0.1409,0.1980,0.1412,0.1557,0.1569,0.1581,0.1373,0.1646,IDLE,IDLE,IDLE,IDLE,IDLE,IDLE,IDLE,IDLE,IDLE,IDLE,IDLE,IDLE,IDLE,IDLE,IDLE,IDLE,IDLE,IDLE,IDLE,IDLE,IDLE,IDLE,IDLE,IDLE,IDLE,IDLE,IDLE,IDLE,IDLE,IDLE,IDLE,IDLE,IDLE,IDLE,IDLE,IDLE,IDLE,IDLE,IDLE,IDLE,IDLE,IDLE,IDLE,IDLE,IDLE,IDLE,IDLE,IDLE,IDLE,IDLE
448,2024-01-19 16:00:01,0.00,0.00,0,0.0000,0.0000,0.00,0.9998,0.9999,0.9997,0.9997,0.9998,0.9998,0.9998,0.9997,0.9998,0.9998,0.9999,0.9997,0.9998,0.9999,0.9998,0.9999,0.9998,0.9998,0.9998,0.9998,0.9998,0.9998,0.9999,0.9998,0.9998,0.9998,0.9998,0.9998,0.9998,0.9997,0.9998,0.9998,0.9998,0.9998,0.9998,0.9997,0.9996,0.9998,0.9998,0.9998,0.9998,0.9998,0.9998,0.9998,0.9997,0.9997,0.9998,0.9999,0.9998,0.9999,0.1622,0.1872,0.1898,0.1763,0.1969,0.1614,0.1677,0.1781,0.1623,0.1490,0.1997,0.1315,0.1870,0.1542,0.1730,0.1542,0.1970,0.1985,0.1753,0.1642,0.1937,0.1970,0.1982,0.1980,0.1844,0.1987,0.1970,0.1490,0.1759,0.1861,0.1491,0.1286,0.1623,0.1668,0.1993,0.1763,0.1879,0.1286,0.1709,0.1911,0.1677,0.1626,0.1409,0.1980,0.1412,0.1557,0.1569,0.1581,0.1373,0.1646,IDLE,IDLE,IDLE,IDLE,IDLE,IDLE,IDLE,IDLE,IDLE,IDLE,IDLE,IDLE,IDLE,IDLE,IDLE,IDLE,IDLE,IDLE,IDLE,IDLE,IDLE,IDLE,IDLE,IDLE,IDLE,IDLE,IDLE,IDLE,IDLE,IDLE,IDLE,IDLE,IDLE,IDLE,IDLE,IDLE,IDLE,IDLE,IDLE,IDLE,IDLE,IDLE,IDLE,IDLE,IDLE,IDLE,IDLE,IDLE,IDLE,IDLE
449,2024-01-19 17:00:01,0.00,0.00,0,0.0000,0.0000,0.00,0.9998,0.9999,0.9997,0.9997,0.9998,0.9998,0.9998,0.9997,0.9998,0.9998,0.9999,0.9997,0.9998,0.9999,0.9998,0.9999,0.9998,0.9998,0.9998,0.9998,0.9998,0.9998,0.9999,0.9998,0.9998,0.9998,0.9998,0.9998,0.9998,0.9997,0.9998,0.9998,0.9998,0.9998,0.9998,0.9997,0.9996,0.9998,0.9998,0.9998,0.9998,0.9998,0.9998,0.9998,0.9997,0.9997,0.9998,0.9999,0.9998,0.9999,0.1622,0.1872,0.1898,0.1763,0.1969,0.1614,0.1677,0.1781,0.1623,0.1490,0.1997,0.1315,0.1870,0.1542,0.1730,0.1542,0.1970,0.1985,0.1753,0.1642,0.1937,0.1970,0.1982,0.1980,0.1844,0.1987,0.1970,0.1490,0.1759,0.1861,0.1491,0.1286,0.1623,0.1668,0.1993,0.1763,0.1879,0.1286,0.1709,0.1911,0.1677,0.1626,0.1409,0.1980,0.1412,0.1557,0.1569,0.1581,0.1373,0.1646,IDLE,IDLE,IDLE,IDLE,IDLE,IDLE,IDLE,IDLE,IDLE,IDLE,IDLE,IDLE,IDLE,IDLE,IDLE,IDLE,IDLE,IDLE,IDLE,IDLE,IDLE,IDLE,IDLE,IDLE,IDLE,IDLE,IDLE,IDLE,IDLE,IDLE,IDLE,IDLE,IDLE,IDLE,IDLE,IDLE,IDLE,IDLE,IDLE,IDLE,IDLE,IDLE,IDLE,IDLE,IDLE,IDLE,IDLE,IDLE,IDLE,IDLE
450,2024-01-19 18:00:01,0.00,0.00,0,0.0000,0.0000,0.00,0.9998,0.9999,0.9997,0.9997,0.9998,0.9998,0.9998,0.9997,0.9998,0.9998,0.9999,0.9997,0.9998,0.9999,0.9998,0.9999,0.9998,0.9998,0.9998,0.9998,0.9998,0.9998,0.9999,0.9998,0.9998,0.9998,0.9998,0.9998,0.9998,0.9997,0.9998,0.9998,0.9998,0.9998,0.9998,0.9997,0.9996,0.9998,0.9998,0.9998,0.9998,0.9998,0.9998,0.9998,0.9997,0.9997,0.9998,0.9999,0.9998,0.9999,0.1622,0.1872,0.1898,0.1763,0.1969,0.1614,0.1677,0.1781,0.1623,0.1490,0.1997,0.1315,0.1870,0.1542,0.1730,0.1542,0.1970,0.1985,0.1753,0.1642,0.1937,0.1970,0.1982,0.1980,0.1844,0.1987,0.1970,0.1490,0.1759,0.1861,0.1491,0.1286,0.1623,0.1668,0.1993,0.1763,0.1879,0.1286,0.1709,0.1911,0.1677,0.1626,0.1409,0.1980,0.1412,0.1557,0.1569,0.1581,0.1373,0.1646,IDLE,IDLE,IDLE,IDLE,IDLE,IDLE,IDLE,IDLE,IDLE,IDLE,IDLE,IDLE,IDLE,IDLE,IDLE,IDLE,IDLE,IDLE,IDLE,IDLE,IDLE,IDLE,IDLE,IDLE,IDLE,IDLE,IDLE,IDLE,IDLE,IDLE,IDLE,IDLE,IDLE,IDLE,IDLE,IDLE,IDLE,IDLE,IDLE,IDLE,IDLE,IDLE,IDLE,IDLE,IDLE,IDLE,IDLE,IDLE,IDLE,IDLE
451,2024-01-19 19:00:01,0.00,0.00,0,0.0000,0.0000,0.00,0.9998,0.9999,0.9997,0.9997,0.9998,0.9998,0.9998,0.9997,0.9998,0.9998,0.9999,0.9997,0.9998,0.9999,0.9998,0.9999,0.9998,0.9998,0.9998,0.9998,0.9998,0.9998,0.9999,0.9998,0.9998,0.9998,0.9998,0.9998,0.9998,0.9997,0.9998,0.9998,0.9998,0.9998,0.9998,0.9997,0.9996,0.9998,0.9998,0.9998,0.9998,0.9998,0.9998,0.9998,0.9997,0.9997,0.9998,0.9999,0.9998,0.9999,0.1622,0.1872,0.1898,0.1763,0.1969,0.1614,0.1677,0.1781,0.1623,0.1490,0.1997,0.1315,0.1870,0.1542,0.1730,0.1542,0.1970,0.1985,0.1753,0.1642,0.1937,0.1970,0.1982,0.1980,0.1844,0.1987,0.1970,0.1490,0.1759,0.1861,0.1491,0.1286,0.1623,0.1668,0.1993,0.1763,0.1879,0.1286,0.1709,0.1911,0.1677,0.1626,0.1409,0.1980,0.1412,0.1557,0.1569,0.1581,0.1373,0.1646,IDLE,IDLE,IDLE,IDLE,IDLE,IDLE,IDLE,IDLE,IDLE,IDLE,IDLE,IDLE,IDLE,IDLE,IDLE,IDLE,IDLE,IDLE,IDLE,IDLE,IDLE,IDLE,IDLE,IDLE,IDLE,IDLE,IDLE,IDLE,IDLE,IDLE,IDLE,IDLE,IDLE,IDLE,IDLE,IDLE,IDLE,IDLE,IDLE,IDLE,IDLE,IDLE,IDLE,IDLE,IDLE,IDLE,IDLE,IDLE,IDLE,IDLE
452,2024-01-19 20:00:01,0.00,0.00,0,0.0000,0.0000,0.00,0.9998,0.9999,0.9997,0.9997,0.9998,0.9998,0.9998,0.9997,0.9998,0.9998,0.9999,0.9997,0.9998,0.9999,0.9998,0.9999,0.9998,0.9998,0.9998,0.9998,0.9998,0.9998,0.9999,0.9998,0.9998,0.9998,0.9998,0.9998,0.9998,0.9997,0.9998,0.9998,0.9998,0.9998,0.9998,0.9997,0.9996,0.9998,0.9998,0.9998,0.9998,0.9998,0.9998,0.9998,0.9997,0.9997,0.9998,0.9999,0.9998,0.9999,0.1622,0.1872,0.1898,0.1763,0.1969,0.1614,0.1677,0.1781,0.1623,0.1490,0.1997,0.1315,0.1870,0.1542,0.1730,0.1542,0.1970,0.1985,0.1753,0.1642,0.1937,0.1970,0.1982,0.1980,0.1844,0.1987,0.1970,0.1490,0.1759,0.1861,0.1491,0.1286,0.1623,0.1668,0.1993,0.1763,0.1879,0.1286,0.1709,0.1911,0.1677,0.1626,0.1409,0.1980,0.1412,0.1557,0.1569,0.1581,0.1373,0.1646,IDLE,IDLE,IDLE,IDLE,IDLE,IDLE,IDLE,IDLE,IDLE,IDLE,IDLE,IDLE,IDLE,IDLE,IDLE,IDLE,IDLE,IDLE,IDLE,IDLE,IDLE,IDLE,IDLE,IDLE,IDLE,IDLE,IDLE,IDLE,IDLE,IDLE,IDLE,IDLE,IDLE,IDLE,IDLE,IDLE,IDLE,IDLE,IDLE,IDLE,IDLE,IDLE,IDLE,IDLE,IDLE,IDLE,IDLE,IDLE,IDLE,IDLE
453,2024-01-19 21:00:01,0.00,0.00,0,0.0000,0.0000,0.00,0.9998,0.9999,0.9997,0.9997,0.9998,0.9998,0.9998,0.9997,0.9998,0.9998,0.9999,0.9997,0.9998,0.9999,0.9998,0.9999,0.9998,0.9998,0.9998,0.9998,0.9998,0.9998,0.9999,0.9998,0.9998,0.9998,0.9998,0.9998,0.9998,0.9997,0.9998,0.9998,0.9998,0.9998,0.9998,0.9997,0.9996,0.9998,0.9998,0.9998,0.9998,0.9998,0.9998,0.9998,0.9997,0.9997,0.9998,0.9999,0.9998,0.9999,0.1622,0.1872,0.1898,0.1763,0.1969,0.1614,0.1677,0.1781,0.1623,0.1490,0.1997,0.1315,0.1870,0.1542,0.1730,0.1542,0.1970,0.1985,0.1753,0.1642,0.1937,0.1970,0.1982,0.1980,0.1844,0.1987,0.1970,0.1490,0.1759,0.1861,0.1491,0.1286,0.1623,0.1668,0.1993,0.1763,0.1879,0.1286,0.1709,0.1911,0.1677,0.1626,0.1409,0.1980,0.1412,0.1557,0.1569,0.1581,0.1373,0.1646,IDLE,IDLE,IDLE,IDLE,IDLE,IDLE,IDLE,IDLE,IDLE,IDLE,IDLE,IDLE,IDLE,IDLE,IDLE,IDLE,IDLE,IDLE,IDLE,IDLE,IDLE,IDLE,IDLE,IDLE,IDLE,IDLE,IDLE,IDLE,IDLE,IDLE,IDLE,IDLE,IDLE,IDLE,IDLE,IDLE,IDLE,IDLE,IDLE,IDLE,IDLE,IDLE,IDLE,IDLE,IDLE,IDLE,IDLE,IDLE,IDLE,IDLE
454,2024-01-19 22:00:01,0.00,0.00,0,0.0000,0.0000,0.00,0.9998,0.9999,0.9997,0.9997,0.9998,0.9998,0.9998,0.9997,0.9998,0.9998,0.9999,0.9997,0.9998,0.9999,0.9998,0.9999,0.9998,0.9998,0.9998,0.9998,0.9998,0.9998,0.9999,0.9998,0.9998,0.9998,0.9998,0.9998,0.9998,0.9997,0.9998,0.9998,0.9998,0.9998,0.9998,0.9997,0.9996,0.9998,0.9998,0.9998,0.9998,0.9998,0.9998,0.9998,0.9997,0.9997,0.9998,0.9999,0.9998,0.9999,0.1622,0.1872,0.1898,0.1763,0.1969,0.1614,0.1677,0.1781,0.1623,0.1490,0.1997,0.1315,0.1870,0.1542,0.1730,0.1542,0.1970,0.1985,0.1753,0.1642,0.1937,0.1970,0.1982,0.1980,0.1844,0.1987,0.1970,0.1490,0.1759,0.1861,0.1491,0.1286,0.1623,0.1668,0.1993,0.1763,0.1879,0.1286,0.1709,0.1911,0.1677,0.1626,0.1409,0.1980,0.1412,0.1557,0.1569,0.1581,0.1373,0.1646,IDLE,IDLE,IDLE,IDLE,IDLE,IDLE,IDLE,IDLE,IDLE,IDLE,IDLE,IDLE,IDLE,IDLE,IDLE,IDLE,IDLE,IDLE,IDLE,IDLE,IDLE,IDLE,IDLE,IDLE,IDLE,IDLE,IDLE,IDLE,IDLE,IDLE,IDLE,IDLE,IDLE,IDLE,IDLE,IDLE,IDLE,IDLE,IDLE,IDLE,IDLE,IDLE,IDLE,IDLE,IDLE,IDLE,IDLE,IDLE,IDLE,IDLE
455,2024-01-19 23:00:01,0.00,0.00,0,0.0000,0.0000,0.00,0.9998,0.9999,0.9997,0.9997,0.9998,0.9998,0.9998,0.9997,0.9998,0.9998,0.9999,0.9997,0.9998,0.9999,0.9998,0.9999,0.9998,0.9998,0.9998,0.9998,0.9998,0.9998,0.9999,0.9998,0.9998,0.9998,0.9998,0.9998,0.9998,0.9997,0.9998,0.9998,0.9998,0.9998,0.9998,0.9997,0.9996,0.9998,0.9998,0.9998,0.9998,0.9998,0.9998,0.9998,0.9997,0.9997,0.9998,0.9999,0.9998,0.9999,0.1622,0.1872,0.1898,0.1763,0.1969,0.1614,0.1677,0.1781,0.1623,0.1490,0.1997,0.1315,0.1870,0.1542,0.1730,0.1542,0.1970,0.1985,0.1753,0.1642,0.1937,0.1970,0.1982,0.1980,0.1844,0.1987,0.1970,0.1490,0.1759,0.1861,0.1491,0.1286,0.1623,0.1668,0.1993,0.1763,0.1879,0.1286,0.1709,0.1911,0.1677,0.1626,0.1409,0.1980,0.1412,0.1557,0.1569,0.1581,0.1373,0.1646,IDLE,IDLE,IDLE,IDLE,IDLE,IDLE,IDLE,IDLE,IDLE,IDLE,IDLE,IDLE,IDLE,IDLE,IDLE,IDLE,IDLE,IDLE,IDLE,IDLE,IDLE,IDLE,IDLE,IDLE,IDLE,IDLE,IDLE,IDLE,IDLE,IDLE,IDLE,IDLE,IDLE,IDLE,IDLE,IDLE,IDLE,IDLE,IDLE,IDLE,IDLE,IDLE,IDLE,IDLE,IDLE,IDLE,IDLE,IDLE,IDLE,IDLE
456,2024-01-20 00:00:01,0.00,0.00,0,0.0000,0.0000,0.00,0.9998,0.9999,0.9997,0.9997,0.9998,0.9998,0.9998,0.9997,0.9998,0.9998,0.9999,0.9997,0.9998,0.9999,0.9998,0.9999,0.9998,0.9998,0.9998,0.9998,0.9998,0.9998,0.9999,0.9998,0.9998,0.9998,0.9998,0.9998,0.9998,0.9997,0.9998,0.9998,0.9998,0.9998,0.9998,0.9997,0.9996,0.9998,0.9998,0.9998,0.9998,0.9998,0.9998,0.9998,0.9997,0.9997,0.9998,0.9999,0.9998,0.9999,0.1622,0.1872,0.1898,0.1763,0.1969,0.1614,0.1677,0.1781,0.1623,0.1490,0.1997,0.1315,0.1870,0.1542,0.1730,0.1542,0.1970,0.1985,0.1753,0.1642,0.1937,0.1970,0.1982,0.1980,0.1844,0.1987,0.1970,0.1490,0.1759,0.1861,0.1491,0.1286,0.1623,0.1668,0.1993,0.1763,0.1879,0.1286,0.1709,0.1911,0.1677,0.1626,0.1409,0.1980,0.1412,0.1557,0.1569,0.1581,0.1373,0.1646,IDLE,IDLE,IDLE,IDLE,IDLE,IDLE,IDLE,IDLE,IDLE,IDLE,IDLE,IDLE,IDLE,IDLE,IDLE,IDLE,IDLE,IDLE,IDLE,IDLE,IDLE,IDLE,IDLE,IDLE,IDLE,IDLE,IDLE,IDLE,IDLE,IDLE,IDLE,IDLE,IDLE,IDLE,IDLE,IDLE,IDLE,IDLE,IDLE,IDLE,IDLE,IDLE,IDLE,IDLE,IDLE,IDLE,IDLE,IDLE,IDLE,IDLE
457,2024-01-20 01:00:01,0.00,0.00,0,0.0000,0.0000,0.00,0.9998,0.9999,0.9997,0.9997,0.9998,0.9998,0.9998,0.9997,0.9998,0.9998,0.9999,0.9997,0.9998,0.9999,0.9998,0.9999,0.9998,0.9998,0.9998,0.9998,0.9998,0.9998,0.9999,0.9998,0.9998,0.9998,0.9998,0.9998,0.9998,0.9997,0.9998,0.9998,0.9998,0.9998,0.9998,0.9997,0.9996,0.9998,0.9998,0.9998,0.9998,0.9998,0.9998,0.9998,0.9997,0.9997,0.9998,0.9999,0.9998,0.9999,0.1622,0.1872,0.1898,0.1763,0.1969,0.1614,0.1677,0.1781,0.1623,0.1490,0.1997,0.1315,0.1870,0.1542,0.1730,0.1542,0.1970,0.1985,0.1753,0.1642,0.1937,0.1970,0.1982,0.1980,0.1844,0.1987,0.1970,0.1490,0.1759,0.1861,0.1491,0.1286,0.1623,0.1668,0.1993,0.1763,0.1879,0.1286,0.1709,0.1911,0.1677,0.1626,0.1409,0.1980,0.1412,0.1557,0.1569,0.1581,0.1373,0.1646,IDLE,IDLE,IDLE,IDLE,IDLE,IDLE,IDLE,IDLE,IDLE,IDLE,IDLE,IDLE,IDLE,IDLE,IDLE,IDLE,IDLE,IDLE,IDLE,IDLE,IDLE,IDLE,IDLE,IDLE,IDLE,IDLE,IDLE,IDLE,IDLE,IDLE,IDLE,IDLE,IDLE,IDLE,IDLE,IDLE,IDLE,IDLE,IDLE,IDLE,IDLE,IDLE,IDLE,IDLE,IDLE,IDLE,IDLE,IDLE,IDLE,IDLE
458,2024-01-20 02:00:01,0.00,0.00,0,0.0000,0.0000,0.00,0.9998,0.9999,0.9997,0.9997,0.9998,0.9998,0.9998,0.9997,0.9998,0.9998,0.9999,0.9997,0.9998,0.9999,0.9998,0.9999,0.9998,0.9998,0.9998,0.9998,0.9998,0.9998,0.9999,0.9998,0.9998,0.9998,0.9998,0.9998,0.9998,0.9997,0.9998,0.9998,0.9998,0.9998,0.9998,0.9997,0.9996,0.9998,0.9998,0.9998,0.9998,0.9998,0.9998,0.9998,0.9997,0.9997,0.9998,0.9999,0.9998,0.9999,0.1622,0.1872,0.1898,0.1763,0.1969,0.1614,0.1677,0.1781,0.1623,0.1490,0.1997,0.1315,0.1870,0.1542,0.1730,0.1542,0.1970,0.1985,0.1753,0.1642,0.1937,0.1970,0.1982,0.1980,0.1844,0.1987,0.1970,0.1490,0.1759,0.1861,0.1491,0.1286,0.1623,0.1668,0.1993,0.1763,0.1879,0.1286,0.1709,0.1911,0.1677,0.1626,0.1409,0.1980,0.1412,0.1557,0.1569,0.1581,0.1373,0.1646,IDLE,IDLE,IDLE,IDLE,IDLE,IDLE,IDLE,IDLE,IDLE,IDLE,IDLE,IDLE,IDLE,IDLE,IDLE,IDLE,IDLE,IDLE,IDLE,IDLE,IDLE,IDLE,IDLE,IDLE,IDLE,IDLE,IDLE,IDLE,IDLE,IDLE,IDLE,IDLE,IDLE,IDLE,IDLE,IDLE,IDLE,IDLE,IDLE,IDLE,IDLE,IDLE,IDLE,IDLE,IDLE,IDLE,IDLE,IDLE,IDLE,IDLE
459,2024-01-20 03:00:01,0.00,0.00,0,0.0000,0.0000,0.00,0.9998,0.9999,0.9997,0.9997,0.9998,0.9998,0.9998,0.9997,0.9998,0.9998,0.9999,0.9997,0.9998,0.9999,0.9998,0.9999,0.9998,0.9998,0.9998,0.9998,0.9998,0.9998,0.9999,0.9998,0.9998,0.9998,0.9998,0.9998,0.9998,0.9997,0.9998,0.9998,0.9998,0.9998,0.9998,0.9997,0.9996,0.9998,0.9998,0.9998,0.9998,0.9998,0.9998,0.9998,0.9997,0.9997,0.9998,0.9999,0.9998,0.9999,0.1622,0.1872,0.1898,0.1763,0.1969,0.1614,0.1677,0.1781,0.1623,0.1490,0.1997,0.1315,0.1870,0.1542,0.1730,0.1542,0.1970,0.1985,0.1753,0.1642,0.1937,0.1970,0.1982,0.1980,0.1844,0.1987,0.1970,0.1490,0.1759,0.1861,0.1491,0.1286,0.1623,0.1668,0.1993,0.1763,0.1879,0.1286,0.1709,0.1911,0.1677,0.1626,0.1409,0.1980,0.1412,0.1557,0.1569,0.1581,0.1373,0.1646,IDLE,IDLE,IDLE,IDLE,IDLE,IDLE,IDLE,IDLE,IDLE,IDLE,IDLE,IDLE,IDLE,IDLE,IDLE,IDLE,IDLE,IDLE,IDLE,IDLE,IDLE,IDLE,IDLE,IDLE,IDLE,IDLE,IDLE,IDLE,IDLE,IDLE,IDLE,IDLE,IDLE,IDLE,IDLE,IDLE,IDLE,IDLE,IDLE,IDLE,IDLE,IDLE,IDLE,IDLE,IDLE,IDLE,IDLE,IDLE,IDLE,IDLE
460,2024-01-20 04:00:01,0.00,0.00,0,0.0000,0.0000,0.00,0.9998,0.9999,0.9997,0.9997,0.9998,0.9998,0.9998,0.9997,0.9998,0.9998,0.9999,0.9997,0.9998,0.9999,0.9998,0.9999,0.9998,0.9998,0.9998,0.9998,0.9998,0.9998,0.9999,0.9998,0.9998,0.9998,0.9998,0.9998,0.9998,0.9997,0.9998,0.9998,0.9998,0.9998,0.9998,0.9997,0.9996,0.9998,0.9998,0.9998,0.9998,0.9998,0.9998,0.9998,0.9997,0.9997,0.9998,0.9999,0.9998,0.9999,0.1622,0.1872,0.1898,0.1763,0.1969,0.1614,0.1677,0.1781,0.1623,0.1490,0.1997,0.1315,0.1870,0.1542,0.1730,0.1542,0.1970,0.1985,0.1753,0.1642,0.1937,0.1970,0.1982,0.1980,0.1844,0.1987,0.1970,0.1490,0.1759,0.1861,0.1491,0.1286,0.1623,0.1668,0.1993,0.1763,0.1879,0.1286,0.1709,0.1911,0.1677,0.1626,0.1409,0.1980,0.1412,0.1557,0.1569,0.1581,0.1373,0.1646,IDLE,IDLE,IDLE,IDLE,IDLE,IDLE,IDLE,IDLE,IDLE,IDLE,IDLE,IDLE,IDLE,IDLE,IDLE,IDLE,IDLE,IDLE,IDLE,IDLE,IDLE,IDLE,IDLE,IDLE,IDLE,IDLE,IDLE,IDLE,IDLE,IDLE,IDLE,IDLE,IDLE,IDLE,IDLE,IDLE,IDLE,IDLE,IDLE,IDLE,IDLE,IDLE,IDLE,IDLE,IDLE,IDLE,IDLE,IDLE,IDLE,IDLE
461,2024-01-20 05:00:01,0.00,0.00,0,0.0000,0.0000,0.00,0.9998,0.9999,0.9997,0.9997,0.9998,0.9998,0.9998,0.9997,0.9998,0.9998,0.9999,0.9997,0.9998,0.9999,0.9998,0.9999,0.9998,0.9998,0.9998,0.9998,0.9998,0.9998,0.9999,0.9998,0.9998,0.9998,0.9998,0.9998,0.9998,0.9997,0.9998,0.9998,0.9998,0.9998,0.9998,0.9997,0.9996,0.9998,0.9998,0.9998,0.9998,0.9998,0.9998,0.9998,0.9997,0.9997,0.9998,0.9999,0.9998,0.9999,0.1622,0.1872,0.1898,0.1763,0.1969,0.1614,0.1677,0.1781,0.1623,0.1490,0.1997,0.1315,0.1870,0.1542,0.1730,0.1542,0.1970,0.1985,0.1753,0.1642,0.1937,0.1970,0.1982,0.1980,0.1844,0.1987,0.1970,0.1490,0.1759,0.1861,0.1491,0.1286,0.1623,0.1668,0.1993,0.1763,0.1879,0.1286,0.1709,0.1911,0.1677,0.1626,0.1409,0.1980,0.1412,0.1557,0.1569,0.1581,0.1373,0.1646,IDLE,IDLE,IDLE,IDLE,IDLE,IDLE,IDLE,IDLE,IDLE,IDLE,IDLE,IDLE,IDLE,IDLE,IDLE,IDLE,IDLE,IDLE,IDLE,IDLE,IDLE,IDLE,IDLE,IDLE,IDLE,IDLE,IDLE,IDLE,IDLE,IDLE,IDLE,IDLE,IDLE,IDLE,IDLE,IDLE,IDLE,IDLE,IDLE,IDLE,IDLE,IDLE,IDLE,IDLE,IDLE,IDLE,IDLE,IDLE,IDLE,IDLE
462,2024-01-20 06:00:01,0.00,0.00,0,0.0000,0.0000,0.00,0.9998,0.9999,0.9997,0.9997,0.9998,0.9998,0.9998,0.9997,0.9998,0.9998,0.9999,0.9997,0.9998,0.9999,0.9998,0.9999,0.9998,0.9998,0.9998,0.9998,0.9998,0.9998,0.9999,0.9998,0.9998,0.9998,0.9998,0.9998,0.9998,0.9997,0.9998,0.9998,0.9998,0.9998,0.9998,0.9997,0.9996,0.9998,0.9998,0.9998,0.9998,0.9998,0.9998,0.9998,0.9997,0.9997,0.9998,0.9999,0.9998,0.9999,0.1622,0.1872,0.1898,0.1763,0.1969,0.1614,0.1677,0.1781,0.1623,0.1490,0.1997,0.1315,0.1870,0.1542,0.1730,0.1542,0.1970,0.1985,0.1753,0.1642,0.1937,0.1970,0.1982,0.1980,0.1844,0.1987,0.1970,0.1490,0.1759,0.1861,0.1491,0.1286,0.1623,0.1668,0.1993,0.1763,0.1879,0.1286,0.1709,0.1911,0.1677,0.1626,0.1409,0.1980,0.1412,0.1557,0.1569,0.1581,0.1373,0.1646,IDLE,IDLE,IDLE,IDLE,IDLE,IDLE,IDLE,IDLE,IDLE,IDLE,IDLE,IDLE,IDLE,IDLE,IDLE,IDLE,IDLE,IDLE,IDLE,IDLE,IDLE,IDLE,IDLE,IDLE,IDLE,IDLE,IDLE,IDLE,IDLE,IDLE,IDLE,IDLE,IDLE,IDLE,IDLE,IDLE,IDLE,IDLE,IDLE,IDLE,IDLE,IDLE,IDLE,IDLE,IDLE,IDLE,IDLE,IDLE,IDLE,IDLE
463,2024-01-20 07:00:01,0.00,0.00,0,0.0000,0.0000,0.00,0.9998,0.9999,0.9997,0.9997,0.9998,0.9998,0.9998,0.9997,0.9998,0.9998,0.9999,0.9997,0.9998,0.9999,0.9998,0.9999,0.9998,0.9998,0.9998,0.9998,0.9998,0.9998,0.9999,0.9998,0.9998,0.9998,0.9998,0.9998,0.9998,0.9997,0.9998,0.9998,0.9998,0.9998,0.9998,0.9997,0.9996,0.9998,0.9998,0.9998,0.9998,0.9998,0.9998,0.9998,0.9997,0.9997,0.9998,0.9999,0.9998,0.9999,0.1622,0.1872,0.1898,0.1763,0.1969,0.1614,0.1677,0.1781,0.1623,0.1490,0.1997,0.1315,0.1870,0.1542,0.1730,0.1542,0.1970,0.1985,0.1753,0.1642,0.1937,0.1970,0.1982,0.1980,0.1844,0.1987,0.1970,0.1490,0.1759,0.1861,0.1491,0.1286,0.1623,0.1668,0.1993,0.1763,0.1879,0.1286,0.1709,0.1911,0.1677,0.1626,0.1409,0.1980,0.1412,0.1557,0.1569,0.1581,0.1373,0.1646,IDLE,IDLE,IDLE,IDLE,IDLE,IDLE,IDLE,IDLE,IDLE,IDLE,IDLE,IDLE,IDLE,IDLE,IDLE,IDLE,IDLE,IDLE,IDLE,IDLE,IDLE,IDLE,IDLE,IDLE,IDLE,IDLE,IDLE,IDLE,IDLE,IDLE,IDLE,IDLE,IDLE,IDLE,IDLE,IDLE,IDLE,IDLE,IDLE,IDLE,IDLE,IDLE,IDLE,IDLE,IDLE,IDLE,IDLE,IDLE,IDLE,IDLE
464,2024-01-20 08:00:01,0.00,0.00,0,0.0000,0.0000,0.00,0.9998,0.9999,0.9997,0.9997,0.9998,0.9998,0.9998,0.9997,0.9998,0.9998,0.9999,0.9997,0.9998,0.9999,0.9998,0.9999,0.9998,0.9998,0.9998,0.9998,0.9998,0.9998,0.9999,0.9998,0.9998,0.9998,0.9998,0.9998,0.9998,0.9997,0.9998,0.9998,0.9998,0.9998,0.9998,0.9997,0.9996,0.9998,0.9998,0.9998,0.9998,0.9998,0.9998,0.9998,0.9997,0.9997,0.9998,0.9999,0.9998,0.9999,0.1622,0.1872,0.1898,0.1763,0.1969,0.1614,0.1677,0.1781,0.1623,0.1490,0.1997,0.1315,0.1870,0.1542,0.1730,0.1542,0.1970,0.1985,0.1753,0.1642,0.1937,0.1970,0.1982,0.1980,0.1844,0.1987,0.1970,0.1490,0.1759,0.1861,0.1491,0.1286,0.1623,0.1668,0.1993,0.1763,0.1879,0.1286,0.1709,0.1911,0.1677,0.1626,0.1409,0.1980,0.1412,0.1557,0.1569,0.1581,0.1373,0.1646,IDLE,IDLE,IDLE,IDLE,IDLE,IDLE,IDLE,IDLE,IDLE,IDLE,IDLE,IDLE,IDLE,IDLE,IDLE,IDLE,IDLE,IDLE,IDLE,IDLE,IDLE,IDLE,IDLE,IDLE,IDLE,IDLE,IDLE,IDLE,IDLE,IDLE,IDLE,IDLE,IDLE,IDLE,IDLE,IDLE,IDLE,IDLE,IDLE,IDLE,IDLE,IDLE,IDLE,IDLE,IDLE,IDLE,IDLE,IDLE,IDLE,IDLE
465,2024-01-20 09:00:01,0.00,0.00,0,0.0000,0.0000,0.00,0.9998,0.9999,0.9997,0.9997,0.9998,0.9998,0.9998,0.9997,0.9998,0.9998,0.9999,0.9997,0.9998,0.9999,0.9998,0.9999,0.9998,0.9998,0.9998,0.9998,0.9998,0.9998,0.9999,0.9998,0.9998,0.9998,0.9998,0.9998,0.9998,0.9997,0.9998,0.9998,0.9998,0.9998,0.9998,0.9997,0.9996,0.9998,0.9998,0.9998,0.9998,0.9998,0.9998,0.9998,0.9997,0.9997,0.9998,0.9999,0.9998,0.9999,0.1622,0.1872,0.1898,0.1763,0.1969,0.1614,0.1677,0.1781,0.1623,0.1490,0.1997,0.1315,0.1870,0.1542,0.1730,0.1542,0.1970,0.1985,0.1753,0.1642,0.1937,0.1970,0.1982,0.1980,0.1844,0.1987,0.1970,0.1490,0.1759,0.1861,0.1491,0.1286,0.1623,0.1668,0.1993,0.1763,0.1879,0.1286,0.1709,0.1911,0.1677,0.1626,0.1409,0.1980,0.1412,0.1557,0.1569,0.1581,0.1373,0.1646,IDLE,IDLE,IDLE,IDLE,IDLE,IDLE,IDLE,IDLE,IDLE,IDLE,IDLE,IDLE,IDLE,IDLE,IDLE,IDLE,IDLE,IDLE,IDLE,IDLE,IDLE,IDLE,IDLE,IDLE,IDLE,IDLE,IDLE,IDLE,IDLE,IDLE,IDLE,IDLE,IDLE,IDLE,IDLE,IDLE,IDLE,IDLE,IDLE,IDLE,IDLE,IDLE,IDLE,IDLE,IDLE,IDLE,IDLE,IDLE,IDLE,IDLE
466,2024-01-20 10:00:01,0.00,0.00,0,0.0000,0.0000,0.00,0.9998,0.9999,0.9997,0.9997,0.9998,0.9998,0.9998,0.9997,0.9998,0.9998,0.9999,0.9997,0.9998,0.9999,0.9998,0.9999,0.9998,0.9998,0.9998,0.9998,0.9998,0.9998,0.9999,0.9998,0.9998,0.9998,0.9998,0.9998,0.9998,0.9997,0.9998,0.9998,0.9998,0.9998,0.9998,0.9997,0.9996,0.9998,0.9998,0.9998,0.9998,0.9998,0.9998,0.9998,0.9997,0.9997,0.9998,0.9999,0.9998,0.9999,0.1622,0.1872,0.1898,0.1763,0.1969,0.1614,0.1677,0.1781,0.1623,0.1490,0.1997,0.1315,0.1870,0.1542,0.1730,0.1542,0.1970,0.1985,0.1753,0.1642,0.1937,0.1970,0.1982,0.1980,0.1844,0.1987,0.1970,0.1490,0.1759,0.1861,0.1491,0.1286,0.1623,0.1668,0.1993,0.1763,0.1879,0.1286,0.1709,0.1911,0.1677,0.1626,0.1409,0.1980,0.1412,0.1557,0.1569,0.1581,0.1373,0.1646,IDLE,IDLE,IDLE,IDLE,IDLE,IDLE,IDLE,IDLE,IDLE,IDLE,IDLE,IDLE,IDLE,IDLE,IDLE,IDLE,IDLE,IDLE,IDLE,IDLE,IDLE,IDLE,IDLE,IDLE,IDLE,IDLE,IDLE,IDLE,IDLE,IDLE,IDLE,IDLE,IDLE,IDLE,IDLE,IDLE,IDLE,IDLE,IDLE,IDLE,IDLE,IDLE,IDLE,IDLE,IDLE,IDLE,IDLE,IDLE,IDLE,IDLE
467,2024-01-20 11:00:01,0.00,0.00,0,0.0000,0.0000,0.00,0.9998,0.9999,0.9997,0.9997,0.9998,0.9998,0.9998,0.9997,0.9998,0.9998,0.9999,0.9997,0.9998,0.9999,0.9998,0.9999,0.9998,0.9998,0.9998,0.9998,0.9998,0.9998,0.9999,0.9998,0.9998,0.9998,0.9998,0.9998,0.9998,0.9997,0.9998,0.9998,0.9998,0.9998,0.9998,0.9997,0.9996,0.9998,0.9998,0.9998,0.9998,0.9998,0.9998,0.9998,0.9997,0.9997,0.9998,0.9999,0.9998,0.9999,0.1622,0.1872,0.1898,0.1763,0.1969,0.1614,0.1677,0.1781,0.1623,0.1490,0.1997,0.1315,0.1870,0.1542,0.1730,0.1542,0.1970,0.1985,0.1753,0.1642,0.1937,0.1970,0.1982,0.1980,0.1844,0.1987,0.1970,0.1490,0.1759,0.1861,0.1491,0.1286,0.1623,0.1668,0.1993,0.1763,0.1879,0.1286,0.1709,0.1911,0.1677,0.1626,0.1409,0.1980,0.1412,0.1557,0.1569,0.1581,0.1373,0.1646,IDLE,IDLE,IDLE,IDLE,IDLE,IDLE,IDLE,IDLE,IDLE,IDLE,IDLE,IDLE,IDLE,IDLE,IDLE,IDLE,IDLE,IDLE,IDLE,IDLE,IDLE,IDLE,IDLE,IDLE,IDLE,IDLE,IDLE,IDLE,IDLE,IDLE,IDLE,IDLE,IDLE,IDLE,IDLE,IDLE,IDLE,IDLE,IDLE,IDLE,IDLE,IDLE,IDLE,IDLE,IDLE,IDLE,IDLE,IDLE,IDLE,IDLE
468,2024-01-20 12:00:01,0.00,0.00,0,0.0000,0.0000,0.00,0.9998,0.9999,0.9997,0.9997,0.9998,0.9998,0.9998,0.9997,0.9998,0.9998,0.9999,0.9997,0.9998,0.9999,0.9998,0.9999,0.9998,0.9998,0.9998,0.9998,0.9998,0.9998,0.9999,0.9998,0.9998,0.9998,0.9998,0.9998,0.9998,0.9997,0.9998,0.9998,0.9998,0.9998,0.9998,0.9997,0.9996,0.9998,0.9998,0.9998,0.9998,0.9998,0.9998,0.9998,0.9997,0.9997,0.9998,0.9999,0.9998,0.9999,0.1622,0.1872,0.1898,0.1763,0.1969,0.1614,0.1677,0.1781,0.1623,0.1490,0.1997,0.1315,0.1870,0.1542,0.1730,0.1542,0.1970,0.1985,0.1753,0.1642,0.1937,0.1970,0.1982,0.1980,0.1844,0.1987,0.1970,0.1490,0.1759,0.1861,0.1491,0.1286,0.1623,0.1668,0.1993,0.1763,0.1879,0.1286,0.1709,0.1911,0.1677,0.1626,0.1409,0.1980,0.1412,0.1557,0.1569,0.1581,0.1373,0.1646,IDLE,IDLE,IDLE,IDLE,IDLE,IDLE,IDLE,IDLE,IDLE,IDLE,IDLE,IDLE,IDLE,IDLE,IDLE,IDLE,IDLE,IDLE,IDLE,IDLE,IDLE,IDLE,IDLE,IDLE,IDLE,IDLE,IDLE,IDLE,IDLE,IDLE,IDLE,IDLE,IDLE,IDLE,IDLE,IDLE,IDLE,IDLE,IDLE,IDLE,IDLE,IDLE,IDLE,IDLE,IDLE,IDLE,IDLE,IDLE,IDLE,IDLE
469,2024-01-20 13:00:01,0.00,0.00,0,0.0000,0.0000,0.00,0.9998,0.9999,0.9997,0.9997,0.9998,0.9998,0.9998,0.9997,0.9998,0.9998,0.9999,0.9997,0.9998,0.9999,0.9998,0.9999,0.9998,0.9998,0.9998,0.9998,0.9998,0.9998,0.9999,0.9998,0.9998,0.9998,0.9998,0.9998,0.9998,0.9997,0.9998,0.9998,0.9998,0.9998,0.9998,0.9997,0.9996,0.9998,0.9998,0.9998,0.9998,0.9998,0.9998,0.9998,0.9997,0.9997,0.9998,0.9999,0.9998,0.9999,0.1622,0.1872,0.1898,0.1763,0.1969,0.1614,0.1677,0.1781,0.1623,0.1490,0.1997,0.1315,0.1870,0.1542,0.1730,0.1542,0.1970,0.1985,0.1753,0.1642,0.1937,0.1970,0.1982,0.1980,0.1844,0.1987,0.1970,0.1490,0.1759,0.1861,0.1491,0.1286,0.1623,0.1668,0.1993,0.1763,0.1879,0.1286,0.1709,0.1911,0.1677,0.1626,0.1409,0.1980,0.1412,0.1557,0.1569,0.1581,0.1373,0.1646,IDLE,IDLE,IDLE,IDLE,IDLE,IDLE,IDLE,IDLE,IDLE,IDLE,IDLE,IDLE,IDLE,IDLE,IDLE,IDLE,IDLE,IDLE,IDLE,IDLE,IDLE,IDLE,IDLE,IDLE,IDLE,IDLE,IDLE,IDLE,IDLE,IDLE,IDLE,IDLE,IDLE,IDLE,IDLE,IDLE,IDLE,IDLE,IDLE,IDLE,IDLE,IDLE,IDLE,IDLE,IDLE,IDLE,IDLE,IDLE,IDLE,IDLE
470,2024-01-20 14:00:01,0.00,0.00,0,0.0000,0.0000,0.00,0.9998,0.9999,0.9997,0.9997,0.9998,0.9998,0.9998,0.9997,0.9998,0.9998,0.9999,0.9997,0.9998,0.9999,0.9998,0.9999,0.9998,0.9998,0.9998,0.9998,0.9998,0.9998,0.9999,0.9998,0.9998,0.9998,0.9998,0.9998,0.9998,0.9997,0.9998,0.9998,0.9998,0.9998,0.9998,0.9997,0.9996,0.9998,0.9998,0.9998,0.9998,0.9998,0.9998,0.9998,0.9997,0.9997,0.9998,0.9999,0.9998,0.9999,0.1622,0.1872,0.1898,0.1763,0.1969,0.1614,0.1677,0.1781,0.1623,0.1490,0.1997,0.1315,0.1870,0.1542,0.1730,0.1542,0.1970,0.1985,0.1753,0.1642,0.1937,0.1970,0.1982,0.1980,0.1844,0.1987,0.1970,0.1490,0.1759,0.1861,0.1491,0.1286,0.1623,0.1668,0.1993,0.1763,0.1879,0.1286,0.1709,0.1911,0.1677,0.1626,0.1409,0.1980,0.1412,0.1557,0.1569,0.1581,0.1373,0.1646,IDLE,IDLE,IDLE,IDLE,IDLE,IDLE,IDLE,IDLE,IDLE,IDLE,IDLE,IDLE,IDLE,IDLE,IDLE,IDLE,IDLE,IDLE,IDLE,IDLE,IDLE,IDLE,IDLE,IDLE,IDLE,IDLE,IDLE,IDLE,IDLE,IDLE,IDLE,IDLE,IDLE,IDLE,IDLE,IDLE,IDLE,IDLE,IDLE,IDLE,IDLE,IDLE,IDLE,IDLE,IDLE,IDLE,IDLE,IDLE,IDLE,IDLE
471,2024-01-20 15:00:01,0.00,0.00,0,0.0000,0.0000,0.00,0.9998,0.9999,0.9997,0.9997,0.9998,0.9998,0.9998,0.9997,0.9998,0.9998,0.9999,0.9997,0.9998,0.9999,0.9998,0.9999,0.9998,0.9998,0.9998,0.9998,0.9998,0.9998,0.9999,0.9998,0.9998,0.9998,0.9998,0.9998,0.9998,0.9997,0.9998,0.9998,0.9998,0.9998,0.9998,0.9997,0.9996,0.9998,0.9998,0.9998,0.9998,0.9998,0.9998,0.9998,0.9997,0.9997,0.9998,0.9999,0.9998,0.9999,0.1622,0.1872,0.1898,0.1763,0.1969,0.1614,0.1677,0.1781,0.1623,0.1490,0.1997,0.1315,0.1870,0.1542,0.1730,0.1542,0.1970,0.1985,0.1753,0.1642,0.1937,0.1970,0.1982,0.1980,0.1844,0.1987,0.1970,0.1490,0.1759,0.1861,0.1491,0.1286,0.1623,0.1668,0.1993,0.1763,0.1879,0.1286,0.1709,0.1911,0.1677,0.1626,0.1409,0.1980,0.1412,0.1557,0.1569,0.1581,0.1373,0.1646,IDLE,IDLE,IDLE,IDLE,IDLE,IDLE,IDLE,IDLE,IDLE,IDLE,IDLE,IDLE,IDLE,IDLE,IDLE,IDLE,IDLE,IDLE,IDLE,IDLE,IDLE,IDLE,IDLE,IDLE,IDLE,IDLE,IDLE,IDLE,IDLE,IDLE,IDLE,IDLE,IDLE,IDLE,IDLE,IDLE,IDLE,IDLE,IDLE,IDLE,IDLE,IDLE,IDLE,IDLE,IDLE,IDLE,IDLE,IDLE,IDLE,IDLE
472,2024-01-20 16:00:01,0.00,0.00,0,0.0000,0.0000,0.00,0.9998,0.9999,0.9997,0.9997,0.9998,0.9998,0.9998,0.9997,0.9998,0.9998,0.9999,0.9997,0.9998,0.9999,0.9998,0.9999,0.9998,0.9998,0.9998,0.9998,0.9998,0.9998,0.9999,0.9998,0.9998,0.9998,0.9998,0.9998,0.9998,0.9997,0.9998,0.9998,0.9998,0.9998,0.9998,0.9997,0.9996,0.9998,0.9998,0.9998,0.9998,0.9998,0.9998,0.9998,0.9997,0.9997,0.9998,0.9999,0.9998,0.9999,0.1622,0.1872,0.1898,0.1763,0.1969,0.1614,0.1677,0.1781,0.1623,0.1490,0.1997,0.1315,0.1870,0.1542,0.1730,0.1542,0.1970,0.1985,0.1753,0.1642,0.1937,0.1970,0.1982,0.1980,0.1844,0.1987,0.1970,0.1490,0.1759,0.1861,0.1491,0.1286,0.1623,0.1668,0.1993,0.1763,0.1879,0.1286,0.1709,0.1911,0.1677,0.1626,0.1409,0.1980,0.1412,0.1557,0.1569,0.1581,0.1373,0.1646,IDLE,IDLE,IDLE,IDLE,IDLE,IDLE,IDLE,IDLE,IDLE,IDLE,IDLE,IDLE,IDLE,IDLE,IDLE,IDLE,IDLE,IDLE,IDLE,IDLE,IDLE,IDLE,IDLE,IDLE,IDLE,IDLE,IDLE,IDLE,IDLE,IDLE,IDLE,IDLE,IDLE,IDLE,IDLE,IDLE,IDLE,IDLE,IDLE,IDLE,IDLE,IDLE,IDLE,IDLE,IDLE,IDLE,IDLE,IDLE,IDLE,IDLE
473,2024-01-20 17:00:01,0.00,0.00,0,0.0000,0.0000,0.00,0.9998,0.9999,0.9997,0.9997,0.9998,0.9998,0.9998,0.9997,0.9998,0.9998,0.9999,0.9997,0.9998,0.9999,0.9998,0.9999,0.9998,0.9998,0.9998,0.9998,0.9998,0.9998,0.9999,0.9998,0.9998,0.9998,0.9998,0.9998,0.9998,0.9997,0.9998,0.9998,0.9998,0.9998,0.9998,0.9997,0.9996,0.9998,0.9998,0.9998,0.9998,0.9998,0.9998,0.9998,0.9997,0.9997,0.9998,0.9999,0.9998,0.9999,0.1622,0.1872,0.1898,0.1763,0.1969,0.1614,0.1677,0.1781,0.1623,0.1490,0.1997,0.1315,0.1870,0.1542,0.1730,0.1542,0.1970,0.1985,0.1753,0.1642,0.1937,0.1970,0.1982,0.1980,0.1844,0.1987,0.1970,0.1490,0.1759,0.1861,0.1491,0.1286,0.1623,0.1668,0.1993,0.1763,0.1879,0.1286,0.1709,0.1911,0.1677,0.1626,0.1409,0.1980,0.1412,0.1557,0.1569,0.1581,0.1373,0.1646,IDLE,IDLE,IDLE,IDLE,IDLE,IDLE,IDLE,IDLE,IDLE,IDLE,IDLE,IDLE,IDLE,IDLE,IDLE,IDLE,IDLE,IDLE,IDLE,IDLE,IDLE,IDLE,IDLE,IDLE,IDLE,IDLE,IDLE,IDLE,IDLE,IDLE,IDLE,IDLE,IDLE,IDLE,IDLE,IDLE,IDLE,IDLE,IDLE,IDLE,IDLE,IDLE,IDLE,IDLE,IDLE,IDLE,IDLE,IDLE,IDLE,IDLE
474,2024-01-20 18:00:01,0.00,0.00,0,0.0000,0.0000,0.00,0.9998,0.9999,0.9997,0.9997,0.9998,0.9998,0.9998,0.9997,0.9998,0.9998,0.9999,0.9997,0.9998,0.9999,0.9998,0.9999,0.9998,0.9998,0.9998,0.9998,0.9998,0.9998,0.9999,0.9998,0.9998,0.9998,0.9998,0.9998,0.9998,0.9997,0.9998,0.9998,0.9998,0.9998,0.9998,0.9997,0.9996,0.9998,0.9998,0.9998,0.9998,0.9998,0.9998,0.9998,0.9997,0.9997,0.9998,0.9999,0.9998,0.9999,0.1622,0.1872,0.1898,0.1763,0.1969,0.1614,0.1677,0.1781,0.1623,0.1490,0.1997,0.1315,0.1870,0.1542,0.1730,0.1542,0.1970,0.1985,0.1753,0.1642,0.1937,0.1970,0.1982,0.1980,0.1844,0.1987,0.1970,0.1490,0.1759,0.1861,0.1491,0.1286,0.1623,0.1668,0.1993,0.1763,0.1879,0.1286,0.1709,0.1911,0.1677,0.1626,0.1409,0.1980,0.1412,0.1557,0.1569,0.1581,0.1373,0.1646,IDLE,IDLE,IDLE,IDLE,IDLE,IDLE,IDLE,IDLE,IDLE,IDLE,IDLE,IDLE,IDLE,IDLE,IDLE,IDLE,IDLE,IDLE,IDLE,IDLE,IDLE,IDLE,IDLE,IDLE,IDLE,IDLE,IDLE,IDLE,IDLE,IDLE,IDLE,IDLE,IDLE,IDLE,IDLE,IDLE,IDLE,IDLE,IDLE,IDLE,IDLE,IDLE,IDLE,IDLE,IDLE,IDLE,IDLE,IDLE,IDLE,IDLE
475,2024-01-20 19:00:01,0.00,0.00,0,0.0000,0.0000,0.00,0.9998,0.9999,0.9997,0.9997,0.9998,0.9998,0.9998,0.9997,0.9998,0.9998,0.9999,0.9997,0.9998,0.9999,0.9998,0.9999,0.9998,0.9998,0.9998,0.9998,0.9998,0.9998,0.9999,0.9998,0.9998,0.9998,0.9998,0.9998,0.9998,0.9997,0.9998,0.9998,0.9998,0.9998,0.9998,0.9997,0.9996,0.9998,0.9998,0.9998,0.9998,0.9998,0.9998,0.9998,0.9997,0.9997,0.9998,0.9999,0.9998,0.9999,0.1622,0.1872,0.1898,0.1763,0.1969,0.1614,0.1677,0.1781,0.1623,0.1490,0.1997,0.1315,0.1870,0.1542,0.1730,0.1542,0.1970,0.1985,0.1753,0.1642,0.1937,0.1970,0.1982,0.1980,0.1844,0.1987,0.1970,0.1490,0.1759,0.1861,0.1491,0.1286,0.1623,0.1668,0.1993,0.1763,0.1879,0.1286,0.1709,0.1911,0.1677,0.1626,0.1409,0.1980,0.1412,0.1557,0.1569,0.1581,0.1373,0.1646,IDLE,IDLE,IDLE,IDLE,IDLE,IDLE,IDLE,IDLE,IDLE,IDLE,IDLE,IDLE,IDLE,IDLE,IDLE,IDLE,IDLE,IDLE,IDLE,IDLE,IDLE,IDLE,IDLE,IDLE,IDLE,IDLE,IDLE,IDLE,IDLE,IDLE,IDLE,IDLE,IDLE,IDLE,IDLE,IDLE,IDLE,IDLE,IDLE,IDLE,IDLE,IDLE,IDLE,IDLE,IDLE,IDLE,IDLE,IDLE,IDLE,IDLE
476,2024-01-20 20:00:01,0.00,0.00,0,0.0000,0.0000,0.00,0.9998,0.9999,0.9997,0.9997,0.9998,0.9998,0.9998,0.9997,0.9998,0.9998,0.9999,0.9997,0.9998,0.9999,0.9998,0.9999,0.9998,0.9998,0.9998,0.9998,0.9998,0.9998,0.9999,0.9998,0.9998,0.9998,0.9998,0.9998,0.9998,0.9997,0.9998,0.9998,0.9998,0.9998,0.9998,0.9997,0.9996,0.9998,0.9998,0.9998,0.9998,0.9998,0.9998,0.9998,0.9997,0.9997,0.9998,0.9999,0.9998,0.9999,0.1622,0.1872,0.1898,0.1763,0.1969,0.1614,0.1677,0.1781,0.1623,0.1490,0.1997,0.1315,0.1870,0.1542,0.1730,0.1542,0.1970,0.1985,0.1753,0.1642,0.1937,0.1970,0.1982,0.1980,0.1844,0.1987,0.1970,0.1490,0.1759,0.1861,0.1491,0.1286,0.1623,0.1668,0.1993,0.1763,0.1879,0.1286,0.1709,0.1911,0.1677,0.1626,0.1409,0.1980,0.1412,0.1557,0.1569,0.1581,0.1373,0.1646,IDLE,IDLE,IDLE,IDLE,IDLE,IDLE,IDLE,IDLE,IDLE,IDLE,IDLE,IDLE,IDLE,IDLE,IDLE,IDLE,IDLE,IDLE,IDLE,IDLE,IDLE,IDLE,IDLE,IDLE,IDLE,IDLE,IDLE,IDLE,IDLE,IDLE,IDLE,IDLE,IDLE,IDLE,IDLE,IDLE,IDLE,IDLE,IDLE,IDLE,IDLE,IDLE,IDLE,IDLE,IDLE,IDLE,IDLE,IDLE,IDLE,IDLE
477,2024-01-20 21:00:01,0.00,0.00,0,0.0000,0.0000,0.00,0.9998,0.9999,0.9997,0.9997,0.9998,0.9998,0.9998,0.9997,0.9998,0.9998,0.9999,0.9997,0.9998,0.9999,0.9998,0.9999,0.9998,0.9998,0.9998,0.9998,0.9998,0.9998,0.9999,0.9998,0.9998,0.9998,0.9998,0.9998,0.9998,0.9997,0.9998,0.9998,0.9998,0.9998,0.9998,0.9997,0.9996,0.9998,0.9998,0.9998,0.9998,0.9998,0.9998,0.9998,0.9997,0.9997,0.9998,0.9999,0.9998,0.9999,0.1622,0.1872,0.1898,0.1763,0.1969,0.1614,0.1677,0.1781,0.1623,0.1490,0.1997,0.1315,0.1870,0.1542,0.1730,0.1542,0.1970,0.1985,0.1753,0.1642,0.1937,0.1970,0.1982,0.1980,0.1844,0.1987,0.1970,0.1490,0.1759,0.1861,0.1491,0.1286,0.1623,0.1668,0.1993,0.1763,0.1879,0.1286,0.1709,0.1911,0.1677,0.1626,0.1409,0.1980,0.1412,0.1557,0.1569,0.1581,0.1373,0.1646,IDLE,IDLE,IDLE,IDLE,IDLE,IDLE,IDLE,IDLE,IDLE,IDLE,IDLE,IDLE,IDLE,IDLE,IDLE,IDLE,IDLE,IDLE,IDLE,IDLE,IDLE,IDLE,IDLE,IDLE,IDLE,IDLE,IDLE,IDLE,IDLE,IDLE,IDLE,IDLE,IDLE,IDLE,IDLE,IDLE,IDLE,IDLE,IDLE,IDLE,IDLE,IDLE,IDLE,IDLE,IDLE,IDLE,IDLE,IDLE,IDLE,IDLE
478,2024-01-20 22:00:01,0.00,0.00,0,0.0000,0.0000,0.00,0.9998,0.9999,0.9997,0.9997,0.9998,0.9998,0.9998,0.9997,0.9998,0.9998,0.9999,0.9997,0.9998,0.9999,0.9998,0.9999,0.9998,0.9998,0.9998,0.9998,0.9998,0.9998,0.9999,0.9998,0.9998,0.9998,0.9998,0.9998,0.9998,0.9997,0.9998,0.9998,0.9998,0.9998,0.9998,0.9997,0.9996,0.9998,0.9998,0.9998,0.9998,0.9998,0.9998,0.9998,0.9997,0.9997,0.9998,0.9999,0.9998,0.9999,0.1622,0.1872,0.1898,0.1763,0.1969,0.1614,0.1677,0.1781,0.1623,0.1490,0.1997,0.1315,0.1870,0.1542,0.1730,0.1542,0.1970,0.1985,0.1753,0.1642,0.1937,0.1970,0.1982,0.1980,0.1844,0.1987,0.1970,0.1490,0.1759,0.1861,0.1491,0.1286,0.1623,0.1668,0.1993,0.1763,0.1879,0.1286,0.1709,0.1911,0.1677,0.1626,0.1409,0.1980,0.1412,0.1557,0.1569,0.1581,0.1373,0.1646,IDLE,IDLE,IDLE,IDLE,IDLE,IDLE,IDLE,IDLE,IDLE,IDLE,IDLE,IDLE,IDLE,IDLE,IDLE,IDLE,IDLE,IDLE,IDLE,IDLE,IDLE,IDLE,IDLE,IDLE,IDLE,IDLE,IDLE,IDLE,IDLE,IDLE,IDLE,IDLE,IDLE,IDLE,IDLE,IDLE,IDLE,IDLE,IDLE,IDLE,IDLE,IDLE,IDLE,IDLE,IDLE,IDLE,IDLE,IDLE,IDLE,IDLE
479,2024-01-20 23:00:01,0.00,0.00,0,0.0000,0.0000,0.00,0.9998,0.9999,0.9997,0.9997,0.9998,0.9998,0.9998,0.9997,0.9998,0.9998,0.9999,0.9997,0.9998,0.9999,0.9998,0.9999,0.9998,0.9998,0.9998,0.9998,0.9998,0.9998,0.9999,0.9998,0.9998,0.9998,0.9998,0.9998,0.9998,0.9997,0.9998,0.9998,0.9998,0.9998,0.9998,0.9997,0.9996,0.9998,0.9998,0.9998,0.9998,0.9998,0.9998,0.9998,0.9997,0.9997,0.9998,0.9999,0.9998,0.9999,0.1622,0.1872,0.1898,0.1763,0.1969,0.1614,0.1677,0.1781,0.1623,0.1490,0.1997,0.1315,0.1870,0.1542,0.1730,0.1542,0.1970,0.1985,0.1753,0.1642,0.1937,0.1970,0.1982,0.1980,0.1844,0.1987,0.1970,0.1490,0.1759,0.1861,0.1491,0.1286,0.1623,0.1668,0.1993,0.1763,0.1879,0.1286,0.1709,0.1911,0.1677,0.1626,0.1409,0.1980,0.1412,0.1557,0.1569,0.1581,0.1373,0.1646,IDLE,IDLE,IDLE,IDLE,IDLE,IDLE,IDLE,IDLE,IDLE,IDLE,IDLE,IDLE,IDLE,IDLE,IDLE,IDLE,IDLE,IDLE,IDLE,IDLE,IDLE,IDLE,IDLE,IDLE,IDLE,IDLE,IDLE,IDLE,IDLE,IDLE,IDLE,IDLE,IDLE,IDLE,IDLE,IDLE,IDLE,IDLE,IDLE,IDLE,IDLE,IDLE,IDLE,IDLE,IDLE,IDLE,IDLE,IDLE,IDLE,IDLE
480,2024-01-21 00:00:01,0.00,0.00,0,0.0000,0.0000,0.00,0.9998,0.9999,0.9997,0.9997,0.9998,0.9998,0.9998,0.9997,0.9998,0.9998,0.9999,0.9997,0.9998,0.9999,0.9998,0.9999,0.9998,0.9998,0.9998,0.9998,0.9998,0.9998,0.9999,0.9998,0.9998,0.9998,0.9998,0.9998,0.9998,0.9997,0.9998,0.9998,0.9998,0.9998,0.9998,0.9997,0.9996,0.9998,0.9998,0.9998,0.9998,0.9998,0.9998,0.9998,0.9997,0.9997,0.9998,0.9999,0.9998,0.9999,0.1622,0.1872,0.1898,0.1763,0.1969,0.1614,0.1677,0.1781,0.1623,0.1490,0.1997,0.1315,0.1870,0.1542,0.1730,0.1542,0.1970,0.1985,0.1753,0.1642,0.1937,0.1970,0.1982,0.1980,0.1844,0.1987,0.1970,0.1490,0.1759,0.1861,0.1491,0.1286,0.1623,0.1668,0.1993,0.1763,0.1879,0.1286,0.1709,0.1911,0.1677,0.1626,0.1409,0.1980,0.1412,0.1557,0.1569,0.1581,0.1373,0.1646,IDLE,IDLE,IDLE,IDLE,IDLE,IDLE,IDLE,IDLE,IDLE,IDLE,IDLE,IDLE,IDLE,IDLE,IDLE,IDLE,IDLE,IDLE,IDLE,IDLE,IDLE,IDLE,IDLE,IDLE,IDLE,IDLE,IDLE,IDLE,IDLE,IDLE,IDLE,IDLE,IDLE,IDLE,IDLE,IDLE,IDLE,IDLE,IDLE,IDLE,IDLE,IDLE,IDLE,IDLE,IDLE,IDLE,IDLE,IDLE,IDLE,IDLE
481,2024-01-21 01:00:01,0.00,0.00,0,0.0000,0.0000,0.00,0.9998,0.9999,0.9997,0.9997,0.9998,0.9998,0.9998,0.9997,0.9998,0.9998,0.9999,0.9997,0.9998,0.9999,0.9998,0.9999,0.9998,0.9998,0.9998,0.9998,0.9998,0.9998,0.9999,0.9998,0.9998,0.9998,0.9998,0.9998,0.9998,0.9997,0.9998,0.9998,0.9998,0.9998,0.9998,0.9997,0.9996,0.9998,0.9998,0.9998,0.9998,0.9998,0.9998,0.9998,0.9997,0.9997,0.9998,0.9999,0.9998,0.9999,0.1622,0.1872,0.1898,0.1763,0.1969,0.1614,0.1677,0.1781,0.1623,0.1490,0.1997,0.1315,0.1870,0.1542,0.1730,0.1542,0.1970,0.1985,0.1753,0.1642,0.1937,0.1970,0.1982,0.1980,0.1844,0.1987,0.1970,0.1490,0.1759,0.1861,0.1491,0.1286,0.1623,0.1668,0.1993,0.1763,0.1879,0.1286,0.1709,0.1911,0.1677,0.1626,0.1409,0.1980,0.1412,0.1557,0.1569,0.1581,0.1373,0.1646,IDLE,IDLE,IDLE,IDLE,IDLE,IDLE,IDLE,IDLE,IDLE,IDLE,IDLE,IDLE,IDLE,IDLE,IDLE,IDLE,IDLE,IDLE,IDLE,IDLE,IDLE,IDLE,IDLE,IDLE,IDLE,IDLE,IDLE,IDLE,IDLE,IDLE,IDLE,IDLE,IDLE,IDLE,IDLE,IDLE,IDLE,IDLE,IDLE,IDLE,IDLE,IDLE,IDLE,IDLE,IDLE,IDLE,IDLE,IDLE,IDLE,IDLE
482,2024-01-21 02:00:01,0.00,0.00,0,0.0000,0.0000,0.00,0.9998,0.9999,0.9997,0.9997,0.9998,0.9998,0.9998,0.9997,0.9998,0.9998,0.9999,0.9997,0.9998,0.9999,0.9998,0.9999,0.9998,0.9998,0.9998,0.9998,0.9998,0.9998,0.9999,0.9998,0.9998,0.9998,0.9998,0.9998,0.9998,0.9997,0.9998,0.9998,0.9998,0.9998,0.9998,0.9997,0.9996,0.9998,0.9998,0.9998,0.9998,0.9998,0.9998,0.9998,0.9997,0.9997,0.9998,0.9999,0.9998,0.9999,0.1622,0.1872,0.1898,0.1763,0.1969,0.1614,0.1677,0.1781,0.1623,0.1490,0.1997,0.1315,0.1870,0.1542,0.1730,0.1542,0.1970,0.1985,0.1753,0.1642,0.1937,0.1970,0.1982,0.1980,0.1844,0.1987,0.1970,0.1490,0.1759,0.1861,0.1491,0.1286,0.1623,0.1668,0.1993,0.1763,0.1879,0.1286,0.1709,0.1911,0.1677,0.1626,0.1409,0.1980,0.1412,0.1557,0.1569,0.1581,0.1373,0.1646,IDLE,IDLE,IDLE,IDLE,IDLE,IDLE,IDLE,IDLE,IDLE,IDLE,IDLE,IDLE,IDLE,IDLE,IDLE,IDLE,IDLE,IDLE,IDLE,IDLE,IDLE,IDLE,IDLE,IDLE,IDLE,IDLE,IDLE,IDLE,IDLE,IDLE,IDLE,IDLE,IDLE,IDLE,IDLE,IDLE,IDLE,IDLE,IDLE,IDLE,IDLE,IDLE,IDLE,IDLE,IDLE,IDLE,IDLE,IDLE,IDLE,IDLE
483,2024-01-21 03:00:01,0.00,0.00,0,0.0000,0.0000,0.00,0.9998,0.9999,0.9997,0.9997,0.9998,0.9998,0.9998,0.9997,0.9998,0.9998,0.9999,0.9997,0.9998,0.9999,0.9998,0.9999,0.9998,0.9998,0.9998,0.9998,0.9998,0.9998,0.9999,0.9998,0.9998,0.9998,0.9998,0.9998,0.9998,0.9997,0.9998,0.9998,0.9998,0.9998,0.9998,0.9997,0.9996,0.9998,0.9998,0.9998,0.9998,0.9998,0.9998,0.9998,0.9997,0.9997,0.9998,0.9999,0.9998,0.9999,0.1622,0.1872,0.1898,0.1763,0.1969,0.1614,0.1677,0.1781,0.1623,0.1490,0.1997,0.1315,0.1870,0.1542,0.1730,0.1542,0.1970,0.1985,0.1753,0.1642,0.1937,0.1970,0.1982,0.1980,0.1844,0.1987,0.1970,0.1490,0.1759,0.1861,0.1491,0.1286,0.1623,0.1668,0.1993,0.1763,0.1879,0.1286,0.1709,0.1911,0.1677,0.1626,0.1409,0.1980,0.1412,0.1557,0.1569,0.1581,0.1373,0.1646,IDLE,IDLE,IDLE,IDLE,IDLE,IDLE,IDLE,IDLE,IDLE,IDLE,IDLE,IDLE,IDLE,IDLE,IDLE,IDLE,IDLE,IDLE,IDLE,IDLE,IDLE,IDLE,IDLE,IDLE,IDLE,IDLE,IDLE,IDLE,IDLE,IDLE,IDLE,IDLE,IDLE,IDLE,IDLE,IDLE,IDLE,IDLE,IDLE,IDLE,IDLE,IDLE,IDLE,IDLE,IDLE,IDLE,IDLE,IDLE,IDLE,IDLE
484,2024-01-21 04:00:01,0.00,0.00,0,0.0000,0.0000,0.00,0.9998,0.9999,0.9997,0.9997,0.9998,0.9998,0.9998,0.9997,0.9998,0.9998,0.9999,0.9997,0.9998,0.9999,0.9998,0.9999,0.9998,0.9998,0.9998,0.9998,0.9998,0.9998,0.9999,0.9998,0.9998,0.9998,0.9998,0.9998,0.9998,0.9997,0.9998,0.9998,0.9998,0.9998,0.9998,0.9997,0.9996,0.9998,0.9998,0.9998,0.9998,0.9998,0.9998,0.9998,0.9997,0.9997,0.9998,0.9999,0.9998,0.9999,0.1622,0.1872,0.1898,0.1763,0.1969,0.1614,0.1677,0.1781,0.1623,0.1490,0.1997,0.1315,0.1870,0.1542,0.1730,0.1542,0.1970,0.1985,0.1753,0.1642,0.1937,0.1970,0.1982,0.1980,0.1844,0.1987,0.1970,0.1490,0.1759,0.1861,0.1491,0.1286,0.1623,0.1668,0.1993,0.1763,0.1879,0.1286,0.1709,0.1911,0.1677,0.1626,0.1409,0.1980,0.1412,0.1557,0.1569,0.1581,0.1373,0.1646,IDLE,IDLE,IDLE,IDLE,IDLE,IDLE,IDLE,IDLE,IDLE,IDLE,IDLE,IDLE,IDLE,IDLE,IDLE,IDLE,IDLE,IDLE,IDLE,IDLE,IDLE,IDLE,IDLE,IDLE,IDLE,IDLE,IDLE,IDLE,IDLE,IDLE,IDLE,IDLE,IDLE,IDLE,IDLE,IDLE,IDLE,IDLE,IDLE,IDLE,IDLE,IDLE,IDLE,IDLE,IDLE,IDLE,IDLE,IDLE,IDLE,IDLE
485,2024-01-21 05:00:01,0.00,0.00,0,0.0000,0.0000,0.00,0.9998,0.9999,0.9997,0.9997,0.9998,0.9998,0.9998,0.9997,0.9998,0.9998,0.9999,0.9997,0.9998,0.9999,0.9998,0.9999,0.9998,0.9998,0.9998,0.9998,0.9998,0.9998,0.9999,0.9998,0.9998,0.9998,0.9998,0.9998,0.9998,0.9997,0.9998,0.9998,0.9998,0.9998,0.9998,0.9997,0.9996,0.9998,0.9998,0.9998,0.9998,0.9998,0.9998,0.9998,0.9997,0.9997,0.9998,0.9999,0.9998,0.9999,0.1622,0.1872,0.1898,0.1763,0.1969,0.1614,0.1677,0.1781,0.1623,0.1490,0.1997,0.1315,0.1870,0.1542,0.1730,0.1542,0.1970,0.1985,0.1753,0.1642,0.1937,0.1970,0.1982,0.1980,0.1844,0.1987,0.1970,0.1490,0.1759,0.1861,0.1491,0.1286,0.1623,0.1668,0.1993,0.1763,0.1879,0.1286,0.1709,0.1911,0.1677,0.1626,0.1409,0.1980,0.1412,0.1557,0.1569,0.1581,0.1373,0.1646,IDLE,IDLE,IDLE,IDLE,IDLE,IDLE,IDLE,IDLE,IDLE,IDLE,IDLE,IDLE,IDLE,IDLE,IDLE,IDLE,IDLE,IDLE,IDLE,IDLE,IDLE,IDLE,IDLE,IDLE,IDLE,IDLE,IDLE,IDLE,IDLE,IDLE,IDLE,IDLE,IDLE,IDLE,IDLE,IDLE,IDLE,IDLE,IDLE,IDLE,IDLE,IDLE,IDLE,IDLE,IDLE,IDLE,IDLE,IDLE,IDLE,IDLE
486,2024-01-21 06:00:01,0.00,0.00,0,0.0000,0.0000,0.00,0.9998,0.9999,0.9997,0.9997,0.9998,0.9998,0.9998,0.9997,0.9998,0.9998,0.9999,0.9997,0.9998,0.9999,0.9998,0.9999,0.9998,0.9998,0.9998,0.9998,0.9998,0.9998,0.9999,0.9998,0.9998,0.9998,0.9998,0.9998,0.9998,0.9997,0.9998,0.9998,0.9998,0.9998,0.9998,0.9997,0.9996,0.9998,0.9998,0.9998,0.9998,0.9998,0.9998,0.9998,0.9997,0.9997,0.9998,0.9999,0.9998,0.9999,0.1622,0.1872,0.1898,0.1763,0.1969,0.1614,0.1677,0.1781,0.1623,0.1490,0.1997,0.1315,0.1870,0.1542,0.1730,0.1542,0.1970,0.1985,0.1753,0.1642,0.1937,0.1970,0.1982,0.1980,0.1844,0.1987,0.1970,0.1490,0.1759,0.1861,0.1491,0.1286,0.1623,0.1668,0.1993,0.1763,0.1879,0.1286,0.1709,0.1911,0.1677,0.1626,0.1409,0.1980,0.1412,0.1557,0.1569,0.1581,0.1373,0.1646,IDLE,IDLE,IDLE,IDLE,IDLE,IDLE,IDLE,IDLE,IDLE,IDLE,IDLE,IDLE,IDLE,IDLE,IDLE,IDLE,IDLE,IDLE,IDLE,IDLE,IDLE,IDLE,IDLE,IDLE,IDLE,IDLE,IDLE,IDLE,IDLE,IDLE,IDLE,IDLE,IDLE,IDLE,IDLE,IDLE,IDLE,IDLE,IDLE,IDLE,IDLE,IDLE,IDLE,IDLE,IDLE,IDLE,IDLE,IDLE,IDLE,IDLE
487,2024-01-21 07:00:01,0.00,0.00,0,0.0000,0.0000,0.00,0.9998,0.9999,0.9997,0.9997,0.9998,0.9998,0.9998,0.9997,0.9998,0.9998,0.9999,0.9997,0.9998,0.9999,0.9998,0.9999,0.9998,0.9998,0.9998,0.9998,0.9998,0.9998,0.9999,0.9998,0.9998,0.9998,0.9998,0.9998,0.9998,0.9997,0.9998,0.9998,0.9998,0.9998,0.9998,0.9997,0.9996,0.9998,0.9998,0.9998,0.9998,0.9998,0.9998,0.9998,0.9997,0.9997,0.9998,0.9999,0.9998,0.9999,0.1622,0.1872,0.1898,0.1763,0.1969,0.1614,0.1677,0.1781,0.1623,0.1490,0.1997,0.1315,0.1870,0.1542,0.1730,0.1542,0.1970,0.1985,0.1753,0.1642,0.1937,0.1970,0.1982,0.1980,0.1844,0.1987,0.1970,0.1490,0.1759,0.1861,0.1491,0.1286,0.1623,0.1668,0.1993,0.1763,0.1879,0.1286,0.1709,0.1911,0.1677,0.1626,0.1409,0.1980,0.1412,0.1557,0.1569,0.1581,0.1373,0.1646,IDLE,IDLE,IDLE,IDLE,IDLE,IDLE,IDLE,IDLE,IDLE,IDLE,IDLE,IDLE,IDLE,IDLE,IDLE,IDLE,IDLE,IDLE,IDLE,IDLE,IDLE,IDLE,IDLE,IDLE,IDLE,IDLE,IDLE,IDLE,IDLE,IDLE,IDLE,IDLE,IDLE,IDLE,IDLE,IDLE,IDLE,IDLE,IDLE,IDLE,IDLE,IDLE,IDLE,IDLE,IDLE,IDLE,IDLE,IDLE,IDLE,IDLE
488,2024-01-21 08:00:01,0.00,0.00,0,0.0000,0.0000,0.00,0.9998,0.9999,0.9997,0.9997,0.9998,0.9998,0.9998,0.9997,0.9998,0.9998,0.9999,0.9997,0.9998,0.9999,0.9998,0.9999,0.9998,0.9998,0.9998,0.9998,0.9998,0.9998,0.9999,0.9998,0.9998,0.9998,0.9998,0.9998,0.9998,0.9997,0.9998,0.9998,0.9998,0.9998,0.9998,0.9997,0.9996,0.9998,0.9998,0.9998,0.9998,0.9998,0.9998,0.9998,0.9997,0.9997,0.9998,0.9999,0.9998,0.9999,0.1622,0.1872,0.1898,0.1763,0.1969,0.1614,0.1677,0.1781,0.1623,0.1490,0.1997,0.1315,0.1870,0.1542,0.1730,0.1542,0.1970,0.1985,0.1753,0.1642,0.1937,0.1970,0.1982,0.1980,0.1844,0.1987,0.1970,0.1490,0.1759,0.1861,0.1491,0.1286,0.1623,0.1668,0.1993,0.1763,0.1879,0.1286,0.1709,0.1911,0.1677,0.1626,0.1409,0.1980,0.1412,0.1557,0.1569,0.1581,0.1373,0.1646,IDLE,IDLE,IDLE,IDLE,IDLE,IDLE,IDLE,IDLE,IDLE,IDLE,IDLE,IDLE,IDLE,IDLE,IDLE,IDLE,IDLE,IDLE,IDLE,IDLE,IDLE,IDLE,IDLE,IDLE,IDLE,IDLE,IDLE,IDLE,IDLE,IDLE,IDLE,IDLE,IDLE,IDLE,IDLE,IDLE,IDLE,IDLE,IDLE,IDLE,IDLE,IDLE,IDLE,IDLE,IDLE,IDLE,IDLE,IDLE,IDLE,IDLE
489,2024-01-21 09:00:01,0.00,0.00,0,0.0000,0.0000,0.00,0.9998,0.9999,0.9997,0.9997,0.9998,0.9998,0.9998,0.9997,0.9998,0.9998,0.9999,0.9997,0.9998,0.9999,0.9998,0.9999,0.9998,0.9998,0.9998,0.9998,0.9998,0.9998,0.9999,0.9998,0.9998,0.9998,0.9998,0.9998,0.9998,0.9997,0.9998,0.9998,0.9998,0.9998,0.9998,0.9997,0.9996,0.9998,0.9998,0.9998,0.9998,0.9998,0.9998,0.9998,0.9997,0.9997,0.9998,0.9999,0.9998,0.9999,0.1622,0.1872,0.1898,0.1763,0.1969,0.1614,0.1677,0.1781,0.1623,0.1490,0.1997,0.1315,0.1870,0.1542,0.1730,0.1542,0.1970,0.1985,0.1753,0.1642,0.1937,0.1970,0.1982,0.1980,0.1844,0.1987,0.1970,0.1490,0.1759,0.1861,0.1491,0.1286,0.1623,0.1668,0.1993,0.1763,0.1879,0.1286,0.1709,0.1911,0.1677,0.1626,0.1409,0.1980,0.1412,0.1557,0.1569,0.1581,0.1373,0.1646,IDLE,IDLE,IDLE,IDLE,IDLE,IDLE,IDLE,IDLE,IDLE,IDLE,IDLE,IDLE,IDLE,IDLE,IDLE,IDLE,IDLE,IDLE,IDLE,IDLE,IDLE,IDLE,IDLE,IDLE,IDLE,IDLE,IDLE,IDLE,IDLE,IDLE,IDLE,IDLE,IDLE,IDLE,IDLE,IDLE,IDLE,IDLE,IDLE,IDLE,IDLE,IDLE,IDLE,IDLE,IDLE,IDLE,IDLE,IDLE,IDLE,IDLE
490,2024-01-21 10:00:01,0.00,0.00,0,0.0000,0.0000,0.00,0.9998,0.9999,0.9997,0.9997,0.9998,0.9998,0.9998,0.9997,0.9998,0.9998,0.9999,0.9997,0.9998,0.9999,0.9998,0.9999,0.9998,0.9998,0.9998,0.9998,0.9998,0.9998,0.9999,0.9998,0.9998,0.9998,0.9998,0.9998,0.9998,0.9997,0.9998,0.9998,0.9998,0.9998,0.9998,0.9997,0.9996,0.9998,0.9998,0.9998,0.9998,0.9998,0.9998,0.9998,0.9997,0.9997,0.9998,0.9999,0.9998,0.9999,0.1622,0.1872,0.1898,0.1763,0.1969,0.1614,0.1677,0.1781,0.1623,0.1490,0.1997,0.1315,0.1870,0.1542,0.1730,0.1542,0.1970,0.1985,0.1753,0.1642,0.1937,0.1970,0.1982,0.1980,0.1844,0.1987,0.1970,0.1490,0.1759,0.1861,0.1491,0.1286,0.1623,0.1668,0.1993,0.1763,0.1879,0.1286,0.1709,0.1911,0.1677,0.1626,0.1409,0.1980,0.1412,0.1557,0.1569,0.1581,0.1373,0.1646,IDLE,IDLE,IDLE,IDLE,IDLE,IDLE,IDLE,IDLE,IDLE,IDLE,IDLE,IDLE,IDLE,IDLE,IDLE,IDLE,IDLE,IDLE,IDLE,IDLE,IDLE,IDLE,IDLE,IDLE,IDLE,IDLE,IDLE,IDLE,IDLE,IDLE,IDLE,IDLE,IDLE,IDLE,IDLE,IDLE,IDLE,IDLE,IDLE,IDLE,IDLE,IDLE,IDLE,IDLE,IDLE,IDLE,IDLE,IDLE,IDLE,IDLE
491,2024-01-21 11:00:01,0.00,0.00,0,0.0000,0.0000,0.00,0.9998,0.9999,0.9997,0.9997,0.9998,0.9998,0.9998,0.9997,0.9998,0.9998,0.9999,0.9997,0.9998,0.9999,0.9998,0.9999,0.9998,0.9998,0.9998,0.9998,0.9998,0.9998,0.9999,0.9998,0.9998,0.9998,0.9998,0.9998,0.9998,0.9997,0.9998,0.9998,0.9998,0.9998,0.9998,0.9997,0.9996,0.9998,0.9998,0.9998,0.9998,0.9998,0.9998,0.9998,0.9997,0.9997,0.9998,0.9999,0.9998,0.9999,0.1622,0.1872,0.1898,0.1763,0.1969,0.1614,0.1677,0.1781,0.1623,0.1490,0.1997,0.1315,0.1870,0.1542,0.1730,0.1542,0.1970,0.1985,0.1753,0.1642,0.1937,0.1970,0.1982,0.1980,0.1844,0.1987,0.1970,0.1490,0.1759,0.1861,0.1491,0.1286,0.1623,0.1668,0.1993,0.1763,0.1879,0.1286,0.1709,0.1911,0.1677,0.1626,0.1409,0.1980,0.1412,0.1557,0.1569,0.1581,0.1373,0.1646,IDLE,IDLE,IDLE,IDLE,IDLE,IDLE,IDLE,IDLE,IDLE,IDLE,IDLE,IDLE,IDLE,IDLE,IDLE,IDLE,IDLE,IDLE,IDLE,IDLE,IDLE,IDLE,IDLE,IDLE,IDLE,IDLE,IDLE,IDLE,IDLE,IDLE,IDLE,IDLE,IDLE,IDLE,IDLE,IDLE,IDLE,IDLE,IDLE,IDLE,IDLE,IDLE,IDLE,IDLE,IDLE,IDLE,IDLE,IDLE,IDLE,IDLE
492,2024-01-21 12:00:01,0.00,0.00,0,0.0000,0.0000,0.00,0.9998,0.9999,0.9997,0.9997,0.9998,0.9998,0.9998,0.9997,0.9998,0.9998,0.9999,0.9997,0.9998,0.9999,0.9998,0.9999,0.9998,0.9998,0.9998,0.9998,0.9998,0.9998,0.9999,0.9998,0.9998,0.9998,0.9998,0.9998,0.9998,0.9997,0.9998,0.9998,0.9998,0.9998,0.9998,0.9997,0.9996,0.9998,0.9998,0.9998,0.9998,0.9998,0.9998,0.9998,0.9997,0.9997,0.9998,0.9999,0.9998,0.9999,0.1622,0.1872,0.1898,0.1763,0.1969,0.1614,0.1677,0.1781,0.1623,0.1490,0.1997,0.1315,0.1870,0.1542,0.1730,0.1542,0.1970,0.1985,0.1753,0.1642,0.1937,0.1970,0.1982,0.1980,0.1844,0.1987,0.1970,0.1490,0.1759,0.1861,0.1491,0.1286,0.1623,0.1668,0.1993,0.1763,0.1879,0.1286,0.1709,0.1911,0.1677,0.1626,0.1409,0.1980,0.1412,0.1557,0.1569,0.1581,0.1373,0.1646,IDLE,IDLE,IDLE,IDLE,IDLE,IDLE,IDLE,IDLE,IDLE,IDLE,IDLE,IDLE,IDLE,IDLE,IDLE,IDLE,IDLE,IDLE,IDLE,IDLE,IDLE,IDLE,IDLE,IDLE,IDLE,IDLE,IDLE,IDLE,IDLE,IDLE,IDLE,IDLE,IDLE,IDLE,IDLE,IDLE,IDLE,IDLE,IDLE,IDLE,IDLE,IDLE,IDLE,IDLE,IDLE,IDLE,IDLE,IDLE,IDLE,IDLE
493,2024-01-21 13:00:01,0.00,0.00,0,0.0000,0.0000,0.00,0.9998,0.9999,0.9997,0.9997,0.9998,0.9998,0.9998,0.9997,0.9998,0.9998,0.9999,0.9997,0.9998,0.9999,0.9998,0.9999,0.9998,0.9998,0.9998,0.9998,0.9998,0.9998,0.9999,0.9998,0.9998,0.9998,0.9998,0.9998,0.9998,0.9997,0.9998,0.9998,0.9998,0.9998,0.9998,0.9997,0.9996,0.9998,0.9998,0.9998,0.9998,0.9998,0.9998,0.9998,0.9997,0.9997,0.9998,0.9999,0.9998,0.9999,0.1622,0.1872,0.1898,0.1763,0.1969,0.1614,0.1677,0.1781,0.1623,0.1490,0.1997,0.1315,0.1870,0.1542,0.1730,0.1542,0.1970,0.1985,0.1753,0.1642,0.1937,0.1970,0.1982,0.1980,0.1844,0.1987,0.1970,0.1490,0.1759,0.1861,0.1491,0.1286,0.1623,0.1668,0.1993,0.1763,0.1879,0.1286,0.1709,0.1911,0.1677,0.1626,0.1409,0.1980,0.1412,0.1557,0.1569,0.1581,0.1373,0.1646,IDLE,IDLE,IDLE,IDLE,IDLE,IDLE,IDLE,IDLE,IDLE,IDLE,IDLE,IDLE,IDLE,IDLE,IDLE,IDLE,IDLE,IDLE,IDLE,IDLE,IDLE,IDLE,IDLE,IDLE,IDLE,IDLE,IDLE,IDLE,IDLE,IDLE,IDLE,IDLE,IDLE,IDLE,IDLE,IDLE,IDLE,IDLE,IDLE,IDLE,IDLE,IDLE,IDLE,IDLE,IDLE,IDLE,IDLE,IDLE,IDLE,IDLE
494,2024-01-21 14:00:01,0.00,0.00,0,0.0000,0.0000,0.00,0.9998,0.9999,0.9997,0.9997,0.9998,0.9998,0.9998,0.9997,0.9998,0.9998,0.9999,0.9997,0.9998,0.9999,0.9998,0.9999,0.9998,0.9998,0.9998,0.9998,0.9998,0.9998,0.9999,0.9998,0.9998,0.9998,0.9998,0.9998,0.9998,0.9997,0.9998,0.9998,0.9998,0.9998,0.9998,0.9997,0.9996,0.9998,0.9998,0.9998,0.9998,0.9998,0.9998,0.9998,0.9997,0.9997,0.9998,0.9999,0.9998,0.9999,0.1622,0.1872,0.1898,0.1763,0.1969,0.1614,0.1677,0.1781,0.1623,0.1490,0.1997,0.1315,0.1870,0.1542,0.1730,0.1542,0.1970,0.1985,0.1753,0.1642,0.1937,0.1970,0.1982,0.1980,0.1844,0.1987,0.1970,0.1490,0.1759,0.1861,0.1491,0.1286,0.1623,0.1668,0.1993,0.1763,0.1879,0.1286,0.1709,0.1911,0.1677,0.1626,0.1409,0.1980,0.1412,0.1557,0.1569,0.1581,0.1373,0.1646,IDLE,IDLE,IDLE,IDLE,IDLE,IDLE,IDLE,IDLE,IDLE,IDLE,IDLE,IDLE,IDLE,IDLE,IDLE,IDLE,IDLE,IDLE,IDLE,IDLE,IDLE,IDLE,IDLE,IDLE,IDLE,IDLE,IDLE,IDLE,IDLE,IDLE,IDLE,IDLE,IDLE,IDLE,IDLE,IDLE,IDLE,IDLE,IDLE,IDLE,IDLE,IDLE,IDLE,IDLE,IDLE,IDLE,IDLE,IDLE,IDLE,IDLE
495,2024-01-21 15:00:01,0.00,0.00,0,0.0000,0.0000,0.00,0.9998,0.9999,0.9997,0.9997,0.9998,0.9998,0.9998,0.9997,0.9998,0.9998,0.9999,0.9997,0.9998,0.9999,0.9998,0.9999,0.9998,0.9998,0.9998,0.9998,0.9998,0.9998,0.9999,0.9998,0.9998,0.9998,0.9998,0.9998,0.9998,0.9997,0.9998,0.9998,0.9998,0.9998,0.9998,0.9997,0.9996,0.9998,0.9998,0.9998,0.9998,0.9998,0.9998,0.9998,0.9997,0.9997,0.9998,0.9999,0.9998,0.9999,0.1622,0.1872,0.1898,0.1763,0.1969,0.1614,0.1677,0.1781,0.1623,0.1490,0.1997,0.1315,0.1870,0.1542,0.1730,0.1542,0.1970,0.1985,0.1753,0.1642,0.1937,0.1970,0.1982,0.1980,0.1844,0.1987,0.1970,0.1490,0.1759,0.1861,0.1491,0.1286,0.1623,0.1668,0.1993,0.1763,0.1879,0.1286,0.1709,0.1911,0.1677,0.1626,0.1409,0.1980,0.1412,0.1557,0.1569,0.1581,0.1373,0.1646,IDLE,IDLE,IDLE,IDLE,IDLE,IDLE,IDLE,IDLE,IDLE,IDLE,IDLE,IDLE,IDLE,IDLE,IDLE,IDLE,IDLE,IDLE,IDLE,IDLE,IDLE,IDLE,IDLE,IDLE,IDLE,IDLE,IDLE,IDLE,IDLE,IDLE,IDLE,IDLE,IDLE,IDLE,IDLE,IDLE,IDLE,IDLE,IDLE,IDLE,IDLE,IDLE,IDLE,IDLE,IDLE,IDLE,IDLE,IDLE,IDLE,IDLE
496,2024-01-21 16:00:01,0.00,0.00,0,0.0000,0.0000,0.00,0.9998,0.9999,0.9997,0.9997,0.9998,0.9998,0.9998,0.9997,0.9998,0.9998,0.9999,0.9997,0.9998,0.9999,0.9998,0.9999,0.9998,0.9998,0.9998,0.9998,0.9998,0.9998,0.9999,0.9998,0.9998,0.9998,0.9998,0.9998,0.9998,0.9997,0.9998,0.9998,0.9998,0.9998,0.9998,0.9997,0.9996,0.9998,0.9998,0.9998,0.9998,0.9998,0.9998,0.9998,0.9997,0.9997,0.9998,0.9999,0.9998,0.9999,0.1622,0.1872,0.1898,0.1763,0.1969,0.1614,0.1677,0.1781,0.1623,0.1490,0.1997,0.1315,0.1870,0.1542,0.1730,0.1542,0.1970,0.1985,0.1753,0.1642,0.1937,0.1970,0.1982,0.1980,0.1844,0.1987,0.1970,0.1490,0.1759,0.1861,0.1491,0.1286,0.1623,0.1668,0.1993,0.1763,0.1879,0.1286,0.1709,0.1911,0.1677,0.1626,0.1409,0.1980,0.1412,0.1557,0.1569,0.1581,0.1373,0.1646,IDLE,IDLE,IDLE,IDLE,IDLE,IDLE,IDLE,IDLE,IDLE,IDLE,IDLE,IDLE,IDLE,IDLE,IDLE,IDLE,IDLE,IDLE,IDLE,IDLE,IDLE,IDLE,IDLE,IDLE,IDLE,IDLE,IDLE,IDLE,IDLE,IDLE,IDLE,IDLE,IDLE,IDLE,IDLE,IDLE,IDLE,IDLE,IDLE,IDLE,IDLE,IDLE,IDLE,IDLE,IDLE,IDLE,IDLE,IDLE,IDLE,IDLE
497,2024-01-21 17:00:01,0.00,0.00,0,0.0000,0.0000,0.00,0.9998,0.9999,0.9997,0.9997,0.9998,0.9998,0.9998,0.9997,0.9998,0.9998,0.9999,0.9997,0.9998,0.9999,0.9998,0.9999,0.9998,0.9998,0.9998,0.9998,0.9998,0.9998,0.9999,0.9998,0.9998,0.9998,0.9998,0.9998,0.9998,0.9997,0.9998,0.9998,0.9998,0.9998,0.9998,0.9997,0.9996,0.9998,0.9998,0.9998,0.9998,0.9998,0.9998,0.9998,0.9997,0.9997,0.9998,0.9999,0.9998,0.9999,0.1622,0.1872,0.1898,0.1763,0.1969,0.1614,0.1677,0.1781,0.1623,0.1490,0.1997,0.1315,0.1870,0.1542,0.1730,0.1542,0.1970,0.1985,0.1753,0.1642,0.1937,0.1970,0.1982,0.1980,0.1844,0.1987,0.1970,0.1490,0.1759,0.1861,0.1491,0.1286,0.1623,0.1668,0.1993,0.1763,0.1879,0.1286,0.1709,0.1911,0.1677,0.1626,0.1409,0.1980,0.1412,0.1557,0.1569,0.1581,0.1373,0.1646,IDLE,IDLE,IDLE,IDLE,IDLE,IDLE,IDLE,IDLE,IDLE,IDLE,IDLE,IDLE,IDLE,IDLE,IDLE,IDLE,IDLE,IDLE,IDLE,IDLE,IDLE,IDLE,IDLE,IDLE,IDLE,IDLE,IDLE,IDLE,IDLE,IDLE,IDLE,IDLE,IDLE,IDLE,IDLE,IDLE,IDLE,IDLE,IDLE,IDLE,IDLE,IDLE,IDLE,IDLE,IDLE,IDLE,IDLE,IDLE,IDLE,IDLE
498,2024-01-21 18:00:01,0.00,0.00,0,0.0000,0.0000,0.00,0.9998,0.9999,0.9997,0.9997,0.9998,0.9998,0.9998,0.9997,0.9998,0.9998,0.9999,0.9997,0.9998,0.9999,0.9998,0.9999,0.9998,0.9998,0.9998,0.9998,0.9998,0.9998,0.9999,0.9998,0.9998,0.9998,0.9998,0.9998,0.9998,0.9997,0.9998,0.9998,0.9998,0.9998,0.9998,0.9997,0.9996,0.9998,0.9998,0.9998,0.9998,0.9998,0.9998,0.9998,0.9997,0.9997,0.9998,0.9999,0.9998,0.9999,0.1622,0.1872,0.1898,0.1763,0.1969,0.1614,0.1677,0.1781,0.1623,0.1490,0.1997,0.1315,0.1870,0.1542,0.1730,0.1542,0.1970,0.1985,0.1753,0.1642,0.1937,0.1970,0.1982,0.1980,0.1844,0.1987,0.1970,0.1490,0.1759,0.1861,0.1491,0.1286,0.1623,0.1668,0.1993,0.1763,0.1879,0.1286,0.1709,0.1911,0.1677,0.1626,0.1409,0.1980,0.1412,0.1557,0.1569,0.1581,0.1373,0.1646,IDLE,IDLE,IDLE,IDLE,IDLE,IDLE,IDLE,IDLE,IDLE,IDLE,IDLE,IDLE,IDLE,IDLE,IDLE,IDLE,IDLE,IDLE,IDLE,IDLE,IDLE,IDLE,IDLE,IDLE,IDLE,IDLE,IDLE,IDLE,IDLE,IDLE,IDLE,IDLE,IDLE,IDLE,IDLE,IDLE,IDLE,IDLE,IDLE,IDLE,IDLE,IDLE,IDLE,IDLE,IDLE,IDLE,IDLE,IDLE,IDLE,IDLE
499,2024-01-21 19:00:01,0.00,0.00,0,0.0000,0.0000,0.00,0.9998,0.9999,0.9997,0.9997,0.9998,0.9998,0.9998,0.9997,0.9998,0.9998,0.9999,0.9997,0.9998,0.9999,0.9998,0.9999,0.9998,0.9998,0.9998,0.9998,0.9998,0.9998,0.9999,0.9998,0.9998,0.9998,0.9998,0.9998,0.9998,0.9997,0.9998,0.9998,0.9998,0.9998,0.9998,0.9997,0.9996,0.9998,0.9998,0.9998,0.9998,0.9998,0.9998,0.9998,0.9997,0.9997,0.9998,0.9999,0.9998,0.9999,0.1622,0.1872,0.1898,0.1763,0.1969,0.1614,0.1677,0.1781,0.1623,0.1490,0.1997,0.1315,0.1870,0.1542,0.1730,0.1542,0.1970,0.1985,0.1753,0.1642,0.1937,0.1970,0.1982,0.1980,0.1844,0.1987,0.1970,0.1490,0.1759,0.1861,0.1491,0.1286,0.1623,0.1668,0.1993,0.1763,0.1879,0.1286,0.1709,0.1911,0.1677,0.1626,0.1409,0.1980,0.1412,0.1557,0.1569,0.1581,0.1373,0.1646,IDLE,IDLE,IDLE,IDLE,IDLE,IDLE,IDLE,IDLE,IDLE,IDLE,IDLE,IDLE,IDLE,IDLE,IDLE,IDLE,IDLE,IDLE,IDLE,IDLE,IDLE,IDLE,IDLE,IDLE,IDLE,IDLE,IDLE,IDLE,IDLE,IDLE,IDLE,IDLE,IDLE,IDLE,IDLE,IDLE,IDLE,IDLE,IDLE,IDLE,IDLE,IDLE,IDLE,IDLE,IDLE,IDLE,IDLE,IDLE,IDLE,IDLE
500,2024-01-21 20:00:01,0.00,0.00,0,0.0000,0.0000,0.00,0.9998,0.9999,0.9997,0.9997,0.9998,0.9998,0.9998,0.9997,0.9998,0.9998,0.9999,0.9997,0.9998,0.9999,0.9998,0.9999,0.9998,0.9998,0.9998,0.9998,0.9998,0.9998,0.9999,0.9998,0.9998,0.9998,0.9998,0.9998,0.9998,0.9997,0.9998,0.9998,0.9998,0.9998,0.9998,0.9997,0.9996,0.9998,0.9998,0.9998,0.9998,0.9998,0.9998,0.9998,0.9997,0.9997,0.9998,0.9999,0.9998,0.9999,0.1622,0.1872,0.1898,0.1763,0.1969,0.1614,0.1677,0.1781,0.1623,0.1490,0.1997,0.1315,0.1870,0.1542,0.1730,0.1542,0.1970,0.1985,0.1753,0.1642,0.1937,0.1970,0.1982,0.1980,0.1844,0.1987,0.1970,0.1490,0.1759,0.1861,0.1491,0.1286,0.1623,0.1668,0.1993,0.1763,0.1879,0.1286,0.1709,0.1911,0.1677,0.1626,0.1409,0.1980,0.1412,0.1557,0.1569,0.1581,0.1373,0.1646,IDLE,IDLE,IDLE,IDLE,IDLE,IDLE,IDLE,IDLE,IDLE,IDLE,IDLE,IDLE,IDLE,IDLE,IDLE,IDLE,IDLE,IDLE,IDLE,IDLE,IDLE,IDLE,IDLE,IDLE,IDLE,IDLE,IDLE,IDLE,IDLE,IDLE,IDLE,IDLE,IDLE,IDLE,IDLE,IDLE,IDLE,IDLE,IDLE,IDLE,IDLE,IDLE,IDLE,IDLE,IDLE,IDLE,IDLE,IDLE,IDLE,IDLE
501,2024-01-21 21:00:01,0.00,0.00,0,0.0000,0.0000,0.00,0.9998,0.9999,0.9997,0.9997,0.9998,0.9998,0.9998,0.9997,0.9998,0.9998,0.9999,0.9997,0.9998,0.9999,0.9998,0.9999,0.9998,0.9998,0.9998,0.9998,0.9998,0.9998,0.9999,0.9998,0.9998,0.9998,0.9998,0.9998,0.9998,0.9997,0.9998,0.9998,0.9998,0.9998,0.9998,0.9997,0.9996,0.9998,0.9998,0.9998,0.9998,0.9998,0.9998,0.9998,0.9997,0.9997,0.9998,0.9999,0.9998,0.9999,0.1622,0.1872,0.1898,0.1763,0.1969,0.1614,0.1677,0.1781,0.1623,0.1490,0.1997,0.1315,0.1870,0.1542,0.1730,0.1542,0.1970,0.1985,0.1753,0.1642,0.1937,0.1970,0.1982,0.1980,0.1844,0.1987,0.1970,0.1490,0.1759,0.1861,0.1491,0.1286,0.1623,0.1668,0.1993,0.1763,0.1879,0.1286,0.1709,0.1911,0.1677,0.1626,0.1409,0.1980,0.1412,0.1557,0.1569,0.1581,0.1373,0.1646,IDLE,IDLE,IDLE,IDLE,IDLE,IDLE,IDLE,IDLE,IDLE,IDLE,IDLE,IDLE,IDLE,IDLE,IDLE,IDLE,IDLE,IDLE,IDLE,IDLE,IDLE,IDLE,IDLE,IDLE,IDLE,IDLE,IDLE,IDLE,IDLE,IDLE,IDLE,IDLE,IDLE,IDLE,IDLE,IDLE,IDLE,IDLE,IDLE,IDLE,IDLE,IDLE,IDLE,IDLE,IDLE,IDLE,IDLE,IDLE,IDLE,IDLE
502,2024-01-21 22:00:01,0.00,0.00,0,0.0000,0.0000,0.00,0.9998,0.9999,0.9997,0.9997,0.9998,0.9998,0.9998,0.9997,0.9998,0.9998,0.9999,0.9997,0.9998,0.9999,0.9998,0.9999,0.9998,0.9998,0.9998,0.9998,0.9998,0.9998,0.9999,0.9998,0.9998,0.9998,0.9998,0.9998,0.9998,0.9997,0.9998,0.9998,0.9998,0.9998,0.9998,0.9997,0.9996,0.9998,0.9998,0.9998,0.9998,0.9998,0.9998,0.9998,0.9997,0.9997,0.9998,0.9999,0.9998,0.9999,0.1622,0.1872,0.1898,0.1763,0.1969,0.1614,0.1677,0.1781,0.1623,0.1490,0.1997,0.1315,0.1870,0.1542,0.1730,0.1542,0.1970,0.1985,0.1753,0.1642,0.1937,0.1970,0.1982,0.1980,0.1844,0.1987,0.1970,0.1490,0.1759,0.1861,0.1491,0.1286,0.1623,0.1668,0.1993,0.1763,0.1879,0.1286,0.1709,0.1911,0.1677,0.1626,0.1409,0.1980,0.1412,0.1557,0.1569,0.1581,0.1373,0.1646,IDLE,IDLE,IDLE,IDLE,IDLE,IDLE,IDLE,IDLE,IDLE,IDLE,IDLE,IDLE,IDLE,IDLE,IDLE,IDLE,IDLE,IDLE,IDLE,IDLE,IDLE,IDLE,IDLE,IDLE,IDLE,IDLE,IDLE,IDLE,IDLE,IDLE,IDLE,IDLE,IDLE,IDLE,IDLE,IDLE,IDLE,IDLE,IDLE,IDLE,IDLE,IDLE,IDLE,IDLE,IDLE,IDLE,IDLE,IDLE,IDLE,IDLE
503,2024-01-21 23:00:01,0.00,0.00,0,0.0000,0.0000,0.00,0.9998,0.9999,0.9997,0.9997,0.9998,0.9998,0.9998,0.9997,0.9998,0.9998,0.9999,0.9997,0.9998,0.9999,0.9998,0.9999,0.9998,0.9998,0.9998,0.9998,0.9998,0.9998,0.9999,0.9998,0.9998,0.9998,0.9998,0.9998,0.9998,0.9997,0.9998,0.9998,0.9998,0.9998,0.9998,0.9997,0.9996,0.9998,0.9998,0.9998,0.9998,0.9998,0.9998,0.9998,0.9997,0.9997,0.9998,0.9999,0.9998,0.9999,0.1622,0.1872,0.1898,0.1763,0.1969,0.1614,0.1677,0.1781,0.1623,0.1490,0.1997,0.1315,0.1870,0.1542,0.1730,0.1542,0.1970,0.1985,0.1753,0.1642,0.1937,0.1970,0.1982,0.1980,0.1844,0.1987,0.1970,0.1490,0.1759,0.1861,0.1491,0.1286,0.1623,0.1668,0.1993,0.1763,0.1879,0.1286,0.1709,0.1911,0.1677,0.1626,0.1409,0.1980,0.1412,0.1557,0.1569,0.1581,0.1373,0.1646,IDLE,IDLE,IDLE,IDLE,IDLE,IDLE,IDLE,IDLE,IDLE,IDLE,IDLE,IDLE,IDLE,IDLE,IDLE,IDLE,IDLE,IDLE,IDLE,IDLE,IDLE,IDLE,IDLE,IDLE,IDLE,IDLE,IDLE,IDLE,IDLE,IDLE,IDLE,IDLE,IDLE,IDLE,IDLE,IDLE,IDLE,IDLE,IDLE,IDLE,IDLE,IDLE,IDLE,IDLE,IDLE,IDLE,IDLE,IDLE,IDLE,IDLE
504,2024-01-22 00:00:01,0.00,0.00,0,0.0000,0.0000,0.00,0.9998,0.9999,0.9997,0.9997,0.9998,0.9998,0.9998,0.9997,0.9998,0.9998,0.9999,0.9997,0.9998,0.9999,0.9998,0.9999,0.9998,0.9998,0.9998,0.9998,0.9998,0.9998,0.9999,0.9998,0.9998,0.9998,0.9998,0.9998,0.9998,0.9997,0.9998,0.9998,0.9998,0.9998,0.9998,0.9997,0.9996,0.9998,0.9998,0.9998,0.9998,0.9998,0.9998,0.9998,0.9997,0.9997,0.9998,0.9999,0.9998,0.9999,0.1622,0.1872,0.1898,0.1763,0.1969,0.1614,0.1677,0.1781,0.1623,0.1490,0.1997,0.1315,0.1870,0.1542,0.1730,0.1542,0.1970,0.1985,0.1753,0.1642,0.1937,0.1970,0.1982,0.1980,0.1844,0.1987,0.1970,0.1490,0.1759,0.1861,0.1491,0.1286,0.1623,0.1668,0.1993,0.1763,0.1879,0.1286,0.1709,0.1911,0.1677,0.1626,0.1409,0.1980,0.1412,0.1557,0.1569,0.1581,0.1373,0.1646,IDLE,IDLE,IDLE,IDLE,IDLE,IDLE,IDLE,IDLE,IDLE,IDLE,IDLE,IDLE,IDLE,IDLE,IDLE,IDLE,IDLE,IDLE,IDLE,IDLE,IDLE,IDLE,IDLE,IDLE,IDLE,IDLE,IDLE,IDLE,IDLE,IDLE,IDLE,IDLE,IDLE,IDLE,IDLE,IDLE,IDLE,IDLE,IDLE,IDLE,IDLE,IDLE,IDLE,IDLE,IDLE,IDLE,IDLE,IDLE,IDLE,IDLE
505,2024-01-22 01:00:01,0.00,0.00,0,0.0000,0.0000,0.00,0.9998,0.9999,0.9997,0.9997,0.9998,0.9998,0.9998,0.9997,0.9998,0.9998,0.9999,0.9997,0.9998,0.9999,0.9998,0.9999,0.9998,0.9998,0.9998,0.9998,0.9998,0.9998,0.9999,0.9998,0.9998,0.9998,0.9998,0.9998,0.9998,0.9997,0.9998,0.9998,0.9998,0.9998,0.9998,0.9997,0.9996,0.9998,0.9998,0.9998,0.9998,0.9998,0.9998,0.9998,0.9997,0.9997,0.9998,0.9999,0.9998,0.9999,0.1622,0.1872,0.1898,0.1763,0.1969,0.1614,0.1677,0.1781,0.1623,0.1490,0.1997,0.1315,0.1870,0.1542,0.1730,0.1542,0.1970,0.1985,0.1753,0.1642,0.1937,0.1970,0.1982,0.1980,0.1844,0.1987,0.1970,0.1490,0.1759,0.1861,0.1491,0.1286,0.1623,0.1668,0.1993,0.1763,0.1879,0.1286,0.1709,0.1911,0.1677,0.1626,0.1409,0.1980,0.1412,0.1557,0.1569,0.1581,0.1373,0.1646,IDLE,IDLE,IDLE,IDLE,IDLE,IDLE,IDLE,IDLE,IDLE,IDLE,IDLE,IDLE,IDLE,IDLE,IDLE,IDLE,IDLE,IDLE,IDLE,IDLE,IDLE,IDLE,IDLE,IDLE,IDLE,IDLE,IDLE,IDLE,IDLE,IDLE,IDLE,IDLE,IDLE,IDLE,IDLE,IDLE,IDLE,IDLE,IDLE,IDLE,IDLE,IDLE,IDLE,IDLE,IDLE,IDLE,IDLE,IDLE,IDLE,IDLE
506,2024-01-22 02:00:01,0.00,0.00,0,0.0000,0.0000,0.00,0.9998,0.9999,0.9997,0.9997,0.9998,0.9998,0.9998,0.9997,0.9998,0.9998,0.9999,0.9997,0.9998,0.9999,0.9998,0.9999,0.9998,0.9998,0.9998,0.9998,0.9998,0.9998,0.9999,0.9998,0.9998,0.9998,0.9998,0.9998,0.9998,0.9997,0.9998,0.9998,0.9998,0.9998,0.9998,0.9997,0.9996,0.9998,0.9998,0.9998,0.9998,0.9998,0.9998,0.9998,0.9997,0.9997,0.9998,0.9999,0.9998,0.9999,0.1622,0.1872,0.1898,0.1763,0.1969,0.1614,0.1677,0.1781,0.1623,0.1490,0.1997,0.1315,0.1870,0.1542,0.1730,0.1542,0.1970,0.1985,0.1753,0.1642,0.1937,0.1970,0.1982,0.1980,0.1844,0.1987,0.1970,0.1490,0.1759,0.1861,0.1491,0.1286,0.1623,0.1668,0.1993,0.1763,0.1879,0.1286,0.1709,0.1911,0.1677,0.1626,0.1409,0.1980,0.1412,0.1557,0.1569,0.1581,0.1373,0.1646,IDLE,IDLE,IDLE,IDLE,IDLE,IDLE,IDLE,IDLE,IDLE,IDLE,IDLE,IDLE,IDLE,IDLE,IDLE,IDLE,IDLE,IDLE,IDLE,IDLE,IDLE,IDLE,IDLE,IDLE,IDLE,IDLE,IDLE,IDLE,IDLE,IDLE,IDLE,IDLE,IDLE,IDLE,IDLE,IDLE,IDLE,IDLE,IDLE,IDLE,IDLE,IDLE,IDLE,IDLE,IDLE,IDLE,IDLE,IDLE,IDLE,IDLE
507,2024-01-22 03:00:01,0.00,0.00,0,0.0000,0.0000,0.00,0.9998,0.9999,0.9997,0.9997,0.9998,0.9998,0.9998,0.9997,0.9998,0.9998,0.9999,0.9997,0.9998,0.9999,0.9998,0.9999,0.9998,0.9998,0.9998,0.9998,0.9998,0.9998,0.9999,0.9998,0.9998,0.9998,0.9998,0.9998,0.9998,0.9997,0.9998,0.9998,0.9998,0.9998,0.9998,0.9997,0.9996,0.9998,0.9998,0.9998,0.9998,0.9998,0.9998,0.9998,0.9997,0.9997,0.9998,0.9999,0.9998,0.9999,0.1622,0.1872,0.1898,0.1763,0.1969,0.1614,0.1677,0.1781,0.1623,0.1490,0.1997,0.1315,0.1870,0.1542,0.1730,0.1542,0.1970,0.1985,0.1753,0.1642,0.1937,0.1970,0.1982,0.1980,0.1844,0.1987,0.1970,0.1490,0.1759,0.1861,0.1491,0.1286,0.1623,0.1668,0.1993,0.1763,0.1879,0.1286,0.1709,0.1911,0.1677,0.1626,0.1409,0.1980,0.1412,0.1557,0.1569,0.1581,0.1373,0.1646,IDLE,IDLE,IDLE,IDLE,IDLE,IDLE,IDLE,IDLE,IDLE,IDLE,IDLE,IDLE,IDLE,IDLE,IDLE,IDLE,IDLE,IDLE,IDLE,IDLE,IDLE,IDLE,IDLE,IDLE,IDLE,IDLE,IDLE,IDLE,IDLE,IDLE,IDLE,IDLE,IDLE,IDLE,IDLE,IDLE,IDLE,IDLE,IDLE,IDLE,IDLE,IDLE,IDLE,IDLE,IDLE,IDLE,IDLE,IDLE,IDLE,IDLE
508,2024-01-22 04:00:01,0.00,0.00,0,0.0000,0.0000,0.00,0.9998,0.9999,0.9997,0.9997,0.9998,0.9998,0.9998,0.9997,0.9998,0.9998,0.9999,0.9997,0.9998,0.9999,0.9998,0.9999,0.9998,0.9998,0.9998,0.9998,0.9998,0.9998,0.9999,0.9998,0.9998,0.9998,0.9998,0.9998,0.9998,0.9997,0.9998,0.9998,0.9998,0.9998,0.9998,0.9997,0.9996,0.9998,0.9998,0.9998,0.9998,0.9998,0.9998,0.9998,0.9997,0.9997,0.9998,0.9999,0.9998,0.9999,0.1622,0.1872,0.1898,0.1763,0.1969,0.1614,0.1677,0.1781,0.1623,0.1490,0.1997,0.1315,0.1870,0.1542,0.1730,0.1542,0.1970,0.1985,0.1753,0.1642,0.1937,0.1970,0.1982,0.1980,0.1844,0.1987,0.1970,0.1490,0.1759,0.1861,0.1491,0.1286,0.1623,0.1668,0.1993,0.1763,0.1879,0.1286,0.1709,0.1911,0.1677,0.1626,0.1409,0.1980,0.1412,0.1557,0.1569,0.1581,0.1373,0.1646,IDLE,IDLE,IDLE,IDLE,IDLE,IDLE,IDLE,IDLE,IDLE,IDLE,IDLE,IDLE,IDLE,IDLE,IDLE,IDLE,IDLE,IDLE,IDLE,IDLE,IDLE,IDLE,IDLE,IDLE,IDLE,IDLE,IDLE,IDLE,IDLE,IDLE,IDLE,IDLE,IDLE,IDLE,IDLE,IDLE,IDLE,IDLE,IDLE,IDLE,IDLE,IDLE,IDLE,IDLE,IDLE,IDLE,IDLE,IDLE,IDLE,IDLE
509,2024-01-22 05:00:01,0.00,0.00,0,0.0000,0.0000,0.00,0.9998,0.9999,0.9997,0.9997,0.9998,0.9998,0.9998,0.9997,0.9998,0.9998,0.9999,0.9997,0.9998,0.9999,0.9998,0.9999,0.9998,0.9998,0.9998,0.9998,0.9998,0.9998,0.9999,0.9998,0.9998,0.9998,0.9998,0.9998,0.9998,0.9997,0.9998,0.9998,0.9998,0.9998,0.9998,0.9997,0.9996,0.9998,0.9998,0.9998,0.9998,0.9998,0.9998,0.9998,0.9997,0.9997,0.9998,0.9999,0.9998,0.9999,0.1622,0.1872,0.1898,0.1763,0.1969,0.1614,0.1677,0.1781,0.1623,0.1490,0.1997,0.1315,0.1870,0.1542,0.1730,0.1542,0.1970,0.1985,0.1753,0.1642,0.1937,0.1970,0.1982,0.1980,0.1844,0.1987,0.1970,0.1490,0.1759,0.1861,0.1491,0.1286,0.1623,0.1668,0.1993,0.1763,0.1879,0.1286,0.1709,0.1911,0.1677,0.1626,0.1409,0.1980,0.1412,0.1557,0.1569,0.1581,0.1373,0.1646,IDLE,IDLE,IDLE,IDLE,IDLE,IDLE,IDLE,IDLE,IDLE,IDLE,IDLE,IDLE,IDLE,IDLE,IDLE,IDLE,IDLE,IDLE,IDLE,IDLE,IDLE,IDLE,IDLE,IDLE,IDLE,IDLE,IDLE,IDLE,IDLE,IDLE,IDLE,IDLE,IDLE,IDLE,IDLE,IDLE,IDLE,IDLE,IDLE,IDLE,IDLE,IDLE,IDLE,IDLE,IDLE,IDLE,IDLE,IDLE,IDLE,IDLE
510,2024-01-22 06:00:01,0.00,0.00,0,0.0000,0.0000,0.00,0.9998,0.9999,0.9997,0.9997,0.9998,0.9998,0.9998,0.9997,0.9998,0.9998,0.9999,0.9997,0.9998,0.9999,0.9998,0.9999,0.9998,0.9998,0.9998,0.9998,0.9998,0.9998,0.9999,0.9998,0.9998,0.9998,0.9998,0.9998,0.9998,0.9997,0.9998,0.9998,0.9998,0.9998,0.9998,0.9997,0.9996,0.9998,0.9998,0.9998,0.9998,0.9998,0.9998,0.9998,0.9997,0.9997,0.9998,0.9999,0.9998,0.9999,0.1622,0.1872,0.1898,0.1763,0.1969,0.1614,0.1677,0.1781,0.1623,0.1490,0.1997,0.1315,0.1870,0.1542,0.1730,0.1542,0.1970,0.1985,0.1753,0.1642,0.1937,0.1970,0.1982,0.1980,0.1844,0.1987,0.1970,0.1490,0.1759,0.1861,0.1491,0.1286,0.1623,0.1668,0.1993,0.1763,0.1879,0.1286,0.1709,0.1911,0.1677,0.1626,0.1409,0.1980,0.1412,0.1557,0.1569,0.1581,0.1373,0.1646,IDLE,IDLE,IDLE,IDLE,IDLE,IDLE,IDLE,IDLE,IDLE,IDLE,IDLE,IDLE,IDLE,IDLE,IDLE,IDLE,IDLE,IDLE,IDLE,IDLE,IDLE,IDLE,IDLE,IDLE,IDLE,IDLE,IDLE,IDLE,IDLE,IDLE,IDLE,IDLE,IDLE,IDLE,IDLE,IDLE,IDLE,IDLE,IDLE,IDLE,IDLE,IDLE,IDLE,IDLE,IDLE,IDLE,IDLE,IDLE,IDLE,IDLE
511,2024-01-22 07:00:01,0.00,0.00,0,0.0000,0.0000,0.00,0.9998,0.9999,0.9997,0.9997,0.9998,0.9998,0.9998,0.9997,0.9998,0.9998,0.9999,0.9997,0.9998,0.9999,0.9998,0.9999,0.9998,0.9998,0.9998,0.9998,0.9998,0.9998,0.9999,0.9998,0.9998,0.9998,0.9998,0.9998,0.9998,0.9997,0.9998,0.9998,0.9998,0.9998,0.9998,0.9997,0.9996,0.9998,0.9998,0.9998,0.9998,0.9998,0.9998,0.9998,0.9997,0.9997,0.9998,0.9999,0.9998,0.9999,0.1622,0.1872,0.1898,0.1763,0.1969,0.1614,0.1677,0.1781,0.1623,0.1490,0.1997,0.1315,0.1870,0.1542,0.1730,0.1542,0.1970,0.1985,0.1753,0.1642,0.1937,0.1970,0.1982,0.1980,0.1844,0.1987,0.1970,0.1490,0.1759,0.1861,0.1491,0.1286,0.1623,0.1668,0.1993,0.1763,0.1879,0.1286,0.1709,0.1911,0.1677,0.1626,0.1409,0.1980,0.1412,0.1557,0.1569,0.1581,0.1373,0.1646,IDLE,IDLE,IDLE,IDLE,IDLE,IDLE,IDLE,IDLE,IDLE,IDLE,IDLE,IDLE,IDLE,IDLE,IDLE,IDLE,IDLE,IDLE,IDLE,IDLE,IDLE,IDLE,IDLE,IDLE,IDLE,IDLE,IDLE,IDLE,IDLE,IDLE,IDLE,IDLE,IDLE,IDLE,IDLE,IDLE,IDLE,IDLE,IDLE,IDLE,IDLE,IDLE,IDLE,IDLE,IDLE,IDLE,IDLE,IDLE,IDLE,IDLE
512,2024-01-22 08:00:01,0.00,0.00,0,0.0000,0.0000,0.00,0.9998,0.9999,0.9997,0.9997,0.9998,0.9998,0.9998,0.9997,0.9998,0.9998,0.9999,0.9997,0.9998,0.9999,0.9998,0.9999,0.9998,0.9998,0.9998,0.9998,0.9998,0.9998,0.9999,0.9998,0.9998,0.9998,0.9998,0.9998,0.9998,0.9997,0.9998,0.9998,0.9998,0.9998,0.9998,0.9997,0.9996,0.9998,0.9998,0.9998,0.9998,0.9998,0.9998,0.9998,0.9997,0.9997,0.9998,0.9999,0.9998,0.9999,0.1622,0.1872,0.1898,0.1763,0.1969,0.1614,0.1677,0.1781,0.1623,0.1490,0.1997,0.1315,0.1870,0.1542,0.1730,0.1542,0.1970,0.1985,0.1753,0.1642,0.1937,0.1970,0.1982,0.1980,0.1844,0.1987,0.1970,0.1490,0.1759,0.1861,0.1491,0.1286,0.1623,0.1668,0.1993,0.1763,0.1879,0.1286,0.1709,0.1911,0.1677,0.1626,0.1409,0.1980,0.1412,0.1557,0.1569,0.1581,0.1373,0.1646,IDLE,IDLE,IDLE,IDLE,IDLE,IDLE,IDLE,IDLE,IDLE,IDLE,IDLE,IDLE,IDLE,IDLE,IDLE,IDLE,IDLE,IDLE,IDLE,IDLE,IDLE,IDLE,IDLE,IDLE,IDLE,IDLE,IDLE,IDLE,IDLE,IDLE,IDLE,IDLE,IDLE,IDLE,IDLE,IDLE,IDLE,IDLE,IDLE,IDLE,IDLE,IDLE,IDLE,IDLE,IDLE,IDLE,IDLE,IDLE,IDLE,IDLE
513,2024-01-22 09:00:01,0.00,0.00,0,0.0000,0.0000,0.00,0.9998,0.9999,0.9997,0.9997,0.9998,0.9998,0.9998,0.9997,0.9998,0.9998,0.9999,0.9997,0.9998,0.9999,0.9998,0.9999,0.9998,0.9998,0.9998,0.9998,0.9998,0.9998,0.9999,0.9998,0.9998,0.9998,0.9998,0.9998,0.9998,0.9997,0.9998,0.9998,0.9998,0.9998,0.9998,0.9997,0.9996,0.9998,0.9998,0.9998,0.9998,0.9998,0.9998,0.9998,0.9997,0.9997,0.9998,0.9999,0.9998,0.9999,0.1622,0.1872,0.1898,0.1763,0.1969,0.1614,0.1677,0.1781,0.1623,0.1490,0.1997,0.1315,0.1870,0.1542,0.1730,0.1542,0.1970,0.1985,0.1753,0.1642,0.1937,0.1970,0.1982,0.1980,0.1844,0.1987,0.1970,0.1490,0.1759,0.1861,0.1491,0.1286,0.1623,0.1668,0.1993,0.1763,0.1879,0.1286,0.1709,0.1911,0.1677,0.1626,0.1409,0.1980,0.1412,0.1557,0.1569,0.1581,0.1373,0.1646,IDLE,IDLE,IDLE,IDLE,IDLE,IDLE,IDLE,IDLE,IDLE,IDLE,IDLE,IDLE,IDLE,IDLE,IDLE,IDLE,IDLE,IDLE,IDLE,IDLE,IDLE,IDLE,IDLE,IDLE,IDLE,IDLE,IDLE,IDLE,IDLE,IDLE,IDLE,IDLE,IDLE,IDLE,IDLE,IDLE,IDLE,IDLE,IDLE,IDLE,IDLE,IDLE,IDLE,IDLE,IDLE,IDLE,IDLE,IDLE,IDLE,IDLE
514,2024-01-22 10:00:01,0.00,0.00,0,0.0000,0.0000,0.00,0.9998,0.9999,0.9997,0.9997,0.9998,0.9998,0.9998,0.9997,0.9998,0.9998,0.9999,0.9997,0.9998,0.9999,0.9998,0.9999,0.9998,0.9998,0.9998,0.9998,0.9998,0.9998,0.9999,0.9998,0.9998,0.9998,0.9998,0.9998,0.9998,0.9997,0.9998,0.9998,0.9998,0.9998,0.9998,0.9997,0.9996,0.9998,0.9998,0.9998,0.9998,0.9998,0.9998,0.9998,0.9997,0.9997,0.9998,0.9999,0.9998,0.9999,0.1622,0.1872,0.1898,0.1763,0.1969,0.1614,0.1677,0.1781,0.1623,0.1490,0.1997,0.1315,0.1870,0.1542,0.1730,0.1542,0.1970,0.1985,0.1753,0.1642,0.1937,0.1970,0.1982,0.1980,0.1844,0.1987,0.1970,0.1490,0.1759,0.1861,0.1491,0.1286,0.1623,0.1668,0.1993,0.1763,0.1879,0.1286,0.1709,0.1911,0.1677,0.1626,0.1409,0.1980,0.1412,0.1557,0.1569,0.1581,0.1373,0.1646,IDLE,IDLE,IDLE,IDLE,IDLE,IDLE,IDLE,IDLE,IDLE,IDLE,IDLE,IDLE,IDLE,IDLE,IDLE,IDLE,IDLE,IDLE,IDLE,IDLE,IDLE,IDLE,IDLE,IDLE,IDLE,IDLE,IDLE,IDLE,IDLE,IDLE,IDLE,IDLE,IDLE,IDLE,IDLE,IDLE,IDLE,IDLE,IDLE,IDLE,IDLE,IDLE,IDLE,IDLE,IDLE,IDLE,IDLE,IDLE,IDLE,IDLE
515,2024-01-22 11:00:01,0.00,0.00,0,0.0000,0.0000,0.00,0.9998,0.9999,0.9997,0.9997,0.9998,0.9998,0.9998,0.9997,0.9998,0.9998,0.9999,0.9997,0.9998,0.9999,0.9998,0.9999,0.9998,0.9998,0.9998,0.9998,0.9998,0.9998,0.9999,0.9998,0.9998,0.9998,0.9998,0.9998,0.9998,0.9997,0.9998,0.9998,0.9998,0.9998,0.9998,0.9997,0.9996,0.9998,0.9998,0.9998,0.9998,0.9998,0.9998,0.9998,0.9997,0.9997,0.9998,0.9999,0.9998,0.9999,0.1622,0.1872,0.1898,0.1763,0.1969,0.1614,0.1677,0.1781,0.1623,0.1490,0.1997,0.1315,0.1870,0.1542,0.1730,0.1542,0.1970,0.1985,0.1753,0.1642,0.1937,0.1970,0.1982,0.1980,0.1844,0.1987,0.1970,0.1490,0.1759,0.1861,0.1491,0.1286,0.1623,0.1668,0.1993,0.1763,0.1879,0.1286,0.1709,0.1911,0.1677,0.1626,0.1409,0.1980,0.1412,0.1557,0.1569,0.1581,0.1373,0.1646,IDLE,IDLE,IDLE,IDLE,IDLE,IDLE,IDLE,IDLE,IDLE,IDLE,IDLE,IDLE,IDLE,IDLE,IDLE,IDLE,IDLE,IDLE,IDLE,IDLE,IDLE,IDLE,IDLE,IDLE,IDLE,IDLE,IDLE,IDLE,IDLE,IDLE,IDLE,IDLE,IDLE,IDLE,IDLE,IDLE,IDLE,IDLE,IDLE,IDLE,IDLE,IDLE,IDLE,IDLE,IDLE,IDLE,IDLE,IDLE,IDLE,IDLE
516,2024-01-22 12:00:01,0.00,0.00,0,0.0000,0.0000,0.00,0.9998,0.9999,0.9997,0.9997,0.9998,0.9998,0.9998,0.9997,0.9998,0.9998,0.9999,0.9997,0.9998,0.9999,0.9998,0.9999,0.9998,0.9998,0.9998,0.9998,0.9998,0.9998,0.9999,0.9998,0.9998,0.9998,0.9998,0.9998,0.9998,0.9997,0.9998,0.9998,0.9998,0.9998,0.9998,0.9997,0.9996,0.9998,0.9998,0.9998,0.9998,0.9998,0.9998,0.9998,0.9997,0.9997,0.9998,0.9999,0.9998,0.9999,0.1622,0.1872,0.1898,0.1763,0.1969,0.1614,0.1677,0.1781,0.1623,0.1490,0.1997,0.1315,0.1870,0.1542,0.1730,0.1542,0.1970,0.1985,0.1753,0.1642,0.1937,0.1970,0.1982,0.1980,0.1844,0.1987,0.1970,0.1490,0.1759,0.1861,0.1491,0.1286,0.1623,0.1668,0.1993,0.1763,0.1879,0.1286,0.1709,0.1911,0.1677,0.1626,0.1409,0.1980,0.1412,0.1557,0.1569,0.1581,0.1373,0.1646,IDLE,IDLE,IDLE,IDLE,IDLE,IDLE,IDLE,IDLE,IDLE,IDLE,IDLE,IDLE,IDLE,IDLE,IDLE,IDLE,IDLE,IDLE,IDLE,IDLE,IDLE,IDLE,IDLE,IDLE,IDLE,IDLE,IDLE,IDLE,IDLE,IDLE,IDLE,IDLE,IDLE,IDLE,IDLE,IDLE,IDLE,IDLE,IDLE,IDLE,IDLE,IDLE,IDLE,IDLE,IDLE,IDLE,IDLE,IDLE,IDLE,IDLE
517,2024-01-22 13:00:01,0.00,0.00,0,0.0000,0.0000,0.00,0.9998,0.9999,0.9997,0.9997,0.9998,0.9998,0.9998,0.9997,0.9998,0.9998,0.9999,0.9997,0.9998,0.9999,0.9998,0.9999,0.9998,0.9998,0.9998,0.9998,0.9998,0.9998,0.9999,0.9998,0.9998,0.9998,0.9998,0.9998,0.9998,0.9997,0.9998,0.9998,0.9998,0.9998,0.9998,0.9997,0.9996,0.9998,0.9998,0.9998,0.9998,0.9998,0.9998,0.9998,0.9997,0.9997,0.9998,0.9999,0.9998,0.9999,0.1622,0.1872,0.1898,0.1763,0.1969,0.1614,0.1677,0.1781,0.1623,0.1490,0.1997,0.1315,0.1870,0.1542,0.1730,0.1542,0.1970,0.1985,0.1753,0.1642,0.1937,0.1970,0.1982,0.1980,0.1844,0.1987,0.1970,0.1490,0.1759,0.1861,0.1491,0.1286,0.1623,0.1668,0.1993,0.1763,0.1879,0.1286,0.1709,0.1911,0.1677,0.1626,0.1409,0.1980,0.1412,0.1557,0.1569,0.1581,0.1373,0.1646,IDLE,IDLE,IDLE,IDLE,IDLE,IDLE,IDLE,IDLE,IDLE,IDLE,IDLE,IDLE,IDLE,IDLE,IDLE,IDLE,IDLE,IDLE,IDLE,IDLE,IDLE,IDLE,IDLE,IDLE,IDLE,IDLE,IDLE,IDLE,IDLE,IDLE,IDLE,IDLE,IDLE,IDLE,IDLE,IDLE,IDLE,IDLE,IDLE,IDLE,IDLE,IDLE,IDLE,IDLE,IDLE,IDLE,IDLE,IDLE,IDLE,IDLE
518,2024-01-22 14:00:01,0.00,0.00,0,0.0000,0.0000,0.00,0.9998,0.9999,0.9997,0.9997,0.9998,0.9998,0.9998,0.9997,0.9998,0.9998,0.9999,0.9997,0.9998,0.9999,0.9998,0.9999,0.9998,0.9998,0.9998,0.9998,0.9998,0.9998,0.9999,0.9998,0.9998,0.9998,0.9998,0.9998,0.9998,0.9997,0.9998,0.9998,0.9998,0.9998,0.9998,0.9997,0.9996,0.9998,0.9998,0.9998,0.9998,0.9998,0.9998,0.9998,0.9997,0.9997,0.9998,0.9999,0.9998,0.9999,0.1622,0.1872,0.1898,0.1763,0.1969,0.1614,0.1677,0.1781,0.1623,0.1490,0.1997,0.1315,0.1870,0.1542,0.1730,0.1542,0.1970,0.1985,0.1753,0.1642,0.1937,0.1970,0.1982,0.1980,0.1844,0.1987,0.1970,0.1490,0.1759,0.1861,0.1491,0.1286,0.1623,0.1668,0.1993,0.1763,0.1879,0.1286,0.1709,0.1911,0.1677,0.1626,0.1409,0.1980,0.1412,0.1557,0.1569,0.1581,0.1373,0.1646,IDLE,IDLE,IDLE,IDLE,IDLE,IDLE,IDLE,IDLE,IDLE,IDLE,IDLE,IDLE,IDLE,IDLE,IDLE,IDLE,IDLE,IDLE,IDLE,IDLE,IDLE,IDLE,IDLE,IDLE,IDLE,IDLE,IDLE,IDLE,IDLE,IDLE,IDLE,IDLE,IDLE,IDLE,IDLE,IDLE,IDLE,IDLE,IDLE,IDLE,IDLE,IDLE,IDLE,IDLE,IDLE,IDLE,IDLE,IDLE,IDLE,IDLE
519,2024-01-22 15:00:01,0.00,0.00,0,0.0000,0.0000,0.00,0.9998,0.9999,0.9997,0.9997,0.9998,0.9998,0.9998,0.9997,0.9998,0.9998,0.9999,0.9997,0.9998,0.9999,0.9998,0.9999,0.9998,0.9998,0.9998,0.9998,0.9998,0.9998,0.9999,0.9998,0.9998,0.9998,0.9998,0.9998,0.9998,0.9997,0.9998,0.9998,0.9998,0.9998,0.9998,0.9997,0.9996,0.9998,0.9998,0.9998,0.9998,0.9998,0.9998,0.9998,0.9997,0.9997,0.9998,0.9999,0.9998,0.9999,0.1622,0.1872,0.1898,0.1763,0.1969,0.1614,0.1677,0.1781,0.1623,0.1490,0.1997,0.1315,0.1870,0.1542,0.1730,0.1542,0.1970,0.1985,0.1753,0.1642,0.1937,0.1970,0.1982,0.1980,0.1844,0.1987,0.1970,0.1490,0.1759,0.1861,0.1491,0.1286,0.1623,0.1668,0.1993,0.1763,0.1879,0.1286,0.1709,0.1911,0.1677,0.1626,0.1409,0.1980,0.1412,0.1557,0.1569,0.1581,0.1373,0.1646,IDLE,IDLE,IDLE,IDLE,IDLE,IDLE,IDLE,IDLE,IDLE,IDLE,IDLE,IDLE,IDLE,IDLE,IDLE,IDLE,IDLE,IDLE,IDLE,IDLE,IDLE,IDLE,IDLE,IDLE,IDLE,IDLE,IDLE,IDLE,IDLE,IDLE,IDLE,IDLE,IDLE,IDLE,IDLE,IDLE,IDLE,IDLE,IDLE,IDLE,IDLE,IDLE,IDLE,IDLE,IDLE,IDLE,IDLE,IDLE,IDLE,IDLE
520,2024-01-22 16:00:01,0.00,0.00,0,0.0000,0.0000,0.00,0.9998,0.9999,0.9997,0.9997,0.9998,0.9998,0.9998,0.9997,0.9998,0.9998,0.9999,0.9997,0.9998,0.9999,0.9998,0.9999,0.9998,0.9998,0.9998,0.9998,0.9998,0.9998,0.9999,0.9998,0.9998,0.9998,0.9998,0.9998,0.9998,0.9997,0.9998,0.9998,0.9998,0.9998,0.9998,0.9997,0.9996,0.9998,0.9998,0.9998,0.9998,0.9998,0.9998,0.9998,0.9997,0.9997,0.9998,0.9999,0.9998,0.9999,0.1622,0.1872,0.1898,0.1763,0.1969,0.1614,0.1677,0.1781,0.1623,0.1490,0.1997,0.1315,0.1870,0.1542,0.1730,0.1542,0.1970,0.1985,0.1753,0.1642,0.1937,0.1970,0.1982,0.1980,0.1844,0.1987,0.1970,0.1490,0.1759,0.1861,0.1491,0.1286,0.1623,0.1668,0.1993,0.1763,0.1879,0.1286,0.1709,0.1911,0.1677,0.1626,0.1409,0.1980,0.1412,0.1557,0.1569,0.1581,0.1373,0.1646,IDLE,IDLE,IDLE,IDLE,IDLE,IDLE,IDLE,IDLE,IDLE,IDLE,IDLE,IDLE,IDLE,IDLE,IDLE,IDLE,IDLE,IDLE,IDLE,IDLE,IDLE,IDLE,IDLE,IDLE,IDLE,IDLE,IDLE,IDLE,IDLE,IDLE,IDLE,IDLE,IDLE,IDLE,IDLE,IDLE,IDLE,IDLE,IDLE,IDLE,IDLE,IDLE,IDLE,IDLE,IDLE,IDLE,IDLE,IDLE,IDLE,IDLE
521,2024-01-22 17:00:01,0.00,0.00,0,0.0000,0.0000,0.00,0.9998,0.9999,0.9997,0.9997,0.9998,0.9998,0.9998,0.9997,0.9998,0.9998,0.9999,0.9997,0.9998,0.9999,0.9998,0.9999,0.9998,0.9998,0.9998,0.9998,0.9998,0.9998,0.9999,0.9998,0.9998,0.9998,0.9998,0.9998,0.9998,0.9997,0.9998,0.9998,0.9998,0.9998,0.9998,0.9997,0.9996,0.9998,0.9998,0.9998,0.9998,0.9998,0.9998,0.9998,0.9997,0.9997,0.9998,0.9999,0.9998,0.9999,0.1622,0.1872,0.1898,0.1763,0.1969,0.1614,0.1677,0.1781,0.1623,0.1490,0.1997,0.1315,0.1870,0.1542,0.1730,0.1542,0.1970,0.1985,0.1753,0.1642,0.1937,0.1970,0.1982,0.1980,0.1844,0.1987,0.1970,0.1490,0.1759,0.1861,0.1491,0.1286,0.1623,0.1668,0.1993,0.1763,0.1879,0.1286,0.1709,0.1911,0.1677,0.1626,0.1409,0.1980,0.1412,0.1557,0.1569,0.1581,0.1373,0.1646,IDLE,IDLE,IDLE,IDLE,IDLE,IDLE,IDLE,IDLE,IDLE,IDLE,IDLE,IDLE,IDLE,IDLE,IDLE,IDLE,IDLE,IDLE,IDLE,IDLE,IDLE,IDLE,IDLE,IDLE,IDLE,IDLE,IDLE,IDLE,IDLE,IDLE,IDLE,IDLE,IDLE,IDLE,IDLE,IDLE,IDLE,IDLE,IDLE,IDLE,IDLE,IDLE,IDLE,IDLE,IDLE,IDLE,IDLE,IDLE,IDLE,IDLE
522,2024-01-22 18:00:01,0.00,0.00,0,0.0000,0.0000,0.00,0.9998,0.9999,0.9997,0.9997,0.9998,0.9998,0.9998,0.9997,0.9998,0.9998,0.9999,0.9997,0.9998,0.9999,0.9998,0.9999,0.9998,0.9998,0.9998,0.9998,0.9998,0.9998,0.9999,0.9998,0.9998,0.9998,0.9998,0.9998,0.9998,0.9997,0.9998,0.9998,0.9998,0.9998,0.9998,0.9997,0.9996,0.9998,0.9998,0.9998,0.9998,0.9998,0.9998,0.9998,0.9997,0.9997,0.9998,0.9999,0.9998,0.9999,0.1622,0.1872,0.1898,0.1763,0.1969,0.1614,0.1677,0.1781,0.1623,0.1490,0.1997,0.1315,0.1870,0.1542,0.1730,0.1542,0.1970,0.1985,0.1753,0.1642,0.1937,0.1970,0.1982,0.1980,0.1844,0.1987,0.1970,0.1490,0.1759,0.1861,0.1491,0.1286,0.1623,0.1668,0.1993,0.1763,0.1879,0.1286,0.1709,0.1911,0.1677,0.1626,0.1409,0.1980,0.1412,0.1557,0.1569,0.1581,0.1373,0.1646,IDLE,IDLE,IDLE,IDLE,IDLE,IDLE,IDLE,IDLE,IDLE,IDLE,IDLE,IDLE,IDLE,IDLE,IDLE,IDLE,IDLE,IDLE,IDLE,IDLE,IDLE,IDLE,IDLE,IDLE,IDLE,IDLE,IDLE,IDLE,IDLE,IDLE,IDLE,IDLE,IDLE,IDLE,IDLE,IDLE,IDLE,IDLE,IDLE,IDLE,IDLE,IDLE,IDLE,IDLE,IDLE,IDLE,IDLE,IDLE,IDLE,IDLE
523,2024-01-22 19:00:01,0.00,0.00,0,0.0000,0.0000,0.00,0.9998,0.9999,0.9997,0.9997,0.9998,0.9998,0.9998,0.9997,0.9998,0.9998,0.9999,0.9997,0.9998,0.9999,0.9998,0.9999,0.9998,0.9998,0.9998,0.9998,0.9998,0.9998,0.9999,0.9998,0.9998,0.9998,0.9998,0.9998,0.9998,0.9997,0.9998,0.9998,0.9998,0.9998,0.9998,0.9997,0.9996,0.9998,0.9998,0.9998,0.9998,0.9998,0.9998,0.9998,0.9997,0.9997,0.9998,0.9999,0.9998,0.9999,0.1622,0.1872,0.1898,0.1763,0.1969,0.1614,0.1677,0.1781,0.1623,0.1490,0.1997,0.1315,0.1870,0.1542,0.1730,0.1542,0.1970,0.1985,0.1753,0.1642,0.1937,0.1970,0.1982,0.1980,0.1844,0.1987,0.1970,0.1490,0.1759,0.1861,0.1491,0.1286,0.1623,0.1668,0.1993,0.1763,0.1879,0.1286,0.1709,0.1911,0.1677,0.1626,0.1409,0.1980,0.1412,0.1557,0.1569,0.1581,0.1373,0.1646,IDLE,IDLE,IDLE,IDLE,IDLE,IDLE,IDLE,IDLE,IDLE,IDLE,IDLE,IDLE,IDLE,IDLE,IDLE,IDLE,IDLE,IDLE,IDLE,IDLE,IDLE,IDLE,IDLE,IDLE,IDLE,IDLE,IDLE,IDLE,IDLE,IDLE,IDLE,IDLE,IDLE,IDLE,IDLE,IDLE,IDLE,IDLE,IDLE,IDLE,IDLE,IDLE,IDLE,IDLE,IDLE,IDLE,IDLE,IDLE,IDLE,IDLE
524,2024-01-22 20:00:01,0.00,0.00,0,0.0000,0.0000,0.00,0.9998,0.9999,0.9997,0.9997,0.9998,0.9998,0.9998,0.9997,0.9998,0.9998,0.9999,0.9997,0.9998,0.9999,0.9998,0.9999,0.9998,0.9998,0.9998,0.9998,0.9998,0.9998,0.9999,0.9998,0.9998,0.9998,0.9998,0.9998,0.9998,0.9997,0.9998,0.9998,0.9998,0.9998,0.9998,0.9997,0.9996,0.9998,0.9998,0.9998,0.9998,0.9998,0.9998,0.9998,0.9997,0.9997,0.9998,0.9999,0.9998,0.9999,0.1622,0.1872,0.1898,0.1763,0.1969,0.1614,0.1677,0.1781,0.1623,0.1490,0.1997,0.1315,0.1870,0.1542,0.1730,0.1542,0.1970,0.1985,0.1753,0.1642,0.1937,0.1970,0.1982,0.1980,0.1844,0.1987,0.1970,0.1490,0.1759,0.1861,0.1491,0.1286,0.1623,0.1668,0.1993,0.1763,0.1879,0.1286,0.1709,0.1911,0.1677,0.1626,0.1409,0.1980,0.1412,0.1557,0.1569,0.1581,0.1373,0.1646,IDLE,IDLE,IDLE,IDLE,IDLE,IDLE,IDLE,IDLE,IDLE,IDLE,IDLE,IDLE,IDLE,IDLE,IDLE,IDLE,IDLE,IDLE,IDLE,IDLE,IDLE,IDLE,IDLE,IDLE,IDLE,IDLE,IDLE,IDLE,IDLE,IDLE,IDLE,IDLE,IDLE,IDLE,IDLE,IDLE,IDLE,IDLE,IDLE,IDLE,IDLE,IDLE,IDLE,IDLE,IDLE,IDLE,IDLE,IDLE,IDLE,IDLE
525,2024-01-22 21:00:01,0.00,0.00,0,0.0000,0.0000,0.00,0.9998,0.9999,0.9997,0.9997,0.9998,0.9998,0.9998,0.9997,0.9998,0.9998,0.9999,0.9997,0.9998,0.9999,0.9998,0.9999,0.9998,0.9998,0.9998,0.9998,0.9998,0.9998,0.9999,0.9998,0.9998,0.9998,0.9998,0.9998,0.9998,0.9997,0.9998,0.9998,0.9998,0.9998,0.9998,0.9997,0.9996,0.9998,0.9998,0.9998,0.9998,0.9998,0.9998,0.9998,0.9997,0.9997,0.9998,0.9999,0.9998,0.9999,0.1622,0.1872,0.1898,0.1763,0.1969,0.1614,0.1677,0.1781,0.1623,0.1490,0.1997,0.1315,0.1870,0.1542,0.1730,0.1542,0.1970,0.1985,0.1753,0.1642,0.1937,0.1970,0.1982,0.1980,0.1844,0.1987,0.1970,0.1490,0.1759,0.1861,0.1491,0.1286,0.1623,0.1668,0.1993,0.1763,0.1879,0.1286,0.1709,0.1911,0.1677,0.1626,0.1409,0.1980,0.1412,0.1557,0.1569,0.1581,0.1373,0.1646,IDLE,IDLE,IDLE,IDLE,IDLE,IDLE,IDLE,IDLE,IDLE,IDLE,IDLE,IDLE,IDLE,IDLE,IDLE,IDLE,IDLE,IDLE,IDLE,IDLE,IDLE,IDLE,IDLE,IDLE,IDLE,IDLE,IDLE,IDLE,IDLE,IDLE,IDLE,IDLE,IDLE,IDLE,IDLE,IDLE,IDLE,IDLE,IDLE,IDLE,IDLE,IDLE,IDLE,IDLE,IDLE,IDLE,IDLE,IDLE,IDLE,IDLE
526,2024-01-22 22:00:01,0.00,0.00,0,0.0000,0.0000,0.00,0.9998,0.9999,0.9997,0.9997,0.9998,0.9998,0.9998,0.9997,0.9998,0.9998,0.9999,0.9997,0.9998,0.9999,0.9998,0.9999,0.9998,0.9998,0.9998,0.9998,0.9998,0.9998,0.9999,0.9998,0.9998,0.9998,0.9998,0.9998,0.9998,0.9997,0.9998,0.9998,0.9998,0.9998,0.9998,0.9997,0.9996,0.9998,0.9998,0.9998,0.9998,0.9998,0.9998,0.9998,0.9997,0.9997,0.9998,0.9999,0.9998,0.9999,0.1622,0.1872,0.1898,0.1763,0.1969,0.1614,0.1677,0.1781,0.1623,0.1490,0.1997,0.1315,0.1870,0.1542,0.1730,0.1542,0.1970,0.1985,0.1753,0.1642,0.1937,0.1970,0.1982,0.1980,0.1844,0.1987,0.1970,0.1490,0.1759,0.1861,0.1491,0.1286,0.1623,0.1668,0.1993,0.1763,0.1879,0.1286,0.1709,0.1911,0.1677,0.1626,0.1409,0.1980,0.1412,0.1557,0.1569,0.1581,0.1373,0.1646,IDLE,IDLE,IDLE,IDLE,IDLE,IDLE,IDLE,IDLE,IDLE,IDLE,IDLE,IDLE,IDLE,IDLE,IDLE,IDLE,IDLE,IDLE,IDLE,IDLE,IDLE,IDLE,IDLE,IDLE,IDLE,IDLE,IDLE,IDLE,IDLE,IDLE,IDLE,IDLE,IDLE,IDLE,IDLE,IDLE,IDLE,IDLE,IDLE,IDLE,IDLE,IDLE,IDLE,IDLE,IDLE,IDLE,IDLE,IDLE,IDLE,IDLE
527,2024-01-22 23:00:01,0.00,0.00,0,0.0000,0.0000,0.00,0.9998,0.9999,0.9997,0.9997,0.9998,0.9998,0.9998,0.9997,0.9998,0.9998,0.9999,0.9997,0.9998,0.9999,0.9998,0.9999,0.9998,0.9998,0.9998,0.9998,0.9998,0.9998,0.9999,0.9998,0.9998,0.9998,0.9998,0.9998,0.9998,0.9997,0.9998,0.9998,0.9998,0.9998,0.9998,0.9997,0.9996,0.9998,0.9998,0.9998,0.9998,0.9998,0.9998,0.9998,0.9997,0.9997,0.9998,0.9999,0.9998,0.9999,0.1622,0.1872,0.1898,0.1763,0.1969,0.1614,0.1677,0.1781,0.1623,0.1490,0.1997,0.1315,0.1870,0.1542,0.1730,0.1542,0.1970,0.1985,0.1753,0.1642,0.1937,0.1970,0.1982,0.1980,0.1844,0.1987,0.1970,0.1490,0.1759,0.1861,0.1491,0.1286,0.1623,0.1668,0.1993,0.1763,0.1879,0.1286,0.1709,0.1911,0.1677,0.1626,0.1409,0.1980,0.1412,0.1557,0.1569,0.1581,0.1373,0.1646,IDLE,IDLE,IDLE,IDLE,IDLE,IDLE,IDLE,IDLE,IDLE,IDLE,IDLE,IDLE,IDLE,IDLE,IDLE,IDLE,IDLE,IDLE,IDLE,IDLE,IDLE,IDLE,IDLE,IDLE,IDLE,IDLE,IDLE,IDLE,IDLE,IDLE,IDLE,IDLE,IDLE,IDLE,IDLE,IDLE,IDLE,IDLE,IDLE,IDLE,IDLE,IDLE,IDLE,IDLE,IDLE,IDLE,IDLE,IDLE,IDLE,IDLE
528,2024-01-23 00:00:01,0.00,0.00,0,0.0000,0.0000,0.00,0.9998,0.9999,0.9997,0.9997,0.9998,0.9998,0.9998,0.9997,0.9998,0.9998,0.9999,0.9997,0.9998,0.9999,0.9998,0.9999,0.9998,0.9998,0.9998,0.9998,0.9998,0.9998,0.9999,0.9998,0.9998,0.9998,0.9998,0.9998,0.9998,0.9997,0.9998,0.9998,0.9998,0.9998,0.9998,0.9997,0.9996,0.9998,0.9998,0.9998,0.9998,0.9998,0.9998,0.9998,0.9997,0.9997,0.9998,0.9999,0.9998,0.9999,0.1622,0.1872,0.1898,0.1763,0.1969,0.1614,0.1677,0.1781,0.1623,0.1490,0.1997,0.1315,0.1870,0.1542,0.1730,0.1542,0.1970,0.1985,0.1753,0.1642,0.1937,0.1970,0.1982,0.1980,0.1844,0.1987,0.1970,0.1490,0.1759,0.1861,0.1491,0.1286,0.1623,0.1668,0.1993,0.1763,0.1879,0.1286,0.1709,0.1911,0.1677,0.1626,0.1409,0.1980,0.1412,0.1557,0.1569,0.1581,0.1373,0.1646,IDLE,IDLE,IDLE,IDLE,IDLE,IDLE,IDLE,IDLE,IDLE,IDLE,IDLE,IDLE,IDLE,IDLE,IDLE,IDLE,IDLE,IDLE,IDLE,IDLE,IDLE,IDLE,IDLE,IDLE,IDLE,IDLE,IDLE,IDLE,IDLE,IDLE,IDLE,IDLE,IDLE,IDLE,IDLE,IDLE,IDLE,IDLE,IDLE,IDLE,IDLE,IDLE,IDLE,IDLE,IDLE,IDLE,IDLE,IDLE,IDLE,IDLE
529,2024-01-23 01:00:01,0.00,0.00,0,0.0000,0.0000,0.00,0.9998,0.9999,0.9997,0.9997,0.9998,0.9998,0.9998,0.9997,0.9998,0.9998,0.9999,0.9997,0.9998,0.9999,0.9998,0.9999,0.9998,0.9998,0.9998,0.9998,0.9998,0.9998,0.9999,0.9998,0.9998,0.9998,0.9998,0.9998,0.9998,0.9997,0.9998,0.9998,0.9998,0.9998,0.9998,0.9997,0.9996,0.9998,0.9998,0.9998,0.9998,0.9998,0.9998,0.9998,0.9997,0.9997,0.9998,0.9999,0.9998,0.9999,0.1622,0.1872,0.1898,0.1763,0.1969,0.1614,0.1677,0.1781,0.1623,0.1490,0.1997,0.1315,0.1870,0.1542,0.1730,0.1542,0.1970,0.1985,0.1753,0.1642,0.1937,0.1970,0.1982,0.1980,0.1844,0.1987,0.1970,0.1490,0.1759,0.1861,0.1491,0.1286,0.1623,0.1668,0.1993,0.1763,0.1879,0.1286,0.1709,0.1911,0.1677,0.1626,0.1409,0.1980,0.1412,0.1557,0.1569,0.1581,0.1373,0.1646,IDLE,IDLE,IDLE,IDLE,IDLE,IDLE,IDLE,IDLE,IDLE,IDLE,IDLE,IDLE,IDLE,IDLE,IDLE,IDLE,IDLE,IDLE,IDLE,IDLE,IDLE,IDLE,IDLE,IDLE,IDLE,IDLE,IDLE,IDLE,IDLE,IDLE,IDLE,IDLE,IDLE,IDLE,IDLE,IDLE,IDLE,IDLE,IDLE,IDLE,IDLE,IDLE,IDLE,IDLE,IDLE,IDLE,IDLE,IDLE,IDLE,IDLE
530,2024-01-23 02:00:01,0.00,0.00,0,0.0000,0.0000,0.00,0.9998,0.9999,0.9997,0.9997,0.9998,0.9998,0.9998,0.9997,0.9998,0.9998,0.9999,0.9997,0.9998,0.9999,0.9998,0.9999,0.9998,0.9998,0.9998,0.9998,0.9998,0.9998,0.9999,0.9998,0.9998,0.9998,0.9998,0.9998,0.9998,0.9997,0.9998,0.9998,0.9998,0.9998,0.9998,0.9997,0.9996,0.9998,0.9998,0.9998,0.9998,0.9998,0.9998,0.9998,0.9997,0.9997,0.9998,0.9999,0.9998,0.9999,0.1622,0.1872,0.1898,0.1763,0.1969,0.1614,0.1677,0.1781,0.1623,0.1490,0.1997,0.1315,0.1870,0.1542,0.1730,0.1542,0.1970,0.1985,0.1753,0.1642,0.1937,0.1970,0.1982,0.1980,0.1844,0.1987,0.1970,0.1490,0.1759,0.1861,0.1491,0.1286,0.1623,0.1668,0.1993,0.1763,0.1879,0.1286,0.1709,0.1911,0.1677,0.1626,0.1409,0.1980,0.1412,0.1557,0.1569,0.1581,0.1373,0.1646,IDLE,IDLE,IDLE,IDLE,IDLE,IDLE,IDLE,IDLE,IDLE,IDLE,IDLE,IDLE,IDLE,IDLE,IDLE,IDLE,IDLE,IDLE,IDLE,IDLE,IDLE,IDLE,IDLE,IDLE,IDLE,IDLE,IDLE,IDLE,IDLE,IDLE,IDLE,IDLE,IDLE,IDLE,IDLE,IDLE,IDLE,IDLE,IDLE,IDLE,IDLE,IDLE,IDLE,IDLE,IDLE,IDLE,IDLE,IDLE,IDLE,IDLE
531,2024-01-23 03:00:01,0.00,0.00,0,0.0000,0.0000,0.00,0.9998,0.9999,0.9997,0.9997,0.9998,0.9998,0.9998,0.9997,0.9998,0.9998,0.9999,0.9997,0.9998,0.9999,0.9998,0.9999,0.9998,0.9998,0.9998,0.9998,0.9998,0.9998,0.9999,0.9998,0.9998,0.9998,0.9998,0.9998,0.9998,0.9997,0.9998,0.9998,0.9998,0.9998,0.9998,0.9997,0.9996,0.9998,0.9998,0.9998,0.9998,0.9998,0.9998,0.9998,0.9997,0.9997,0.9998,0.9999,0.9998,0.9999,0.1622,0.1872,0.1898,0.1763,0.1969,0.1614,0.1677,0.1781,0.1623,0.1490,0.1997,0.1315,0.1870,0.1542,0.1730,0.1542,0.1970,0.1985,0.1753,0.1642,0.1937,0.1970,0.1982,0.1980,0.1844,0.1987,0.1970,0.1490,0.1759,0.1861,0.1491,0.1286,0.1623,0.1668,0.1993,0.1763,0.1879,0.1286,0.1709,0.1911,0.1677,0.1626,0.1409,0.1980,0.1412,0.1557,0.1569,0.1581,0.1373,0.1646,IDLE,IDLE,IDLE,IDLE,IDLE,IDLE,IDLE,IDLE,IDLE,IDLE,IDLE,IDLE,IDLE,IDLE,IDLE,IDLE,IDLE,IDLE,IDLE,IDLE,IDLE,IDLE,IDLE,IDLE,IDLE,IDLE,IDLE,IDLE,IDLE,IDLE,IDLE,IDLE,IDLE,IDLE,IDLE,IDLE,IDLE,IDLE,IDLE,IDLE,IDLE,IDLE,IDLE,IDLE,IDLE,IDLE,IDLE,IDLE,IDLE,IDLE
532,2024-01-23 04:00:01,0.00,0.00,0,0.0000,0.0000,0.00,0.9998,0.9999,0.9997,0.9997,0.9998,0.9998,0.9998,0.9997,0.9998,0.9998,0.9999,0.9997,0.9998,0.9999,0.9998,0.9999,0.9998,0.9998,0.9998,0.9998,0.9998,0.9998,0.9999,0.9998,0.9998,0.9998,0.9998,0.9998,0.9998,0.9997,0.9998,0.9998,0.9998,0.9998,0.9998,0.9997,0.9996,0.9998,0.9998,0.9998,0.9998,0.9998,0.9998,0.9998,0.9997,0.9997,0.9998,0.9999,0.9998,0.9999,0.1622,0.1872,0.1898,0.1763,0.1969,0.1614,0.1677,0.1781,0.1623,0.1490,0.1997,0.1315,0.1870,0.1542,0.1730,0.1542,0.1970,0.1985,0.1753,0.1642,0.1937,0.1970,0.1982,0.1980,0.1844,0.1987,0.1970,0.1490,0.1759,0.1861,0.1491,0.1286,0.1623,0.1668,0.1993,0.1763,0.1879,0.1286,0.1709,0.1911,0.1677,0.1626,0.1409,0.1980,0.1412,0.1557,0.1569,0.1581,0.1373,0.1646,IDLE,IDLE,IDLE,IDLE,IDLE,IDLE,IDLE,IDLE,IDLE,IDLE,IDLE,IDLE,IDLE,IDLE,IDLE,IDLE,IDLE,IDLE,IDLE,IDLE,IDLE,IDLE,IDLE,IDLE,IDLE,IDLE,IDLE,IDLE,IDLE,IDLE,IDLE,IDLE,IDLE,IDLE,IDLE,IDLE,IDLE,IDLE,IDLE,IDLE,IDLE,IDLE,IDLE,IDLE,IDLE,IDLE,IDLE,IDLE,IDLE,IDLE
533,2024-01-23 05:00:01,0.00,0.00,0,0.0000,0.0000,0.00,0.9998,0.9999,0.9997,0.9997,0.9998,0.9998,0.9998,0.9997,0.9998,0.9998,0.9999,0.9997,0.9998,0.9999,0.9998,0.9999,0.9998,0.9998,0.9998,0.9998,0.9998,0.9998,0.9999,0.9998,0.9998,0.9998,0.9998,0.9998,0.9998,0.9997,0.9998,0.9998,0.9998,0.9998,0.9998,0.9997,0.9996,0.9998,0.9998,0.9998,0.9998,0.9998,0.9998,0.9998,0.9997,0.9997,0.9998,0.9999,0.9998,0.9999,0.1622,0.1872,0.1898,0.1763,0.1969,0.1614,0.1677,0.1781,0.1623,0.1490,0.1997,0.1315,0.1870,0.1542,0.1730,0.1542,0.1970,0.1985,0.1753,0.1642,0.1937,0.1970,0.1982,0.1980,0.1844,0.1987,0.1970,0.1490,0.1759,0.1861,0.1491,0.1286,0.1623,0.1668,0.1993,0.1763,0.1879,0.1286,0.1709,0.1911,0.1677,0.1626,0.1409,0.1980,0.1412,0.1557,0.1569,0.1581,0.1373,0.1646,IDLE,IDLE,IDLE,IDLE,IDLE,IDLE,IDLE,IDLE,IDLE,IDLE,IDLE,IDLE,IDLE,IDLE,IDLE,IDLE,IDLE,IDLE,IDLE,IDLE,IDLE,IDLE,IDLE,IDLE,IDLE,IDLE,IDLE,IDLE,IDLE,IDLE,IDLE,IDLE,IDLE,IDLE,IDLE,IDLE,IDLE,IDLE,IDLE,IDLE,IDLE,IDLE,IDLE,IDLE,IDLE,IDLE,IDLE,IDLE,IDLE,IDLE
534,2024-01-23 06:00:01,0.00,0.00,0,0.0000,0.0000,0.00,0.9998,0.9999,0.9997,0.9997,0.9998,0.9998,0.9998,0.9997,0.9998,0.9998,0.9999,0.9997,0.9998,0.9999,0.9998,0.9999,0.9998,0.9998,0.9998,0.9998,0.9998,0.9998,0.9999,0.9998,0.9998,0.9998,0.9998,0.9998,0.9998,0.9997,0.9998,0.9998,0.9998,0.9998,0.9998,0.9997,0.9996,0.9998,0.9998,0.9998,0.9998,0.9998,0.9998,0.9998,0.9997,0.9997,0.9998,0.9999,0.9998,0.9999,0.1622,0.1872,0.1898,0.1763,0.1969,0.1614,0.1677,0.1781,0.1623,0.1490,0.1997,0.1315,0.1870,0.1542,0.1730,0.1542,0.1970,0.1985,0.1753,0.1642,0.1937,0.1970,0.1982,0.1980,0.1844,0.1987,0.1970,0.1490,0.1759,0.1861,0.1491,0.1286,0.1623,0.1668,0.1993,0.1763,0.1879,0.1286,0.1709,0.1911,0.1677,0.1626,0.1409,0.1980,0.1412,0.1557,0.1569,0.1581,0.1373,0.1646,IDLE,IDLE,IDLE,IDLE,IDLE,IDLE,IDLE,IDLE,IDLE,IDLE,IDLE,IDLE,IDLE,IDLE,IDLE,IDLE,IDLE,IDLE,IDLE,IDLE,IDLE,IDLE,IDLE,IDLE,IDLE,IDLE,IDLE,IDLE,IDLE,IDLE,IDLE,IDLE,IDLE,IDLE,IDLE,IDLE,IDLE,IDLE,IDLE,IDLE,IDLE,IDLE,IDLE,IDLE,IDLE,IDLE,IDLE,IDLE,IDLE,IDLE
535,2024-01-23 07:00:01,0.00,0.00,0,0.0000,0.0000,0.00,0.9998,0.9999,0.9997,0.9997,0.9998,0.9998,0.9998,0.9997,0.9998,0.9998,0.9999,0.9997,0.9998,0.9999,0.9998,0.9999,0.9998,0.9998,0.9998,0.9998,0.9998,0.9998,0.9999,0.9998,0.9998,0.9998,0.9998,0.9998,0.9998,0.9997,0.9998,0.9998,0.9998,0.9998,0.9998,0.9997,0.9996,0.9998,0.9998,0.9998,0.9998,0.9998,0.9998,0.9998,0.9997,0.9997,0.9998,0.9999,0.9998,0.9999,0.1622,0.1872,0.1898,0.1763,0.1969,0.1614,0.1677,0.1781,0.1623,0.1490,0.1997,0.1315,0.1870,0.1542,0.1730,0.1542,0.1970,0.1985,0.1753,0.1642,0.1937,0.1970,0.1982,0.1980,0.1844,0.1987,0.1970,0.1490,0.1759,0.1861,0.1491,0.1286,0.1623,0.1668,0.1993,0.1763,0.1879,0.1286,0.1709,0.1911,0.1677,0.1626,0.1409,0.1980,0.1412,0.1557,0.1569,0.1581,0.1373,0.1646,IDLE,IDLE,IDLE,IDLE,IDLE,IDLE,IDLE,IDLE,IDLE,IDLE,IDLE,IDLE,IDLE,IDLE,IDLE,IDLE,IDLE,IDLE,IDLE,IDLE,IDLE,IDLE,IDLE,IDLE,IDLE,IDLE,IDLE,IDLE,IDLE,IDLE,IDLE,IDLE,IDLE,IDLE,IDLE,IDLE,IDLE,IDLE,IDLE,IDLE,IDLE,IDLE,IDLE,IDLE,IDLE,IDLE,IDLE,IDLE,IDLE,IDLE
536,2024-01-23 08:00:01,0.00,0.00,0,0.0000,0.0000,0.00,0.9998,0.9999,0.9997,0.9997,0.9998,0.9998,0.9998,0.9997,0.9998,0.9998,0.9999,0.9997,0.9998,0.9999,0.9998,0.9999,0.9998,0.9998,0.9998,0.9998,0.9998,0.9998,0.9999,0.9998,0.9998,0.9998,0.9998,0.9998,0.9998,0.9997,0.9998,0.9998,0.9998,0.9998,0.9998,0.9997,0.9996,0.9998,0.9998,0.9998,0.9998,0.9998,0.9998,0.9998,0.9997,0.9997,0.9998,0.9999,0.9998,0.9999,0.1622,0.1872,0.1898,0.1763,0.1969,0.1614,0.1677,0.1781,0.1623,0.1490,0.1997,0.1315,0.1870,0.1542,0.1730,0.1542,0.1970,0.1985,0.1753,0.1642,0.1937,0.1970,0.1982,0.1980,0.1844,0.1987,0.1970,0.1490,0.1759,0.1861,0.1491,0.1286,0.1623,0.1668,0.1993,0.1763,0.1879,0.1286,0.1709,0.1911,0.1677,0.1626,0.1409,0.1980,0.1412,0.1557,0.1569,0.1581,0.1373,0.1646,IDLE,IDLE,IDLE,IDLE,IDLE,IDLE,IDLE,IDLE,IDLE,IDLE,IDLE,IDLE,IDLE,IDLE,IDLE,IDLE,IDLE,IDLE,IDLE,IDLE,IDLE,IDLE,IDLE,IDLE,IDLE,IDLE,IDLE,IDLE,IDLE,IDLE,IDLE,IDLE,IDLE,IDLE,IDLE,IDLE,IDLE,IDLE,IDLE,IDLE,IDLE,IDLE,IDLE,IDLE,IDLE,IDLE,IDLE,IDLE,IDLE,IDLE
537,2024-01-23 09:00:01,0.00,0.00,0,0.0000,0.0000,0.00,0.9998,0.9999,0.9997,0.9997,0.9998,0.9998,0.9998,0.9997,0.9998,0.9998,0.9999,0.9997,0.9998,0.9999,0.9998,0.9999,0.9998,0.9998,0.9998,0.9998,0.9998,0.9998,0.9999,0.9998,0.9998,0.9998,0.9998,0.9998,0.9998,0.9997,0.9998,0.9998,0.9998,0.9998,0.9998,0.9997,0.9996,0.9998,0.9998,0.9998,0.9998,0.9998,0.9998,0.9998,0.9997,0.9997,0.9998,0.9999,0.9998,0.9999,0.1622,0.1872,0.1898,0.1763,0.1969,0.1614,0.1677,0.1781,0.1623,0.1490,0.1997,0.1315,0.1870,0.1542,0.1730,0.1542,0.1970,0.1985,0.1753,0.1642,0.1937,0.1970,0.1982,0.1980,0.1844,0.1987,0.1970,0.1490,0.1759,0.1861,0.1491,0.1286,0.1623,0.1668,0.1993,0.1763,0.1879,0.1286,0.1709,0.1911,0.1677,0.1626,0.1409,0.1980,0.1412,0.1557,0.1569,0.1581,0.1373,0.1646,IDLE,IDLE,IDLE,IDLE,IDLE,IDLE,IDLE,IDLE,IDLE,IDLE,IDLE,IDLE,IDLE,IDLE,IDLE,IDLE,IDLE,IDLE,IDLE,IDLE,IDLE,IDLE,IDLE,IDLE,IDLE,IDLE,IDLE,IDLE,IDLE,IDLE,IDLE,IDLE,IDLE,IDLE,IDLE,IDLE,IDLE,IDLE,IDLE,IDLE,IDLE,IDLE,IDLE,IDLE,IDLE,IDLE,IDLE,IDLE,IDLE,IDLE
538,2024-01-23 10:00:01,0.00,0.00,0,0.0000,0.0000,0.00,0.9998,0.9999,0.9997,0.9997,0.9998,0.9998,0.9998,0.9997,0.9998,0.9998,0.9999,0.9997,0.9998,0.9999,0.9998,0.9999,0.9998,0.9998,0.9998,0.9998,0.9998,0.9998,0.9999,0.9998,0.9998,0.9998,0.9998,0.9998,0.9998,0.9997,0.9998,0.9998,0.9998,0.9998,0.9998,0.9997,0.9996,0.9998,0.9998,0.9998,0.9998,0.9998,0.9998,0.9998,0.9997,0.9997,0.9998,0.9999,0.9998,0.9999,0.1622,0.1872,0.1898,0.1763,0.1969,0.1614,0.1677,0.1781,0.1623,0.1490,0.1997,0.1315,0.1870,0.1542,0.1730,0.1542,0.1970,0.1985,0.1753,0.1642,0.1937,0.1970,0.1982,0.1980,0.1844,0.1987,0.1970,0.1490,0.1759,0.1861,0.1491,0.1286,0.1623,0.1668,0.1993,0.1763,0.1879,0.1286,0.1709,0.1911,0.1677,0.1626,0.1409,0.1980,0.1412,0.1557,0.1569,0.1581,0.1373,0.1646,IDLE,IDLE,IDLE,IDLE,IDLE,IDLE,IDLE,IDLE,IDLE,IDLE,IDLE,IDLE,IDLE,IDLE,IDLE,IDLE,IDLE,IDLE,IDLE,IDLE,IDLE,IDLE,IDLE,IDLE,IDLE,IDLE,IDLE,IDLE,IDLE,IDLE,IDLE,IDLE,IDLE,IDLE,IDLE,IDLE,IDLE,IDLE,IDLE,IDLE,IDLE,IDLE,IDLE,IDLE,IDLE,IDLE,IDLE,IDLE,IDLE,IDLE
539,2024-01-23 11:00:01,0.00,0.00,0,0.0000,0.0000,0.00,0.9998,0.9999,0.9997,0.9997,0.9998,0.9998,0.9998,0.9997,0.9998,0.9998,0.9999,0.9997,0.9998,0.9999,0.9998,0.9999,0.9998,0.9998,0.9998,0.9998,0.9998,0.9998,0.9999,0.9998,0.9998,0.9998,0.9998,0.9998,0.9998,0.9997,0.9998,0.9998,0.9998,0.9998,0.9998,0.9997,0.9996,0.9998,0.9998,0.9998,0.9998,0.9998,0.9998,0.9998,0.9997,0.9997,0.9998,0.9999,0.9998,0.9999,0.1622,0.1872,0.1898,0.1763,0.1969,0.1614,0.1677,0.1781,0.1623,0.1490,0.1997,0.1315,0.1870,0.1542,0.1730,0.1542,0.1970,0.1985,0.1753,0.1642,0.1937,0.1970,0.1982,0.1980,0.1844,0.1987,0.1970,0.1490,0.1759,0.1861,0.1491,0.1286,0.1623,0.1668,0.1993,0.1763,0.1879,0.1286,0.1709,0.1911,0.1677,0.1626,0.1409,0.1980,0.1412,0.1557,0.1569,0.1581,0.1373,0.1646,IDLE,IDLE,IDLE,IDLE,IDLE,IDLE,IDLE,IDLE,IDLE,IDLE,IDLE,IDLE,IDLE,IDLE,IDLE,IDLE,IDLE,IDLE,IDLE,IDLE,IDLE,IDLE,IDLE,IDLE,IDLE,IDLE,IDLE,IDLE,IDLE,IDLE,IDLE,IDLE,IDLE,IDLE,IDLE,IDLE,IDLE,IDLE,IDLE,IDLE,IDLE,IDLE,IDLE,IDLE,IDLE,IDLE,IDLE,IDLE,IDLE,IDLE
540,2024-01-23 12:00:01,0.00,0.00,0,0.0000,0.0000,0.00,0.9998,0.9999,0.9997,0.9997,0.9998,0.9998,0.9998,0.9997,0.9998,0.9998,0.9999,0.9997,0.9998,0.9999,0.9998,0.9999,0.9998,0.9998,0.9998,0.9998,0.9998,0.9998,0.9999,0.9998,0.9998,0.9998,0.9998,0.9998,0.9998,0.9997,0.9998,0.9998,0.9998,0.9998,0.9998,0.9997,0.9996,0.9998,0.9998,0.9998,0.9998,0.9998,0.9998,0.9998,0.9997,0.9997,0.9998,0.9999,0.9998,0.9999,0.1622,0.1872,0.1898,0.1763,0.1969,0.1614,0.1677,0.1781,0.1623,0.1490,0.1997,0.1315,0.1870,0.1542,0.1730,0.1542,0.1970,0.1985,0.1753,0.1642,0.1937,0.1970,0.1982,0.1980,0.1844,0.1987,0.1970,0.1490,0.1759,0.1861,0.1491,0.1286,0.1623,0.1668,0.1993,0.1763,0.1879,0.1286,0.1709,0.1911,0.1677,0.1626,0.1409,0.1980,0.1412,0.1557,0.1569,0.1581,0.1373,0.1646,IDLE,IDLE,IDLE,IDLE,IDLE,IDLE,IDLE,IDLE,IDLE,IDLE,IDLE,IDLE,IDLE,IDLE,IDLE,IDLE,IDLE,IDLE,IDLE,IDLE,IDLE,IDLE,IDLE,IDLE,IDLE,IDLE,IDLE,IDLE,IDLE,IDLE,IDLE,IDLE,IDLE,IDLE,IDLE,IDLE,IDLE,IDLE,IDLE,IDLE,IDLE,IDLE,IDLE,IDLE,IDLE,IDLE,IDLE,IDLE,IDLE,IDLE
541,2024-01-23 13:00:01,0.00,0.00,0,0.0000,0.0000,0.00,0.9998,0.9999,0.9997,0.9997,0.9998,0.9998,0.9998,0.9997,0.9998,0.9998,0.9999,0.9997,0.9998,0.9999,0.9998,0.9999,0.9998,0.9998,0.9998,0.9998,0.9998,0.9998,0.9999,0.9998,0.9998,0.9998,0.9998,0.9998,0.9998,0.9997,0.9998,0.9998,0.9998,0.9998,0.9998,0.9997,0.9996,0.9998,0.9998,0.9998,0.9998,0.9998,0.9998,0.9998,0.9997,0.9997,0.9998,0.9999,0.9998,0.9999,0.1622,0.1872,0.1898,0.1763,0.1969,0.1614,0.1677,0.1781,0.1623,0.1490,0.1997,0.1315,0.1870,0.1542,0.1730,0.1542,0.1970,0.1985,0.1753,0.1642,0.1937,0.1970,0.1982,0.1980,0.1844,0.1987,0.1970,0.1490,0.1759,0.1861,0.1491,0.1286,0.1623,0.1668,0.1993,0.1763,0.1879,0.1286,0.1709,0.1911,0.1677,0.1626,0.1409,0.1980,0.1412,0.1557,0.1569,0.1581,0.1373,0.1646,IDLE,IDLE,IDLE,IDLE,IDLE,IDLE,IDLE,IDLE,IDLE,IDLE,IDLE,IDLE,IDLE,IDLE,IDLE,IDLE,IDLE,IDLE,IDLE,IDLE,IDLE,IDLE,IDLE,IDLE,IDLE,IDLE,IDLE,IDLE,IDLE,IDLE,IDLE,IDLE,IDLE,IDLE,IDLE,IDLE,IDLE,IDLE,IDLE,IDLE,IDLE,IDLE,IDLE,IDLE,IDLE,IDLE,IDLE,IDLE,IDLE,IDLE
542,2024-01-23 14:00:01,0.00,0.00,0,0.0000,0.0000,0.00,0.9998,0.9999,0.9997,0.9997,0.9998,0.9998,0.9998,0.9997,0.9998,0.9998,0.9999,0.9997,0.9998,0.9999,0.9998,0.9999,0.9998,0.9998,0.9998,0.9998,0.9998,0.9998,0.9999,0.9998,0.9998,0.9998,0.9998,0.9998,0.9998,0.9997,0.9998,0.9998,0.9998,0.9998,0.9998,0.9997,0.9996,0.9998,0.9998,0.9998,0.9998,0.9998,0.9998,0.9998,0.9997,0.9997,0.9998,0.9999,0.9998,0.9999,0.1622,0.1872,0.1898,0.1763,0.1969,0.1614,0.1677,0.1781,0.1623,0.1490,0.1997,0.1315,0.1870,0.1542,0.1730,0.1542,0.1970,0.1985,0.1753,0.1642,0.1937,0.1970,0.1982,0.1980,0.1844,0.1987,0.1970,0.1490,0.1759,0.1861,0.1491,0.1286,0.1623,0.1668,0.1993,0.1763,0.1879,0.1286,0.1709,0.1911,0.1677,0.1626,0.1409,0.1980,0.1412,0.1557,0.1569,0.1581,0.1373,0.1646,IDLE,IDLE,IDLE,IDLE,IDLE,IDLE,IDLE,IDLE,IDLE,IDLE,IDLE,IDLE,IDLE,IDLE,IDLE,IDLE,IDLE,IDLE,IDLE,IDLE,IDLE,IDLE,IDLE,IDLE,IDLE,IDLE,IDLE,IDLE,IDLE,IDLE,IDLE,IDLE,IDLE,IDLE,IDLE,IDLE,IDLE,IDLE,IDLE,IDLE,IDLE,IDLE,IDLE,IDLE,IDLE,IDLE,IDLE,IDLE,IDLE,IDLE
543,2024-01-23 15:00:01,0.00,0.00,0,0.0000,0.0000,0.00,0.9998,0.9999,0.9997,0.9997,0.9998,0.9998,0.9998,0.9997,0.9998,0.9998,0.9999,0.9997,0.9998,0.9999,0.9998,0.9999,0.9998,0.9998,0.9998,0.9998,0.9998,0.9998,0.9999,0.9998,0.9998,0.9998,0.9998,0.9998,0.9998,0.9997,0.9998,0.9998,0.9998,0.9998,0.9998,0.9997,0.9996,0.9998,0.9998,0.9998,0.9998,0.9998,0.9998,0.9998,0.9997,0.9997,0.9998,0.9999,0.9998,0.9999,0.1622,0.1872,0.1898,0.1763,0.1969,0.1614,0.1677,0.1781,0.1623,0.1490,0.1997,0.1315,0.1870,0.1542,0.1730,0.1542,0.1970,0.1985,0.1753,0.1642,0.1937,0.1970,0.1982,0.1980,0.1844,0.1987,0.1970,0.1490,0.1759,0.1861,0.1491,0.1286,0.1623,0.1668,0.1993,0.1763,0.1879,0.1286,0.1709,0.1911,0.1677,0.1626,0.1409,0.1980,0.1412,0.1557,0.1569,0.1581,0.1373,0.1646,IDLE,IDLE,IDLE,IDLE,IDLE,IDLE,IDLE,IDLE,IDLE,IDLE,IDLE,IDLE,IDLE,IDLE,IDLE,IDLE,IDLE,IDLE,IDLE,IDLE,IDLE,IDLE,IDLE,IDLE,IDLE,IDLE,IDLE,IDLE,IDLE,IDLE,IDLE,IDLE,IDLE,IDLE,IDLE,IDLE,IDLE,IDLE,IDLE,IDLE,IDLE,IDLE,IDLE,IDLE,IDLE,IDLE,IDLE,IDLE,IDLE,IDLE
544,2024-01-23 16:00:01,0.00,0.00,0,0.0000,0.0000,0.00,0.9998,0.9999,0.9997,0.9997,0.9998,0.9998,0.9998,0.9997,0.9998,0.9998,0.9999,0.9997,0.9998,0.9999,0.9998,0.9999,0.9998,0.9998,0.9998,0.9998,0.9998,0.9998,0.9999,0.9998,0.9998,0.9998,0.9998,0.9998,0.9998,0.9997,0.9998,0.9998,0.9998,0.9998,0.9998,0.9997,0.9996,0.9998,0.9998,0.9998,0.9998,0.9998,0.9998,0.9998,0.9997,0.9997,0.9998,0.9999,0.9998,0.9999,0.1622,0.1872,0.1898,0.1763,0.1969,0.1614,0.1677,0.1781,0.1623,0.1490,0.1997,0.1315,0.1870,0.1542,0.1730,0.1542,0.1970,0.1985,0.1753,0.1642,0.1937,0.1970,0.1982,0.1980,0.1844,0.1987,0.1970,0.1490,0.1759,0.1861,0.1491,0.1286,0.1623,0.1668,0.1993,0.1763,0.1879,0.1286,0.1709,0.1911,0.1677,0.1626,0.1409,0.1980,0.1412,0.1557,0.1569,0.1581,0.1373,0.1646,IDLE,IDLE,IDLE,IDLE,IDLE,IDLE,IDLE,IDLE,IDLE,IDLE,IDLE,IDLE,IDLE,IDLE,IDLE,IDLE,IDLE,IDLE,IDLE,IDLE,IDLE,IDLE,IDLE,IDLE,IDLE,IDLE,IDLE,IDLE,IDLE,IDLE,IDLE,IDLE,IDLE,IDLE,IDLE,IDLE,IDLE,IDLE,IDLE,IDLE,IDLE,IDLE,IDLE,IDLE,IDLE,IDLE,IDLE,IDLE,IDLE,IDLE
545,2024-01-23 17:00:01,0.00,0.00,0,0.0000,0.0000,0.00,0.9998,0.9999,0.9997,0.9997,0.9998,0.9998,0.9998,0.9997,0.9998,0.9998,0.9999,0.9997,0.9998,0.9999,0.9998,0.9999,0.9998,0.9998,0.9998,0.9998,0.9998,0.9998,0.9999,0.9998,0.9998,0.9998,0.9998,0.9998,0.9998,0.9997,0.9998,0.9998,0.9998,0.9998,0.9998,0.9997,0.9996,0.9998,0.9998,0.9998,0.9998,0.9998,0.9998,0.9998,0.9997,0.9997,0.9998,0.9999,0.9998,0.9999,0.1622,0.1872,0.1898,0.1763,0.1969,0.1614,0.1677,0.1781,0.1623,0.1490,0.1997,0.1315,0.1870,0.1542,0.1730,0.1542,0.1970,0.1985,0.1753,0.1642,0.1937,0.1970,0.1982,0.1980,0.1844,0.1987,0.1970,0.1490,0.1759,0.1861,0.1491,0.1286,0.1623,0.1668,0.1993,0.1763,0.1879,0.1286,0.1709,0.1911,0.1677,0.1626,0.1409,0.1980,0.1412,0.1557,0.1569,0.1581,0.1373,0.1646,IDLE,IDLE,IDLE,IDLE,IDLE,IDLE,IDLE,IDLE,IDLE,IDLE,IDLE,IDLE,IDLE,IDLE,IDLE,IDLE,IDLE,IDLE,IDLE,IDLE,IDLE,IDLE,IDLE,IDLE,IDLE,IDLE,IDLE,IDLE,IDLE,IDLE,IDLE,IDLE,IDLE,IDLE,IDLE,IDLE,IDLE,IDLE,IDLE,IDLE,IDLE,IDLE,IDLE,IDLE,IDLE,IDLE,IDLE,IDLE,IDLE,IDLE
546,2024-01-23 18:00:01,0.00,0.00,0,0.0000,0.0000,0.00,0.9998,0.9999,0.9997,0.9997,0.9998,0.9998,0.9998,0.9997,0.9998,0.9998,0.9999,0.9997,0.9998,0.9999,0.9998,0.9999,0.9998,0.9998,0.9998,0.9998,0.9998,0.9998,0.9999,0.9998,0.9998,0.9998,0.9998,0.9998,0.9998,0.9997,0.9998,0.9998,0.9998,0.9998,0.9998,0.9997,0.9996,0.9998,0.9998,0.9998,0.9998,0.9998,0.9998,0.9998,0.9997,0.9997,0.9998,0.9999,0.9998,0.9999,0.1622,0.1872,0.1898,0.1763,0.1969,0.1614,0.1677,0.1781,0.1623,0.1490,0.1997,0.1315,0.1870,0.1542,0.1730,0.1542,0.1970,0.1985,0.1753,0.1642,0.1937,0.1970,0.1982,0.1980,0.1844,0.1987,0.1970,0.1490,0.1759,0.1861,0.1491,0.1286,0.1623,0.1668,0.1993,0.1763,0.1879,0.1286,0.1709,0.1911,0.1677,0.1626,0.1409,0.1980,0.1412,0.1557,0.1569,0.1581,0.1373,0.1646,IDLE,IDLE,IDLE,IDLE,IDLE,IDLE,IDLE,IDLE,IDLE,IDLE,IDLE,IDLE,IDLE,IDLE,IDLE,IDLE,IDLE,IDLE,IDLE,IDLE,IDLE,IDLE,IDLE,IDLE,IDLE,IDLE,IDLE,IDLE,IDLE,IDLE,IDLE,IDLE,IDLE,IDLE,IDLE,IDLE,IDLE,IDLE,IDLE,IDLE,IDLE,IDLE,IDLE,IDLE,IDLE,IDLE,IDLE,IDLE,IDLE,IDLE
547,2024-01-23 19:00:01,0.00,0.00,0,0.0000,0.0000,0.00,0.9998,0.9999,0.9997,0.9997,0.9998,0.9998,0.9998,0.9997,0.9998,0.9998,0.9999,0.9997,0.9998,0.9999,0.9998,0.9999,0.9998,0.9998,0.9998,0.9998,0.9998,0.9998,0.9999,0.9998,0.9998,0.9998,0.9998,0.9998,0.9998,0.9997,0.9998,0.9998,0.9998,0.9998,0.9998,0.9997,0.9996,0.9998,0.9998,0.9998,0.9998,0.9998,0.9998,0.9998,0.9997,0.9997,0.9998,0.9999,0.9998,0.9999,0.1622,0.1872,0.1898,0.1763,0.1969,0.1614,0.1677,0.1781,0.1623,0.1490,0.1997,0.1315,0.1870,0.1542,0.1730,0.1542,0.1970,0.1985,0.1753,0.1642,0.1937,0.1970,0.1982,0.1980,0.1844,0.1987,0.1970,0.1490,0.1759,0.1861,0.1491,0.1286,0.1623,0.1668,0.1993,0.1763,0.1879,0.1286,0.1709,0.1911,0.1677,0.1626,0.1409,0.1980,0.1412,0.1557,0.1569,0.1581,0.1373,0.1646,IDLE,IDLE,IDLE,IDLE,IDLE,IDLE,IDLE,IDLE,IDLE,IDLE,IDLE,IDLE,IDLE,IDLE,IDLE,IDLE,IDLE,IDLE,IDLE,IDLE,IDLE,IDLE,IDLE,IDLE,IDLE,IDLE,IDLE,IDLE,IDLE,IDLE,IDLE,IDLE,IDLE,IDLE,IDLE,IDLE,IDLE,IDLE,IDLE,IDLE,IDLE,IDLE,IDLE,IDLE,IDLE,IDLE,IDLE,IDLE,IDLE,IDLE
548,2024-01-23 20:00:01,0.00,0.00,0,0.0000,0.0000,0.00,0.9998,0.9999,0.9997,0.9997,0.9998,0.9998,0.9998,0.9997,0.9998,0.9998,0.9999,0.9997,0.9998,0.9999,0.9998,0.9999,0.9998,0.9998,0.9998,0.9998,0.9998,0.9998,0.9999,0.9998,0.9998,0.9998,0.9998,0.9998,0.9998,0.9997,0.9998,0.9998,0.9998,0.9998,0.9998,0.9997,0.9996,0.9998,0.9998,0.9998,0.9998,0.9998,0.9998,0.9998,0.9997,0.9997,0.9998,0.9999,0.9998,0.9999,0.1622,0.1872,0.1898,0.1763,0.1969,0.1614,0.1677,0.1781,0.1623,0.1490,0.1997,0.1315,0.1870,0.1542,0.1730,0.1542,0.1970,0.1985,0.1753,0.1642,0.1937,0.1970,0.1982,0.1980,0.1844,0.1987,0.1970,0.1490,0.1759,0.1861,0.1491,0.1286,0.1623,0.1668,0.1993,0.1763,0.1879,0.1286,0.1709,0.1911,0.1677,0.1626,0.1409,0.1980,0.1412,0.1557,0.1569,0.1581,0.1373,0.1646,IDLE,IDLE,IDLE,IDLE,IDLE,IDLE,IDLE,IDLE,IDLE,IDLE,IDLE,IDLE,IDLE,IDLE,IDLE,IDLE,IDLE,IDLE,IDLE,IDLE,IDLE,IDLE,IDLE,IDLE,IDLE,IDLE,IDLE,IDLE,IDLE,IDLE,IDLE,IDLE,IDLE,IDLE,IDLE,IDLE,IDLE,IDLE,IDLE,IDLE,IDLE,IDLE,IDLE,IDLE,IDLE,IDLE,IDLE,IDLE,IDLE,IDLE
549,2024-01-23 21:00:01,0.00,0.00,0,0.0000,0.0000,0.00,0.9998,0.9999,0.9997,0.9997,0.9998,0.9998,0.9998,0.9997,0.9998,0.9998,0.9999,0.9997,0.9998,0.9999,0.9998,0.9999,0.9998,0.9998,0.9998,0.9998,0.9998,0.9998,0.9999,0.9998,0.9998,0.9998,0.9998,0.9998,0.9998,0.9997,0.9998,0.9998,0.9998,0.9998,0.9998,0.9997,0.9996,0.9998,0.9998,0.9998,0.9998,0.9998,0.9998,0.9998,0.9997,0.9997,0.9998,0.9999,0.9998,0.9999,0.1622,0.1872,0.1898,0.1763,0.1969,0.1614,0.1677,0.1781,0.1623,0.1490,0.1997,0.1315,0.1870,0.1542,0.1730,0.1542,0.1970,0.1985,0.1753,0.1642,0.1937,0.1970,0.1982,0.1980,0.1844,0.1987,0.1970,0.1490,0.1759,0.1861,0.1491,0.1286,0.1623,0.1668,0.1993,0.1763,0.1879,0.1286,0.1709,0.1911,0.1677,0.1626,0.1409,0.1980,0.1412,0.1557,0.1569,0.1581,0.1373,0.1646,IDLE,IDLE,IDLE,IDLE,IDLE,IDLE,IDLE,IDLE,IDLE,IDLE,IDLE,IDLE,IDLE,IDLE,IDLE,IDLE,IDLE,IDLE,IDLE,IDLE,IDLE,IDLE,IDLE,IDLE,IDLE,IDLE,IDLE,IDLE,IDLE,IDLE,IDLE,IDLE,IDLE,IDLE,IDLE,IDLE,IDLE,IDLE,IDLE,IDLE,IDLE,IDLE,IDLE,IDLE,IDLE,IDLE,IDLE,IDLE,IDLE,IDLE
550,2024-01-23 22:00:01,0.00,0.00,0,0.0000,0.0000,0.00,0.9998,0.9999,0.9997,0.9997,0.9998,0.9998,0.9998,0.9997,0.9998,0.9998,0.9999,0.9997,0.9998,0.9999,0.9998,0.9999,0.9998,0.9998,0.9998,0.9998,0.9998,0.9998,0.9999,0.9998,0.9998,0.9998,0.9998,0.9998,0.9998,0.9997,0.9998,0.9998,0.9998,0.9998,0.9998,0.9997,0.9996,0.9998,0.9998,0.9998,0.9998,0.9998,0.9998,0.9998,0.9997,0.9997,0.9998,0.9999,0.9998,0.9999,0.1622,0.1872,0.1898,0.1763,0.1969,0.1614,0.1677,0.1781,0.1623,0.1490,0.1997,0.1315,0.1870,0.1542,0.1730,0.1542,0.1970,0.1985,0.1753,0.1642,0.1937,0.1970,0.1982,0.1980,0.1844,0.1987,0.1970,0.1490,0.1759,0.1861,0.1491,0.1286,0.1623,0.1668,0.1993,0.1763,0.1879,0.1286,0.1709,0.1911,0.1677,0.1626,0.1409,0.1980,0.1412,0.1557,0.1569,0.1581,0.1373,0.1646,IDLE,IDLE,IDLE,IDLE,IDLE,IDLE,IDLE,IDLE,IDLE,IDLE,IDLE,IDLE,IDLE,IDLE,IDLE,IDLE,IDLE,IDLE,IDLE,IDLE,IDLE,IDLE,IDLE,IDLE,IDLE,IDLE,IDLE,IDLE,IDLE,IDLE,IDLE,IDLE,IDLE,IDLE,IDLE,IDLE,IDLE,IDLE,IDLE,IDLE,IDLE,IDLE,IDLE,IDLE,IDLE,IDLE,IDLE,IDLE,IDLE,IDLE
551,2024-01-23 23:00:01,0.00,0.00,0,0.0000,0.0000,0.00,0.9998,0.9999,0.9997,0.9997,0.9998,0.9998,0.9998,0.9997,0.9998,0.9998,0.9999,0.9997,0.9998,0.9999,0.9998,0.9999,0.9998,0.9998,0.9998,0.9998,0.9998,0.9998,0.9999,0.9998,0.9998,0.9998,0.9998,0.9998,0.9998,0.9997,0.9998,0.9998,0.9998,0.9998,0.9998,0.9997,0.9996,0.9998,0.9998,0.9998,0.9998,0.9998,0.9998,0.9998,0.9997,0.9997,0.9998,0.9999,0.9998,0.9999,0.1622,0.1872,0.1898,0.1763,0.1969,0.1614,0.1677,0.1781,0.1623,0.1490,0.1997,0.1315,0.1870,0.1542,0.1730,0.1542,0.1970,0.1985,0.1753,0.1642,0.1937,0.1970,0.1982,0.1980,0.1844,0.1987,0.1970,0.1490,0.1759,0.1861,0.1491,0.1286,0.1623,0.1668,0.1993,0.1763,0.1879,0.1286,0.1709,0.1911,0.1677,0.1626,0.1409,0.1980,0.1412,0.1557,0.1569,0.1581,0.1373,0.1646,IDLE,IDLE,IDLE,IDLE,IDLE,IDLE,IDLE,IDLE,IDLE,IDLE,IDLE,IDLE,IDLE,IDLE,IDLE,IDLE,IDLE,IDLE,IDLE,IDLE,IDLE,IDLE,IDLE,IDLE,IDLE,IDLE,IDLE,IDLE,IDLE,IDLE,IDLE,IDLE,IDLE,IDLE,IDLE,IDLE,IDLE,IDLE,IDLE,IDLE,IDLE,IDLE,IDLE,IDLE,IDLE,IDLE,IDLE,IDLE,IDLE,IDLE
552,2024-01-24 00:00:01,0.00,0.00,0,0.0000,0.0000,0.00,0.9998,0.9999,0.9997,0.9997,0.9998,0.9998,0.9998,0.9997,0.9998,0.9998,0.9999,0.9997,0.9998,0.9999,0.9998,0.9999,0.9998,0.9998,0.9998,0.9998,0.9998,0.9998,0.9999,0.9998,0.9998,0.9998,0.9998,0.9998,0.9998,0.9997,0.9998,0.9998,0.9998,0.9998,0.9998,0.9997,0.9996,0.9998,0.9998,0.9998,0.9998,0.9998,0.9998,0.9998,0.9997,0.9997,0.9998,0.9999,0.9998,0.9999,0.1622,0.1872,0.1898,0.1763,0.1969,0.1614,0.1677,0.1781,0.1623,0.1490,0.1997,0.1315,0.1870,0.1542,0.1730,0.1542,0.1970,0.1985,0.1753,0.1642,0.1937,0.1970,0.1982,0.1980,0.1844,0.1987,0.1970,0.1490,0.1759,0.1861,0.1491,0.1286,0.1623,0.1668,0.1993,0.1763,0.1879,0.1286,0.1709,0.1911,0.1677,0.1626,0.1409,0.1980,0.1412,0.1557,0.1569,0.1581,0.1373,0.1646,IDLE,IDLE,IDLE,IDLE,IDLE,IDLE,IDLE,IDLE,IDLE,IDLE,IDLE,IDLE,IDLE,IDLE,IDLE,IDLE,IDLE,IDLE,IDLE,IDLE,IDLE,IDLE,IDLE,IDLE,IDLE,IDLE,IDLE,IDLE,IDLE,IDLE,IDLE,IDLE,IDLE,IDLE,IDLE,IDLE,IDLE,IDLE,IDLE,IDLE,IDLE,IDLE,IDLE,IDLE,IDLE,IDLE,IDLE,IDLE,IDLE,IDLE
553,2024-01-24 01:00:01,0.00,0.00,0,0.0000,0.0000,0.00,0.9998,0.9999,0.9997,0.9997,0.9998,0.9998,0.9998,0.9997,0.9998,0.9998,0.9999,0.9997,0.9998,0.9999,0.9998,0.9999,0.9998,0.9998,0.9998,0.9998,0.9998,0.9998,0.9999,0.9998,0.9998,0.9998,0.9998,0.9998,0.9998,0.9997,0.9998,0.9998,0.9998,0.9998,0.9998,0.9997,0.9996,0.9998,0.9998,0.9998,0.9998,0.9998,0.9998,0.9998,0.9997,0.9997,0.9998,0.9999,0.9998,0.9999,0.1622,0.1872,0.1898,0.1763,0.1969,0.1614,0.1677,0.1781,0.1623,0.1490,0.1997,0.1315,0.1870,0.1542,0.1730,0.1542,0.1970,0.1985,0.1753,0.1642,0.1937,0.1970,0.1982,0.1980,0.1844,0.1987,0.1970,0.1490,0.1759,0.1861,0.1491,0.1286,0.1623,0.1668,0.1993,0.1763,0.1879,0.1286,0.1709,0.1911,0.1677,0.1626,0.1409,0.1980,0.1412,0.1557,0.1569,0.1581,0.1373,0.1646,IDLE,IDLE,IDLE,IDLE,IDLE,IDLE,IDLE,IDLE,IDLE,IDLE,IDLE,IDLE,IDLE,IDLE,IDLE,IDLE,IDLE,IDLE,IDLE,IDLE,IDLE,IDLE,IDLE,IDLE,IDLE,IDLE,IDLE,IDLE,IDLE,IDLE,IDLE,IDLE,IDLE,IDLE,IDLE,IDLE,IDLE,IDLE,IDLE,IDLE,IDLE,IDLE,IDLE,IDLE,IDLE,IDLE,IDLE,IDLE,IDLE,IDLE
554,2024-01-24 02:00:01,0.00,0.00,0,0.0000,0.0000,0.00,0.9998,0.9999,0.9997,0.9997,0.9998,0.9998,0.9998,0.9997,0.9998,0.9998,0.9999,0.9997,0.9998,0.9999,0.9998,0.9999,0.9998,0.9998,0.9998,0.9998,0.9998,0.9998,0.9999,0.9998,0.9998,0.9998,0.9998,0.9998,0.9998,0.9997,0.9998,0.9998,0.9998,0.9998,0.9998,0.9997,0.9996,0.9998,0.9998,0.9998,0.9998,0.9998,0.9998,0.9998,0.9997,0.9997,0.9998,0.9999,0.9998,0.9999,0.1622,0.1872,0.1898,0.1763,0.1969,0.1614,0.1677,0.1781,0.1623,0.1490,0.1997,0.1315,0.1870,0.1542,0.1730,0.1542,0.1970,0.1985,0.1753,0.1642,0.1937,0.1970,0.1982,0.1980,0.1844,0.1987,0.1970,0.1490,0.1759,0.1861,0.1491,0.1286,0.1623,0.1668,0.1993,0.1763,0.1879,0.1286,0.1709,0.1911,0.1677,0.1626,0.1409,0.1980,0.1412,0.1557,0.1569,0.1581,0.1373,0.1646,IDLE,IDLE,IDLE,IDLE,IDLE,IDLE,IDLE,IDLE,IDLE,IDLE,IDLE,IDLE,IDLE,IDLE,IDLE,IDLE,IDLE,IDLE,IDLE,IDLE,IDLE,IDLE,IDLE,IDLE,IDLE,IDLE,IDLE,IDLE,IDLE,IDLE,IDLE,IDLE,IDLE,IDLE,IDLE,IDLE,IDLE,IDLE,IDLE,IDLE,IDLE,IDLE,IDLE,IDLE,IDLE,IDLE,IDLE,IDLE,IDLE,IDLE
555,2024-01-24 03:00:01,0.00,0.00,0,0.0000,0.0000,0.00,0.9998,0.9999,0.9997,0.9997,0.9998,0.9998,0.9998,0.9997,0.9998,0.9998,0.9999,0.9997,0.9998,0.9999,0.9998,0.9999,0.9998,0.9998,0.9998,0.9998,0.9998,0.9998,0.9999,0.9998,0.9998,0.9998,0.9998,0.9998,0.9998,0.9997,0.9998,0.9998,0.9998,0.9998,0.9998,0.9997,0.9996,0.9998,0.9998,0.9998,0.9998,0.9998,0.9998,0.9998,0.9997,0.9997,0.9998,0.9999,0.9998,0.9999,0.1622,0.1872,0.1898,0.1763,0.1969,0.1614,0.1677,0.1781,0.1623,0.1490,0.1997,0.1315,0.1870,0.1542,0.1730,0.1542,0.1970,0.1985,0.1753,0.1642,0.1937,0.1970,0.1982,0.1980,0.1844,0.1987,0.1970,0.1490,0.1759,0.1861,0.1491,0.1286,0.1623,0.1668,0.1993,0.1763,0.1879,0.1286,0.1709,0.1911,0.1677,0.1626,0.1409,0.1980,0.1412,0.1557,0.1569,0.1581,0.1373,0.1646,IDLE,IDLE,IDLE,IDLE,IDLE,IDLE,IDLE,IDLE,IDLE,IDLE,IDLE,IDLE,IDLE,IDLE,IDLE,IDLE,IDLE,IDLE,IDLE,IDLE,IDLE,IDLE,IDLE,IDLE,IDLE,IDLE,IDLE,IDLE,IDLE,IDLE,IDLE,IDLE,IDLE,IDLE,IDLE,IDLE,IDLE,IDLE,IDLE,IDLE,IDLE,IDLE,IDLE,IDLE,IDLE,IDLE,IDLE,IDLE,IDLE,IDLE
556,2024-01-24 04:00:01,0.00,0.00,0,0.0000,0.0000,0.00,0.9998,0.9999,0.9997,0.9997,0.9998,0.9998,0.9998,0.9997,0.9998,0.9998,0.9999,0.9997,0.9998,0.9999,0.9998,0.9999,0.9998,0.9998,0.9998,0.9998,0.9998,0.9998,0.9999,0.9998,0.9998,0.9998,0.9998,0.9998,0.9998,0.9997,0.9998,0.9998,0.9998,0.9998,0.9998,0.9997,0.9996,0.9998,0.9998,0.9998,0.9998,0.9998,0.9998,0.9998,0.9997,0.9997,0.9998,0.9999,0.9998,0.9999,0.1622,0.1872,0.1898,0.1763,0.1969,0.1614,0.1677,0.1781,0.1623,0.1490,0.1997,0.1315,0.1870,0.1542,0.1730,0.1542,0.1970,0.1985,0.1753,0.1642,0.1937,0.1970,0.1982,0.1980,0.1844,0.1987,0.1970,0.1490,0.1759,0.1861,0.1491,0.1286,0.1623,0.1668,0.1993,0.1763,0.1879,0.1286,0.1709,0.1911,0.1677,0.1626,0.1409,0.1980,0.1412,0.1557,0.1569,0.1581,0.1373,0.1646,IDLE,IDLE,IDLE,IDLE,IDLE,IDLE,IDLE,IDLE,IDLE,IDLE,IDLE,IDLE,IDLE,IDLE,IDLE,IDLE,IDLE,IDLE,IDLE,IDLE,IDLE,IDLE,IDLE,IDLE,IDLE,IDLE,IDLE,IDLE,IDLE,IDLE,IDLE,IDLE,IDLE,IDLE,IDLE,IDLE,IDLE,IDLE,IDLE,IDLE,IDLE,IDLE,IDLE,IDLE,IDLE,IDLE,IDLE,IDLE,IDLE,IDLE
557,2024-01-24 05:00:01,0.00,0.00,0,0.0000,0.0000,0.00,0.9998,0.9999,0.9997,0.9997,0.9998,0.9998,0.9998,0.9997,0.9998,0.9998,0.9999,0.9997,0.9998,0.9999,0.9998,0.9999,0.9998,0.9998,0.9998,0.9998,0.9998,0.9998,0.9999,0.9998,0.9998,0.9998,0.9998,0.9998,0.9998,0.9997,0.9998,0.9998,0.9998,0.9998,0.9998,0.9997,0.9996,0.9998,0.9998,0.9998,0.9998,0.9998,0.9998,0.9998,0.9997,0.9997,0.9998,0.9999,0.9998,0.9999,0.1622,0.1872,0.1898,0.1763,0.1969,0.1614,0.1677,0.1781,0.1623,0.1490,0.1997,0.1315,0.1870,0.1542,0.1730,0.1542,0.1970,0.1985,0.1753,0.1642,0.1937,0.1970,0.1982,0.1980,0.1844,0.1987,0.1970,0.1490,0.1759,0.1861,0.1491,0.1286,0.1623,0.1668,0.1993,0.1763,0.1879,0.1286,0.1709,0.1911,0.1677,0.1626,0.1409,0.1980,0.1412,0.1557,0.1569,0.1581,0.1373,0.1646,IDLE,IDLE,IDLE,IDLE,IDLE,IDLE,IDLE,IDLE,IDLE,IDLE,IDLE,IDLE,IDLE,IDLE,IDLE,IDLE,IDLE,IDLE,IDLE,IDLE,IDLE,IDLE,IDLE,IDLE,IDLE,IDLE,IDLE,IDLE,IDLE,IDLE,IDLE,IDLE,IDLE,IDLE,IDLE,IDLE,IDLE,IDLE,IDLE,IDLE,IDLE,IDLE,IDLE,IDLE,IDLE,IDLE,IDLE,IDLE,IDLE,IDLE
558,2024-01-24 06:00:01,0.00,0.00,0,0.0000,0.0000,0.00,0.9998,0.9999,0.9997,0.9997,0.9998,0.9998,0.9998,0.9997,0.9998,0.9998,0.9999,0.9997,0.9998,0.9999,0.9998,0.9999,0.9998,0.9998,0.9998,0.9998,0.9998,0.9998,0.9999,0.9998,0.9998,0.9998,0.9998,0.9998,0.9998,0.9997,0.9998,0.9998,0.9998,0.9998,0.9998,0.9997,0.9996,0.9998,0.9998,0.9998,0.9998,0.9998,0.9998,0.9998,0.9997,0.9997,0.9998,0.9999,0.9998,0.9999,0.1622,0.1872,0.1898,0.1763,0.1969,0.1614,0.1677,0.1781,0.1623,0.1490,0.1997,0.1315,0.1870,0.1542,0.1730,0.1542,0.1970,0.1985,0.1753,0.1642,0.1937,0.1970,0.1982,0.1980,0.1844,0.1987,0.1970,0.1490,0.1759,0.1861,0.1491,0.1286,0.1623,0.1668,0.1993,0.1763,0.1879,0.1286,0.1709,0.1911,0.1677,0.1626,0.1409,0.1980,0.1412,0.1557,0.1569,0.1581,0.1373,0.1646,IDLE,IDLE,IDLE,IDLE,IDLE,IDLE,IDLE,IDLE,IDLE,IDLE,IDLE,IDLE,IDLE,IDLE,IDLE,IDLE,IDLE,IDLE,IDLE,IDLE,IDLE,IDLE,IDLE,IDLE,IDLE,IDLE,IDLE,IDLE,IDLE,IDLE,IDLE,IDLE,IDLE,IDLE,IDLE,IDLE,IDLE,IDLE,IDLE,IDLE,IDLE,IDLE,IDLE,IDLE,IDLE,IDLE,IDLE,IDLE,IDLE,IDLE
559,2024-01-24 07:00:01,0.00,0.00,0,0.0000,0.0000,0.00,0.9998,0.9999,0.9997,0.9997,0.9998,0.9998,0.9998,0.9997,0.9998,0.9998,0.9999,0.9997,0.9998,0.9999,0.9998,0.9999,0.9998,0.9998,0.9998,0.9998,0.9998,0.9998,0.9999,0.9998,0.9998,0.9998,0.9998,0.9998,0.9998,0.9997,0.9998,0.9998,0.9998,0.9998,0.9998,0.9997,0.9996,0.9998,0.9998,0.9998,0.9998,0.9998,0.9998,0.9998,0.9997,0.9997,0.9998,0.9999,0.9998,0.9999,0.1622,0.1872,0.1898,0.1763,0.1969,0.1614,0.1677,0.1781,0.1623,0.1490,0.1997,0.1315,0.1870,0.1542,0.1730,0.1542,0.1970,0.1985,0.1753,0.1642,0.1937,0.1970,0.1982,0.1980,0.1844,0.1987,0.1970,0.1490,0.1759,0.1861,0.1491,0.1286,0.1623,0.1668,0.1993,0.1763,0.1879,0.1286,0.1709,0.1911,0.1677,0.1626,0.1409,0.1980,0.1412,0.1557,0.1569,0.1581,0.1373,0.1646,IDLE,IDLE,IDLE,IDLE,IDLE,IDLE,IDLE,IDLE,IDLE,IDLE,IDLE,IDLE,IDLE,IDLE,IDLE,IDLE,IDLE,IDLE,IDLE,IDLE,IDLE,IDLE,IDLE,IDLE,IDLE,IDLE,IDLE,IDLE,IDLE,IDLE,IDLE,IDLE,IDLE,IDLE,IDLE,IDLE,IDLE,IDLE,IDLE,IDLE,IDLE,IDLE,IDLE,IDLE,IDLE,IDLE,IDLE,IDLE,IDLE,IDLE
560,2024-01-24 08:00:01,0.00,0.00,0,0.0000,0.0000,0.00,0.9998,0.9999,0.9997,0.9997,0.9998,0.9998,0.9998,0.9997,0.9998,0.9998,0.9999,0.9997,0.9998,0.9999,0.9998,0.9999,0.9998,0.9998,0.9998,0.9998,0.9998,0.9998,0.9999,0.9998,0.9998,0.9998,0.9998,0.9998,0.9998,0.9997,0.9998,0.9998,0.9998,0.9998,0.9998,0.9997,0.9996,0.9998,0.9998,0.9998,0.9998,0.9998,0.9998,0.9998,0.9997,0.9997,0.9998,0.9999,0.9998,0.9999,0.1622,0.1872,0.1898,0.1763,0.1969,0.1614,0.1677,0.1781,0.1623,0.1490,0.1997,0.1315,0.1870,0.1542,0.1730,0.1542,0.1970,0.1985,0.1753,0.1642,0.1937,0.1970,0.1982,0.1980,0.1844,0.1987,0.1970,0.1490,0.1759,0.1861,0.1491,0.1286,0.1623,0.1668,0.1993,0.1763,0.1879,0.1286,0.1709,0.1911,0.1677,0.1626,0.1409,0.1980,0.1412,0.1557,0.1569,0.1581,0.1373,0.1646,IDLE,IDLE,IDLE,IDLE,IDLE,IDLE,IDLE,IDLE,IDLE,IDLE,IDLE,IDLE,IDLE,IDLE,IDLE,IDLE,IDLE,IDLE,IDLE,IDLE,IDLE,IDLE,IDLE,IDLE,IDLE,IDLE,IDLE,IDLE,IDLE,IDLE,IDLE,IDLE,IDLE,IDLE,IDLE,IDLE,IDLE,IDLE,IDLE,IDLE,IDLE,IDLE,IDLE,IDLE,IDLE,IDLE,IDLE,IDLE,IDLE,IDLE
561,2024-01-24 09:00:01,0.00,0.00,0,0.0000,0.0000,0.00,0.9998,0.9999,0.9997,0.9997,0.9998,0.9998,0.9998,0.9997,0.9998,0.9998,0.9999,0.9997,0.9998,0.9999,0.9998,0.9999,0.9998,0.9998,0.9998,0.9998,0.9998,0.9998,0.9999,0.9998,0.9998,0.9998,0.9998,0.9998,0.9998,0.9997,0.9998,0.9998,0.9998,0.9998,0.9998,0.9997,0.9996,0.9998,0.9998,0.9998,0.9998,0.9998,0.9998,0.9998,0.9997,0.9997,0.9998,0.9999,0.9998,0.9999,0.1622,0.1872,0.1898,0.1763,0.1969,0.1614,0.1677,0.1781,0.1623,0.1490,0.1997,0.1315,0.1870,0.1542,0.1730,0.1542,0.1970,0.1985,0.1753,0.1642,0.1937,0.1970,0.1982,0.1980,0.1844,0.1987,0.1970,0.1490,0.1759,0.1861,0.1491,0.1286,0.1623,0.1668,0.1993,0.1763,0.1879,0.1286,0.1709,0.1911,0.1677,0.1626,0.1409,0.1980,0.1412,0.1557,0.1569,0.1581,0.1373,0.1646,IDLE,IDLE,IDLE,IDLE,IDLE,IDLE,IDLE,IDLE,IDLE,IDLE,IDLE,IDLE,IDLE,IDLE,IDLE,IDLE,IDLE,IDLE,IDLE,IDLE,IDLE,IDLE,IDLE,IDLE,IDLE,IDLE,IDLE,IDLE,IDLE,IDLE,IDLE,IDLE,IDLE,IDLE,IDLE,IDLE,IDLE,IDLE,IDLE,IDLE,IDLE,IDLE,IDLE,IDLE,IDLE,IDLE,IDLE,IDLE,IDLE,IDLE
562,2024-01-24 10:00:01,0.00,0.00,0,0.0000,0.0000,0.00,0.9998,0.9999,0.9997,0.9997,0.9998,0.9998,0.9998,0.9997,0.9998,0.9998,0.9999,0.9997,0.9998,0.9999,0.9998,0.9999,0.9998,0.9998,0.9998,0.9998,0.9998,0.9998,0.9999,0.9998,0.9998,0.9998,0.9998,0.9998,0.9998,0.9997,0.9998,0.9998,0.9998,0.9998,0.9998,0.9997,0.9996,0.9998,0.9998,0.9998,0.9998,0.9998,0.9998,0.9998,0.9997,0.9997,0.9998,0.9999,0.9998,0.9999,0.1622,0.1872,0.1898,0.1763,0.1969,0.1614,0.1677,0.1781,0.1623,0.1490,0.1997,0.1315,0.1870,0.1542,0.1730,0.1542,0.1970,0.1985,0.1753,0.1642,0.1937,0.1970,0.1982,0.1980,0.1844,0.1987,0.1970,0.1490,0.1759,0.1861,0.1491,0.1286,0.1623,0.1668,0.1993,0.1763,0.1879,0.1286,0.1709,0.1911,0.1677,0.1626,0.1409,0.1980,0.1412,0.1557,0.1569,0.1581,0.1373,0.1646,IDLE,IDLE,IDLE,IDLE,IDLE,IDLE,IDLE,IDLE,IDLE,IDLE,IDLE,IDLE,IDLE,IDLE,IDLE,IDLE,IDLE,IDLE,IDLE,IDLE,IDLE,IDLE,IDLE,IDLE,IDLE,IDLE,IDLE,IDLE,IDLE,IDLE,IDLE,IDLE,IDLE,IDLE,IDLE,IDLE,IDLE,IDLE,IDLE,IDLE,IDLE,IDLE,IDLE,IDLE,IDLE,IDLE,IDLE,IDLE,IDLE,IDLE
563,2024-01-24 11:00:01,0.00,0.00,0,0.0000,0.0000,0.00,0.9998,0.9999,0.9997,0.9997,0.9998,0.9998,0.9998,0.9997,0.9998,0.9998,0.9999,0.9997,0.9998,0.9999,0.9998,0.9999,0.9998,0.9998,0.9998,0.9998,0.9998,0.9998,0.9999,0.9998,0.9998,0.9998,0.9998,0.9998,0.9998,0.9997,0.9998,0.9998,0.9998,0.9998,0.9998,0.9997,0.9996,0.9998,0.9998,0.9998,0.9998,0.9998,0.9998,0.9998,0.9997,0.9997,0.9998,0.9999,0.9998,0.9999,0.1622,0.1872,0.1898,0.1763,0.1969,0.1614,0.1677,0.1781,0.1623,0.1490,0.1997,0.1315,0.1870,0.1542,0.1730,0.1542,0.1970,0.1985,0.1753,0.1642,0.1937,0.1970,0.1982,0.1980,0.1844,0.1987,0.1970,0.1490,0.1759,0.1861,0.1491,0.1286,0.1623,0.1668,0.1993,0.1763,0.1879,0.1286,0.1709,0.1911,0.1677,0.1626,0.1409,0.1980,0.1412,0.1557,0.1569,0.1581,0.1373,0.1646,IDLE,IDLE,IDLE,IDLE,IDLE,IDLE,IDLE,IDLE,IDLE,IDLE,IDLE,IDLE,IDLE,IDLE,IDLE,IDLE,IDLE,IDLE,IDLE,IDLE,IDLE,IDLE,IDLE,IDLE,IDLE,IDLE,IDLE,IDLE,IDLE,IDLE,IDLE,IDLE,IDLE,IDLE,IDLE,IDLE,IDLE,IDLE,IDLE,IDLE,IDLE,IDLE,IDLE,IDLE,IDLE,IDLE,IDLE,IDLE,IDLE,IDLE
564,2024-01-24 12:00:01,0.00,0.00,0,0.0000,0.0000,0.00,0.9998,0.9999,0.9997,0.9997,0.9998,0.9998,0.9998,0.9997,0.9998,0.9998,0.9999,0.9997,0.9998,0.9999,0.9998,0.9999,0.9998,0.9998,0.9998,0.9998,0.9998,0.9998,0.9999,0.9998,0.9998,0.9998,0.9998,0.9998,0.9998,0.9997,0.9998,0.9998,0.9998,0.9998,0.9998,0.9997,0.9996,0.9998,0.9998,0.9998,0.9998,0.9998,0.9998,0.9998,0.9997,0.9997,0.9998,0.9999,0.9998,0.9999,0.1622,0.1872,0.1898,0.1763,0.1969,0.1614,0.1677,0.1781,0.1623,0.1490,0.1997,0.1315,0.1870,0.1542,0.1730,0.1542,0.1970,0.1985,0.1753,0.1642,0.1937,0.1970,0.1982,0.1980,0.1844,0.1987,0.1970,0.1490,0.1759,0.1861,0.1491,0.1286,0.1623,0.1668,0.1993,0.1763,0.1879,0.1286,0.1709,0.1911,0.1677,0.1626,0.1409,0.1980,0.1412,0.1557,0.1569,0.1581,0.1373,0.1646,IDLE,IDLE,IDLE,IDLE,IDLE,IDLE,IDLE,IDLE,IDLE,IDLE,IDLE,IDLE,IDLE,IDLE,IDLE,IDLE,IDLE,IDLE,IDLE,IDLE,IDLE,IDLE,IDLE,IDLE,IDLE,IDLE,IDLE,IDLE,IDLE,IDLE,IDLE,IDLE,IDLE,IDLE,IDLE,IDLE,IDLE,IDLE,IDLE,IDLE,IDLE,IDLE,IDLE,IDLE,IDLE,IDLE,IDLE,IDLE,IDLE,IDLE
565,2024-01-24 13:00:01,0.00,0.00,0,0.0000,0.0000,0.00,0.9998,0.9999,0.9997,0.9997,0.9998,0.9998,0.9998,0.9997,0.9998,0.9998,0.9999,0.9997,0.9998,0.9999,0.9998,0.9999,0.9998,0.9998,0.9998,0.9998,0.9998,0.9998,0.9999,0.9998,0.9998,0.9998,0.9998,0.9998,0.9998,0.9997,0.9998,0.9998,0.9998,0.9998,0.9998,0.9997,0.9996,0.9998,0.9998,0.9998,0.9998,0.9998,0.9998,0.9998,0.9997,0.9997,0.9998,0.9999,0.9998,0.9999,0.1622,0.1872,0.1898,0.1763,0.1969,0.1614,0.1677,0.1781,0.1623,0.1490,0.1997,0.1315,0.1870,0.1542,0.1730,0.1542,0.1970,0.1985,0.1753,0.1642,0.1937,0.1970,0.1982,0.1980,0.1844,0.1987,0.1970,0.1490,0.1759,0.1861,0.1491,0.1286,0.1623,0.1668,0.1993,0.1763,0.1879,0.1286,0.1709,0.1911,0.1677,0.1626,0.1409,0.1980,0.1412,0.1557,0.1569,0.1581,0.1373,0.1646,IDLE,IDLE,IDLE,IDLE,IDLE,IDLE,IDLE,IDLE,IDLE,IDLE,IDLE,IDLE,IDLE,IDLE,IDLE,IDLE,IDLE,IDLE,IDLE,IDLE,IDLE,IDLE,IDLE,IDLE,IDLE,IDLE,IDLE,IDLE,IDLE,IDLE,IDLE,IDLE,IDLE,IDLE,IDLE,IDLE,IDLE,IDLE,IDLE,IDLE,IDLE,IDLE,IDLE,IDLE,IDLE,IDLE,IDLE,IDLE,IDLE,IDLE
566,2024-01-24 14:00:01,0.00,0.00,0,0.0000,0.0000,0.00,0.9998,0.9999,0.9997,0.9997,0.9998,0.9998,0.9998,0.9997,0.9998,0.9998,0.9999,0.9997,0.9998,0.9999,0.9998,0.9999,0.9998,0.9998,0.9998,0.9998,0.9998,0.9998,0.9999,0.9998,0.9998,0.9998,0.9998,0.9998,0.9998,0.9997,0.9998,0.9998,0.9998,0.9998,0.9998,0.9997,0.9996,0.9998,0.9998,0.9998,0.9998,0.9998,0.9998,0.9998,0.9997,0.9997,0.9998,0.9999,0.9998,0.9999,0.1622,0.1872,0.1898,0.1763,0.1969,0.1614,0.1677,0.1781,0.1623,0.1490,0.1997,0.1315,0.1870,0.1542,0.1730,0.1542,0.1970,0.1985,0.1753,0.1642,0.1937,0.1970,0.1982,0.1980,0.1844,0.1987,0.1970,0.1490,0.1759,0.1861,0.1491,0.1286,0.1623,0.1668,0.1993,0.1763,0.1879,0.1286,0.1709,0.1911,0.1677,0.1626,0.1409,0.1980,0.1412,0.1557,0.1569,0.1581,0.1373,0.1646,IDLE,IDLE,IDLE,IDLE,IDLE,IDLE,IDLE,IDLE,IDLE,IDLE,IDLE,IDLE,IDLE,IDLE,IDLE,IDLE,IDLE,IDLE,IDLE,IDLE,IDLE,IDLE,IDLE,IDLE,IDLE,IDLE,IDLE,IDLE,IDLE,IDLE,IDLE,IDLE,IDLE,IDLE,IDLE,IDLE,IDLE,IDLE,IDLE,IDLE,IDLE,IDLE,IDLE,IDLE,IDLE,IDLE,IDLE,IDLE,IDLE,IDLE
567,2024-01-24 15:00:01,0.00,0.00,0,0.0000,0.0000,0.00,0.9998,0.9999,0.9997,0.9997,0.9998,0.9998,0.9998,0.9997,0.9998,0.9998,0.9999,0.9997,0.9998,0.9999,0.9998,0.9999,0.9998,0.9998,0.9998,0.9998,0.9998,0.9998,0.9999,0.9998,0.9998,0.9998,0.9998,0.9998,0.9998,0.9997,0.9998,0.9998,0.9998,0.9998,0.9998,0.9997,0.9996,0.9998,0.9998,0.9998,0.9998,0.9998,0.9998,0.9998,0.9997,0.9997,0.9998,0.9999,0.9998,0.9999,0.1622,0.1872,0.1898,0.1763,0.1969,0.1614,0.1677,0.1781,0.1623,0.1490,0.1997,0.1315,0.1870,0.1542,0.1730,0.1542,0.1970,0.1985,0.1753,0.1642,0.1937,0.1970,0.1982,0.1980,0.1844,0.1987,0.1970,0.1490,0.1759,0.1861,0.1491,0.1286,0.1623,0.1668,0.1993,0.1763,0.1879,0.1286,0.1709,0.1911,0.1677,0.1626,0.1409,0.1980,0.1412,0.1557,0.1569,0.1581,0.1373,0.1646,IDLE,IDLE,IDLE,IDLE,IDLE,IDLE,IDLE,IDLE,IDLE,IDLE,IDLE,IDLE,IDLE,IDLE,IDLE,IDLE,IDLE,IDLE,IDLE,IDLE,IDLE,IDLE,IDLE,IDLE,IDLE,IDLE,IDLE,IDLE,IDLE,IDLE,IDLE,IDLE,IDLE,IDLE,IDLE,IDLE,IDLE,IDLE,IDLE,IDLE,IDLE,IDLE,IDLE,IDLE,IDLE,IDLE,IDLE,IDLE,IDLE,IDLE
568,2024-01-24 16:00:01,0.00,0.00,0,0.0000,0.0000,0.00,0.9998,0.9999,0.9997,0.9997,0.9998,0.9998,0.9998,0.9997,0.9998,0.9998,0.9999,0.9997,0.9998,0.9999,0.9998,0.9999,0.9998,0.9998,0.9998,0.9998,0.9998,0.9998,0.9999,0.9998,0.9998,0.9998,0.9998,0.9998,0.9998,0.9997,0.9998,0.9998,0.9998,0.9998,0.9998,0.9997,0.9996,0.9998,0.9998,0.9998,0.9998,0.9998,0.9998,0.9998,0.9997,0.9997,0.9998,0.9999,0.9998,0.9999,0.1622,0.1872,0.1898,0.1763,0.1969,0.1614,0.1677,0.1781,0.1623,0.1490,0.1997,0.1315,0.1870,0.1542,0.1730,0.1542,0.1970,0.1985,0.1753,0.1642,0.1937,0.1970,0.1982,0.1980,0.1844,0.1987,0.1970,0.1490,0.1759,0.1861,0.1491,0.1286,0.1623,0.1668,0.1993,0.1763,0.1879,0.1286,0.1709,0.1911,0.1677,0.1626,0.1409,0.1980,0.1412,0.1557,0.1569,0.1581,0.1373,0.1646,IDLE,IDLE,IDLE,IDLE,IDLE,IDLE,IDLE,IDLE,IDLE,IDLE,IDLE,IDLE,IDLE,IDLE,IDLE,IDLE,IDLE,IDLE,IDLE,IDLE,IDLE,IDLE,IDLE,IDLE,IDLE,IDLE,IDLE,IDLE,IDLE,IDLE,IDLE,IDLE,IDLE,IDLE,IDLE,IDLE,IDLE,IDLE,IDLE,IDLE,IDLE,IDLE,IDLE,IDLE,IDLE,IDLE,IDLE,IDLE,IDLE,IDLE
569,2024-01-24 17:00:01,0.00,0.00,0,0.0000,0.0000,0.00,0.9998,0.9999,0.9997,0.9997,0.9998,0.9998,0.9998,0.9997,0.9998,0.9998,0.9999,0.9997,0.9998,0.9999,0.9998,0.9999,0.9998,0.9998,0.9998,0.9998,0.9998,0.9998,0.9999,0.9998,0.9998,0.9998,0.9998,0.9998,0.9998,0.9997,0.9998,0.9998,0.9998,0.9998,0.9998,0.9997,0.9996,0.9998,0.9998,0.9998,0.9998,0.9998,0.9998,0.9998,0.9997,0.9997,0.9998,0.9999,0.9998,0.9999,0.1622,0.1872,0.1898,0.1763,0.1969,0.1614,0.1677,0.1781,0.1623,0.1490,0.1997,0.1315,0.1870,0.1542,0.1730,0.1542,0.1970,0.1985,0.1753,0.1642,0.1937,0.1970,0.1982,0.1980,0.1844,0.1987,0.1970,0.1490,0.1759,0.1861,0.1491,0.1286,0.1623,0.1668,0.1993,0.1763,0.1879,0.1286,0.1709,0.1911,0.1677,0.1626,0.1409,0.1980,0.1412,0.1557,0.1569,0.1581,0.1373,0.1646,IDLE,IDLE,IDLE,IDLE,IDLE,IDLE,IDLE,IDLE,IDLE,IDLE,IDLE,IDLE,IDLE,IDLE,IDLE,IDLE,IDLE,IDLE,IDLE,IDLE,IDLE,IDLE,IDLE,IDLE,IDLE,IDLE,IDLE,IDLE,IDLE,IDLE,IDLE,IDLE,IDLE,IDLE,IDLE,IDLE,IDLE,IDLE,IDLE,IDLE,IDLE,IDLE,IDLE,IDLE,IDLE,IDLE,IDLE,IDLE,IDLE,IDLE
570,2024-01-24 18:00:01,0.00,0.00,0,0.0000,0.0000,0.00,0.9998,0.9999,0.9997,0.9997,0.9998,0.9998,0.9998,0.9997,0.9998,0.9998,0.9999,0.9997,0.9998,0.9999,0.9998,0.9999,0.9998,0.9998,0.9998,0.9998,0.9998,0.9998,0.9999,0.9998,0.9998,0.9998,0.9998,0.9998,0.9998,0.9997,0.9998,0.9998,0.9998,0.9998,0.9998,0.9997,0.9996,0.9998,0.9998,0.9998,0.9998,0.9998,0.9998,0.9998,0.9997,0.9997,0.9998,0.9999,0.9998,0.9999,0.1622,0.1872,0.1898,0.1763,0.1969,0.1614,0.1677,0.1781,0.1623,0.1490,0.1997,0.1315,0.1870,0.1542,0.1730,0.1542,0.1970,0.1985,0.1753,0.1642,0.1937,0.1970,0.1982,0.1980,0.1844,0.1987,0.1970,0.1490,0.1759,0.1861,0.1491,0.1286,0.1623,0.1668,0.1993,0.1763,0.1879,0.1286,0.1709,0.1911,0.1677,0.1626,0.1409,0.1980,0.1412,0.1557,0.1569,0.1581,0.1373,0.1646,IDLE,IDLE,IDLE,IDLE,IDLE,IDLE,IDLE,IDLE,IDLE,IDLE,IDLE,IDLE,IDLE,IDLE,IDLE,IDLE,IDLE,IDLE,IDLE,IDLE,IDLE,IDLE,IDLE,IDLE,IDLE,IDLE,IDLE,IDLE,IDLE,IDLE,IDLE,IDLE,IDLE,IDLE,IDLE,IDLE,IDLE,IDLE,IDLE,IDLE,IDLE,IDLE,IDLE,IDLE,IDLE,IDLE,IDLE,IDLE,IDLE,IDLE
571,2024-01-24 19:00:01,0.00,0.00,0,0.0000,0.0000,0.00,0.9998,0.9999,0.9997,0.9997,0.9998,0.9998,0.9998,0.9997,0.9998,0.9998,0.9999,0.9997,0.9998,0.9999,0.9998,0.9999,0.9998,0.9998,0.9998,0.9998,0.9998,0.9998,0.9999,0.9998,0.9998,0.9998,0.9998,0.9998,0.9998,0.9997,0.9998,0.9998,0.9998,0.9998,0.9998,0.9997,0.9996,0.9998,0.9998,0.9998,0.9998,0.9998,0.9998,0.9998,0.9997,0.9997,0.9998,0.9999,0.9998,0.9999,0.1622,0.1872,0.1898,0.1763,0.1969,0.1614,0.1677,0.1781,0.1623,0.1490,0.1997,0.1315,0.1870,0.1542,0.1730,0.1542,0.1970,0.1985,0.1753,0.1642,0.1937,0.1970,0.1982,0.1980,0.1844,0.1987,0.1970,0.1490,0.1759,0.1861,0.1491,0.1286,0.1623,0.1668,0.1993,0.1763,0.1879,0.1286,0.1709,0.1911,0.1677,0.1626,0.1409,0.1980,0.1412,0.1557,0.1569,0.1581,0.1373,0.1646,IDLE,IDLE,IDLE,IDLE,IDLE,IDLE,IDLE,IDLE,IDLE,IDLE,IDLE,IDLE,IDLE,IDLE,IDLE,IDLE,IDLE,IDLE,IDLE,IDLE,IDLE,IDLE,IDLE,IDLE,IDLE,IDLE,IDLE,IDLE,IDLE,IDLE,IDLE,IDLE,IDLE,IDLE,IDLE,IDLE,IDLE,IDLE,IDLE,IDLE,IDLE,IDLE,IDLE,IDLE,IDLE,IDLE,IDLE,IDLE,IDLE,IDLE
572,2024-01-24 20:00:01,0.00,0.00,0,0.0000,0.0000,0.00,0.9998,0.9999,0.9997,0.9997,0.9998,0.9998,0.9998,0.9997,0.9998,0.9998,0.9999,0.9997,0.9998,0.9999,0.9998,0.9999,0.9998,0.9998,0.9998,0.9998,0.9998,0.9998,0.9999,0.9998,0.9998,0.9998,0.9998,0.9998,0.9998,0.9997,0.9998,0.9998,0.9998,0.9998,0.9998,0.9997,0.9996,0.9998,0.9998,0.9998,0.9998,0.9998,0.9998,0.9998,0.9997,0.9997,0.9998,0.9999,0.9998,0.9999,0.1622,0.1872,0.1898,0.1763,0.1969,0.1614,0.1677,0.1781,0.1623,0.1490,0.1997,0.1315,0.1870,0.1542,0.1730,0.1542,0.1970,0.1985,0.1753,0.1642,0.1937,0.1970,0.1982,0.1980,0.1844,0.1987,0.1970,0.1490,0.1759,0.1861,0.1491,0.1286,0.1623,0.1668,0.1993,0.1763,0.1879,0.1286,0.1709,0.1911,0.1677,0.1626,0.1409,0.1980,0.1412,0.1557,0.1569,0.1581,0.1373,0.1646,IDLE,IDLE,IDLE,IDLE,IDLE,IDLE,IDLE,IDLE,IDLE,IDLE,IDLE,IDLE,IDLE,IDLE,IDLE,IDLE,IDLE,IDLE,IDLE,IDLE,IDLE,IDLE,IDLE,IDLE,IDLE,IDLE,IDLE,IDLE,IDLE,IDLE,IDLE,IDLE,IDLE,IDLE,IDLE,IDLE,IDLE,IDLE,IDLE,IDLE,IDLE,IDLE,IDLE,IDLE,IDLE,IDLE,IDLE,IDLE,IDLE,IDLE
573,2024-01-24 21:00:01,0.00,0.00,0,0.0000,0.0000,0.00,0.9998,0.9999,0.9997,0.9997,0.9998,0.9998,0.9998,0.9997,0.9998,0.9998,0.9999,0.9997,0.9998,0.9999,0.9998,0.9999,0.9998,0.9998,0.9998,0.9998,0.9998,0.9998,0.9999,0.9998,0.9998,0.9998,0.9998,0.9998,0.9998,0.9997,0.9998,0.9998,0.9998,0.9998,0.9998,0.9997,0.9996,0.9998,0.9998,0.9998,0.9998,0.9998,0.9998,0.9998,0.9997,0.9997,0.9998,0.9999,0.9998,0.9999,0.1622,0.1872,0.1898,0.1763,0.1969,0.1614,0.1677,0.1781,0.1623,0.1490,0.1997,0.1315,0.1870,0.1542,0.1730,0.1542,0.1970,0.1985,0.1753,0.1642,0.1937,0.1970,0.1982,0.1980,0.1844,0.1987,0.1970,0.1490,0.1759,0.1861,0.1491,0.1286,0.1623,0.1668,0.1993,0.1763,0.1879,0.1286,0.1709,0.1911,0.1677,0.1626,0.1409,0.1980,0.1412,0.1557,0.1569,0.1581,0.1373,0.1646,IDLE,IDLE,IDLE,IDLE,IDLE,IDLE,IDLE,IDLE,IDLE,IDLE,IDLE,IDLE,IDLE,IDLE,IDLE,IDLE,IDLE,IDLE,IDLE,IDLE,IDLE,IDLE,IDLE,IDLE,IDLE,IDLE,IDLE,IDLE,IDLE,IDLE,IDLE,IDLE,IDLE,IDLE,IDLE,IDLE,IDLE,IDLE,IDLE,IDLE,IDLE,IDLE,IDLE,IDLE,IDLE,IDLE,IDLE,IDLE,IDLE,IDLE
574,2024-01-24 22:00:01,0.00,0.00,0,0.0000,0.0000,0.00,0.9998,0.9999,0.9997,0.9997,0.9998,0.9998,0.9998,0.9997,0.9998,0.9998,0.9999,0.9997,0.9998,0.9999,0.9998,0.9999,0.9998,0.9998,0.9998,0.9998,0.9998,0.9998,0.9999,0.9998,0.9998,0.9998,0.9998,0.9998,0.9998,0.9997,0.9998,0.9998,0.9998,0.9998,0.9998,0.9997,0.9996,0.9998,0.9998,0.9998,0.9998,0.9998,0.9998,0.9998,0.9997,0.9997,0.9998,0.9999,0.9998,0.9999,0.1622,0.1872,0.1898,0.1763,0.1969,0.1614,0.1677,0.1781,0.1623,0.1490,0.1997,0.1315,0.1870,0.1542,0.1730,0.1542,0.1970,0.1985,0.1753,0.1642,0.1937,0.1970,0.1982,0.1980,0.1844,0.1987,0.1970,0.1490,0.1759,0.1861,0.1491,0.1286,0.1623,0.1668,0.1993,0.1763,0.1879,0.1286,0.1709,0.1911,0.1677,0.1626,0.1409,0.1980,0.1412,0.1557,0.1569,0.1581,0.1373,0.1646,IDLE,IDLE,IDLE,IDLE,IDLE,IDLE,IDLE,IDLE,IDLE,IDLE,IDLE,IDLE,IDLE,IDLE,IDLE,IDLE,IDLE,IDLE,IDLE,IDLE,IDLE,IDLE,IDLE,IDLE,IDLE,IDLE,IDLE,IDLE,IDLE,IDLE,IDLE,IDLE,IDLE,IDLE,IDLE,IDLE,IDLE,IDLE,IDLE,IDLE,IDLE,IDLE,IDLE,IDLE,IDLE,IDLE,IDLE,IDLE,IDLE,IDLE
575,2024-01-24 23:00:01,0.00,0.00,0,0.0000,0.0000,0.00,0.9998,0.9999,0.9997,0.9997,0.9998,0.9998,0.9998,0.9997,0.9998,0.9998,0.9999,0.9997,0.9998,0.9999,0.9998,0.9999,0.9998,0.9998,0.9998,0.9998,0.9998,0.9998,0.9999,0.9998,0.9998,0.9998,0.9998,0.9998,0.9998,0.9997,0.9998,0.9998,0.9998,0.9998,0.9998,0.9997,0.9996,0.9998,0.9998,0.9998,0.9998,0.9998,0.9998,0.9998,0.9997,0.9997,0.9998,0.9999,0.9998,0.9999,0.1622,0.1872,0.1898,0.1763,0.1969,0.1614,0.1677,0.1781,0.1623,0.1490,0.1997,0.1315,0.1870,0.1542,0.1730,0.1542,0.1970,0.1985,0.1753,0.1642,0.1937,0.1970,0.1982,0.1980,0.1844,0.1987,0.1970,0.1490,0.1759,0.1861,0.1491,0.1286,0.1623,0.1668,0.1993,0.1763,0.1879,0.1286,0.1709,0.1911,0.1677,0.1626,0.1409,0.1980,0.1412,0.1557,0.1569,0.1581,0.1373,0.1646,IDLE,IDLE,IDLE,IDLE,IDLE,IDLE,IDLE,IDLE,IDLE,IDLE,IDLE,IDLE,IDLE,IDLE,IDLE,IDLE,IDLE,IDLE,IDLE,IDLE,IDLE,IDLE,IDLE,IDLE,IDLE,IDLE,IDLE,IDLE,IDLE,IDLE,IDLE,IDLE,IDLE,IDLE,IDLE,IDLE,IDLE,IDLE,IDLE,IDLE,IDLE,IDLE,IDLE,IDLE,IDLE,IDLE,IDLE,IDLE,IDLE,IDLE
576,2024-01-25 00:00:01,0.00,0.00,0,0.0000,0.0000,0.00,0.9998,0.9999,0.9997,0.9997,0.9998,0.9998,0.9998,0.9997,0.9998,0.9998,0.9999,0.9997,0.9998,0.9999,0.9998,0.9999,0.9998,0.9998,0.9998,0.9998,0.9998,0.9998,0.9999,0.9998,0.9998,0.9998,0.9998,0.9998,0.9998,0.9997,0.9998,0.9998,0.9998,0.9998,0.9998,0.9997,0.9996,0.9998,0.9998,0.9998,0.9998,0.9998,0.9998,0.9998,0.9997,0.9997,0.9998,0.9999,0.9998,0.9999,0.1622,0.1872,0.1898,0.1763,0.1969,0.1614,0.1677,0.1781,0.1623,0.1490,0.1997,0.1315,0.1870,0.1542,0.1730,0.1542,0.1970,0.1985,0.1753,0.1642,0.1937,0.1970,0.1982,0.1980,0.1844,0.1987,0.1970,0.1490,0.1759,0.1861,0.1491,0.1286,0.1623,0.1668,0.1993,0.1763,0.1879,0.1286,0.1709,0.1911,0.1677,0.1626,0.1409,0.1980,0.1412,0.1557,0.1569,0.1581,0.1373,0.1646,IDLE,IDLE,IDLE,IDLE,IDLE,IDLE,IDLE,IDLE,IDLE,IDLE,IDLE,IDLE,IDLE,IDLE,IDLE,IDLE,IDLE,IDLE,IDLE,IDLE,IDLE,IDLE,IDLE,IDLE,IDLE,IDLE,IDLE,IDLE,IDLE,IDLE,IDLE,IDLE,IDLE,IDLE,IDLE,IDLE,IDLE,IDLE,IDLE,IDLE,IDLE,IDLE,IDLE,IDLE,IDLE,IDLE,IDLE,IDLE,IDLE,IDLE
577,2024-01-25 01:00:01,0.00,0.00,0,0.0000,0.0000,0.00,0.9998,0.9999,0.9997,0.9997,0.9998,0.9998,0.9998,0.9997,0.9998,0.9998,0.9999,0.9997,0.9998,0.9999,0.9998,0.9999,0.9998,0.9998,0.9998,0.9998,0.9998,0.9998,0.9999,0.9998,0.9998,0.9998,0.9998,0.9998,0.9998,0.9997,0.9998,0.9998,0.9998,0.9998,0.9998,0.9997,0.9996,0.9998,0.9998,0.9998,0.9998,0.9998,0.9998,0.9998,0.9997,0.9997,0.9998,0.9999,0.9998,0.9999,0.1622,0.1872,0.1898,0.1763,0.1969,0.1614,0.1677,0.1781,0.1623,0.1490,0.1997,0.1315,0.1870,0.1542,0.1730,0.1542,0.1970,0.1985,0.1753,0.1642,0.1937,0.1970,0.1982,0.1980,0.1844,0.1987,0.1970,0.1490,0.1759,0.1861,0.1491,0.1286,0.1623,0.1668,0.1993,0.1763,0.1879,0.1286,0.1709,0.1911,0.1677,0.1626,0.1409,0.1980,0.1412,0.1557,0.1569,0.1581,0.1373,0.1646,IDLE,IDLE,IDLE,IDLE,IDLE,IDLE,IDLE,IDLE,IDLE,IDLE,IDLE,IDLE,IDLE,IDLE,IDLE,IDLE,IDLE,IDLE,IDLE,IDLE,IDLE,IDLE,IDLE,IDLE,IDLE,IDLE,IDLE,IDLE,IDLE,IDLE,IDLE,IDLE,IDLE,IDLE,IDLE,IDLE,IDLE,IDLE,IDLE,IDLE,IDLE,IDLE,IDLE,IDLE,IDLE,IDLE,IDLE,IDLE,IDLE,IDLE
578,2024-01-25 02:00:01,0.00,0.00,0,0.0000,0.0000,0.00,0.9998,0.9999,0.9997,0.9997,0.9998,0.9998,0.9998,0.9997,0.9998,0.9998,0.9999,0.9997,0.9998,0.9999,0.9998,0.9999,0.9998,0.9998,0.9998,0.9998,0.9998,0.9998,0.9999,0.9998,0.9998,0.9998,0.9998,0.9998,0.9998,0.9997,0.9998,0.9998,0.9998,0.9998,0.9998,0.9997,0.9996,0.9998,0.9998,0.9998,0.9998,0.9998,0.9998,0.9998,0.9997,0.9997,0.9998,0.9999,0.9998,0.9999,0.1622,0.1872,0.1898,0.1763,0.1969,0.1614,0.1677,0.1781,0.1623,0.1490,0.1997,0.1315,0.1870,0.1542,0.1730,0.1542,0.1970,0.1985,0.1753,0.1642,0.1937,0.1970,0.1982,0.1980,0.1844,0.1987,0.1970,0.1490,0.1759,0.1861,0.1491,0.1286,0.1623,0.1668,0.1993,0.1763,0.1879,0.1286,0.1709,0.1911,0.1677,0.1626,0.1409,0.1980,0.1412,0.1557,0.1569,0.1581,0.1373,0.1646,IDLE,IDLE,IDLE,IDLE,IDLE,IDLE,IDLE,IDLE,IDLE,IDLE,IDLE,IDLE,IDLE,IDLE,IDLE,IDLE,IDLE,IDLE,IDLE,IDLE,IDLE,IDLE,IDLE,IDLE,IDLE,IDLE,IDLE,IDLE,IDLE,IDLE,IDLE,IDLE,IDLE,IDLE,IDLE,IDLE,IDLE,IDLE,IDLE,IDLE,IDLE,IDLE,IDLE,IDLE,IDLE,IDLE,IDLE,IDLE,IDLE,IDLE
579,2024-01-25 03:00:01,0.00,0.00,0,0.0000,0.0000,0.00,0.9998,0.9999,0.9997,0.9997,0.9998,0.9998,0.9998,0.9997,0.9998,0.9998,0.9999,0.9997,0.9998,0.9999,0.9998,0.9999,0.9998,0.9998,0.9998,0.9998,0.9998,0.9998,0.9999,0.9998,0.9998,0.9998,0.9998,0.9998,0.9998,0.9997,0.9998,0.9998,0.9998,0.9998,0.9998,0.9997,0.9996,0.9998,0.9998,0.9998,0.9998,0.9998,0.9998,0.9998,0.9997,0.9997,0.9998,0.9999,0.9998,0.9999,0.1622,0.1872,0.1898,0.1763,0.1969,0.1614,0.1677,0.1781,0.1623,0.1490,0.1997,0.1315,0.1870,0.1542,0.1730,0.1542,0.1970,0.1985,0.1753,0.1642,0.1937,0.1970,0.1982,0.1980,0.1844,0.1987,0.1970,0.1490,0.1759,0.1861,0.1491,0.1286,0.1623,0.1668,0.1993,0.1763,0.1879,0.1286,0.1709,0.1911,0.1677,0.1626,0.1409,0.1980,0.1412,0.1557,0.1569,0.1581,0.1373,0.1646,IDLE,IDLE,IDLE,IDLE,IDLE,IDLE,IDLE,IDLE,IDLE,IDLE,IDLE,IDLE,IDLE,IDLE,IDLE,IDLE,IDLE,IDLE,IDLE,IDLE,IDLE,IDLE,IDLE,IDLE,IDLE,IDLE,IDLE,IDLE,IDLE,IDLE,IDLE,IDLE,IDLE,IDLE,IDLE,IDLE,IDLE,IDLE,IDLE,IDLE,IDLE,IDLE,IDLE,IDLE,IDLE,IDLE,IDLE,IDLE,IDLE,IDLE
580,2024-01-25 04:00:01,0.00,0.00,0,0.0000,0.0000,0.00,0.9998,0.9999,0.9997,0.9997,0.9998,0.9998,0.9998,0.9997,0.9998,0.9998,0.9999,0.9997,0.9998,0.9999,0.9998,0.9999,0.9998,0.9998,0.9998,0.9998,0.9998,0.9998,0.9999,0.9998,0.9998,0.9998,0.9998,0.9998,0.9998,0.9997,0.9998,0.9998,0.9998,0.9998,0.9998,0.9997,0.9996,0.9998,0.9998,0.9998,0.9998,0.9998,0.9998,0.9998,0.9997,0.9997,0.9998,0.9999,0.9998,0.9999,0.1622,0.1872,0.1898,0.1763,0.1969,0.1614,0.1677,0.1781,0.1623,0.1490,0.1997,0.1315,0.1870,0.1542,0.1730,0.1542,0.1970,0.1985,0.1753,0.1642,0.1937,0.1970,0.1982,0.1980,0.1844,0.1987,0.1970,0.1490,0.1759,0.1861,0.1491,0.1286,0.1623,0.1668,0.1993,0.1763,0.1879,0.1286,0.1709,0.1911,0.1677,0.1626,0.1409,0.1980,0.1412,0.1557,0.1569,0.1581,0.1373,0.1646,IDLE,IDLE,IDLE,IDLE,IDLE,IDLE,IDLE,IDLE,IDLE,IDLE,IDLE,IDLE,IDLE,IDLE,IDLE,IDLE,IDLE,IDLE,IDLE,IDLE,IDLE,IDLE,IDLE,IDLE,IDLE,IDLE,IDLE,IDLE,IDLE,IDLE,IDLE,IDLE,IDLE,IDLE,IDLE,IDLE,IDLE,IDLE,IDLE,IDLE,IDLE,IDLE,IDLE,IDLE,IDLE,IDLE,IDLE,IDLE,IDLE,IDLE
581,2024-01-25 05:00:01,0.00,0.00,0,0.0000,0.0000,0.00,0.9998,0.9999,0.9997,0.9997,0.9998,0.9998,0.9998,0.9997,0.9998,0.9998,0.9999,0.9997,0.9998,0.9999,0.9998,0.9999,0.9998,0.9998,0.9998,0.9998,0.9998,0.9998,0.9999,0.9998,0.9998,0.9998,0.9998,0.9998,0.9998,0.9997,0.9998,0.9998,0.9998,0.9998,0.9998,0.9997,0.9996,0.9998,0.9998,0.9998,0.9998,0.9998,0.9998,0.9998,0.9997,0.9997,0.9998,0.9999,0.9998,0.9999,0.1622,0.1872,0.1898,0.1763,0.1969,0.1614,0.1677,0.1781,0.1623,0.1490,0.1997,0.1315,0.1870,0.1542,0.1730,0.1542,0.1970,0.1985,0.1753,0.1642,0.1937,0.1970,0.1982,0.1980,0.1844,0.1987,0.1970,0.1490,0.1759,0.1861,0.1491,0.1286,0.1623,0.1668,0.1993,0.1763,0.1879,0.1286,0.1709,0.1911,0.1677,0.1626,0.1409,0.1980,0.1412,0.1557,0.1569,0.1581,0.1373,0.1646,IDLE,IDLE,IDLE,IDLE,IDLE,IDLE,IDLE,IDLE,IDLE,IDLE,IDLE,IDLE,IDLE,IDLE,IDLE,IDLE,IDLE,IDLE,IDLE,IDLE,IDLE,IDLE,IDLE,IDLE,IDLE,IDLE,IDLE,IDLE,IDLE,IDLE,IDLE,IDLE,IDLE,IDLE,IDLE,IDLE,IDLE,IDLE,IDLE,IDLE,IDLE,IDLE,IDLE,IDLE,IDLE,IDLE,IDLE,IDLE,IDLE,IDLE
582,2024-01-25 06:00:01,0.00,0.00,0,0.0000,0.0000,0.00,0.9998,0.9999,0.9997,0.9997,0.9998,0.9998,0.9998,0.9997,0.9998,0.9998,0.9999,0.9997,0.9998,0.9999,0.9998,0.9999,0.9998,0.9998,0.9998,0.9998,0.9998,0.9998,0.9999,0.9998,0.9998,0.9998,0.9998,0.9998,0.9998,0.9997,0.9998,0.9998,0.9998,0.9998,0.9998,0.9997,0.9996,0.9998,0.9998,0.9998,0.9998,0.9998,0.9998,0.9998,0.9997,0.9997,0.9998,0.9999,0.9998,0.9999,0.1622,0.1872,0.1898,0.1763,0.1969,0.1614,0.1677,0.1781,0.1623,0.1490,0.1997,0.1315,0.1870,0.1542,0.1730,0.1542,0.1970,0.1985,0.1753,0.1642,0.1937,0.1970,0.1982,0.1980,0.1844,0.1987,0.1970,0.1490,0.1759,0.1861,0.1491,0.1286,0.1623,0.1668,0.1993,0.1763,0.1879,0.1286,0.1709,0.1911,0.1677,0.1626,0.1409,0.1980,0.1412,0.1557,0.1569,0.1581,0.1373,0.1646,IDLE,IDLE,IDLE,IDLE,IDLE,IDLE,IDLE,IDLE,IDLE,IDLE,IDLE,IDLE,IDLE,IDLE,IDLE,IDLE,IDLE,IDLE,IDLE,IDLE,IDLE,IDLE,IDLE,IDLE,IDLE,IDLE,IDLE,IDLE,IDLE,IDLE,IDLE,IDLE,IDLE,IDLE,IDLE,IDLE,IDLE,IDLE,IDLE,IDLE,IDLE,IDLE,IDLE,IDLE,IDLE,IDLE,IDLE,IDLE,IDLE,IDLE
583,2024-01-25 07:00:01,0.00,0.00,0,0.0000,0.0000,0.00,0.9998,0.9999,0.9997,0.9997,0.9998,0.9998,0.9998,0.9997,0.9998,0.9998,0.9999,0.9997,0.9998,0.9999,0.9998,0.9999,0.9998,0.9998,0.9998,0.9998,0.9998,0.9998,0.9999,0.9998,0.9998,0.9998,0.9998,0.9998,0.9998,0.9997,0.9998,0.9998,0.9998,0.9998,0.9998,0.9997,0.9996,0.9998,0.9998,0.9998,0.9998,0.9998,0.9998,0.9998,0.9997,0.9997,0.9998,0.9999,0.9998,0.9999,0.1622,0.1872,0.1898,0.1763,0.1969,0.1614,0.1677,0.1781,0.1623,0.1490,0.1997,0.1315,0.1870,0.1542,0.1730,0.1542,0.1970,0.1985,0.1753,0.1642,0.1937,0.1970,0.1982,0.1980,0.1844,0.1987,0.1970,0.1490,0.1759,0.1861,0.1491,0.1286,0.1623,0.1668,0.1993,0.1763,0.1879,0.1286,0.1709,0.1911,0.1677,0.1626,0.1409,0.1980,0.1412,0.1557,0.1569,0.1581,0.1373,0.1646,IDLE,IDLE,IDLE,IDLE,IDLE,IDLE,IDLE,IDLE,IDLE,IDLE,IDLE,IDLE,IDLE,IDLE,IDLE,IDLE,IDLE,IDLE,IDLE,IDLE,IDLE,IDLE,IDLE,IDLE,IDLE,IDLE,IDLE,IDLE,IDLE,IDLE,IDLE,IDLE,IDLE,IDLE,IDLE,IDLE,IDLE,IDLE,IDLE,IDLE,IDLE,IDLE,IDLE,IDLE,IDLE,IDLE,IDLE,IDLE,IDLE,IDLE
584,2024-01-25 08:00:01,0.00,0.00,0,0.0000,0.0000,0.00,0.9998,0.9999,0.9997,0.9997,0.9998,0.9998,0.9998,0.9997,0.9998,0.9998,0.9999,0.9997,0.9998,0.9999,0.9998,0.9999,0.9998,0.9998,0.9998,0.9998,0.9998,0.9998,0.9999,0.9998,0.9998,0.9998,0.9998,0.9998,0.9998,0.9997,0.9998,0.9998,0.9998,0.9998,0.9998,0.9997,0.9996,0.9998,0.9998,0.9998,0.9998,0.9998,0.9998,0.9998,0.9997,0.9997,0.9998,0.9999,0.9998,0.9999,0.1622,0.1872,0.1898,0.1763,0.1969,0.1614,0.1677,0.1781,0.1623,0.1490,0.1997,0.1315,0.1870,0.1542,0.1730,0.1542,0.1970,0.1985,0.1753,0.1642,0.1937,0.1970,0.1982,0.1980,0.1844,0.1987,0.1970,0.1490,0.1759,0.1861,0.1491,0.1286,0.1623,0.1668,0.1993,0.1763,0.1879,0.1286,0.1709,0.1911,0.1677,0.1626,0.1409,0.1980,0.1412,0.1557,0.1569,0.1581,0.1373,0.1646,IDLE,IDLE,IDLE,IDLE,IDLE,IDLE,IDLE,IDLE,IDLE,IDLE,IDLE,IDLE,IDLE,IDLE,IDLE,IDLE,IDLE,IDLE,IDLE,IDLE,IDLE,IDLE,IDLE,IDLE,IDLE,IDLE,IDLE,IDLE,IDLE,IDLE,IDLE,IDLE,IDLE,IDLE,IDLE,IDLE,IDLE,IDLE,IDLE,IDLE,IDLE,IDLE,IDLE,IDLE,IDLE,IDLE,IDLE,IDLE,IDLE,IDLE
585,2024-01-25 09:00:01,0.00,0.00,0,0.0000,0.0000,0.00,0.9998,0.9999,0.9997,0.9997,0.9998,0.9998,0.9998,0.9997,0.9998,0.9998,0.9999,0.9997,0.9998,0.9999,0.9998,0.9999,0.9998,0.9998,0.9998,0.9998,0.9998,0.9998,0.9999,0.9998,0.9998,0.9998,0.9998,0.9998,0.9998,0.9997,0.9998,0.9998,0.9998,0.9998,0.9998,0.9997,0.9996,0.9998,0.9998,0.9998,0.9998,0.9998,0.9998,0.9998,0.9997,0.9997,0.9998,0.9999,0.9998,0.9999,0.1622,0.1872,0.1898,0.1763,0.1969,0.1614,0.1677,0.1781,0.1623,0.1490,0.1997,0.1315,0.1870,0.1542,0.1730,0.1542,0.1970,0.1985,0.1753,0.1642,0.1937,0.1970,0.1982,0.1980,0.1844,0.1987,0.1970,0.1490,0.1759,0.1861,0.1491,0.1286,0.1623,0.1668,0.1993,0.1763,0.1879,0.1286,0.1709,0.1911,0.1677,0.1626,0.1409,0.1980,0.1412,0.1557,0.1569,0.1581,0.1373,0.1646,IDLE,IDLE,IDLE,IDLE,IDLE,IDLE,IDLE,IDLE,IDLE,IDLE,IDLE,IDLE,IDLE,IDLE,IDLE,IDLE,IDLE,IDLE,IDLE,IDLE,IDLE,IDLE,IDLE,IDLE,IDLE,IDLE,IDLE,IDLE,IDLE,IDLE,IDLE,IDLE,IDLE,IDLE,IDLE,IDLE,IDLE,IDLE,IDLE,IDLE,IDLE,IDLE,IDLE,IDLE,IDLE,IDLE,IDLE,IDLE,IDLE,IDLE
586,2024-01-25 10:00:01,0.00,0.00,0,0.0000,0.0000,0.00,0.9998,0.9999,0.9997,0.9997,0.9998,0.9998,0.9998,0.9997,0.9998,0.9998,0.9999,0.9997,0.9998,0.9999,0.9998,0.9999,0.9998,0.9998,0.9998,0.9998,0.9998,0.9998,0.9999,0.9998,0.9998,0.9998,0.9998,0.9998,0.9998,0.9997,0.9998,0.9998,0.9998,0.9998,0.9998,0.9997,0.9996,0.9998,0.9998,0.9998,0.9998,0.9998,0.9998,0.9998,0.9997,0.9997,0.9998,0.9999,0.9998,0.9999,0.1622,0.1872,0.1898,0.1763,0.1969,0.1614,0.1677,0.1781,0.1623,0.1490,0.1997,0.1315,0.1870,0.1542,0.1730,0.1542,0.1970,0.1985,0.1753,0.1642,0.1937,0.1970,0.1982,0.1980,0.1844,0.1987,0.1970,0.1490,0.1759,0.1861,0.1491,0.1286,0.1623,0.1668,0.1993,0.1763,0.1879,0.1286,0.1709,0.1911,0.1677,0.1626,0.1409,0.1980,0.1412,0.1557,0.1569,0.1581,0.1373,0.1646,IDLE,IDLE,IDLE,IDLE,IDLE,IDLE,IDLE,IDLE,IDLE,IDLE,IDLE,IDLE,IDLE,IDLE,IDLE,IDLE,IDLE,IDLE,IDLE,IDLE,IDLE,IDLE,IDLE,IDLE,IDLE,IDLE,IDLE,IDLE,IDLE,IDLE,IDLE,IDLE,IDLE,IDLE,IDLE,IDLE,IDLE,IDLE,IDLE,IDLE,IDLE,IDLE,IDLE,IDLE,IDLE,IDLE,IDLE,IDLE,IDLE,IDLE
587,2024-01-25 11:00:01,0.00,0.00,0,0.0000,0.0000,0.00,0.9998,0.9999,0.9997,0.9997,0.9998,0.9998,0.9998,0.9997,0.9998,0.9998,0.9999,0.9997,0.9998,0.9999,0.9998,0.9999,0.9998,0.9998,0.9998,0.9998,0.9998,0.9998,0.9999,0.9998,0.9998,0.9998,0.9998,0.9998,0.9998,0.9997,0.9998,0.9998,0.9998,0.9998,0.9998,0.9997,0.9996,0.9998,0.9998,0.9998,0.9998,0.9998,0.9998,0.9998,0.9997,0.9997,0.9998,0.9999,0.9998,0.9999,0.1622,0.1872,0.1898,0.1763,0.1969,0.1614,0.1677,0.1781,0.1623,0.1490,0.1997,0.1315,0.1870,0.1542,0.1730,0.1542,0.1970,0.1985,0.1753,0.1642,0.1937,0.1970,0.1982,0.1980,0.1844,0.1987,0.1970,0.1490,0.1759,0.1861,0.1491,0.1286,0.1623,0.1668,0.1993,0.1763,0.1879,0.1286,0.1709,0.1911,0.1677,0.1626,0.1409,0.1980,0.1412,0.1557,0.1569,0.1581,0.1373,0.1646,IDLE,IDLE,IDLE,IDLE,IDLE,IDLE,IDLE,IDLE,IDLE,IDLE,IDLE,IDLE,IDLE,IDLE,IDLE,IDLE,IDLE,IDLE,IDLE,IDLE,IDLE,IDLE,IDLE,IDLE,IDLE,IDLE,IDLE,IDLE,IDLE,IDLE,IDLE,IDLE,IDLE,IDLE,IDLE,IDLE,IDLE,IDLE,IDLE,IDLE,IDLE,IDLE,IDLE,IDLE,IDLE,IDLE,IDLE,IDLE,IDLE,IDLE
588,2024-01-25 12:00:01,0.00,0.00,0,0.0000,0.0000,0.00,0.9998,0.9999,0.9997,0.9997,0.9998,0.9998,0.9998,0.9997,0.9998,0.9998,0.9999,0.9997,0.9998,0.9999,0.9998,0.9999,0.9998,0.9998,0.9998,0.9998,0.9998,0.9998,0.9999,0.9998,0.9998,0.9998,0.9998,0.9998,0.9998,0.9997,0.9998,0.9998,0.9998,0.9998,0.9998,0.9997,0.9996,0.9998,0.9998,0.9998,0.9998,0.9998,0.9998,0.9998,0.9997,0.9997,0.9998,0.9999,0.9998,0.9999,0.1622,0.1872,0.1898,0.1763,0.1969,0.1614,0.1677,0.1781,0.1623,0.1490,0.1997,0.1315,0.1870,0.1542,0.1730,0.1542,0.1970,0.1985,0.1753,0.1642,0.1937,0.1970,0.1982,0.1980,0.1844,0.1987,0.1970,0.1490,0.1759,0.1861,0.1491,0.1286,0.1623,0.1668,0.1993,0.1763,0.1879,0.1286,0.1709,0.1911,0.1677,0.1626,0.1409,0.1980,0.1412,0.1557,0.1569,0.1581,0.1373,0.1646,IDLE,IDLE,IDLE,IDLE,IDLE,IDLE,IDLE,IDLE,IDLE,IDLE,IDLE,IDLE,IDLE,IDLE,IDLE,IDLE,IDLE,IDLE,IDLE,IDLE,IDLE,IDLE,IDLE,IDLE,IDLE,IDLE,IDLE,IDLE,IDLE,IDLE,IDLE,IDLE,IDLE,IDLE,IDLE,IDLE,IDLE,IDLE,IDLE,IDLE,IDLE,IDLE,IDLE,IDLE,IDLE,IDLE,IDLE,IDLE,IDLE,IDLE
589,2024-01-25 13:00:01,0.00,0.00,0,0.0000,0.0000,0.00,0.9998,0.9999,0.9997,0.9997,0.9998,0.9998,0.9998,0.9997,0.9998,0.9998,0.9999,0.9997,0.9998,0.9999,0.9998,0.9999,0.9998,0.9998,0.9998,0.9998,0.9998,0.9998,0.9999,0.9998,0.9998,0.9998,0.9998,0.9998,0.9998,0.9997,0.9998,0.9998,0.9998,0.9998,0.9998,0.9997,0.9996,0.9998,0.9998,0.9998,0.9998,0.9998,0.9998,0.9998,0.9997,0.9997,0.9998,0.9999,0.9998,0.9999,0.1622,0.1872,0.1898,0.1763,0.1969,0.1614,0.1677,0.1781,0.1623,0.1490,0.1997,0.1315,0.1870,0.1542,0.1730,0.1542,0.1970,0.1985,0.1753,0.1642,0.1937,0.1970,0.1982,0.1980,0.1844,0.1987,0.1970,0.1490,0.1759,0.1861,0.1491,0.1286,0.1623,0.1668,0.1993,0.1763,0.1879,0.1286,0.1709,0.1911,0.1677,0.1626,0.1409,0.1980,0.1412,0.1557,0.1569,0.1581,0.1373,0.1646,IDLE,IDLE,IDLE,IDLE,IDLE,IDLE,IDLE,IDLE,IDLE,IDLE,IDLE,IDLE,IDLE,IDLE,IDLE,IDLE,IDLE,IDLE,IDLE,IDLE,IDLE,IDLE,IDLE,IDLE,IDLE,IDLE,IDLE,IDLE,IDLE,IDLE,IDLE,IDLE,IDLE,IDLE,IDLE,IDLE,IDLE,IDLE,IDLE,IDLE,IDLE,IDLE,IDLE,IDLE,IDLE,IDLE,IDLE,IDLE,IDLE,IDLE
590,2024-01-25 14:00:01,0.00,0.00,0,0.0000,0.0000,0.00,0.9998,0.9999,0.9997,0.9997,0.9998,0.9998,0.9998,0.9997,0.9998,0.9998,0.9999,0.9997,0.9998,0.9999,0.9998,0.9999,0.9998,0.9998,0.9998,0.9998,0.9998,0.9998,0.9999,0.9998,0.9998,0.9998,0.9998,0.9998,0.9998,0.9997,0.9998,0.9998,0.9998,0.9998,0.9998,0.9997,0.9996,0.9998,0.9998,0.9998,0.9998,0.9998,0.9998,0.9998,0.9997,0.9997,0.9998,0.9999,0.9998,0.9999,0.1622,0.1872,0.1898,0.1763,0.1969,0.1614,0.1677,0.1781,0.1623,0.1490,0.1997,0.1315,0.1870,0.1542,0.1730,0.1542,0.1970,0.1985,0.1753,0.1642,0.1937,0.1970,0.1982,0.1980,0.1844,0.1987,0.1970,0.1490,0.1759,0.1861,0.1491,0.1286,0.1623,0.1668,0.1993,0.1763,0.1879,0.1286,0.1709,0.1911,0.1677,0.1626,0.1409,0.1980,0.1412,0.1557,0.1569,0.1581,0.1373,0.1646,IDLE,IDLE,IDLE,IDLE,IDLE,IDLE,IDLE,IDLE,IDLE,IDLE,IDLE,IDLE,IDLE,IDLE,IDLE,IDLE,IDLE,IDLE,IDLE,IDLE,IDLE,IDLE,IDLE,IDLE,IDLE,IDLE,IDLE,IDLE,IDLE,IDLE,IDLE,IDLE,IDLE,IDLE,IDLE,IDLE,IDLE,IDLE,IDLE,IDLE,IDLE,IDLE,IDLE,IDLE,IDLE,IDLE,IDLE,IDLE,IDLE,IDLE
591,2024-01-25 15:00:01,0.00,0.00,0,0.0000,0.0000,0.00,0.9998,0.9999,0.9997,0.9997,0.9998,0.9998,0.9998,0.9997,0.9998,0.9998,0.9999,0.9997,0.9998,0.9999,0.9998,0.9999,0.9998,0.9998,0.9998,0.9998,0.9998,0.9998,0.9999,0.9998,0.9998,0.9998,0.9998,0.9998,0.9998,0.9997,0.9998,0.9998,0.9998,0.9998,0.9998,0.9997,0.9996,0.9998,0.9998,0.9998,0.9998,0.9998,0.9998,0.9998,0.9997,0.9997,0.9998,0.9999,0.9998,0.9999,0.1622,0.1872,0.1898,0.1763,0.1969,0.1614,0.1677,0.1781,0.1623,0.1490,0.1997,0.1315,0.1870,0.1542,0.1730,0.1542,0.1970,0.1985,0.1753,0.1642,0.1937,0.1970,0.1982,0.1980,0.1844,0.1987,0.1970,0.1490,0.1759,0.1861,0.1491,0.1286,0.1623,0.1668,0.1993,0.1763,0.1879,0.1286,0.1709,0.1911,0.1677,0.1626,0.1409,0.1980,0.1412,0.1557,0.1569,0.1581,0.1373,0.1646,IDLE,IDLE,IDLE,IDLE,IDLE,IDLE,IDLE,IDLE,IDLE,IDLE,IDLE,IDLE,IDLE,IDLE,IDLE,IDLE,IDLE,IDLE,IDLE,IDLE,IDLE,IDLE,IDLE,IDLE,IDLE,IDLE,IDLE,IDLE,IDLE,IDLE,IDLE,IDLE,IDLE,IDLE,IDLE,IDLE,IDLE,IDLE,IDLE,IDLE,IDLE,IDLE,IDLE,IDLE,IDLE,IDLE,IDLE,IDLE,IDLE,IDLE
592,2024-01-25 16:00:01,0.00,0.00,0,0.0000,0.0000,0.00,0.9998,0.9999,0.9997,0.9997,0.9998,0.9998,0.9998,0.9997,0.9998,0.9998,0.9999,0.9997,0.9998,0.9999,0.9998,0.9999,0.9998,0.9998,0.9998,0.9998,0.9998,0.9998,0.9999,0.9998,0.9998,0.9998,0.9998,0.9998,0.9998,0.9997,0.9998,0.9998,0.9998,0.9998,0.9998,0.9997,0.9996,0.9998,0.9998,0.9998,0.9998,0.9998,0.9998,0.9998,0.9997,0.9997,0.9998,0.9999,0.9998,0.9999,0.1622,0.1872,0.1898,0.1763,0.1969,0.1614,0.1677,0.1781,0.1623,0.1490,0.1997,0.1315,0.1870,0.1542,0.1730,0.1542,0.1970,0.1985,0.1753,0.1642,0.1937,0.1970,0.1982,0.1980,0.1844,0.1987,0.1970,0.1490,0.1759,0.1861,0.1491,0.1286,0.1623,0.1668,0.1993,0.1763,0.1879,0.1286,0.1709,0.1911,0.1677,0.1626,0.1409,0.1980,0.1412,0.1557,0.1569,0.1581,0.1373,0.1646,IDLE,IDLE,IDLE,IDLE,IDLE,IDLE,IDLE,IDLE,IDLE,IDLE,IDLE,IDLE,IDLE,IDLE,IDLE,IDLE,IDLE,IDLE,IDLE,IDLE,IDLE,IDLE,IDLE,IDLE,IDLE,IDLE,IDLE,IDLE,IDLE,IDLE,IDLE,IDLE,IDLE,IDLE,IDLE,IDLE,IDLE,IDLE,IDLE,IDLE,IDLE,IDLE,IDLE,IDLE,IDLE,IDLE,IDLE,IDLE,IDLE,IDLE
593,2024-01-25 17:00:01,0.00,0.00,0,0.0000,0.0000,0.00,0.9998,0.9999,0.9997,0.9997,0.9998,0.9998,0.9998,0.9997,0.9998,0.9998,0.9999,0.9997,0.9998,0.9999,0.9998,0.9999,0.9998,0.9998,0.9998,0.9998,0.9998,0.9998,0.9999,0.9998,0.9998,0.9998,0.9998,0.9998,0.9998,0.9997,0.9998,0.9998,0.9998,0.9998,0.9998,0.9997,0.9996,0.9998,0.9998,0.9998,0.9998,0.9998,0.9998,0.9998,0.9997,0.9997,0.9998,0.9999,0.9998,0.9999,0.1622,0.1872,0.1898,0.1763,0.1969,0.1614,0.1677,0.1781,0.1623,0.1490,0.1997,0.1315,0.1870,0.1542,0.1730,0.1542,0.1970,0.1985,0.1753,0.1642,0.1937,0.1970,0.1982,0.1980,0.1844,0.1987,0.1970,0.1490,0.1759,0.1861,0.1491,0.1286,0.1623,0.1668,0.1993,0.1763,0.1879,0.1286,0.1709,0.1911,0.1677,0.1626,0.1409,0.1980,0.1412,0.1557,0.1569,0.1581,0.1373,0.1646,IDLE,IDLE,IDLE,IDLE,IDLE,IDLE,IDLE,IDLE,IDLE,IDLE,IDLE,IDLE,IDLE,IDLE,IDLE,IDLE,IDLE,IDLE,IDLE,IDLE,IDLE,IDLE,IDLE,IDLE,IDLE,IDLE,IDLE,IDLE,IDLE,IDLE,IDLE,IDLE,IDLE,IDLE,IDLE,IDLE,IDLE,IDLE,IDLE,IDLE,IDLE,IDLE,IDLE,IDLE,IDLE,IDLE,IDLE,IDLE,IDLE,IDLE
594,2024-01-25 18:00:01,0.00,0.00,0,0.0000,0.0000,0.00,0.9998,0.9999,0.9997,0.9997,0.9998,0.9998,0.9998,0.9997,0.9998,0.9998,0.9999,0.9997,0.9998,0.9999,0.9998,0.9999,0.9998,0.9998,0.9998,0.9998,0.9998,0.9998,0.9999,0.9998,0.9998,0.9998,0.9998,0.9998,0.9998,0.9997,0.9998,0.9998,0.9998,0.9998,0.9998,0.9997,0.9996,0.9998,0.9998,0.9998,0.9998,0.9998,0.9998,0.9998,0.9997,0.9997,0.9998,0.9999,0.9998,0.9999,0.1622,0.1872,0.1898,0.1763,0.1969,0.1614,0.1677,0.1781,0.1623,0.1490,0.1997,0.1315,0.1870,0.1542,0.1730,0.1542,0.1970,0.1985,0.1753,0.1642,0.1937,0.1970,0.1982,0.1980,0.1844,0.1987,0.1970,0.1490,0.1759,0.1861,0.1491,0.1286,0.1623,0.1668,0.1993,0.1763,0.1879,0.1286,0.1709,0.1911,0.1677,0.1626,0.1409,0.1980,0.1412,0.1557,0.1569,0.1581,0.1373,0.1646,IDLE,IDLE,IDLE,IDLE,IDLE,IDLE,IDLE,IDLE,IDLE,IDLE,IDLE,IDLE,IDLE,IDLE,IDLE,IDLE,IDLE,IDLE,IDLE,IDLE,IDLE,IDLE,IDLE,IDLE,IDLE,IDLE,IDLE,IDLE,IDLE,IDLE,IDLE,IDLE,IDLE,IDLE,IDLE,IDLE,IDLE,IDLE,IDLE,IDLE,IDLE,IDLE,IDLE,IDLE,IDLE,IDLE,IDLE,IDLE,IDLE,IDLE
595,2024-01-25 19:00:01,0.00,0.00,0,0.0000,0.0000,0.00,0.9998,0.9999,0.9997,0.9997,0.9998,0.9998,0.9998,0.9997,0.9998,0.9998,0.9999,0.9997,0.9998,0.9999,0.9998,0.9999,0.9998,0.9998,0.9998,0.9998,0.9998,0.9998,0.9999,0.9998,0.9998,0.9998,0.9998,0.9998,0.9998,0.9997,0.9998,0.9998,0.9998,0.9998,0.9998,0.9997,0.9996,0.9998,0.9998,0.9998,0.9998,0.9998,0.9998,0.9998,0.9997,0.9997,0.9998,0.9999,0.9998,0.9999,0.1622,0.1872,0.1898,0.1763,0.1969,0.1614,0.1677,0.1781,0.1623,0.1490,0.1997,0.1315,0.1870,0.1542,0.1730,0.1542,0.1970,0.1985,0.1753,0.1642,0.1937,0.1970,0.1982,0.1980,0.1844,0.1987,0.1970,0.1490,0.1759,0.1861,0.1491,0.1286,0.1623,0.1668,0.1993,0.1763,0.1879,0.1286,0.1709,0.1911,0.1677,0.1626,0.1409,0.1980,0.1412,0.1557,0.1569,0.1581,0.1373,0.1646,IDLE,IDLE,IDLE,IDLE,IDLE,IDLE,IDLE,IDLE,IDLE,IDLE,IDLE,IDLE,IDLE,IDLE,IDLE,IDLE,IDLE,IDLE,IDLE,IDLE,IDLE,IDLE,IDLE,IDLE,IDLE,IDLE,IDLE,IDLE,IDLE,IDLE,IDLE,IDLE,IDLE,IDLE,IDLE,IDLE,IDLE,IDLE,IDLE,IDLE,IDLE,IDLE,IDLE,IDLE,IDLE,IDLE,IDLE,IDLE,IDLE,IDLE
596,2024-01-25 20:00:01,0.00,0.00,0,0.0000,0.0000,0.00,0.9998,0.9999,0.9997,0.9997,0.9998,0.9998,0.9998,0.9997,0.9998,0.9998,0.9999,0.9997,0.9998,0.9999,0.9998,0.9999,0.9998,0.9998,0.9998,0.9998,0.9998,0.9998,0.9999,0.9998,0.9998,0.9998,0.9998,0.9998,0.9998,0.9997,0.9998,0.9998,0.9998,0.9998,0.9998,0.9997,0.9996,0.9998,0.9998,0.9998,0.9998,0.9998,0.9998,0.9998,0.9997,0.9997,0.9998,0.9999,0.9998,0.9999,0.1622,0.1872,0.1898,0.1763,0.1969,0.1614,0.1677,0.1781,0.1623,0.1490,0.1997,0.1315,0.1870,0.1542,0.1730,0.1542,0.1970,0.1985,0.1753,0.1642,0.1937,0.1970,0.1982,0.1980,0.1844,0.1987,0.1970,0.1490,0.1759,0.1861,0.1491,0.1286,0.1623,0.1668,0.1993,0.1763,0.1879,0.1286,0.1709,0.1911,0.1677,0.1626,0.1409,0.1980,0.1412,0.1557,0.1569,0.1581,0.1373,0.1646,IDLE,IDLE,IDLE,IDLE,IDLE,IDLE,IDLE,IDLE,IDLE,IDLE,IDLE,IDLE,IDLE,IDLE,IDLE,IDLE,IDLE,IDLE,IDLE,IDLE,IDLE,IDLE,IDLE,IDLE,IDLE,IDLE,IDLE,IDLE,IDLE,IDLE,IDLE,IDLE,IDLE,IDLE,IDLE,IDLE,IDLE,IDLE,IDLE,IDLE,IDLE,IDLE,IDLE,IDLE,IDLE,IDLE,IDLE,IDLE,IDLE,IDLE
597,2024-01-25 21:00:01,0.00,0.00,0,0.0000,0.0000,0.00,0.9998,0.9999,0.9997,0.9997,0.9998,0.9998,0.9998,0.9997,0.9998,0.9998,0.9999,0.9997,0.9998,0.9999,0.9998,0.9999,0.9998,0.9998,0.9998,0.9998,0.9998,0.9998,0.9999,0.9998,0.9998,0.9998,0.9998,0.9998,0.9998,0.9997,0.9998,0.9998,0.9998,0.9998,0.9998,0.9997,0.9996,0.9998,0.9998,0.9998,0.9998,0.9998,0.9998,0.9998,0.9997,0.9997,0.9998,0.9999,0.9998,0.9999,0.1622,0.1872,0.1898,0.1763,0.1969,0.1614,0.1677,0.1781,0.1623,0.1490,0.1997,0.1315,0.1870,0.1542,0.1730,0.1542,0.1970,0.1985,0.1753,0.1642,0.1937,0.1970,0.1982,0.1980,0.1844,0.1987,0.1970,0.1490,0.1759,0.1861,0.1491,0.1286,0.1623,0.1668,0.1993,0.1763,0.1879,0.1286,0.1709,0.1911,0.1677,0.1626,0.1409,0.1980,0.1412,0.1557,0.1569,0.1581,0.1373,0.1646,IDLE,IDLE,IDLE,IDLE,IDLE,IDLE,IDLE,IDLE,IDLE,IDLE,IDLE,IDLE,IDLE,IDLE,IDLE,IDLE,IDLE,IDLE,IDLE,IDLE,IDLE,IDLE,IDLE,IDLE,IDLE,IDLE,IDLE,IDLE,IDLE,IDLE,IDLE,IDLE,IDLE,IDLE,IDLE,IDLE,IDLE,IDLE,IDLE,IDLE,IDLE,IDLE,IDLE,IDLE,IDLE,IDLE,IDLE,IDLE,IDLE,IDLE
598,2024-01-25 22:00:01,0.00,0.00,0,0.0000,0.0000,0.00,0.9998,0.9999,0.9997,0.9997,0.9998,0.9998,0.9998,0.9997,0.9998,0.9998,0.9999,0.9997,0.9998,0.9999,0.9998,0.9999,0.9998,0.9998,0.9998,0.9998,0.9998,0.9998,0.9999,0.9998,0.9998,0.9998,0.9998,0.9998,0.9998,0.9997,0.9998,0.9998,0.9998,0.9998,0.9998,0.9997,0.9996,0.9998,0.9998,0.9998,0.9998,0.9998,0.9998,0.9998,0.9997,0.9997,0.9998,0.9999,0.9998,0.9999,0.1622,0.1872,0.1898,0.1763,0.1969,0.1614,0.1677,0.1781,0.1623,0.1490,0.1997,0.1315,0.1870,0.1542,0.1730,0.1542,0.1970,0.1985,0.1753,0.1642,0.1937,0.1970,0.1982,0.1980,0.1844,0.1987,0.1970,0.1490,0.1759,0.1861,0.1491,0.1286,0.1623,0.1668,0.1993,0.1763,0.1879,0.1286,0.1709,0.1911,0.1677,0.1626,0.1409,0.1980,0.1412,0.1557,0.1569,0.1581,0.1373,0.1646,IDLE,IDLE,IDLE,IDLE,IDLE,IDLE,IDLE,IDLE,IDLE,IDLE,IDLE,IDLE,IDLE,IDLE,IDLE,IDLE,IDLE,IDLE,IDLE,IDLE,IDLE,IDLE,IDLE,IDLE,IDLE,IDLE,IDLE,IDLE,IDLE,IDLE,IDLE,IDLE,IDLE,IDLE,IDLE,IDLE,IDLE,IDLE,IDLE,IDLE,IDLE,IDLE,IDLE,IDLE,IDLE,IDLE,IDLE,IDLE,IDLE,IDLE
599,2024-01-25 23:00:01,0.00,0.00,0,0.0000,0.0000,0.00,0.9998,0.9999,0.9997,0.9997,0.9998,0.9998,0.9998,0.9997,0.9998,0.9998,0.9999,0.9997,0.9998,0.9999,0.9998,0.9999,0.9998,0.9998,0.9998,0.9998,0.9998,0.9998,0.9999,0.9998,0.9998,0.9998,0.9998,0.9998,0.9998,0.9997,0.9998,0.9998,0.9998,0.9998,0.9998,0.9997,0.9996,0.9998,0.9998,0.9998,0.9998,0.9998,0.9998,0.9998,0.9997,0.9997,0.9998,0.9999,0.9998,0.9999,0.1622,0.1872,0.1898,0.1763,0.1969,0.1614,0.1677,0.1781,0.1623,0.1490,0.1997,0.1315,0.1870,0.1542,0.1730,0.1542,0.1970,0.1985,0.1753,0.1642,0.1937,0.1970,0.1982,0.1980,0.1844,0.1987,0.1970,0.1490,0.1759,0.1861,0.1491,0.1286,0.1623,0.1668,0.1993,0.1763,0.1879,0.1286,0.1709,0.1911,0.1677,0.1626,0.1409,0.1980,0.1412,0.1557,0.1569,0.1581,0.1373,0.1646,IDLE,IDLE,IDLE,IDLE,IDLE,IDLE,IDLE,IDLE,IDLE,IDLE,IDLE,IDLE,IDLE,IDLE,IDLE,IDLE,IDLE,IDLE,IDLE,IDLE,IDLE,IDLE,IDLE,IDLE,IDLE,IDLE,IDLE,IDLE,IDLE,IDLE,IDLE,IDLE,IDLE,IDLE,IDLE,IDLE,IDLE,IDLE,IDLE,IDLE,IDLE,IDLE,IDLE,IDLE,IDLE,IDLE,IDLE,IDLE,IDLE,IDLE
600,2024-01-26 00:00:01,0.00,0.00,0,0.0000,0.0000,0.00,0.9998,0.9999,0.9997,0.9997,0.9998,0.9998,0.9998,0.9997,0.9998,0.9998,0.9999,0.9997,0.9998,0.9999,0.9998,0.9999,0.9998,0.9998,0.9998,0.9998,0.9998,0.9998,0.9999,0.9998,0.9998,0.9998,0.9998,0.9998,0.9998,0.9997,0.9998,0.9998,0.9998,0.9998,0.9998,0.9997,0.9996,0.9998,0.9998,0.9998,0.9998,0.9998,0.9998,0.9998,0.9997,0.9997,0.9998,0.9999,0.9998,0.9999,0.1622,0.1872,0.1898,0.1763,0.1969,0.1614,0.1677,0.1781,0.1623,0.1490,0.1997,0.1315,0.1870,0.1542,0.1730,0.1542,0.1970,0.1985,0.1753,0.1642,0.1937,0.1970,0.1982,0.1980,0.1844,0.1987,0.1970,0.1490,0.1759,0.1861,0.1491,0.1286,0.1623,0.1668,0.1993,0.1763,0.1879,0.1286,0.1709,0.1911,0.1677,0.1626,0.1409,0.1980,0.1412,0.1557,0.1569,0.1581,0.1373,0.1646,IDLE,IDLE,IDLE,IDLE,IDLE,IDLE,IDLE,IDLE,IDLE,IDLE,IDLE,IDLE,IDLE,IDLE,IDLE,IDLE,IDLE,IDLE,IDLE,IDLE,IDLE,IDLE,IDLE,IDLE,IDLE,IDLE,IDLE,IDLE,IDLE,IDLE,IDLE,IDLE,IDLE,IDLE,IDLE,IDLE,IDLE,IDLE,IDLE,IDLE,IDLE,IDLE,IDLE,IDLE,IDLE,IDLE,IDLE,IDLE,IDLE,IDLE
601,2024-01-26 01:00:01,0.00,0.00,0,0.0000,0.0000,0.00,0.9998,0.9999,0.9997,0.9997,0.9998,0.9998,0.9998,0.9997,0.9998,0.9998,0.9999,0.9997,0.9998,0.9999,0.9998,0.9999,0.9998,0.9998,0.9998,0.9998,0.9998,0.9998,0.9999,0.9998,0.9998,0.9998,0.9998,0.9998,0.9998,0.9997,0.9998,0.9998,0.9998,0.9998,0.9998,0.9997,0.9996,0.9998,0.9998,0.9998,0.9998,0.9998,0.9998,0.9998,0.9997,0.9997,0.9998,0.9999,0.9998,0.9999,0.1622,0.1872,0.1898,0.1763,0.1969,0.1614,0.1677,0.1781,0.1623,0.1490,0.1997,0.1315,0.1870,0.1542,0.1730,0.1542,0.1970,0.1985,0.1753,0.1642,0.1937,0.1970,0.1982,0.1980,0.1844,0.1987,0.1970,0.1490,0.1759,0.1861,0.1491,0.1286,0.1623,0.1668,0.1993,0.1763,0.1879,0.1286,0.1709,0.1911,0.1677,0.1626,0.1409,0.1980,0.1412,0.1557,0.1569,0.1581,0.1373,0.1646,IDLE,IDLE,IDLE,IDLE,IDLE,IDLE,IDLE,IDLE,IDLE,IDLE,IDLE,IDLE,IDLE,IDLE,IDLE,IDLE,IDLE,IDLE,IDLE,IDLE,IDLE,IDLE,IDLE,IDLE,IDLE,IDLE,IDLE,IDLE,IDLE,IDLE,IDLE,IDLE,IDLE,IDLE,IDLE,IDLE,IDLE,IDLE,IDLE,IDLE,IDLE,IDLE,IDLE,IDLE,IDLE,IDLE,IDLE,IDLE,IDLE,IDLE
602,2024-01-26 02:00:01,0.00,0.00,0,0.0000,0.0000,0.00,0.9998,0.9999,0.9997,0.9997,0.9998,0.9998,0.9998,0.9997,0.9998,0.9998,0.9999,0.9997,0.9998,0.9999,0.9998,0.9999,0.9998,0.9998,0.9998,0.9998,0.9998,0.9998,0.9999,0.9998,0.9998,0.9998,0.9998,0.9998,0.9998,0.9997,0.9998,0.9998,0.9998,0.9998,0.9998,0.9997,0.9996,0.9998,0.9998,0.9998,0.9998,0.9998,0.9998,0.9998,0.9997,0.9997,0.9998,0.9999,0.9998,0.9999,0.1622,0.1872,0.1898,0.1763,0.1969,0.1614,0.1677,0.1781,0.1623,0.1490,0.1997,0.1315,0.1870,0.1542,0.1730,0.1542,0.1970,0.1985,0.1753,0.1642,0.1937,0.1970,0.1982,0.1980,0.1844,0.1987,0.1970,0.1490,0.1759,0.1861,0.1491,0.1286,0.1623,0.1668,0.1993,0.1763,0.1879,0.1286,0.1709,0.1911,0.1677,0.1626,0.1409,0.1980,0.1412,0.1557,0.1569,0.1581,0.1373,0.1646,IDLE,IDLE,IDLE,IDLE,IDLE,IDLE,IDLE,IDLE,IDLE,IDLE,IDLE,IDLE,IDLE,IDLE,IDLE,IDLE,IDLE,IDLE,IDLE,IDLE,IDLE,IDLE,IDLE,IDLE,IDLE,IDLE,IDLE,IDLE,IDLE,IDLE,IDLE,IDLE,IDLE,IDLE,IDLE,IDLE,IDLE,IDLE,IDLE,IDLE,IDLE,IDLE,IDLE,IDLE,IDLE,IDLE,IDLE,IDLE,IDLE,IDLE
603,2024-01-26 03:00:01,0.00,0.00,0,0.0000,0.0000,0.00,0.9998,0.9999,0.9997,0.9997,0.9998,0.9998,0.9998,0.9997,0.9998,0.9998,0.9999,0.9997,0.9998,0.9999,0.9998,0.9999,0.9998,0.9998,0.9998,0.9998,0.9998,0.9998,0.9999,0.9998,0.9998,0.9998,0.9998,0.9998,0.9998,0.9997,0.9998,0.9998,0.9998,0.9998,0.9998,0.9997,0.9996,0.9998,0.9998,0.9998,0.9998,0.9998,0.9998,0.9998,0.9997,0.9997,0.9998,0.9999,0.9998,0.9999,0.1622,0.1872,0.1898,0.1763,0.1969,0.1614,0.1677,0.1781,0.1623,0.1490,0.1997,0.1315,0.1870,0.1542,0.1730,0.1542,0.1970,0.1985,0.1753,0.1642,0.1937,0.1970,0.1982,0.1980,0.1844,0.1987,0.1970,0.1490,0.1759,0.1861,0.1491,0.1286,0.1623,0.1668,0.1993,0.1763,0.1879,0.1286,0.1709,0.1911,0.1677,0.1626,0.1409,0.1980,0.1412,0.1557,0.1569,0.1581,0.1373,0.1646,IDLE,IDLE,IDLE,IDLE,IDLE,IDLE,IDLE,IDLE,IDLE,IDLE,IDLE,IDLE,IDLE,IDLE,IDLE,IDLE,IDLE,IDLE,IDLE,IDLE,IDLE,IDLE,IDLE,IDLE,IDLE,IDLE,IDLE,IDLE,IDLE,IDLE,IDLE,IDLE,IDLE,IDLE,IDLE,IDLE,IDLE,IDLE,IDLE,IDLE,IDLE,IDLE,IDLE,IDLE,IDLE,IDLE,IDLE,IDLE,IDLE,IDLE
604,2024-01-26 04:00:01,0.00,0.00,0,0.0000,0.0000,0.00,0.9998,0.9999,0.9997,0.9997,0.9998,0.9998,0.9998,0.9997,0.9998,0.9998,0.9999,0.9997,0.9998,0.9999,0.9998,0.9999,0.9998,0.9998,0.9998,0.9998,0.9998,0.9998,0.9999,0.9998,0.9998,0.9998,0.9998,0.9998,0.9998,0.9997,0.9998,0.9998,0.9998,0.9998,0.9998,0.9997,0.9996,0.9998,0.9998,0.9998,0.9998,0.9998,0.9998,0.9998,0.9997,0.9997,0.9998,0.9999,0.9998,0.9999,0.1622,0.1872,0.1898,0.1763,0.1969,0.1614,0.1677,0.1781,0.1623,0.1490,0.1997,0.1315,0.1870,0.1542,0.1730,0.1542,0.1970,0.1985,0.1753,0.1642,0.1937,0.1970,0.1982,0.1980,0.1844,0.1987,0.1970,0.1490,0.1759,0.1861,0.1491,0.1286,0.1623,0.1668,0.1993,0.1763,0.1879,0.1286,0.1709,0.1911,0.1677,0.1626,0.1409,0.1980,0.1412,0.1557,0.1569,0.1581,0.1373,0.1646,IDLE,IDLE,IDLE,IDLE,IDLE,IDLE,IDLE,IDLE,IDLE,IDLE,IDLE,IDLE,IDLE,IDLE,IDLE,IDLE,IDLE,IDLE,IDLE,IDLE,IDLE,IDLE,IDLE,IDLE,IDLE,IDLE,IDLE,IDLE,IDLE,IDLE,IDLE,IDLE,IDLE,IDLE,IDLE,IDLE,IDLE,IDLE,IDLE,IDLE,IDLE,IDLE,IDLE,IDLE,IDLE,IDLE,IDLE,IDLE,IDLE,IDLE
605,2024-01-26 05:00:01,0.00,0.00,0,0.0000,0.0000,0.00,0.9998,0.9999,0.9997,0.9997,0.9998,0.9998,0.9998,0.9997,0.9998,0.9998,0.9999,0.9997,0.9998,0.9999,0.9998,0.9999,0.9998,0.9998,0.9998,0.9998,0.9998,0.9998,0.9999,0.9998,0.9998,0.9998,0.9998,0.9998,0.9998,0.9997,0.9998,0.9998,0.9998,0.9998,0.9998,0.9997,0.9996,0.9998,0.9998,0.9998,0.9998,0.9998,0.9998,0.9998,0.9997,0.9997,0.9998,0.9999,0.9998,0.9999,0.1622,0.1872,0.1898,0.1763,0.1969,0.1614,0.1677,0.1781,0.1623,0.1490,0.1997,0.1315,0.1870,0.1542,0.1730,0.1542,0.1970,0.1985,0.1753,0.1642,0.1937,0.1970,0.1982,0.1980,0.1844,0.1987,0.1970,0.1490,0.1759,0.1861,0.1491,0.1286,0.1623,0.1668,0.1993,0.1763,0.1879,0.1286,0.1709,0.1911,0.1677,0.1626,0.1409,0.1980,0.1412,0.1557,0.1569,0.1581,0.1373,0.1646,IDLE,IDLE,IDLE,IDLE,IDLE,IDLE,IDLE,IDLE,IDLE,IDLE,IDLE,IDLE,IDLE,IDLE,IDLE,IDLE,IDLE,IDLE,IDLE,IDLE,IDLE,IDLE,IDLE,IDLE,IDLE,IDLE,IDLE,IDLE,IDLE,IDLE,IDLE,IDLE,IDLE,IDLE,IDLE,IDLE,IDLE,IDLE,IDLE,IDLE,IDLE,IDLE,IDLE,IDLE,IDLE,IDLE,IDLE,IDLE,IDLE,IDLE
606,2024-01-26 06:00:01,0.00,0.00,0,0.0000,0.0000,0.00,0.9998,0.9999,0.9997,0.9997,0.9998,0.9998,0.9998,0.9997,0.9998,0.9998,0.9999,0.9997,0.9998,0.9999,0.9998,0.9999,0.9998,0.9998,0.9998,0.9998,0.9998,0.9998,0.9999,0.9998,0.9998,0.9998,0.9998,0.9998,0.9998,0.9997,0.9998,0.9998,0.9998,0.9998,0.9998,0.9997,0.9996,0.9998,0.9998,0.9998,0.9998,0.9998,0.9998,0.9998,0.9997,0.9997,0.9998,0.9999,0.9998,0.9999,0.1622,0.1872,0.1898,0.1763,0.1969,0.1614,0.1677,0.1781,0.1623,0.1490,0.1997,0.1315,0.1870,0.1542,0.1730,0.1542,0.1970,0.1985,0.1753,0.1642,0.1937,0.1970,0.1982,0.1980,0.1844,0.1987,0.1970,0.1490,0.1759,0.1861,0.1491,0.1286,0.1623,0.1668,0.1993,0.1763,0.1879,0.1286,0.1709,0.1911,0.1677,0.1626,0.1409,0.1980,0.1412,0.1557,0.1569,0.1581,0.1373,0.1646,IDLE,IDLE,IDLE,IDLE,IDLE,IDLE,IDLE,IDLE,IDLE,IDLE,IDLE,IDLE,IDLE,IDLE,IDLE,IDLE,IDLE,IDLE,IDLE,IDLE,IDLE,IDLE,IDLE,IDLE,IDLE,IDLE,IDLE,IDLE,IDLE,IDLE,IDLE,IDLE,IDLE,IDLE,IDLE,IDLE,IDLE,IDLE,IDLE,IDLE,IDLE,IDLE,IDLE,IDLE,IDLE,IDLE,IDLE,IDLE,IDLE,IDLE
607,2024-01-26 07:00:01,0.00,0.00,0,0.0000,0.0000,0.00,0.9998,0.9999,0.9997,0.9997,0.9998,0.9998,0.9998,0.9997,0.9998,0.9998,0.9999,0.9997,0.9998,0.9999,0.9998,0.9999,0.9998,0.9998,0.9998,0.9998,0.9998,0.9998,0.9999,0.9998,0.9998,0.9998,0.9998,0.9998,0.9998,0.9997,0.9998,0.9998,0.9998,0.9998,0.9998,0.9997,0.9996,0.9998,0.9998,0.9998,0.9998,0.9998,0.9998,0.9998,0.9997,0.9997,0.9998,0.9999,0.9998,0.9999,0.1622,0.1872,0.1898,0.1763,0.1969,0.1614,0.1677,0.1781,0.1623,0.1490,0.1997,0.1315,0.1870,0.1542,0.1730,0.1542,0.1970,0.1985,0.1753,0.1642,0.1937,0.1970,0.1982,0.1980,0.1844,0.1987,0.1970,0.1490,0.1759,0.1861,0.1491,0.1286,0.1623,0.1668,0.1993,0.1763,0.1879,0.1286,0.1709,0.1911,0.1677,0.1626,0.1409,0.1980,0.1412,0.1557,0.1569,0.1581,0.1373,0.1646,IDLE,IDLE,IDLE,IDLE,IDLE,IDLE,IDLE,IDLE,IDLE,IDLE,IDLE,IDLE,IDLE,IDLE,IDLE,IDLE,IDLE,IDLE,IDLE,IDLE,IDLE,IDLE,IDLE,IDLE,IDLE,IDLE,IDLE,IDLE,IDLE,IDLE,IDLE,IDLE,IDLE,IDLE,IDLE,IDLE,IDLE,IDLE,IDLE,IDLE,IDLE,IDLE,IDLE,IDLE,IDLE,IDLE,IDLE,IDLE,IDLE,IDLE
608,2024-01-26 08:00:01,0.00,0.00,0,0.0000,0.0000,0.00,0.9998,0.9999,0.9997,0.9997,0.9998,0.9998,0.9998,0.9997,0.9998,0.9998,0.9999,0.9997,0.9998,0.9999,0.9998,0.9999,0.9998,0.9998,0.9998,0.9998,0.9998,0.9998,0.9999,0.9998,0.9998,0.9998,0.9998,0.9998,0.9998,0.9997,0.9998,0.9998,0.9998,0.9998,0.9998,0.9997,0.9996,0.9998,0.9998,0.9998,0.9998,0.9998,0.9998,0.9998,0.9997,0.9997,0.9998,0.9999,0.9998,0.9999,0.1622,0.1872,0.1898,0.1763,0.1969,0.1614,0.1677,0.1781,0.1623,0.1490,0.1997,0.1315,0.1870,0.1542,0.1730,0.1542,0.1970,0.1985,0.1753,0.1642,0.1937,0.1970,0.1982,0.1980,0.1844,0.1987,0.1970,0.1490,0.1759,0.1861,0.1491,0.1286,0.1623,0.1668,0.1993,0.1763,0.1879,0.1286,0.1709,0.1911,0.1677,0.1626,0.1409,0.1980,0.1412,0.1557,0.1569,0.1581,0.1373,0.1646,IDLE,IDLE,IDLE,IDLE,IDLE,IDLE,IDLE,IDLE,IDLE,IDLE,IDLE,IDLE,IDLE,IDLE,IDLE,IDLE,IDLE,IDLE,IDLE,IDLE,IDLE,IDLE,IDLE,IDLE,IDLE,IDLE,IDLE,IDLE,IDLE,IDLE,IDLE,IDLE,IDLE,IDLE,IDLE,IDLE,IDLE,IDLE,IDLE,IDLE,IDLE,IDLE,IDLE,IDLE,IDLE,IDLE,IDLE,IDLE,IDLE,IDLE
609,2024-01-26 09:00:01,0.00,0.00,0,0.0000,0.0000,0.00,0.9998,0.9999,0.9997,0.9997,0.9998,0.9998,0.9998,0.9997,0.9998,0.9998,0.9999,0.9997,0.9998,0.9999,0.9998,0.9999,0.9998,0.9998,0.9998,0.9998,0.9998,0.9998,0.9999,0.9998,0.9998,0.9998,0.9998,0.9998,0.9998,0.9997,0.9998,0.9998,0.9998,0.9998,0.9998,0.9997,0.9996,0.9998,0.9998,0.9998,0.9998,0.9998,0.9998,0.9998,0.9997,0.9997,0.9998,0.9999,0.9998,0.9999,0.1622,0.1872,0.1898,0.1763,0.1969,0.1614,0.1677,0.1781,0.1623,0.1490,0.1997,0.1315,0.1870,0.1542,0.1730,0.1542,0.1970,0.1985,0.1753,0.1642,0.1937,0.1970,0.1982,0.1980,0.1844,0.1987,0.1970,0.1490,0.1759,0.1861,0.1491,0.1286,0.1623,0.1668,0.1993,0.1763,0.1879,0.1286,0.1709,0.1911,0.1677,0.1626,0.1409,0.1980,0.1412,0.1557,0.1569,0.1581,0.1373,0.1646,IDLE,IDLE,IDLE,IDLE,IDLE,IDLE,IDLE,IDLE,IDLE,IDLE,IDLE,IDLE,IDLE,IDLE,IDLE,IDLE,IDLE,IDLE,IDLE,IDLE,IDLE,IDLE,IDLE,IDLE,IDLE,IDLE,IDLE,IDLE,IDLE,IDLE,IDLE,IDLE,IDLE,IDLE,IDLE,IDLE,IDLE,IDLE,IDLE,IDLE,IDLE,IDLE,IDLE,IDLE,IDLE,IDLE,IDLE,IDLE,IDLE,IDLE
610,2024-01-26 10:00:01,0.00,0.00,0,0.0000,0.0000,0.00,0.9998,0.9999,0.9997,0.9997,0.9998,0.9998,0.9998,0.9997,0.9998,0.9998,0.9999,0.9997,0.9998,0.9999,0.9998,0.9999,0.9998,0.9998,0.9998,0.9998,0.9998,0.9998,0.9999,0.9998,0.9998,0.9998,0.9998,0.9998,0.9998,0.9997,0.9998,0.9998,0.9998,0.9998,0.9998,0.9997,0.9996,0.9998,0.9998,0.9998,0.9998,0.9998,0.9998,0.9998,0.9997,0.9997,0.9998,0.9999,0.9998,0.9999,0.1622,0.1872,0.1898,0.1763,0.1969,0.1614,0.1677,0.1781,0.1623,0.1490,0.1997,0.1315,0.1870,0.1542,0.1730,0.1542,0.1970,0.1985,0.1753,0.1642,0.1937,0.1970,0.1982,0.1980,0.1844,0.1987,0.1970,0.1490,0.1759,0.1861,0.1491,0.1286,0.1623,0.1668,0.1993,0.1763,0.1879,0.1286,0.1709,0.1911,0.1677,0.1626,0.1409,0.1980,0.1412,0.1557,0.1569,0.1581,0.1373,0.1646,IDLE,IDLE,IDLE,IDLE,IDLE,IDLE,IDLE,IDLE,IDLE,IDLE,IDLE,IDLE,IDLE,IDLE,IDLE,IDLE,IDLE,IDLE,IDLE,IDLE,IDLE,IDLE,IDLE,IDLE,IDLE,IDLE,IDLE,IDLE,IDLE,IDLE,IDLE,IDLE,IDLE,IDLE,IDLE,IDLE,IDLE,IDLE,IDLE,IDLE,IDLE,IDLE,IDLE,IDLE,IDLE,IDLE,IDLE,IDLE,IDLE,IDLE
611,2024-01-26 11:00:01,0.00,0.00,0,0.0000,0.0000,0.00,0.9998,0.9999,0.9997,0.9997,0.9998,0.9998,0.9998,0.9997,0.9998,0.9998,0.9999,0.9997,0.9998,0.9999,0.9998,0.9999,0.9998,0.9998,0.9998,0.9998,0.9998,0.9998,0.9999,0.9998,0.9998,0.9998,0.9998,0.9998,0.9998,0.9997,0.9998,0.9998,0.9998,0.9998,0.9998,0.9997,0.9996,0.9998,0.9998,0.9998,0.9998,0.9998,0.9998,0.9998,0.9997,0.9997,0.9998,0.9999,0.9998,0.9999,0.1622,0.1872,0.1898,0.1763,0.1969,0.1614,0.1677,0.1781,0.1623,0.1490,0.1997,0.1315,0.1870,0.1542,0.1730,0.1542,0.1970,0.1985,0.1753,0.1642,0.1937,0.1970,0.1982,0.1980,0.1844,0.1987,0.1970,0.1490,0.1759,0.1861,0.1491,0.1286,0.1623,0.1668,0.1993,0.1763,0.1879,0.1286,0.1709,0.1911,0.1677,0.1626,0.1409,0.1980,0.1412,0.1557,0.1569,0.1581,0.1373,0.1646,IDLE,IDLE,IDLE,IDLE,IDLE,IDLE,IDLE,IDLE,IDLE,IDLE,IDLE,IDLE,IDLE,IDLE,IDLE,IDLE,IDLE,IDLE,IDLE,IDLE,IDLE,IDLE,IDLE,IDLE,IDLE,IDLE,IDLE,IDLE,IDLE,IDLE,IDLE,IDLE,IDLE,IDLE,IDLE,IDLE,IDLE,IDLE,IDLE,IDLE,IDLE,IDLE,IDLE,IDLE,IDLE,IDLE,IDLE,IDLE,IDLE,IDLE
612,2024-01-26 12:00:01,0.00,0.00,0,0.0000,0.0000,0.00,0.9998,0.9999,0.9997,0.9997,0.9998,0.9998,0.9998,0.9997,0.9998,0.9998,0.9999,0.9997,0.9998,0.9999,0.9998,0.9999,0.9998,0.9998,0.9998,0.9998,0.9998,0.9998,0.9999,0.9998,0.9998,0.9998,0.9998,0.9998,0.9998,0.9997,0.9998,0.9998,0.9998,0.9998,0.9998,0.9997,0.9996,0.9998,0.9998,0.9998,0.9998,0.9998,0.9998,0.9998,0.9997,0.9997,0.9998,0.9999,0.9998,0.9999,0.1622,0.1872,0.1898,0.1763,0.1969,0.1614,0.1677,0.1781,0.1623,0.1490,0.1997,0.1315,0.1870,0.1542,0.1730,0.1542,0.1970,0.1985,0.1753,0.1642,0.1937,0.1970,0.1982,0.1980,0.1844,0.1987,0.1970,0.1490,0.1759,0.1861,0.1491,0.1286,0.1623,0.1668,0.1993,0.1763,0.1879,0.1286,0.1709,0.1911,0.1677,0.1626,0.1409,0.1980,0.1412,0.1557,0.1569,0.1581,0.1373,0.1646,IDLE,IDLE,IDLE,IDLE,IDLE,IDLE,IDLE,IDLE,IDLE,IDLE,IDLE,IDLE,IDLE,IDLE,IDLE,IDLE,IDLE,IDLE,IDLE,IDLE,IDLE,IDLE,IDLE,IDLE,IDLE,IDLE,IDLE,IDLE,IDLE,IDLE,IDLE,IDLE,IDLE,IDLE,IDLE,IDLE,IDLE,IDLE,IDLE,IDLE,IDLE,IDLE,IDLE,IDLE,IDLE,IDLE,IDLE,IDLE,IDLE,IDLE
613,2024-01-26 13:00:01,0.00,0.00,0,0.0000,0.0000,0.00,0.9998,0.9999,0.9997,0.9997,0.9998,0.9998,0.9998,0.9997,0.9998,0.9998,0.9999,0.9997,0.9998,0.9999,0.9998,0.9999,0.9998,0.9998,0.9998,0.9998,0.9998,0.9998,0.9999,0.9998,0.9998,0.9998,0.9998,0.9998,0.9998,0.9997,0.9998,0.9998,0.9998,0.9998,0.9998,0.9997,0.9996,0.9998,0.9998,0.9998,0.9998,0.9998,0.9998,0.9998,0.9997,0.9997,0.9998,0.9999,0.9998,0.9999,0.1622,0.1872,0.1898,0.1763,0.1969,0.1614,0.1677,0.1781,0.1623,0.1490,0.1997,0.1315,0.1870,0.1542,0.1730,0.1542,0.1970,0.1985,0.1753,0.1642,0.1937,0.1970,0.1982,0.1980,0.1844,0.1987,0.1970,0.1490,0.1759,0.1861,0.1491,0.1286,0.1623,0.1668,0.1993,0.1763,0.1879,0.1286,0.1709,0.1911,0.1677,0.1626,0.1409,0.1980,0.1412,0.1557,0.1569,0.1581,0.1373,0.1646,IDLE,IDLE,IDLE,IDLE,IDLE,IDLE,IDLE,IDLE,IDLE,IDLE,IDLE,IDLE,IDLE,IDLE,IDLE,IDLE,IDLE,IDLE,IDLE,IDLE,IDLE,IDLE,IDLE,IDLE,IDLE,IDLE,IDLE,IDLE,IDLE,IDLE,IDLE,IDLE,IDLE,IDLE,IDLE,IDLE,IDLE,IDLE,IDLE,IDLE,IDLE,IDLE,IDLE,IDLE,IDLE,IDLE,IDLE,IDLE,IDLE,IDLE
614,2024-01-26 14:00:01,0.00,0.00,0,0.0000,0.0000,0.00,0.9998,0.9999,0.9997,0.9997,0.9998,0.9998,0.9998,0.9997,0.9998,0.9998,0.9999,0.9997,0.9998,0.9999,0.9998,0.9999,0.9998,0.9998,0.9998,0.9998,0.9998,0.9998,0.9999,0.9998,0.9998,0.9998,0.9998,0.9998,0.9998,0.9997,0.9998,0.9998,0.9998,0.9998,0.9998,0.9997,0.9996,0.9998,0.9998,0.9998,0.9998,0.9998,0.9998,0.9998,0.9997,0.9997,0.9998,0.9999,0.9998,0.9999,0.1622,0.1872,0.1898,0.1763,0.1969,0.1614,0.1677,0.1781,0.1623,0.1490,0.1997,0.1315,0.1870,0.1542,0.1730,0.1542,0.1970,0.1985,0.1753,0.1642,0.1937,0.1970,0.1982,0.1980,0.1844,0.1987,0.1970,0.1490,0.1759,0.1861,0.1491,0.1286,0.1623,0.1668,0.1993,0.1763,0.1879,0.1286,0.1709,0.1911,0.1677,0.1626,0.1409,0.1980,0.1412,0.1557,0.1569,0.1581,0.1373,0.1646,IDLE,IDLE,IDLE,IDLE,IDLE,IDLE,IDLE,IDLE,IDLE,IDLE,IDLE,IDLE,IDLE,IDLE,IDLE,IDLE,IDLE,IDLE,IDLE,IDLE,IDLE,IDLE,IDLE,IDLE,IDLE,IDLE,IDLE,IDLE,IDLE,IDLE,IDLE,IDLE,IDLE,IDLE,IDLE,IDLE,IDLE,IDLE,IDLE,IDLE,IDLE,IDLE,IDLE,IDLE,IDLE,IDLE,IDLE,IDLE,IDLE,IDLE
615,2024-01-26 15:00:01,0.00,0.00,0,0.0000,0.0000,0.00,0.9998,0.9999,0.9997,0.9997,0.9998,0.9998,0.9998,0.9997,0.9998,0.9998,0.9999,0.9997,0.9998,0.9999,0.9998,0.9999,0.9998,0.9998,0.9998,0.9998,0.9998,0.9998,0.9999,0.9998,0.9998,0.9998,0.9998,0.9998,0.9998,0.9997,0.9998,0.9998,0.9998,0.9998,0.9998,0.9997,0.9996,0.9998,0.9998,0.9998,0.9998,0.9998,0.9998,0.9998,0.9997,0.9997,0.9998,0.9999,0.9998,0.9999,0.1622,0.1872,0.1898,0.1763,0.1969,0.1614,0.1677,0.1781,0.1623,0.1490,0.1997,0.1315,0.1870,0.1542,0.1730,0.1542,0.1970,0.1985,0.1753,0.1642,0.1937,0.1970,0.1982,0.1980,0.1844,0.1987,0.1970,0.1490,0.1759,0.1861,0.1491,0.1286,0.1623,0.1668,0.1993,0.1763,0.1879,0.1286,0.1709,0.1911,0.1677,0.1626,0.1409,0.1980,0.1412,0.1557,0.1569,0.1581,0.1373,0.1646,IDLE,IDLE,IDLE,IDLE,IDLE,IDLE,IDLE,IDLE,IDLE,IDLE,IDLE,IDLE,IDLE,IDLE,IDLE,IDLE,IDLE,IDLE,IDLE,IDLE,IDLE,IDLE,IDLE,IDLE,IDLE,IDLE,IDLE,IDLE,IDLE,IDLE,IDLE,IDLE,IDLE,IDLE,IDLE,IDLE,IDLE,IDLE,IDLE,IDLE,IDLE,IDLE,IDLE,IDLE,IDLE,IDLE,IDLE,IDLE,IDLE,IDLE
616,2024-01-26 16:00:01,0.00,0.00,0,0.0000,0.0000,0.00,0.9998,0.9999,0.9997,0.9997,0.9998,0.9998,0.9998,0.9997,0.9998,0.9998,0.9999,0.9997,0.9998,0.9999,0.9998,0.9999,0.9998,0.9998,0.9998,0.9998,0.9998,0.9998,0.9999,0.9998,0.9998,0.9998,0.9998,0.9998,0.9998,0.9997,0.9998,0.9998,0.9998,0.9998,0.9998,0.9997,0.9996,0.9998,0.9998,0.9998,0.9998,0.9998,0.9998,0.9998,0.9997,0.9997,0.9998,0.9999,0.9998,0.9999,0.1622,0.1872,0.1898,0.1763,0.1969,0.1614,0.1677,0.1781,0.1623,0.1490,0.1997,0.1315,0.1870,0.1542,0.1730,0.1542,0.1970,0.1985,0.1753,0.1642,0.1937,0.1970,0.1982,0.1980,0.1844,0.1987,0.1970,0.1490,0.1759,0.1861,0.1491,0.1286,0.1623,0.1668,0.1993,0.1763,0.1879,0.1286,0.1709,0.1911,0.1677,0.1626,0.1409,0.1980,0.1412,0.1557,0.1569,0.1581,0.1373,0.1646,IDLE,IDLE,IDLE,IDLE,IDLE,IDLE,IDLE,IDLE,IDLE,IDLE,IDLE,IDLE,IDLE,IDLE,IDLE,IDLE,IDLE,IDLE,IDLE,IDLE,IDLE,IDLE,IDLE,IDLE,IDLE,IDLE,IDLE,IDLE,IDLE,IDLE,IDLE,IDLE,IDLE,IDLE,IDLE,IDLE,IDLE,IDLE,IDLE,IDLE,IDLE,IDLE,IDLE,IDLE,IDLE,IDLE,IDLE,IDLE,IDLE,IDLE
617,2024-01-26 17:00:01,0.00,0.00,0,0.0000,0.0000,0.00,0.9998,0.9999,0.9997,0.9997,0.9998,0.9998,0.9998,0.9997,0.9998,0.9998,0.9999,0.9997,0.9998,0.9999,0.9998,0.9999,0.9998,0.9998,0.9998,0.9998,0.9998,0.9998,0.9999,0.9998,0.9998,0.9998,0.9998,0.9998,0.9998,0.9997,0.9998,0.9998,0.9998,0.9998,0.9998,0.9997,0.9996,0.9998,0.9998,0.9998,0.9998,0.9998,0.9998,0.9998,0.9997,0.9997,0.9998,0.9999,0.9998,0.9999,0.1622,0.1872,0.1898,0.1763,0.1969,0.1614,0.1677,0.1781,0.1623,0.1490,0.1997,0.1315,0.1870,0.1542,0.1730,0.1542,0.1970,0.1985,0.1753,0.1642,0.1937,0.1970,0.1982,0.1980,0.1844,0.1987,0.1970,0.1490,0.1759,0.1861,0.1491,0.1286,0.1623,0.1668,0.1993,0.1763,0.1879,0.1286,0.1709,0.1911,0.1677,0.1626,0.1409,0.1980,0.1412,0.1557,0.1569,0.1581,0.1373,0.1646,IDLE,IDLE,IDLE,IDLE,IDLE,IDLE,IDLE,IDLE,IDLE,IDLE,IDLE,IDLE,IDLE,IDLE,IDLE,IDLE,IDLE,IDLE,IDLE,IDLE,IDLE,IDLE,IDLE,IDLE,IDLE,IDLE,IDLE,IDLE,IDLE,IDLE,IDLE,IDLE,IDLE,IDLE,IDLE,IDLE,IDLE,IDLE,IDLE,IDLE,IDLE,IDLE,IDLE,IDLE,IDLE,IDLE,IDLE,IDLE,IDLE,IDLE
618,2024-01-26 18:00:01,0.00,0.00,0,0.0000,0.0000,0.00,0.9998,0.9999,0.9997,0.9997,0.9998,0.9998,0.9998,0.9997,0.9998,0.9998,0.9999,0.9997,0.9998,0.9999,0.9998,0.9999,0.9998,0.9998,0.9998,0.9998,0.9998,0.9998,0.9999,0.9998,0.9998,0.9998,0.9998,0.9998,0.9998,0.9997,0.9998,0.9998,0.9998,0.9998,0.9998,0.9997,0.9996,0.9998,0.9998,0.9998,0.9998,0.9998,0.9998,0.9998,0.9997,0.9997,0.9998,0.9999,0.9998,0.9999,0.1622,0.1872,0.1898,0.1763,0.1969,0.1614,0.1677,0.1781,0.1623,0.1490,0.1997,0.1315,0.1870,0.1542,0.1730,0.1542,0.1970,0.1985,0.1753,0.1642,0.1937,0.1970,0.1982,0.1980,0.1844,0.1987,0.1970,0.1490,0.1759,0.1861,0.1491,0.1286,0.1623,0.1668,0.1993,0.1763,0.1879,0.1286,0.1709,0.1911,0.1677,0.1626,0.1409,0.1980,0.1412,0.1557,0.1569,0.1581,0.1373,0.1646,IDLE,IDLE,IDLE,IDLE,IDLE,IDLE,IDLE,IDLE,IDLE,IDLE,IDLE,IDLE,IDLE,IDLE,IDLE,IDLE,IDLE,IDLE,IDLE,IDLE,IDLE,IDLE,IDLE,IDLE,IDLE,IDLE,IDLE,IDLE,IDLE,IDLE,IDLE,IDLE,IDLE,IDLE,IDLE,IDLE,IDLE,IDLE,IDLE,IDLE,IDLE,IDLE,IDLE,IDLE,IDLE,IDLE,IDLE,IDLE,IDLE,IDLE
619,2024-01-26 19:00:01,0.00,0.00,0,0.0000,0.0000,0.00,0.9998,0.9999,0.9997,0.9997,0.9998,0.9998,0.9998,0.9997,0.9998,0.9998,0.9999,0.9997,0.9998,0.9999,0.9998,0.9999,0.9998,0.9998,0.9998,0.9998,0.9998,0.9998,0.9999,0.9998,0.9998,0.9998,0.9998,0.9998,0.9998,0.9997,0.9998,0.9998,0.9998,0.9998,0.9998,0.9997,0.9996,0.9998,0.9998,0.9998,0.9998,0.9998,0.9998,0.9998,0.9997,0.9997,0.9998,0.9999,0.9998,0.9999,0.1622,0.1872,0.1898,0.1763,0.1969,0.1614,0.1677,0.1781,0.1623,0.1490,0.1997,0.1315,0.1870,0.1542,0.1730,0.1542,0.1970,0.1985,0.1753,0.1642,0.1937,0.1970,0.1982,0.1980,0.1844,0.1987,0.1970,0.1490,0.1759,0.1861,0.1491,0.1286,0.1623,0.1668,0.1993,0.1763,0.1879,0.1286,0.1709,0.1911,0.1677,0.1626,0.1409,0.1980,0.1412,0.1557,0.1569,0.1581,0.1373,0.1646,IDLE,IDLE,IDLE,IDLE,IDLE,IDLE,IDLE,IDLE,IDLE,IDLE,IDLE,IDLE,IDLE,IDLE,IDLE,IDLE,IDLE,IDLE,IDLE,IDLE,IDLE,IDLE,IDLE,IDLE,IDLE,IDLE,IDLE,IDLE,IDLE,IDLE,IDLE,IDLE,IDLE,IDLE,IDLE,IDLE,IDLE,IDLE,IDLE,IDLE,IDLE,IDLE,IDLE,IDLE,IDLE,IDLE,IDLE,IDLE,IDLE,IDLE
620,2024-01-26 20:00:01,0.00,0.00,0,0.0000,0.0000,0.00,0.9998,0.9999,0.9997,0.9997,0.9998,0.9998,0.9998,0.9997,0.9998,0.9998,0.9999,0.9997,0.9998,0.9999,0.9998,0.9999,0.9998,0.9998,0.9998,0.9998,0.9998,0.9998,0.9999,0.9998,0.9998,0.9998,0.9998,0.9998,0.9998,0.9997,0.9998,0.9998,0.9998,0.9998,0.9998,0.9997,0.9996,0.9998,0.9998,0.9998,0.9998,0.9998,0.9998,0.9998,0.9997,0.9997,0.9998,0.9999,0.9998,0.9999,0.1622,0.1872,0.1898,0.1763,0.1969,0.1614,0.1677,0.1781,0.1623,0.1490,0.1997,0.1315,0.1870,0.1542,0.1730,0.1542,0.1970,0.1985,0.1753,0.1642,0.1937,0.1970,0.1982,0.1980,0.1844,0.1987,0.1970,0.1490,0.1759,0.1861,0.1491,0.1286,0.1623,0.1668,0.1993,0.1763,0.1879,0.1286,0.1709,0.1911,0.1677,0.1626,0.1409,0.1980,0.1412,0.1557,0.1569,0.1581,0.1373,0.1646,IDLE,IDLE,IDLE,IDLE,IDLE,IDLE,IDLE,IDLE,IDLE,IDLE,IDLE,IDLE,IDLE,IDLE,IDLE,IDLE,IDLE,IDLE,IDLE,IDLE,IDLE,IDLE,IDLE,IDLE,IDLE,IDLE,IDLE,IDLE,IDLE,IDLE,IDLE,IDLE,IDLE,IDLE,IDLE,IDLE,IDLE,IDLE,IDLE,IDLE,IDLE,IDLE,IDLE,IDLE,IDLE,IDLE,IDLE,IDLE,IDLE,IDLE
621,2024-01-26 21:00:01,0.00,0.00,0,0.0000,0.0000,0.00,0.9998,0.9999,0.9997,0.9997,0.9998,0.9998,0.9998,0.9997,0.9998,0.9998,0.9999,0.9997,0.9998,0.9999,0.9998,0.9999,0.9998,0.9998,0.9998,0.9998,0.9998,0.9998,0.9999,0.9998,0.9998,0.9998,0.9998,0.9998,0.9998,0.9997,0.9998,0.9998,0.9998,0.9998,0.9998,0.9997,0.9996,0.9998,0.9998,0.9998,0.9998,0.9998,0.9998,0.9998,0.9997,0.9997,0.9998,0.9999,0.9998,0.9999,0.1622,0.1872,0.1898,0.1763,0.1969,0.1614,0.1677,0.1781,0.1623,0.1490,0.1997,0.1315,0.1870,0.1542,0.1730,0.1542,0.1970,0.1985,0.1753,0.1642,0.1937,0.1970,0.1982,0.1980,0.1844,0.1987,0.1970,0.1490,0.1759,0.1861,0.1491,0.1286,0.1623,0.1668,0.1993,0.1763,0.1879,0.1286,0.1709,0.1911,0.1677,0.1626,0.1409,0.1980,0.1412,0.1557,0.1569,0.1581,0.1373,0.1646,IDLE,IDLE,IDLE,IDLE,IDLE,IDLE,IDLE,IDLE,IDLE,IDLE,IDLE,IDLE,IDLE,IDLE,IDLE,IDLE,IDLE,IDLE,IDLE,IDLE,IDLE,IDLE,IDLE,IDLE,IDLE,IDLE,IDLE,IDLE,IDLE,IDLE,IDLE,IDLE,IDLE,IDLE,IDLE,IDLE,IDLE,IDLE,IDLE,IDLE,IDLE,IDLE,IDLE,IDLE,IDLE,IDLE,IDLE,IDLE,IDLE,IDLE
622,2024-01-26 22:00:01,0.00,0.00,0,0.0000,0.0000,0.00,0.9998,0.9999,0.9997,0.9997,0.9998,0.9998,0.9998,0.9997,0.9998,0.9998,0.9999,0.9997,0.9998,0.9999,0.9998,0.9999,0.9998,0.9998,0.9998,0.9998,0.9998,0.9998,0.9999,0.9998,0.9998,0.9998,0.9998,0.9998,0.9998,0.9997,0.9998,0.9998,0.9998,0.9998,0.9998,0.9997,0.9996,0.9998,0.9998,0.9998,0.9998,0.9998,0.9998,0.9998,0.9997,0.9997,0.9998,0.9999,0.9998,0.9999,0.1622,0.1872,0.1898,0.1763,0.1969,0.1614,0.1677,0.1781,0.1623,0.1490,0.1997,0.1315,0.1870,0.1542,0.1730,0.1542,0.1970,0.1985,0.1753,0.1642,0.1937,0.1970,0.1982,0.1980,0.1844,0.1987,0.1970,0.1490,0.1759,0.1861,0.1491,0.1286,0.1623,0.1668,0.1993,0.1763,0.1879,0.1286,0.1709,0.1911,0.1677,0.1626,0.1409,0.1980,0.1412,0.1557,0.1569,0.1581,0.1373,0.1646,IDLE,IDLE,IDLE,IDLE,IDLE,IDLE,IDLE,IDLE,IDLE,IDLE,IDLE,IDLE,IDLE,IDLE,IDLE,IDLE,IDLE,IDLE,IDLE,IDLE,IDLE,IDLE,IDLE,IDLE,IDLE,IDLE,IDLE,IDLE,IDLE,IDLE,IDLE,IDLE,IDLE,IDLE,IDLE,IDLE,IDLE,IDLE,IDLE,IDLE,IDLE,IDLE,IDLE,IDLE,IDLE,IDLE,IDLE,IDLE,IDLE,IDLE
623,2024-01-26 23:00:01,0.00,0.00,0,0.0000,0.0000,0.00,0.9998,0.9999,0.9997,0.9997,0.9998,0.9998,0.9998,0.9997,0.9998,0.9998,0.9999,0.9997,0.9998,0.9999,0.9998,0.9999,0.9998,0.9998,0.9998,0.9998,0.9998,0.9998,0.9999,0.9998,0.9998,0.9998,0.9998,0.9998,0.9998,0.9997,0.9998,0.9998,0.9998,0.9998,0.9998,0.9997,0.9996,0.9998,0.9998,0.9998,0.9998,0.9998,0.9998,0.9998,0.9997,0.9997,0.9998,0.9999,0.9998,0.9999,0.1622,0.1872,0.1898,0.1763,0.1969,0.1614,0.1677,0.1781,0.1623,0.1490,0.1997,0.1315,0.1870,0.1542,0.1730,0.1542,0.1970,0.1985,0.1753,0.1642,0.1937,0.1970,0.1982,0.1980,0.1844,0.1987,0.1970,0.1490,0.1759,0.1861,0.1491,0.1286,0.1623,0.1668,0.1993,0.1763,0.1879,0.1286,0.1709,0.1911,0.1677,0.1626,0.1409,0.1980,0.1412,0.1557,0.1569,0.1581,0.1373,0.1646,IDLE,IDLE,IDLE,IDLE,IDLE,IDLE,IDLE,IDLE,IDLE,IDLE,IDLE,IDLE,IDLE,IDLE,IDLE,IDLE,IDLE,IDLE,IDLE,IDLE,IDLE,IDLE,IDLE,IDLE,IDLE,IDLE,IDLE,IDLE,IDLE,IDLE,IDLE,IDLE,IDLE,IDLE,IDLE,IDLE,IDLE,IDLE,IDLE,IDLE,IDLE,IDLE,IDLE,IDLE,IDLE,IDLE,IDLE,IDLE,IDLE,IDLE
624,2024-01-27 00:00:01,0.00,0.00,0,0.0000,0.0000,0.00,0.9998,0.9999,0.9997,0.9997,0.9998,0.9998,0.9998,0.9997,0.9998,0.9998,0.9999,0.9997,0.9998,0.9999,0.9998,0.9999,0.9998,0.9998,0.9998,0.9998,0.9998,0.9998,0.9999,0.9998,0.9998,0.9998,0.9998,0.9998,0.9998,0.9997,0.9998,0.9998,0.9998,0.9998,0.9998,0.9997,0.9996,0.9998,0.9998,0.9998,0.9998,0.9998,0.9998,0.9998,0.9997,0.9997,0.9998,0.9999,0.9998,0.9999,0.1622,0.1872,0.1898,0.1763,0.1969,0.1614,0.1677,0.1781,0.1623,0.1490,0.1997,0.1315,0.1870,0.1542,0.1730,0.1542,0.1970,0.1985,0.1753,0.1642,0.1937,0.1970,0.1982,0.1980,0.1844,0.1987,0.1970,0.1490,0.1759,0.1861,0.1491,0.1286,0.1623,0.1668,0.1993,0.1763,0.1879,0.1286,0.1709,0.1911,0.1677,0.1626,0.1409,0.1980,0.1412,0.1557,0.1569,0.1581,0.1373,0.1646,IDLE,IDLE,IDLE,IDLE,IDLE,IDLE,IDLE,IDLE,IDLE,IDLE,IDLE,IDLE,IDLE,IDLE,IDLE,IDLE,IDLE,IDLE,IDLE,IDLE,IDLE,IDLE,IDLE,IDLE,IDLE,IDLE,IDLE,IDLE,IDLE,IDLE,IDLE,IDLE,IDLE,IDLE,IDLE,IDLE,IDLE,IDLE,IDLE,IDLE,IDLE,IDLE,IDLE,IDLE,IDLE,IDLE,IDLE,IDLE,IDLE,IDLE
625,2024-01-27 01:00:01,0.00,0.00,0,0.0000,0.0000,0.00,0.9998,0.9999,0.9997,0.9997,0.9998,0.9998,0.9998,0.9997,0.9998,0.9998,0.9999,0.9997,0.9998,0.9999,0.9998,0.9999,0.9998,0.9998,0.9998,0.9998,0.9998,0.9998,0.9999,0.9998,0.9998,0.9998,0.9998,0.9998,0.9998,0.9997,0.9998,0.9998,0.9998,0.9998,0.9998,0.9997,0.9996,0.9998,0.9998,0.9998,0.9998,0.9998,0.9998,0.9998,0.9997,0.9997,0.9998,0.9999,0.9998,0.9999,0.1622,0.1872,0.1898,0.1763,0.1969,0.1614,0.1677,0.1781,0.1623,0.1490,0.1997,0.1315,0.1870,0.1542,0.1730,0.1542,0.1970,0.1985,0.1753,0.1642,0.1937,0.1970,0.1982,0.1980,0.1844,0.1987,0.1970,0.1490,0.1759,0.1861,0.1491,0.1286,0.1623,0.1668,0.1993,0.1763,0.1879,0.1286,0.1709,0.1911,0.1677,0.1626,0.1409,0.1980,0.1412,0.1557,0.1569,0.1581,0.1373,0.1646,IDLE,IDLE,IDLE,IDLE,IDLE,IDLE,IDLE,IDLE,IDLE,IDLE,IDLE,IDLE,IDLE,IDLE,IDLE,IDLE,IDLE,IDLE,IDLE,IDLE,IDLE,IDLE,IDLE,IDLE,IDLE,IDLE,IDLE,IDLE,IDLE,IDLE,IDLE,IDLE,IDLE,IDLE,IDLE,IDLE,IDLE,IDLE,IDLE,IDLE,IDLE,IDLE,IDLE,IDLE,IDLE,IDLE,IDLE,IDLE,IDLE,IDLE
626,2024-01-27 02:00:01,0.00,0.00,0,0.0000,0.0000,0.00,0.9998,0.9999,0.9997,0.9997,0.9998,0.9998,0.9998,0.9997,0.9998,0.9998,0.9999,0.9997,0.9998,0.9999,0.9998,0.9999,0.9998,0.9998,0.9998,0.9998,0.9998,0.9998,0.9999,0.9998,0.9998,0.9998,0.9998,0.9998,0.9998,0.9997,0.9998,0.9998,0.9998,0.9998,0.9998,0.9997,0.9996,0.9998,0.9998,0.9998,0.9998,0.9998,0.9998,0.9998,0.9997,0.9997,0.9998,0.9999,0.9998,0.9999,0.1622,0.1872,0.1898,0.1763,0.1969,0.1614,0.1677,0.1781,0.1623,0.1490,0.1997,0.1315,0.1870,0.1542,0.1730,0.1542,0.1970,0.1985,0.1753,0.1642,0.1937,0.1970,0.1982,0.1980,0.1844,0.1987,0.1970,0.1490,0.1759,0.1861,0.1491,0.1286,0.1623,0.1668,0.1993,0.1763,0.1879,0.1286,0.1709,0.1911,0.1677,0.1626,0.1409,0.1980,0.1412,0.1557,0.1569,0.1581,0.1373,0.1646,IDLE,IDLE,IDLE,IDLE,IDLE,IDLE,IDLE,IDLE,IDLE,IDLE,IDLE,IDLE,IDLE,IDLE,IDLE,IDLE,IDLE,IDLE,IDLE,IDLE,IDLE,IDLE,IDLE,IDLE,IDLE,IDLE,IDLE,IDLE,IDLE,IDLE,IDLE,IDLE,IDLE,IDLE,IDLE,IDLE,IDLE,IDLE,IDLE,IDLE,IDLE,IDLE,IDLE,IDLE,IDLE,IDLE,IDLE,IDLE,IDLE,IDLE
627,2024-01-27 03:00:01,0.00,0.00,0,0.0000,0.0000,0.00,0.9998,0.9999,0.9997,0.9997,0.9998,0.9998,0.9998,0.9997,0.9998,0.9998,0.9999,0.9997,0.9998,0.9999,0.9998,0.9999,0.9998,0.9998,0.9998,0.9998,0.9998,0.9998,0.9999,0.9998,0.9998,0.9998,0.9998,0.9998,0.9998,0.9997,0.9998,0.9998,0.9998,0.9998,0.9998,0.9997,0.9996,0.9998,0.9998,0.9998,0.9998,0.9998,0.9998,0.9998,0.9997,0.9997,0.9998,0.9999,0.9998,0.9999,0.1622,0.1872,0.1898,0.1763,0.1969,0.1614,0.1677,0.1781,0.1623,0.1490,0.1997,0.1315,0.1870,0.1542,0.1730,0.1542,0.1970,0.1985,0.1753,0.1642,0.1937,0.1970,0.1982,0.1980,0.1844,0.1987,0.1970,0.1490,0.1759,0.1861,0.1491,0.1286,0.1623,0.1668,0.1993,0.1763,0.1879,0.1286,0.1709,0.1911,0.1677,0.1626,0.1409,0.1980,0.1412,0.1557,0.1569,0.1581,0.1373,0.1646,IDLE,IDLE,IDLE,IDLE,IDLE,IDLE,IDLE,IDLE,IDLE,IDLE,IDLE,IDLE,IDLE,IDLE,IDLE,IDLE,IDLE,IDLE,IDLE,IDLE,IDLE,IDLE,IDLE,IDLE,IDLE,IDLE,IDLE,IDLE,IDLE,IDLE,IDLE,IDLE,IDLE,IDLE,IDLE,IDLE,IDLE,IDLE,IDLE,IDLE,IDLE,IDLE,IDLE,IDLE,IDLE,IDLE,IDLE,IDLE,IDLE,IDLE
628,2024-01-27 04:00:01,0.00,0.00,0,0.0000,0.0000,0.00,0.9998,0.9999,0.9997,0.9997,0.9998,0.9998,0.9998,0.9997,0.9998,0.9998,0.9999,0.9997,0.9998,0.9999,0.9998,0.9999,0.9998,0.9998,0.9998,0.9998,0.9998,0.9998,0.9999,0.9998,0.9998,0.9998,0.9998,0.9998,0.9998,0.9997,0.9998,0.9998,0.9998,0.9998,0.9998,0.9997,0.9996,0.9998,0.9998,0.9998,0.9998,0.9998,0.9998,0.9998,0.9997,0.9997,0.9998,0.9999,0.9998,0.9999,0.1622,0.1872,0.1898,0.1763,0.1969,0.1614,0.1677,0.1781,0.1623,0.1490,0.1997,0.1315,0.1870,0.1542,0.1730,0.1542,0.1970,0.1985,0.1753,0.1642,0.1937,0.1970,0.1982,0.1980,0.1844,0.1987,0.1970,0.1490,0.1759,0.1861,0.1491,0.1286,0.1623,0.1668,0.1993,0.1763,0.1879,0.1286,0.1709,0.1911,0.1677,0.1626,0.1409,0.1980,0.1412,0.1557,0.1569,0.1581,0.1373,0.1646,IDLE,IDLE,IDLE,IDLE,IDLE,IDLE,IDLE,IDLE,IDLE,IDLE,IDLE,IDLE,IDLE,IDLE,IDLE,IDLE,IDLE,IDLE,IDLE,IDLE,IDLE,IDLE,IDLE,IDLE,IDLE,IDLE,IDLE,IDLE,IDLE,IDLE,IDLE,IDLE,IDLE,IDLE,IDLE,IDLE,IDLE,IDLE,IDLE,IDLE,IDLE,IDLE,IDLE,IDLE,IDLE,IDLE,IDLE,IDLE,IDLE,IDLE
629,2024-01-27 05:00:01,0.00,0.00,0,0.0000,0.0000,0.00,0.9998,0.9999,0.9997,0.9997,0.9998,0.9998,0.9998,0.9997,0.9998,0.9998,0.9999,0.9997,0.9998,0.9999,0.9998,0.9999,0.9998,0.9998,0.9998,0.9998,0.9998,0.9998,0.9999,0.9998,0.9998,0.9998,0.9998,0.9998,0.9998,0.9997,0.9998,0.9998,0.9998,0.9998,0.9998,0.9997,0.9996,0.9998,0.9998,0.9998,0.9998,0.9998,0.9998,0.9998,0.9997,0.9997,0.9998,0.9999,0.9998,0.9999,0.1622,0.1872,0.1898,0.1763,0.1969,0.1614,0.1677,0.1781,0.1623,0.1490,0.1997,0.1315,0.1870,0.1542,0.1730,0.1542,0.1970,0.1985,0.1753,0.1642,0.1937,0.1970,0.1982,0.1980,0.1844,0.1987,0.1970,0.1490,0.1759,0.1861,0.1491,0.1286,0.1623,0.1668,0.1993,0.1763,0.1879,0.1286,0.1709,0.1911,0.1677,0.1626,0.1409,0.1980,0.1412,0.1557,0.1569,0.1581,0.1373,0.1646,IDLE,IDLE,IDLE,IDLE,IDLE,IDLE,IDLE,IDLE,IDLE,IDLE,IDLE,IDLE,IDLE,IDLE,IDLE,IDLE,IDLE,IDLE,IDLE,IDLE,IDLE,IDLE,IDLE,IDLE,IDLE,IDLE,IDLE,IDLE,IDLE,IDLE,IDLE,IDLE,IDLE,IDLE,IDLE,IDLE,IDLE,IDLE,IDLE,IDLE,IDLE,IDLE,IDLE,IDLE,IDLE,IDLE,IDLE,IDLE,IDLE,IDLE
630,2024-01-27 06:00:01,0.00,0.00,0,0.0000,0.0000,0.00,0.9998,0.9999,0.9997,0.9997,0.9998,0.9998,0.9998,0.9997,0.9998,0.9998,0.9999,0.9997,0.9998,0.9999,0.9998,0.9999,0.9998,0.9998,0.9998,0.9998,0.9998,0.9998,0.9999,0.9998,0.9998,0.9998,0.9998,0.9998,0.9998,0.9997,0.9998,0.9998,0.9998,0.9998,0.9998,0.9997,0.9996,0.9998,0.9998,0.9998,0.9998,0.9998,0.9998,0.9998,0.9997,0.9997,0.9998,0.9999,0.9998,0.9999,0.1622,0.1872,0.1898,0.1763,0.1969,0.1614,0.1677,0.1781,0.1623,0.1490,0.1997,0.1315,0.1870,0.1542,0.1730,0.1542,0.1970,0.1985,0.1753,0.1642,0.1937,0.1970,0.1982,0.1980,0.1844,0.1987,0.1970,0.1490,0.1759,0.1861,0.1491,0.1286,0.1623,0.1668,0.1993,0.1763,0.1879,0.1286,0.1709,0.1911,0.1677,0.1626,0.1409,0.1980,0.1412,0.1557,0.1569,0.1581,0.1373,0.1646,IDLE,IDLE,IDLE,IDLE,IDLE,IDLE,IDLE,IDLE,IDLE,IDLE,IDLE,IDLE,IDLE,IDLE,IDLE,IDLE,IDLE,IDLE,IDLE,IDLE,IDLE,IDLE,IDLE,IDLE,IDLE,IDLE,IDLE,IDLE,IDLE,IDLE,IDLE,IDLE,IDLE,IDLE,IDLE,IDLE,IDLE,IDLE,IDLE,IDLE,IDLE,IDLE,IDLE,IDLE,IDLE,IDLE,IDLE,IDLE,IDLE,IDLE
631,2024-01-27 07:00:01,0.00,0.00,0,0.0000,0.0000,0.00,0.9998,0.9999,0.9997,0.9997,0.9998,0.9998,0.9998,0.9997,0.9998,0.9998,0.9999,0.9997,0.9998,0.9999,0.9998,0.9999,0.9998,0.9998,0.9998,0.9998,0.9998,0.9998,0.9999,0.9998,0.9998,0.9998,0.9998,0.9998,0.9998,0.9997,0.9998,0.9998,0.9998,0.9998,0.9998,0.9997,0.9996,0.9998,0.9998,0.9998,0.9998,0.9998,0.9998,0.9998,0.9997,0.9997,0.9998,0.9999,0.9998,0.9999,0.1622,0.1872,0.1898,0.1763,0.1969,0.1614,0.1677,0.1781,0.1623,0.1490,0.1997,0.1315,0.1870,0.1542,0.1730,0.1542,0.1970,0.1985,0.1753,0.1642,0.1937,0.1970,0.1982,0.1980,0.1844,0.1987,0.1970,0.1490,0.1759,0.1861,0.1491,0.1286,0.1623,0.1668,0.1993,0.1763,0.1879,0.1286,0.1709,0.1911,0.1677,0.1626,0.1409,0.1980,0.1412,0.1557,0.1569,0.1581,0.1373,0.1646,IDLE,IDLE,IDLE,IDLE,IDLE,IDLE,IDLE,IDLE,IDLE,IDLE,IDLE,IDLE,IDLE,IDLE,IDLE,IDLE,IDLE,IDLE,IDLE,IDLE,IDLE,IDLE,IDLE,IDLE,IDLE,IDLE,IDLE,IDLE,IDLE,IDLE,IDLE,IDLE,IDLE,IDLE,IDLE,IDLE,IDLE,IDLE,IDLE,IDLE,IDLE,IDLE,IDLE,IDLE,IDLE,IDLE,IDLE,IDLE,IDLE,IDLE
632,2024-01-27 08:00:01,0.00,0.00,0,0.0000,0.0000,0.00,0.9998,0.9999,0.9997,0.9997,0.9998,0.9998,0.9998,0.9997,0.9998,0.9998,0.9999,0.9997,0.9998,0.9999,0.9998,0.9999,0.9998,0.9998,0.9998,0.9998,0.9998,0.9998,0.9999,0.9998,0.9998,0.9998,0.9998,0.9998,0.9998,0.9997,0.9998,0.9998,0.9998,0.9998,0.9998,0.9997,0.9996,0.9998,0.9998,0.9998,0.9998,0.9998,0.9998,0.9998,0.9997,0.9997,0.9998,0.9999,0.9998,0.9999,0.1622,0.1872,0.1898,0.1763,0.1969,0.1614,0.1677,0.1781,0.1623,0.1490,0.1997,0.1315,0.1870,0.1542,0.1730,0.1542,0.1970,0.1985,0.1753,0.1642,0.1937,0.1970,0.1982,0.1980,0.1844,0.1987,0.1970,0.1490,0.1759,0.1861,0.1491,0.1286,0.1623,0.1668,0.1993,0.1763,0.1879,0.1286,0.1709,0.1911,0.1677,0.1626,0.1409,0.1980,0.1412,0.1557,0.1569,0.1581,0.1373,0.1646,IDLE,IDLE,IDLE,IDLE,IDLE,IDLE,IDLE,IDLE,IDLE,IDLE,IDLE,IDLE,IDLE,IDLE,IDLE,IDLE,IDLE,IDLE,IDLE,IDLE,IDLE,IDLE,IDLE,IDLE,IDLE,IDLE,IDLE,IDLE,IDLE,IDLE,IDLE,IDLE,IDLE,IDLE,IDLE,IDLE,IDLE,IDLE,IDLE,IDLE,IDLE,IDLE,IDLE,IDLE,IDLE,IDLE,IDLE,IDLE,IDLE,IDLE
633,2024-01-27 09:00:01,0.00,0.00,0,0.0000,0.0000,0.00,0.9998,0.9999,0.9997,0.9997,0.9998,0.9998,0.9998,0.9997,0.9998,0.9998,0.9999,0.9997,0.9998,0.9999,0.9998,0.9999,0.9998,0.9998,0.9998,0.9998,0.9998,0.9998,0.9999,0.9998,0.9998,0.9998,0.9998,0.9998,0.9998,0.9997,0.9998,0.9998,0.9998,0.9998,0.9998,0.9997,0.9996,0.9998,0.9998,0.9998,0.9998,0.9998,0.9998,0.9998,0.9997,0.9997,0.9998,0.9999,0.9998,0.9999,0.1622,0.1872,0.1898,0.1763,0.1969,0.1614,0.1677,0.1781,0.1623,0.1490,0.1997,0.1315,0.1870,0.1542,0.1730,0.1542,0.1970,0.1985,0.1753,0.1642,0.1937,0.1970,0.1982,0.1980,0.1844,0.1987,0.1970,0.1490,0.1759,0.1861,0.1491,0.1286,0.1623,0.1668,0.1993,0.1763,0.1879,0.1286,0.1709,0.1911,0.1677,0.1626,0.1409,0.1980,0.1412,0.1557,0.1569,0.1581,0.1373,0.1646,IDLE,IDLE,IDLE,IDLE,IDLE,IDLE,IDLE,IDLE,IDLE,IDLE,IDLE,IDLE,IDLE,IDLE,IDLE,IDLE,IDLE,IDLE,IDLE,IDLE,IDLE,IDLE,IDLE,IDLE,IDLE,IDLE,IDLE,IDLE,IDLE,IDLE,IDLE,IDLE,IDLE,IDLE,IDLE,IDLE,IDLE,IDLE,IDLE,IDLE,IDLE,IDLE,IDLE,IDLE,IDLE,IDLE,IDLE,IDLE,IDLE,IDLE
634,2024-01-27 10:00:01,0.00,0.00,0,0.0000,0.0000,0.00,0.9998,0.9999,0.9997,0.9997,0.9998,0.9998,0.9998,0.9997,0.9998,0.9998,0.9999,0.9997,0.9998,0.9999,0.9998,0.9999,0.9998,0.9998,0.9998,0.9998,0.9998,0.9998,0.9999,0.9998,0.9998,0.9998,0.9998,0.9998,0.9998,0.9997,0.9998,0.9998,0.9998,0.9998,0.9998,0.9997,0.9996,0.9998,0.9998,0.9998,0.9998,0.9998,0.9998,0.9998,0.9997,0.9997,0.9998,0.9999,0.9998,0.9999,0.1622,0.1872,0.1898,0.1763,0.1969,0.1614,0.1677,0.1781,0.1623,0.1490,0.1997,0.1315,0.1870,0.1542,0.1730,0.1542,0.1970,0.1985,0.1753,0.1642,0.1937,0.1970,0.1982,0.1980,0.1844,0.1987,0.1970,0.1490,0.1759,0.1861,0.1491,0.1286,0.1623,0.1668,0.1993,0.1763,0.1879,0.1286,0.1709,0.1911,0.1677,0.1626,0.1409,0.1980,0.1412,0.1557,0.1569,0.1581,0.1373,0.1646,IDLE,IDLE,IDLE,IDLE,IDLE,IDLE,IDLE,IDLE,IDLE,IDLE,IDLE,IDLE,IDLE,IDLE,IDLE,IDLE,IDLE,IDLE,IDLE,IDLE,IDLE,IDLE,IDLE,IDLE,IDLE,IDLE,IDLE,IDLE,IDLE,IDLE,IDLE,IDLE,IDLE,IDLE,IDLE,IDLE,IDLE,IDLE,IDLE,IDLE,IDLE,IDLE,IDLE,IDLE,IDLE,IDLE,IDLE,IDLE,IDLE,IDLE
635,2024-01-27 11:00:01,0.00,0.00,0,0.0000,0.0000,0.00,0.9998,0.9999,0.9997,0.9997,0.9998,0.9998,0.9998,0.9997,0.9998,0.9998,0.9999,0.9997,0.9998,0.9999,0.9998,0.9999,0.9998,0.9998,0.9998,0.9998,0.9998,0.9998,0.9999,0.9998,0.9998,0.9998,0.9998,0.9998,0.9998,0.9997,0.9998,0.9998,0.9998,0.9998,0.9998,0.9997,0.9996,0.9998,0.9998,0.9998,0.9998,0.9998,0.9998,0.9998,0.9997,0.9997,0.9998,0.9999,0.9998,0.9999,0.1622,0.1872,0.1898,0.1763,0.1969,0.1614,0.1677,0.1781,0.1623,0.1490,0.1997,0.1315,0.1870,0.1542,0.1730,0.1542,0.1970,0.1985,0.1753,0.1642,0.1937,0.1970,0.1982,0.1980,0.1844,0.1987,0.1970,0.1490,0.1759,0.1861,0.1491,0.1286,0.1623,0.1668,0.1993,0.1763,0.1879,0.1286,0.1709,0.1911,0.1677,0.1626,0.1409,0.1980,0.1412,0.1557,0.1569,0.1581,0.1373,0.1646,IDLE,IDLE,IDLE,IDLE,IDLE,IDLE,IDLE,IDLE,IDLE,IDLE,IDLE,IDLE,IDLE,IDLE,IDLE,IDLE,IDLE,IDLE,IDLE,IDLE,IDLE,IDLE,IDLE,IDLE,IDLE,IDLE,IDLE,IDLE,IDLE,IDLE,IDLE,IDLE,IDLE,IDLE,IDLE,IDLE,IDLE,IDLE,IDLE,IDLE,IDLE,IDLE,IDLE,IDLE,IDLE,IDLE,IDLE,IDLE,IDLE,IDLE
636,2024-01-27 12:00:01,0.00,0.00,0,0.0000,0.0000,0.00,0.9998,0.9999,0.9997,0.9997,0.9998,0.9998,0.9998,0.9997,0.9998,0.9998,0.9999,0.9997,0.9998,0.9999,0.9998,0.9999,0.9998,0.9998,0.9998,0.9998,0.9998,0.9998,0.9999,0.9998,0.9998,0.9998,0.9998,0.9998,0.9998,0.9997,0.9998,0.9998,0.9998,0.9998,0.9998,0.9997,0.9996,0.9998,0.9998,0.9998,0.9998,0.9998,0.9998,0.9998,0.9997,0.9997,0.9998,0.9999,0.9998,0.9999,0.1622,0.1872,0.1898,0.1763,0.1969,0.1614,0.1677,0.1781,0.1623,0.1490,0.1997,0.1315,0.1870,0.1542,0.1730,0.1542,0.1970,0.1985,0.1753,0.1642,0.1937,0.1970,0.1982,0.1980,0.1844,0.1987,0.1970,0.1490,0.1759,0.1861,0.1491,0.1286,0.1623,0.1668,0.1993,0.1763,0.1879,0.1286,0.1709,0.1911,0.1677,0.1626,0.1409,0.1980,0.1412,0.1557,0.1569,0.1581,0.1373,0.1646,IDLE,IDLE,IDLE,IDLE,IDLE,IDLE,IDLE,IDLE,IDLE,IDLE,IDLE,IDLE,IDLE,IDLE,IDLE,IDLE,IDLE,IDLE,IDLE,IDLE,IDLE,IDLE,IDLE,IDLE,IDLE,IDLE,IDLE,IDLE,IDLE,IDLE,IDLE,IDLE,IDLE,IDLE,IDLE,IDLE,IDLE,IDLE,IDLE,IDLE,IDLE,IDLE,IDLE,IDLE,IDLE,IDLE,IDLE,IDLE,IDLE,IDLE
637,2024-01-27 13:00:01,0.00,0.00,0,0.0000,0.0000,0.00,0.9998,0.9999,0.9997,0.9997,0.9998,0.9998,0.9998,0.9997,0.9998,0.9998,0.9999,0.9997,0.9998,0.9999,0.9998,0.9999,0.9998,0.9998,0.9998,0.9998,0.9998,0.9998,0.9999,0.9998,0.9998,0.9998,0.9998,0.9998,0.9998,0.9997,0.9998,0.9998,0.9998,0.9998,0.9998,0.9997,0.9996,0.9998,0.9998,0.9998,0.9998,0.9998,0.9998,0.9998,0.9997,0.9997,0.9998,0.9999,0.9998,0.9999,0.1622,0.1872,0.1898,0.1763,0.1969,0.1614,0.1677,0.1781,0.1623,0.1490,0.1997,0.1315,0.1870,0.1542,0.1730,0.1542,0.1970,0.1985,0.1753,0.1642,0.1937,0.1970,0.1982,0.1980,0.1844,0.1987,0.1970,0.1490,0.1759,0.1861,0.1491,0.1286,0.1623,0.1668,0.1993,0.1763,0.1879,0.1286,0.1709,0.1911,0.1677,0.1626,0.1409,0.1980,0.1412,0.1557,0.1569,0.1581,0.1373,0.1646,IDLE,IDLE,IDLE,IDLE,IDLE,IDLE,IDLE,IDLE,IDLE,IDLE,IDLE,IDLE,IDLE,IDLE,IDLE,IDLE,IDLE,IDLE,IDLE,IDLE,IDLE,IDLE,IDLE,IDLE,IDLE,IDLE,IDLE,IDLE,IDLE,IDLE,IDLE,IDLE,IDLE,IDLE,IDLE,IDLE,IDLE,IDLE,IDLE,IDLE,IDLE,IDLE,IDLE,IDLE,IDLE,IDLE,IDLE,IDLE,IDLE,IDLE
638,2024-01-27 14:00:01,0.00,0.00,0,0.0000,0.0000,0.00,0.9998,0.9999,0.9997,0.9997,0.9998,0.9998,0.9998,0.9997,0.9998,0.9998,0.9999,0.9997,0.9998,0.9999,0.9998,0.9999,0.9998,0.9998,0.9998,0.9998,0.9998,0.9998,0.9999,0.9998,0.9998,0.9998,0.9998,0.9998,0.9998,0.9997,0.9998,0.9998,0.9998,0.9998,0.9998,0.9997,0.9996,0.9998,0.9998,0.9998,0.9998,0.9998,0.9998,0.9998,0.9997,0.9997,0.9998,0.9999,0.9998,0.9999,0.1622,0.1872,0.1898,0.1763,0.1969,0.1614,0.1677,0.1781,0.1623,0.1490,0.1997,0.1315,0.1870,0.1542,0.1730,0.1542,0.1970,0.1985,0.1753,0.1642,0.1937,0.1970,0.1982,0.1980,0.1844,0.1987,0.1970,0.1490,0.1759,0.1861,0.1491,0.1286,0.1623,0.1668,0.1993,0.1763,0.1879,0.1286,0.1709,0.1911,0.1677,0.1626,0.1409,0.1980,0.1412,0.1557,0.1569,0.1581,0.1373,0.1646,IDLE,IDLE,IDLE,IDLE,IDLE,IDLE,IDLE,IDLE,IDLE,IDLE,IDLE,IDLE,IDLE,IDLE,IDLE,IDLE,IDLE,IDLE,IDLE,IDLE,IDLE,IDLE,IDLE,IDLE,IDLE,IDLE,IDLE,IDLE,IDLE,IDLE,IDLE,IDLE,IDLE,IDLE,IDLE,IDLE,IDLE,IDLE,IDLE,IDLE,IDLE,IDLE,IDLE,IDLE,IDLE,IDLE,IDLE,IDLE,IDLE,IDLE
639,2024-01-27 15:00:01,0.00,0.00,0,0.0000,0.0000,0.00,0.9998,0.9999,0.9997,0.9997,0.9998,0.9998,0.9998,0.9997,0.9998,0.9998,0.9999,0.9997,0.9998,0.9999,0.9998,0.9999,0.9998,0.9998,0.9998,0.9998,0.9998,0.9998,0.9999,0.9998,0.9998,0.9998,0.9998,0.9998,0.9998,0.9997,0.9998,0.9998,0.9998,0.9998,0.9998,0.9997,0.9996,0.9998,0.9998,0.9998,0.9998,0.9998,0.9998,0.9998,0.9997,0.9997,0.9998,0.9999,0.9998,0.9999,0.1622,0.1872,0.1898,0.1763,0.1969,0.1614,0.1677,0.1781,0.1623,0.1490,0.1997,0.1315,0.1870,0.1542,0.1730,0.1542,0.1970,0.1985,0.1753,0.1642,0.1937,0.1970,0.1982,0.1980,0.1844,0.1987,0.1970,0.1490,0.1759,0.1861,0.1491,0.1286,0.1623,0.1668,0.1993,0.1763,0.1879,0.1286,0.1709,0.1911,0.1677,0.1626,0.1409,0.1980,0.1412,0.1557,0.1569,0.1581,0.1373,0.1646,IDLE,IDLE,IDLE,IDLE,IDLE,IDLE,IDLE,IDLE,IDLE,IDLE,IDLE,IDLE,IDLE,IDLE,IDLE,IDLE,IDLE,IDLE,IDLE,IDLE,IDLE,IDLE,IDLE,IDLE,IDLE,IDLE,IDLE,IDLE,IDLE,IDLE,IDLE,IDLE,IDLE,IDLE,IDLE,IDLE,IDLE,IDLE,IDLE,IDLE,IDLE,IDLE,IDLE,IDLE,IDLE,IDLE,IDLE,IDLE,IDLE,IDLE
640,2024-01-27 16:00:01,0.00,0.00,0,0.0000,0.0000,0.00,0.9998,0.9999,0.9997,0.9997,0.9998,0.9998,0.9998,0.9997,0.9998,0.9998,0.9999,0.9997,0.9998,0.9999,0.9998,0.9999,0.9998,0.9998,0.9998,0.9998,0.9998,0.9998,0.9999,0.9998,0.9998,0.9998,0.9998,0.9998,0.9998,0.9997,0.9998,0.9998,0.9998,0.9998,0.9998,0.9997,0.9996,0.9998,0.9998,0.9998,0.9998,0.9998,0.9998,0.9998,0.9997,0.9997,0.9998,0.9999,0.9998,0.9999,0.1622,0.1872,0.1898,0.1763,0.1969,0.1614,0.1677,0.1781,0.1623,0.1490,0.1997,0.1315,0.1870,0.1542,0.1730,0.1542,0.1970,0.1985,0.1753,0.1642,0.1937,0.1970,0.1982,0.1980,0.1844,0.1987,0.1970,0.1490,0.1759,0.1861,0.1491,0.1286,0.1623,0.1668,0.1993,0.1763,0.1879,0.1286,0.1709,0.1911,0.1677,0.1626,0.1409,0.1980,0.1412,0.1557,0.1569,0.1581,0.1373,0.1646,IDLE,IDLE,IDLE,IDLE,IDLE,IDLE,IDLE,IDLE,IDLE,IDLE,IDLE,IDLE,IDLE,IDLE,IDLE,IDLE,IDLE,IDLE,IDLE,IDLE,IDLE,IDLE,IDLE,IDLE,IDLE,IDLE,IDLE,IDLE,IDLE,IDLE,IDLE,IDLE,IDLE,IDLE,IDLE,IDLE,IDLE,IDLE,IDLE,IDLE,IDLE,IDLE,IDLE,IDLE,IDLE,IDLE,IDLE,IDLE,IDLE,IDLE
641,2024-01-27 17:00:01,0.00,0.00,0,0.0000,0.0000,0.00,0.9998,0.9999,0.9997,0.9997,0.9998,0.9998,0.9998,0.9997,0.9998,0.9998,0.9999,0.9997,0.9998,0.9999,0.9998,0.9999,0.9998,0.9998,0.9998,0.9998,0.9998,0.9998,0.9999,0.9998,0.9998,0.9998,0.9998,0.9998,0.9998,0.9997,0.9998,0.9998,0.9998,0.9998,0.9998,0.9997,0.9996,0.9998,0.9998,0.9998,0.9998,0.9998,0.9998,0.9998,0.9997,0.9997,0.9998,0.9999,0.9998,0.9999,0.1622,0.1872,0.1898,0.1763,0.1969,0.1614,0.1677,0.1781,0.1623,0.1490,0.1997,0.1315,0.1870,0.1542,0.1730,0.1542,0.1970,0.1985,0.1753,0.1642,0.1937,0.1970,0.1982,0.1980,0.1844,0.1987,0.1970,0.1490,0.1759,0.1861,0.1491,0.1286,0.1623,0.1668,0.1993,0.1763,0.1879,0.1286,0.1709,0.1911,0.1677,0.1626,0.1409,0.1980,0.1412,0.1557,0.1569,0.1581,0.1373,0.1646,IDLE,IDLE,IDLE,IDLE,IDLE,IDLE,IDLE,IDLE,IDLE,IDLE,IDLE,IDLE,IDLE,IDLE,IDLE,IDLE,IDLE,IDLE,IDLE,IDLE,IDLE,IDLE,IDLE,IDLE,IDLE,IDLE,IDLE,IDLE,IDLE,IDLE,IDLE,IDLE,IDLE,IDLE,IDLE,IDLE,IDLE,IDLE,IDLE,IDLE,IDLE,IDLE,IDLE,IDLE,IDLE,IDLE,IDLE,IDLE,IDLE,IDLE
642,2024-01-27 18:00:01,0.00,0.00,0,0.0000,0.0000,0.00,0.9998,0.9999,0.9997,0.9997,0.9998,0.9998,0.9998,0.9997,0.9998,0.9998,0.9999,0.9997,0.9998,0.9999,0.9998,0.9999,0.9998,0.9998,0.9998,0.9998,0.9998,0.9998,0.9999,0.9998,0.9998,0.9998,0.9998,0.9998,0.9998,0.9997,0.9998,0.9998,0.9998,0.9998,0.9998,0.9997,0.9996,0.9998,0.9998,0.9998,0.9998,0.9998,0.9998,0.9998,0.9997,0.9997,0.9998,0.9999,0.9998,0.9999,0.1622,0.1872,0.1898,0.1763,0.1969,0.1614,0.1677,0.1781,0.1623,0.1490,0.1997,0.1315,0.1870,0.1542,0.1730,0.1542,0.1970,0.1985,0.1753,0.1642,0.1937,0.1970,0.1982,0.1980,0.1844,0.1987,0.1970,0.1490,0.1759,0.1861,0.1491,0.1286,0.1623,0.1668,0.1993,0.1763,0.1879,0.1286,0.1709,0.1911,0.1677,0.1626,0.1409,0.1980,0.1412,0.1557,0.1569,0.1581,0.1373,0.1646,IDLE,IDLE,IDLE,IDLE,IDLE,IDLE,IDLE,IDLE,IDLE,IDLE,IDLE,IDLE,IDLE,IDLE,IDLE,IDLE,IDLE,IDLE,IDLE,IDLE,IDLE,IDLE,IDLE,IDLE,IDLE,IDLE,IDLE,IDLE,IDLE,IDLE,IDLE,IDLE,IDLE,IDLE,IDLE,IDLE,IDLE,IDLE,IDLE,IDLE,IDLE,IDLE,IDLE,IDLE,IDLE,IDLE,IDLE,IDLE,IDLE,IDLE
643,2024-01-27 19:00:01,0.00,0.00,0,0.0000,0.0000,0.00,0.9998,0.9999,0.9997,0.9997,0.9998,0.9998,0.9998,0.9997,0.9998,0.9998,0.9999,0.9997,0.9998,0.9999,0.9998,0.9999,0.9998,0.9998,0.9998,0.9998,0.9998,0.9998,0.9999,0.9998,0.9998,0.9998,0.9998,0.9998,0.9998,0.9997,0.9998,0.9998,0.9998,0.9998,0.9998,0.9997,0.9996,0.9998,0.9998,0.9998,0.9998,0.9998,0.9998,0.9998,0.9997,0.9997,0.9998,0.9999,0.9998,0.9999,0.1622,0.1872,0.1898,0.1763,0.1969,0.1614,0.1677,0.1781,0.1623,0.1490,0.1997,0.1315,0.1870,0.1542,0.1730,0.1542,0.1970,0.1985,0.1753,0.1642,0.1937,0.1970,0.1982,0.1980,0.1844,0.1987,0.1970,0.1490,0.1759,0.1861,0.1491,0.1286,0.1623,0.1668,0.1993,0.1763,0.1879,0.1286,0.1709,0.1911,0.1677,0.1626,0.1409,0.1980,0.1412,0.1557,0.1569,0.1581,0.1373,0.1646,IDLE,IDLE,IDLE,IDLE,IDLE,IDLE,IDLE,IDLE,IDLE,IDLE,IDLE,IDLE,IDLE,IDLE,IDLE,IDLE,IDLE,IDLE,IDLE,IDLE,IDLE,IDLE,IDLE,IDLE,IDLE,IDLE,IDLE,IDLE,IDLE,IDLE,IDLE,IDLE,IDLE,IDLE,IDLE,IDLE,IDLE,IDLE,IDLE,IDLE,IDLE,IDLE,IDLE,IDLE,IDLE,IDLE,IDLE,IDLE,IDLE,IDLE
644,2024-01-27 20:00:01,0.00,0.00,0,0.0000,0.0000,0.00,0.9998,0.9999,0.9997,0.9997,0.9998,0.9998,0.9998,0.9997,0.9998,0.9998,0.9999,0.9997,0.9998,0.9999,0.9998,0.9999,0.9998,0.9998,0.9998,0.9998,0.9998,0.9998,0.9999,0.9998,0.9998,0.9998,0.9998,0.9998,0.9998,0.9997,0.9998,0.9998,0.9998,0.9998,0.9998,0.9997,0.9996,0.9998,0.9998,0.9998,0.9998,0.9998,0.9998,0.9998,0.9997,0.9997,0.9998,0.9999,0.9998,0.9999,0.1622,0.1872,0.1898,0.1763,0.1969,0.1614,0.1677,0.1781,0.1623,0.1490,0.1997,0.1315,0.1870,0.1542,0.1730,0.1542,0.1970,0.1985,0.1753,0.1642,0.1937,0.1970,0.1982,0.1980,0.1844,0.1987,0.1970,0.1490,0.1759,0.1861,0.1491,0.1286,0.1623,0.1668,0.1993,0.1763,0.1879,0.1286,0.1709,0.1911,0.1677,0.1626,0.1409,0.1980,0.1412,0.1557,0.1569,0.1581,0.1373,0.1646,IDLE,IDLE,IDLE,IDLE,IDLE,IDLE,IDLE,IDLE,IDLE,IDLE,IDLE,IDLE,IDLE,IDLE,IDLE,IDLE,IDLE,IDLE,IDLE,IDLE,IDLE,IDLE,IDLE,IDLE,IDLE,IDLE,IDLE,IDLE,IDLE,IDLE,IDLE,IDLE,IDLE,IDLE,IDLE,IDLE,IDLE,IDLE,IDLE,IDLE,IDLE,IDLE,IDLE,IDLE,IDLE,IDLE,IDLE,IDLE,IDLE,IDLE
645,2024-01-27 21:00:01,0.00,0.00,0,0.0000,0.0000,0.00,0.9998,0.9999,0.9997,0.9997,0.9998,0.9998,0.9998,0.9997,0.9998,0.9998,0.9999,0.9997,0.9998,0.9999,0.9998,0.9999,0.9998,0.9998,0.9998,0.9998,0.9998,0.9998,0.9999,0.9998,0.9998,0.9998,0.9998,0.9998,0.9998,0.9997,0.9998,0.9998,0.9998,0.9998,0.9998,0.9997,0.9996,0.9998,0.9998,0.9998,0.9998,0.9998,0.9998,0.9998,0.9997,0.9997,0.9998,0.9999,0.9998,0.9999,0.1622,0.1872,0.1898,0.1763,0.1969,0.1614,0.1677,0.1781,0.1623,0.1490,0.1997,0.1315,0.1870,0.1542,0.1730,0.1542,0.1970,0.1985,0.1753,0.1642,0.1937,0.1970,0.1982,0.1980,0.1844,0.1987,0.1970,0.1490,0.1759,0.1861,0.1491,0.1286,0.1623,0.1668,0.1993,0.1763,0.1879,0.1286,0.1709,0.1911,0.1677,0.1626,0.1409,0.1980,0.1412,0.1557,0.1569,0.1581,0.1373,0.1646,IDLE,IDLE,IDLE,IDLE,IDLE,IDLE,IDLE,IDLE,IDLE,IDLE,IDLE,IDLE,IDLE,IDLE,IDLE,IDLE,IDLE,IDLE,IDLE,IDLE,IDLE,IDLE,IDLE,IDLE,IDLE,IDLE,IDLE,IDLE,IDLE,IDLE,IDLE,IDLE,IDLE,IDLE,IDLE,IDLE,IDLE,IDLE,IDLE,IDLE,IDLE,IDLE,IDLE,IDLE,IDLE,IDLE,IDLE,IDLE,IDLE,IDLE
646,2024-01-27 22:00:01,0.00,0.00,0,0.0000,0.0000,0.00,0.9998,0.9999,0.9997,0.9997,0.9998,0.9998,0.9998,0.9997,0.9998,0.9998,0.9999,0.9997,0.9998,0.9999,0.9998,0.9999,0.9998,0.9998,0.9998,0.9998,0.9998,0.9998,0.9999,0.9998,0.9998,0.9998,0.9998,0.9998,0.9998,0.9997,0.9998,0.9998,0.9998,0.9998,0.9998,0.9997,0.9996,0.9998,0.9998,0.9998,0.9998,0.9998,0.9998,0.9998,0.9997,0.9997,0.9998,0.9999,0.9998,0.9999,0.1622,0.1872,0.1898,0.1763,0.1969,0.1614,0.1677,0.1781,0.1623,0.1490,0.1997,0.1315,0.1870,0.1542,0.1730,0.1542,0.1970,0.1985,0.1753,0.1642,0.1937,0.1970,0.1982,0.1980,0.1844,0.1987,0.1970,0.1490,0.1759,0.1861,0.1491,0.1286,0.1623,0.1668,0.1993,0.1763,0.1879,0.1286,0.1709,0.1911,0.1677,0.1626,0.1409,0.1980,0.1412,0.1557,0.1569,0.1581,0.1373,0.1646,IDLE,IDLE,IDLE,IDLE,IDLE,IDLE,IDLE,IDLE,IDLE,IDLE,IDLE,IDLE,IDLE,IDLE,IDLE,IDLE,IDLE,IDLE,IDLE,IDLE,IDLE,IDLE,IDLE,IDLE,IDLE,IDLE,IDLE,IDLE,IDLE,IDLE,IDLE,IDLE,IDLE,IDLE,IDLE,IDLE,IDLE,IDLE,IDLE,IDLE,IDLE,IDLE,IDLE,IDLE,IDLE,IDLE,IDLE,IDLE,IDLE,IDLE
647,2024-01-27 23:00:01,0.00,0.00,0,0.0000,0.0000,0.00,0.9998,0.9999,0.9997,0.9997,0.9998,0.9998,0.9998,0.9997,0.9998,0.9998,0.9999,0.9997,0.9998,0.9999,0.9998,0.9999,0.9998,0.9998,0.9998,0.9998,0.9998,0.9998,0.9999,0.9998,0.9998,0.9998,0.9998,0.9998,0.9998,0.9997,0.9998,0.9998,0.9998,0.9998,0.9998,0.9997,0.9996,0.9998,0.9998,0.9998,0.9998,0.9998,0.9998,0.9998,0.9997,0.9997,0.9998,0.9999,0.9998,0.9999,0.1622,0.1872,0.1898,0.1763,0.1969,0.1614,0.1677,0.1781,0.1623,0.1490,0.1997,0.1315,0.1870,0.1542,0.1730,0.1542,0.1970,0.1985,0.1753,0.1642,0.1937,0.1970,0.1982,0.1980,0.1844,0.1987,0.1970,0.1490,0.1759,0.1861,0.1491,0.1286,0.1623,0.1668,0.1993,0.1763,0.1879,0.1286,0.1709,0.1911,0.1677,0.1626,0.1409,0.1980,0.1412,0.1557,0.1569,0.1581,0.1373,0.1646,IDLE,IDLE,IDLE,IDLE,IDLE,IDLE,IDLE,IDLE,IDLE,IDLE,IDLE,IDLE,IDLE,IDLE,IDLE,IDLE,IDLE,IDLE,IDLE,IDLE,IDLE,IDLE,IDLE,IDLE,IDLE,IDLE,IDLE,IDLE,IDLE,IDLE,IDLE,IDLE,IDLE,IDLE,IDLE,IDLE,IDLE,IDLE,IDLE,IDLE,IDLE,IDLE,IDLE,IDLE,IDLE,IDLE,IDLE,IDLE,IDLE,IDLE
648,2024-01-28 00:00:01,0.00,0.00,0,0.0000,0.0000,0.00,0.9998,0.9999,0.9997,0.9997,0.9998,0.9998,0.9998,0.9997,0.9998,0.9998,0.9999,0.9997,0.9998,0.9999,0.9998,0.9999,0.9998,0.9998,0.9998,0.9998,0.9998,0.9998,0.9999,0.9998,0.9998,0.9998,0.9998,0.9998,0.9998,0.9997,0.9998,0.9998,0.9998,0.9998,0.9998,0.9997,0.9996,0.9998,0.9998,0.9998,0.9998,0.9998,0.9998,0.9998,0.9997,0.9997,0.9998,0.9999,0.9998,0.9999,0.1622,0.1872,0.1898,0.1763,0.1969,0.1614,0.1677,0.1781,0.1623,0.1490,0.1997,0.1315,0.1870,0.1542,0.1730,0.1542,0.1970,0.1985,0.1753,0.1642,0.1937,0.1970,0.1982,0.1980,0.1844,0.1987,0.1970,0.1490,0.1759,0.1861,0.1491,0.1286,0.1623,0.1668,0.1993,0.1763,0.1879,0.1286,0.1709,0.1911,0.1677,0.1626,0.1409,0.1980,0.1412,0.1557,0.1569,0.1581,0.1373,0.1646,IDLE,IDLE,IDLE,IDLE,IDLE,IDLE,IDLE,IDLE,IDLE,IDLE,IDLE,IDLE,IDLE,IDLE,IDLE,IDLE,IDLE,IDLE,IDLE,IDLE,IDLE,IDLE,IDLE,IDLE,IDLE,IDLE,IDLE,IDLE,IDLE,IDLE,IDLE,IDLE,IDLE,IDLE,IDLE,IDLE,IDLE,IDLE,IDLE,IDLE,IDLE,IDLE,IDLE,IDLE,IDLE,IDLE,IDLE,IDLE,IDLE,IDLE
649,2024-01-28 01:00:01,0.00,0.00,0,0.0000,0.0000,0.00,0.9998,0.9999,0.9997,0.9997,0.9998,0.9998,0.9998,0.9997,0.9998,0.9998,0.9999,0.9997,0.9998,0.9999,0.9998,0.9999,0.9998,0.9998,0.9998,0.9998,0.9998,0.9998,0.9999,0.9998,0.9998,0.9998,0.9998,0.9998,0.9998,0.9997,0.9998,0.9998,0.9998,0.9998,0.9998,0.9997,0.9996,0.9998,0.9998,0.9998,0.9998,0.9998,0.9998,0.9998,0.9997,0.9997,0.9998,0.9999,0.9998,0.9999,0.1622,0.1872,0.1898,0.1763,0.1969,0.1614,0.1677,0.1781,0.1623,0.1490,0.1997,0.1315,0.1870,0.1542,0.1730,0.1542,0.1970,0.1985,0.1753,0.1642,0.1937,0.1970,0.1982,0.1980,0.1844,0.1987,0.1970,0.1490,0.1759,0.1861,0.1491,0.1286,0.1623,0.1668,0.1993,0.1763,0.1879,0.1286,0.1709,0.1911,0.1677,0.1626,0.1409,0.1980,0.1412,0.1557,0.1569,0.1581,0.1373,0.1646,IDLE,IDLE,IDLE,IDLE,IDLE,IDLE,IDLE,IDLE,IDLE,IDLE,IDLE,IDLE,IDLE,IDLE,IDLE,IDLE,IDLE,IDLE,IDLE,IDLE,IDLE,IDLE,IDLE,IDLE,IDLE,IDLE,IDLE,IDLE,IDLE,IDLE,IDLE,IDLE,IDLE,IDLE,IDLE,IDLE,IDLE,IDLE,IDLE,IDLE,IDLE,IDLE,IDLE,IDLE,IDLE,IDLE,IDLE,IDLE,IDLE,IDLE
650,2024-01-28 02:00:01,0.00,0.00,0,0.0000,0.0000,0.00,0.9998,0.9999,0.9997,0.9997,0.9998,0.9998,0.9998,0.9997,0.9998,0.9998,0.9999,0.9997,0.9998,0.9999,0.9998,0.9999,0.9998,0.9998,0.9998,0.9998,0.9998,0.9998,0.9999,0.9998,0.9998,0.9998,0.9998,0.9998,0.9998,0.9997,0.9998,0.9998,0.9998,0.9998,0.9998,0.9997,0.9996,0.9998,0.9998,0.9998,0.9998,0.9998,0.9998,0.9998,0.9997,0.9997,0.9998,0.9999,0.9998,0.9999,0.1622,0.1872,0.1898,0.1763,0.1969,0.1614,0.1677,0.1781,0.1623,0.1490,0.1997,0.1315,0.1870,0.1542,0.1730,0.1542,0.1970,0.1985,0.1753,0.1642,0.1937,0.1970,0.1982,0.1980,0.1844,0.1987,0.1970,0.1490,0.1759,0.1861,0.1491,0.1286,0.1623,0.1668,0.1993,0.1763,0.1879,0.1286,0.1709,0.1911,0.1677,0.1626,0.1409,0.1980,0.1412,0.1557,0.1569,0.1581,0.1373,0.1646,IDLE,IDLE,IDLE,IDLE,IDLE,IDLE,IDLE,IDLE,IDLE,IDLE,IDLE,IDLE,IDLE,IDLE,IDLE,IDLE,IDLE,IDLE,IDLE,IDLE,IDLE,IDLE,IDLE,IDLE,IDLE,IDLE,IDLE,IDLE,IDLE,IDLE,IDLE,IDLE,IDLE,IDLE,IDLE,IDLE,IDLE,IDLE,IDLE,IDLE,IDLE,IDLE,IDLE,IDLE,IDLE,IDLE,IDLE,IDLE,IDLE,IDLE
651,2024-01-28 03:00:01,0.00,0.00,0,0.0000,0.0000,0.00,0.9998,0.9999,0.9997,0.9997,0.9998,0.9998,0.9998,0.9997,0.9998,0.9998,0.9999,0.9997,0.9998,0.9999,0.9998,0.9999,0.9998,0.9998,0.9998,0.9998,0.9998,0.9998,0.9999,0.9998,0.9998,0.9998,0.9998,0.9998,0.9998,0.9997,0.9998,0.9998,0.9998,0.9998,0.9998,0.9997,0.9996,0.9998,0.9998,0.9998,0.9998,0.9998,0.9998,0.9998,0.9997,0.9997,0.9998,0.9999,0.9998,0.9999,0.1622,0.1872,0.1898,0.1763,0.1969,0.1614,0.1677,0.1781,0.1623,0.1490,0.1997,0.1315,0.1870,0.1542,0.1730,0.1542,0.1970,0.1985,0.1753,0.1642,0.1937,0.1970,0.1982,0.1980,0.1844,0.1987,0.1970,0.1490,0.1759,0.1861,0.1491,0.1286,0.1623,0.1668,0.1993,0.1763,0.1879,0.1286,0.1709,0.1911,0.1677,0.1626,0.1409,0.1980,0.1412,0.1557,0.1569,0.1581,0.1373,0.1646,IDLE,IDLE,IDLE,IDLE,IDLE,IDLE,IDLE,IDLE,IDLE,IDLE,IDLE,IDLE,IDLE,IDLE,IDLE,IDLE,IDLE,IDLE,IDLE,IDLE,IDLE,IDLE,IDLE,IDLE,IDLE,IDLE,IDLE,IDLE,IDLE,IDLE,IDLE,IDLE,IDLE,IDLE,IDLE,IDLE,IDLE,IDLE,IDLE,IDLE,IDLE,IDLE,IDLE,IDLE,IDLE,IDLE,IDLE,IDLE,IDLE,IDLE
652,2024-01-28 04:00:01,0.00,0.00,0,0.0000,0.0000,0.00,0.9998,0.9999,0.9997,0.9997,0.9998,0.9998,0.9998,0.9997,0.9998,0.9998,0.9999,0.9997,0.9998,0.9999,0.9998,0.9999,0.9998,0.9998,0.9998,0.9998,0.9998,0.9998,0.9999,0.9998,0.9998,0.9998,0.9998,0.9998,0.9998,0.9997,0.9998,0.9998,0.9998,0.9998,0.9998,0.9997,0.9996,0.9998,0.9998,0.9998,0.9998,0.9998,0.9998,0.9998,0.9997,0.9997,0.9998,0.9999,0.9998,0.9999,0.1622,0.1872,0.1898,0.1763,0.1969,0.1614,0.1677,0.1781,0.1623,0.1490,0.1997,0.1315,0.1870,0.1542,0.1730,0.1542,0.1970,0.1985,0.1753,0.1642,0.1937,0.1970,0.1982,0.1980,0.1844,0.1987,0.1970,0.1490,0.1759,0.1861,0.1491,0.1286,0.1623,0.1668,0.1993,0.1763,0.1879,0.1286,0.1709,0.1911,0.1677,0.1626,0.1409,0.1980,0.1412,0.1557,0.1569,0.1581,0.1373,0.1646,IDLE,IDLE,IDLE,IDLE,IDLE,IDLE,IDLE,IDLE,IDLE,IDLE,IDLE,IDLE,IDLE,IDLE,IDLE,IDLE,IDLE,IDLE,IDLE,IDLE,IDLE,IDLE,IDLE,IDLE,IDLE,IDLE,IDLE,IDLE,IDLE,IDLE,IDLE,IDLE,IDLE,IDLE,IDLE,IDLE,IDLE,IDLE,IDLE,IDLE,IDLE,IDLE,IDLE,IDLE,IDLE,IDLE,IDLE,IDLE,IDLE,IDLE
653,2024-01-28 05:00:01,0.00,0.00,0,0.0000,0.0000,0.00,0.9998,0.9999,0.9997,0.9997,0.9998,0.9998,0.9998,0.9997,0.9998,0.9998,0.9999,0.9997,0.9998,0.9999,0.9998,0.9999,0.9998,0.9998,0.9998,0.9998,0.9998,0.9998,0.9999,0.9998,0.9998,0.9998,0.9998,0.9998,0.9998,0.9997,0.9998,0.9998,0.9998,0.9998,0.9998,0.9997,0.9996,0.9998,0.9998,0.9998,0.9998,0.9998,0.9998,0.9998,0.9997,0.9997,0.9998,0.9999,0.9998,0.9999,0.1622,0.1872,0.1898,0.1763,0.1969,0.1614,0.1677,0.1781,0.1623,0.1490,0.1997,0.1315,0.1870,0.1542,0.1730,0.1542,0.1970,0.1985,0.1753,0.1642,0.1937,0.1970,0.1982,0.1980,0.1844,0.1987,0.1970,0.1490,0.1759,0.1861,0.1491,0.1286,0.1623,0.1668,0.1993,0.1763,0.1879,0.1286,0.1709,0.1911,0.1677,0.1626,0.1409,0.1980,0.1412,0.1557,0.1569,0.1581,0.1373,0.1646,IDLE,IDLE,IDLE,IDLE,IDLE,IDLE,IDLE,IDLE,IDLE,IDLE,IDLE,IDLE,IDLE,IDLE,IDLE,IDLE,IDLE,IDLE,IDLE,IDLE,IDLE,IDLE,IDLE,IDLE,IDLE,IDLE,IDLE,IDLE,IDLE,IDLE,IDLE,IDLE,IDLE,IDLE,IDLE,IDLE,IDLE,IDLE,IDLE,IDLE,IDLE,IDLE,IDLE,IDLE,IDLE,IDLE,IDLE,IDLE,IDLE,IDLE
654,2024-01-28 06:00:01,0.00,0.00,0,0.0000,0.0000,0.00,0.9998,0.9999,0.9997,0.9997,0.9998,0.9998,0.9998,0.9997,0.9998,0.9998,0.9999,0.9997,0.9998,0.9999,0.9998,0.9999,0.9998,0.9998,0.9998,0.9998,0.9998,0.9998,0.9999,0.9998,0.9998,0.9998,0.9998,0.9998,0.9998,0.9997,0.9998,0.9998,0.9998,0.9998,0.9998,0.9997,0.9996,0.9998,0.9998,0.9998,0.9998,0.9998,0.9998,0.9998,0.9997,0.9997,0.9998,0.9999,0.9998,0.9999,0.1622,0.1872,0.1898,0.1763,0.1969,0.1614,0.1677,0.1781,0.1623,0.1490,0.1997,0.1315,0.1870,0.1542,0.1730,0.1542,0.1970,0.1985,0.1753,0.1642,0.1937,0.1970,0.1982,0.1980,0.1844,0.1987,0.1970,0.1490,0.1759,0.1861,0.1491,0.1286,0.1623,0.1668,0.1993,0.1763,0.1879,0.1286,0.1709,0.1911,0.1677,0.1626,0.1409,0.1980,0.1412,0.1557,0.1569,0.1581,0.1373,0.1646,IDLE,IDLE,IDLE,IDLE,IDLE,IDLE,IDLE,IDLE,IDLE,IDLE,IDLE,IDLE,IDLE,IDLE,IDLE,IDLE,IDLE,IDLE,IDLE,IDLE,IDLE,IDLE,IDLE,IDLE,IDLE,IDLE,IDLE,IDLE,IDLE,IDLE,IDLE,IDLE,IDLE,IDLE,IDLE,IDLE,IDLE,IDLE,IDLE,IDLE,IDLE,IDLE,IDLE,IDLE,IDLE,IDLE,IDLE,IDLE,IDLE,IDLE
655,2024-01-28 07:00:01,0.00,0.00,0,0.0000,0.0000,0.00,0.9998,0.9999,0.9997,0.9997,0.9998,0.9998,0.9998,0.9997,0.9998,0.9998,0.9999,0.9997,0.9998,0.9999,0.9998,0.9999,0.9998,0.9998,0.9998,0.9998,0.9998,0.9998,0.9999,0.9998,0.9998,0.9998,0.9998,0.9998,0.9998,0.9997,0.9998,0.9998,0.9998,0.9998,0.9998,0.9997,0.9996,0.9998,0.9998,0.9998,0.9998,0.9998,0.9998,0.9998,0.9997,0.9997,0.9998,0.9999,0.9998,0.9999,0.1622,0.1872,0.1898,0.1763,0.1969,0.1614,0.1677,0.1781,0.1623,0.1490,0.1997,0.1315,0.1870,0.1542,0.1730,0.1542,0.1970,0.1985,0.1753,0.1642,0.1937,0.1970,0.1982,0.1980,0.1844,0.1987,0.1970,0.1490,0.1759,0.1861,0.1491,0.1286,0.1623,0.1668,0.1993,0.1763,0.1879,0.1286,0.1709,0.1911,0.1677,0.1626,0.1409,0.1980,0.1412,0.1557,0.1569,0.1581,0.1373,0.1646,IDLE,IDLE,IDLE,IDLE,IDLE,IDLE,IDLE,IDLE,IDLE,IDLE,IDLE,IDLE,IDLE,IDLE,IDLE,IDLE,IDLE,IDLE,IDLE,IDLE,IDLE,IDLE,IDLE,IDLE,IDLE,IDLE,IDLE,IDLE,IDLE,IDLE,IDLE,IDLE,IDLE,IDLE,IDLE,IDLE,IDLE,IDLE,IDLE,IDLE,IDLE,IDLE,IDLE,IDLE,IDLE,IDLE,IDLE,IDLE,IDLE,IDLE
656,2024-01-28 08:00:01,0.00,0.00,0,0.0000,0.0000,0.00,0.9998,0.9999,0.9997,0.9997,0.9998,0.9998,0.9998,0.9997,0.9998,0.9998,0.9999,0.9997,0.9998,0.9999,0.9998,0.9999,0.9998,0.9998,0.9998,0.9998,0.9998,0.9998,0.9999,0.9998,0.9998,0.9998,0.9998,0.9998,0.9998,0.9997,0.9998,0.9998,0.9998,0.9998,0.9998,0.9997,0.9996,0.9998,0.9998,0.9998,0.9998,0.9998,0.9998,0.9998,0.9997,0.9997,0.9998,0.9999,0.9998,0.9999,0.1622,0.1872,0.1898,0.1763,0.1969,0.1614,0.1677,0.1781,0.1623,0.1490,0.1997,0.1315,0.1870,0.1542,0.1730,0.1542,0.1970,0.1985,0.1753,0.1642,0.1937,0.1970,0.1982,0.1980,0.1844,0.1987,0.1970,0.1490,0.1759,0.1861,0.1491,0.1286,0.1623,0.1668,0.1993,0.1763,0.1879,0.1286,0.1709,0.1911,0.1677,0.1626,0.1409,0.1980,0.1412,0.1557,0.1569,0.1581,0.1373,0.1646,IDLE,IDLE,IDLE,IDLE,IDLE,IDLE,IDLE,IDLE,IDLE,IDLE,IDLE,IDLE,IDLE,IDLE,IDLE,IDLE,IDLE,IDLE,IDLE,IDLE,IDLE,IDLE,IDLE,IDLE,IDLE,IDLE,IDLE,IDLE,IDLE,IDLE,IDLE,IDLE,IDLE,IDLE,IDLE,IDLE,IDLE,IDLE,IDLE,IDLE,IDLE,IDLE,IDLE,IDLE,IDLE,IDLE,IDLE,IDLE,IDLE,IDLE
657,2024-01-28 09:00:01,0.00,0.00,0,0.0000,0.0000,0.00,0.9998,0.9999,0.9997,0.9997,0.9998,0.9998,0.9998,0.9997,0.9998,0.9998,0.9999,0.9997,0.9998,0.9999,0.9998,0.9999,0.9998,0.9998,0.9998,0.9998,0.9998,0.9998,0.9999,0.9998,0.9998,0.9998,0.9998,0.9998,0.9998,0.9997,0.9998,0.9998,0.9998,0.9998,0.9998,0.9997,0.9996,0.9998,0.9998,0.9998,0.9998,0.9998,0.9998,0.9998,0.9997,0.9997,0.9998,0.9999,0.9998,0.9999,0.1622,0.1872,0.1898,0.1763,0.1969,0.1614,0.1677,0.1781,0.1623,0.1490,0.1997,0.1315,0.1870,0.1542,0.1730,0.1542,0.1970,0.1985,0.1753,0.1642,0.1937,0.1970,0.1982,0.1980,0.1844,0.1987,0.1970,0.1490,0.1759,0.1861,0.1491,0.1286,0.1623,0.1668,0.1993,0.1763,0.1879,0.1286,0.1709,0.1911,0.1677,0.1626,0.1409,0.1980,0.1412,0.1557,0.1569,0.1581,0.1373,0.1646,IDLE,IDLE,IDLE,IDLE,IDLE,IDLE,IDLE,IDLE,IDLE,IDLE,IDLE,IDLE,IDLE,IDLE,IDLE,IDLE,IDLE,IDLE,IDLE,IDLE,IDLE,IDLE,IDLE,IDLE,IDLE,IDLE,IDLE,IDLE,IDLE,IDLE,IDLE,IDLE,IDLE,IDLE,IDLE,IDLE,IDLE,IDLE,IDLE,IDLE,IDLE,IDLE,IDLE,IDLE,IDLE,IDLE,IDLE,IDLE,IDLE,IDLE
658,2024-01-28 10:00:01,0.00,0.00,0,0.0000,0.0000,0.00,0.9998,0.9999,0.9997,0.9997,0.9998,0.9998,0.9998,0.9997,0.9998,0.9998,0.9999,0.9997,0.9998,0.9999,0.9998,0.9999,0.9998,0.9998,0.9998,0.9998,0.9998,0.9998,0.9999,0.9998,0.9998,0.9998,0.9998,0.9998,0.9998,0.9997,0.9998,0.9998,0.9998,0.9998,0.9998,0.9997,0.9996,0.9998,0.9998,0.9998,0.9998,0.9998,0.9998,0.9998,0.9997,0.9997,0.9998,0.9999,0.9998,0.9999,0.1622,0.1872,0.1898,0.1763,0.1969,0.1614,0.1677,0.1781,0.1623,0.1490,0.1997,0.1315,0.1870,0.1542,0.1730,0.1542,0.1970,0.1985,0.1753,0.1642,0.1937,0.1970,0.1982,0.1980,0.1844,0.1987,0.1970,0.1490,0.1759,0.1861,0.1491,0.1286,0.1623,0.1668,0.1993,0.1763,0.1879,0.1286,0.1709,0.1911,0.1677,0.1626,0.1409,0.1980,0.1412,0.1557,0.1569,0.1581,0.1373,0.1646,IDLE,IDLE,IDLE,IDLE,IDLE,IDLE,IDLE,IDLE,IDLE,IDLE,IDLE,IDLE,IDLE,IDLE,IDLE,IDLE,IDLE,IDLE,IDLE,IDLE,IDLE,IDLE,IDLE,IDLE,IDLE,IDLE,IDLE,IDLE,IDLE,IDLE,IDLE,IDLE,IDLE,IDLE,IDLE,IDLE,IDLE,IDLE,IDLE,IDLE,IDLE,IDLE,IDLE,IDLE,IDLE,IDLE,IDLE,IDLE,IDLE,IDLE
659,2024-01-28 11:00:01,0.00,0.00,0,0.0000,0.0000,0.00,0.9998,0.9999,0.9997,0.9997,0.9998,0.9998,0.9998,0.9997,0.9998,0.9998,0.9999,0.9997,0.9998,0.9999,0.9998,0.9999,0.9998,0.9998,0.9998,0.9998,0.9998,0.9998,0.9999,0.9998,0.9998,0.9998,0.9998,0.9998,0.9998,0.9997,0.9998,0.9998,0.9998,0.9998,0.9998,0.9997,0.9996,0.9998,0.9998,0.9998,0.9998,0.9998,0.9998,0.9998,0.9997,0.9997,0.9998,0.9999,0.9998,0.9999,0.1622,0.1872,0.1898,0.1763,0.1969,0.1614,0.1677,0.1781,0.1623,0.1490,0.1997,0.1315,0.1870,0.1542,0.1730,0.1542,0.1970,0.1985,0.1753,0.1642,0.1937,0.1970,0.1982,0.1980,0.1844,0.1987,0.1970,0.1490,0.1759,0.1861,0.1491,0.1286,0.1623,0.1668,0.1993,0.1763,0.1879,0.1286,0.1709,0.1911,0.1677,0.1626,0.1409,0.1980,0.1412,0.1557,0.1569,0.1581,0.1373,0.1646,IDLE,IDLE,IDLE,IDLE,IDLE,IDLE,IDLE,IDLE,IDLE,IDLE,IDLE,IDLE,IDLE,IDLE,IDLE,IDLE,IDLE,IDLE,IDLE,IDLE,IDLE,IDLE,IDLE,IDLE,IDLE,IDLE,IDLE,IDLE,IDLE,IDLE,IDLE,IDLE,IDLE,IDLE,IDLE,IDLE,IDLE,IDLE,IDLE,IDLE,IDLE,IDLE,IDLE,IDLE,IDLE,IDLE,IDLE,IDLE,IDLE,IDLE
660,2024-01-28 12:00:01,0.00,0.00,0,0.0000,0.0000,0.00,0.9998,0.9999,0.9997,0.9997,0.9998,0.9998,0.9998,0.9997,0.9998,0.9998,0.9999,0.9997,0.9998,0.9999,0.9998,0.9999,0.9998,0.9998,0.9998,0.9998,0.9998,0.9998,0.9999,0.9998,0.9998,0.9998,0.9998,0.9998,0.9998,0.9997,0.9998,0.9998,0.9998,0.9998,0.9998,0.9997,0.9996,0.9998,0.9998,0.9998,0.9998,0.9998,0.9998,0.9998,0.9997,0.9997,0.9998,0.9999,0.9998,0.9999,0.1622,0.1872,0.1898,0.1763,0.1969,0.1614,0.1677,0.1781,0.1623,0.1490,0.1997,0.1315,0.1870,0.1542,0.1730,0.1542,0.1970,0.1985,0.1753,0.1642,0.1937,0.1970,0.1982,0.1980,0.1844,0.1987,0.1970,0.1490,0.1759,0.1861,0.1491,0.1286,0.1623,0.1668,0.1993,0.1763,0.1879,0.1286,0.1709,0.1911,0.1677,0.1626,0.1409,0.1980,0.1412,0.1557,0.1569,0.1581,0.1373,0.1646,IDLE,IDLE,IDLE,IDLE,IDLE,IDLE,IDLE,IDLE,IDLE,IDLE,IDLE,IDLE,IDLE,IDLE,IDLE,IDLE,IDLE,IDLE,IDLE,IDLE,IDLE,IDLE,IDLE,IDLE,IDLE,IDLE,IDLE,IDLE,IDLE,IDLE,IDLE,IDLE,IDLE,IDLE,IDLE,IDLE,IDLE,IDLE,IDLE,IDLE,IDLE,IDLE,IDLE,IDLE,IDLE,IDLE,IDLE,IDLE,IDLE,IDLE
661,2024-01-28 13:00:01,0.00,0.00,0,0.0000,0.0000,0.00,0.9998,0.9999,0.9997,0.9997,0.9998,0.9998,0.9998,0.9997,0.9998,0.9998,0.9999,0.9997,0.9998,0.9999,0.9998,0.9999,0.9998,0.9998,0.9998,0.9998,0.9998,0.9998,0.9999,0.9998,0.9998,0.9998,0.9998,0.9998,0.9998,0.9997,0.9998,0.9998,0.9998,0.9998,0.9998,0.9997,0.9996,0.9998,0.9998,0.9998,0.9998,0.9998,0.9998,0.9998,0.9997,0.9997,0.9998,0.9999,0.9998,0.9999,0.1622,0.1872,0.1898,0.1763,0.1969,0.1614,0.1677,0.1781,0.1623,0.1490,0.1997,0.1315,0.1870,0.1542,0.1730,0.1542,0.1970,0.1985,0.1753,0.1642,0.1937,0.1970,0.1982,0.1980,0.1844,0.1987,0.1970,0.1490,0.1759,0.1861,0.1491,0.1286,0.1623,0.1668,0.1993,0.1763,0.1879,0.1286,0.1709,0.1911,0.1677,0.1626,0.1409,0.1980,0.1412,0.1557,0.1569,0.1581,0.1373,0.1646,IDLE,IDLE,IDLE,IDLE,IDLE,IDLE,IDLE,IDLE,IDLE,IDLE,IDLE,IDLE,IDLE,IDLE,IDLE,IDLE,IDLE,IDLE,IDLE,IDLE,IDLE,IDLE,IDLE,IDLE,IDLE,IDLE,IDLE,IDLE,IDLE,IDLE,IDLE,IDLE,IDLE,IDLE,IDLE,IDLE,IDLE,IDLE,IDLE,IDLE,IDLE,IDLE,IDLE,IDLE,IDLE,IDLE,IDLE,IDLE,IDLE,IDLE
662,2024-01-28 14:00:01,0.00,0.00,0,0.0000,0.0000,0.00,0.9998,0.9999,0.9997,0.9997,0.9998,0.9998,0.9998,0.9997,0.9998,0.9998,0.9999,0.9997,0.9998,0.9999,0.9998,0.9999,0.9998,0.9998,0.9998,0.9998,0.9998,0.9998,0.9999,0.9998,0.9998,0.9998,0.9998,0.9998,0.9998,0.9997,0.9998,0.9998,0.9998,0.9998,0.9998,0.9997,0.9996,0.9998,0.9998,0.9998,0.9998,0.9998,0.9998,0.9998,0.9997,0.9997,0.9998,0.9999,0.9998,0.9999,0.1622,0.1872,0.1898,0.1763,0.1969,0.1614,0.1677,0.1781,0.1623,0.1490,0.1997,0.1315,0.1870,0.1542,0.1730,0.1542,0.1970,0.1985,0.1753,0.1642,0.1937,0.1970,0.1982,0.1980,0.1844,0.1987,0.1970,0.1490,0.1759,0.1861,0.1491,0.1286,0.1623,0.1668,0.1993,0.1763,0.1879,0.1286,0.1709,0.1911,0.1677,0.1626,0.1409,0.1980,0.1412,0.1557,0.1569,0.1581,0.1373,0.1646,IDLE,IDLE,IDLE,IDLE,IDLE,IDLE,IDLE,IDLE,IDLE,IDLE,IDLE,IDLE,IDLE,IDLE,IDLE,IDLE,IDLE,IDLE,IDLE,IDLE,IDLE,IDLE,IDLE,IDLE,IDLE,IDLE,IDLE,IDLE,IDLE,IDLE,IDLE,IDLE,IDLE,IDLE,IDLE,IDLE,IDLE,IDLE,IDLE,IDLE,IDLE,IDLE,IDLE,IDLE,IDLE,IDLE,IDLE,IDLE,IDLE,IDLE
663,2024-01-28 15:00:01,0.00,0.00,0,0.0000,0.0000,0.00,0.9998,0.9999,0.9997,0.9997,0.9998,0.9998,0.9998,0.9997,0.9998,0.9998,0.9999,0.9997,0.9998,0.9999,0.9998,0.9999,0.9998,0.9998,0.9998,0.9998,0.9998,0.9998,0.9999,0.9998,0.9998,0.9998,0.9998,0.9998,0.9998,0.9997,0.9998,0.9998,0.9998,0.9998,0.9998,0.9997,0.9996,0.9998,0.9998,0.9998,0.9998,0.9998,0.9998,0.9998,0.9997,0.9997,0.9998,0.9999,0.9998,0.9999,0.1622,0.1872,0.1898,0.1763,0.1969,0.1614,0.1677,0.1781,0.1623,0.1490,0.1997,0.1315,0.1870,0.1542,0.1730,0.1542,0.1970,0.1985,0.1753,0.1642,0.1937,0.1970,0.1982,0.1980,0.1844,0.1987,0.1970,0.1490,0.1759,0.1861,0.1491,0.1286,0.1623,0.1668,0.1993,0.1763,0.1879,0.1286,0.1709,0.1911,0.1677,0.1626,0.1409,0.1980,0.1412,0.1557,0.1569,0.1581,0.1373,0.1646,IDLE,IDLE,IDLE,IDLE,IDLE,IDLE,IDLE,IDLE,IDLE,IDLE,IDLE,IDLE,IDLE,IDLE,IDLE,IDLE,IDLE,IDLE,IDLE,IDLE,IDLE,IDLE,IDLE,IDLE,IDLE,IDLE,IDLE,IDLE,IDLE,IDLE,IDLE,IDLE,IDLE,IDLE,IDLE,IDLE,IDLE,IDLE,IDLE,IDLE,IDLE,IDLE,IDLE,IDLE,IDLE,IDLE,IDLE,IDLE,IDLE,IDLE
664,2024-01-28 16:00:01,0.00,0.00,0,0.0000,0.0000,0.00,0.9998,0.9999,0.9997,0.9997,0.9998,0.9998,0.9998,0.9997,0.9998,0.9998,0.9999,0.9997,0.9998,0.9999,0.9998,0.9999,0.9998,0.9998,0.9998,0.9998,0.9998,0.9998,0.9999,0.9998,0.9998,0.9998,0.9998,0.9998,0.9998,0.9997,0.9998,0.9998,0.9998,0.9998,0.9998,0.9997,0.9996,0.9998,0.9998,0.9998,0.9998,0.9998,0.9998,0.9998,0.9997,0.9997,0.9998,0.9999,0.9998,0.9999,0.1622,0.1872,0.1898,0.1763,0.1969,0.1614,0.1677,0.1781,0.1623,0.1490,0.1997,0.1315,0.1870,0.1542,0.1730,0.1542,0.1970,0.1985,0.1753,0.1642,0.1937,0.1970,0.1982,0.1980,0.1844,0.1987,0.1970,0.1490,0.1759,0.1861,0.1491,0.1286,0.1623,0.1668,0.1993,0.1763,0.1879,0.1286,0.1709,0.1911,0.1677,0.1626,0.1409,0.1980,0.1412,0.1557,0.1569,0.1581,0.1373,0.1646,IDLE,IDLE,IDLE,IDLE,IDLE,IDLE,IDLE,IDLE,IDLE,IDLE,IDLE,IDLE,IDLE,IDLE,IDLE,IDLE,IDLE,IDLE,IDLE,IDLE,IDLE,IDLE,IDLE,IDLE,IDLE,IDLE,IDLE,IDLE,IDLE,IDLE,IDLE,IDLE,IDLE,IDLE,IDLE,IDLE,IDLE,IDLE,IDLE,IDLE,IDLE,IDLE,IDLE,IDLE,IDLE,IDLE,IDLE,IDLE,IDLE,IDLE
665,2024-01-28 17:00:01,0.00,0.00,0,0.0000,0.0000,0.00,0.9998,0.9999,0.9997,0.9997,0.9998,0.9998,0.9998,0.9997,0.9998,0.9998,0.9999,0.9997,0.9998,0.9999,0.9998,0.9999,0.9998,0.9998,0.9998,0.9998,0.9998,0.9998,0.9999,0.9998,0.9998,0.9998,0.9998,0.9998,0.9998,0.9997,0.9998,0.9998,0.9998,0.9998,0.9998,0.9997,0.9996,0.9998,0.9998,0.9998,0.9998,0.9998,0.9998,0.9998,0.9997,0.9997,0.9998,0.9999,0.9998,0.9999,0.1622,0.1872,0.1898,0.1763,0.1969,0.1614,0.1677,0.1781,0.1623,0.1490,0.1997,0.1315,0.1870,0.1542,0.1730,0.1542,0.1970,0.1985,0.1753,0.1642,0.1937,0.1970,0.1982,0.1980,0.1844,0.1987,0.1970,0.1490,0.1759,0.1861,0.1491,0.1286,0.1623,0.1668,0.1993,0.1763,0.1879,0.1286,0.1709,0.1911,0.1677,0.1626,0.1409,0.1980,0.1412,0.1557,0.1569,0.1581,0.1373,0.1646,IDLE,IDLE,IDLE,IDLE,IDLE,IDLE,IDLE,IDLE,IDLE,IDLE,IDLE,IDLE,IDLE,IDLE,IDLE,IDLE,IDLE,IDLE,IDLE,IDLE,IDLE,IDLE,IDLE,IDLE,IDLE,IDLE,IDLE,IDLE,IDLE,IDLE,IDLE,IDLE,IDLE,IDLE,IDLE,IDLE,IDLE,IDLE,IDLE,IDLE,IDLE,IDLE,IDLE,IDLE,IDLE,IDLE,IDLE,IDLE,IDLE,IDLE
666,2024-01-28 18:00:01,0.00,0.00,0,0.0000,0.0000,0.00,0.9998,0.9999,0.9997,0.9997,0.9998,0.9998,0.9998,0.9997,0.9998,0.9998,0.9999,0.9997,0.9998,0.9999,0.9998,0.9999,0.9998,0.9998,0.9998,0.9998,0.9998,0.9998,0.9999,0.9998,0.9998,0.9998,0.9998,0.9998,0.9998,0.9997,0.9998,0.9998,0.9998,0.9998,0.9998,0.9997,0.9996,0.9998,0.9998,0.9998,0.9998,0.9998,0.9998,0.9998,0.9997,0.9997,0.9998,0.9999,0.9998,0.9999,0.1622,0.1872,0.1898,0.1763,0.1969,0.1614,0.1677,0.1781,0.1623,0.1490,0.1997,0.1315,0.1870,0.1542,0.1730,0.1542,0.1970,0.1985,0.1753,0.1642,0.1937,0.1970,0.1982,0.1980,0.1844,0.1987,0.1970,0.1490,0.1759,0.1861,0.1491,0.1286,0.1623,0.1668,0.1993,0.1763,0.1879,0.1286,0.1709,0.1911,0.1677,0.1626,0.1409,0.1980,0.1412,0.1557,0.1569,0.1581,0.1373,0.1646,IDLE,IDLE,IDLE,IDLE,IDLE,IDLE,IDLE,IDLE,IDLE,IDLE,IDLE,IDLE,IDLE,IDLE,IDLE,IDLE,IDLE,IDLE,IDLE,IDLE,IDLE,IDLE,IDLE,IDLE,IDLE,IDLE,IDLE,IDLE,IDLE,IDLE,IDLE,IDLE,IDLE,IDLE,IDLE,IDLE,IDLE,IDLE,IDLE,IDLE,IDLE,IDLE,IDLE,IDLE,IDLE,IDLE,IDLE,IDLE,IDLE,IDLE
667,2024-01-28 19:00:01,0.00,0.00,0,0.0000,0.0000,0.00,0.9998,0.9999,0.9997,0.9997,0.9998,0.9998,0.9998,0.9997,0.9998,0.9998,0.9999,0.9997,0.9998,0.9999,0.9998,0.9999,0.9998,0.9998,0.9998,0.9998,0.9998,0.9998,0.9999,0.9998,0.9998,0.9998,0.9998,0.9998,0.9998,0.9997,0.9998,0.9998,0.9998,0.9998,0.9998,0.9997,0.9996,0.9998,0.9998,0.9998,0.9998,0.9998,0.9998,0.9998,0.9997,0.9997,0.9998,0.9999,0.9998,0.9999,0.1622,0.1872,0.1898,0.1763,0.1969,0.1614,0.1677,0.1781,0.1623,0.1490,0.1997,0.1315,0.1870,0.1542,0.1730,0.1542,0.1970,0.1985,0.1753,0.1642,0.1937,0.1970,0.1982,0.1980,0.1844,0.1987,0.1970,0.1490,0.1759,0.1861,0.1491,0.1286,0.1623,0.1668,0.1993,0.1763,0.1879,0.1286,0.1709,0.1911,0.1677,0.1626,0.1409,0.1980,0.1412,0.1557,0.1569,0.1581,0.1373,0.1646,IDLE,IDLE,IDLE,IDLE,IDLE,IDLE,IDLE,IDLE,IDLE,IDLE,IDLE,IDLE,IDLE,IDLE,IDLE,IDLE,IDLE,IDLE,IDLE,IDLE,IDLE,IDLE,IDLE,IDLE,IDLE,IDLE,IDLE,IDLE,IDLE,IDLE,IDLE,IDLE,IDLE,IDLE,IDLE,IDLE,IDLE,IDLE,IDLE,IDLE,IDLE,IDLE,IDLE,IDLE,IDLE,IDLE,IDLE,IDLE,IDLE,IDLE
668,2024-01-28 20:00:01,0.00,0.00,0,0.0000,0.0000,0.00,0.9998,0.9999,0.9997,0.9997,0.9998,0.9998,0.9998,0.9997,0.9998,0.9998,0.9999,0.9997,0.9998,0.9999,0.9998,0.9999,0.9998,0.9998,0.9998,0.9998,0.9998,0.9998,0.9999,0.9998,0.9998,0.9998,0.9998,0.9998,0.9998,0.9997,0.9998,0.9998,0.9998,0.9998,0.9998,0.9997,0.9996,0.9998,0.9998,0.9998,0.9998,0.9998,0.9998,0.9998,0.9997,0.9997,0.9998,0.9999,0.9998,0.9999,0.1622,0.1872,0.1898,0.1763,0.1969,0.1614,0.1677,0.1781,0.1623,0.1490,0.1997,0.1315,0.1870,0.1542,0.1730,0.1542,0.1970,0.1985,0.1753,0.1642,0.1937,0.1970,0.1982,0.1980,0.1844,0.1987,0.1970,0.1490,0.1759,0.1861,0.1491,0.1286,0.1623,0.1668,0.1993,0.1763,0.1879,0.1286,0.1709,0.1911,0.1677,0.1626,0.1409,0.1980,0.1412,0.1557,0.1569,0.1581,0.1373,0.1646,IDLE,IDLE,IDLE,IDLE,IDLE,IDLE,IDLE,IDLE,IDLE,IDLE,IDLE,IDLE,IDLE,IDLE,IDLE,IDLE,IDLE,IDLE,IDLE,IDLE,IDLE,IDLE,IDLE,IDLE,IDLE,IDLE,IDLE,IDLE,IDLE,IDLE,IDLE,IDLE,IDLE,IDLE,IDLE,IDLE,IDLE,IDLE,IDLE,IDLE,IDLE,IDLE,IDLE,IDLE,IDLE,IDLE,IDLE,IDLE,IDLE,IDLE
669,2024-01-28 21:00:01,0.00,0.00,0,0.0000,0.0000,0.00,0.9998,0.9999,0.9997,0.9997,0.9998,0.9998,0.9998,0.9997,0.9998,0.9998,0.9999,0.9997,0.9998,0.9999,0.9998,0.9999,0.9998,0.9998,0.9998,0.9998,0.9998,0.9998,0.9999,0.9998,0.9998,0.9998,0.9998,0.9998,0.9998,0.9997,0.9998,0.9998,0.9998,0.9998,0.9998,0.9997,0.9996,0.9998,0.9998,0.9998,0.9998,0.9998,0.9998,0.9998,0.9997,0.9997,0.9998,0.9999,0.9998,0.9999,0.1622,0.1872,0.1898,0.1763,0.1969,0.1614,0.1677,0.1781,0.1623,0.1490,0.1997,0.1315,0.1870,0.1542,0.1730,0.1542,0.1970,0.1985,0.1753,0.1642,0.1937,0.1970,0.1982,0.1980,0.1844,0.1987,0.1970,0.1490,0.1759,0.1861,0.1491,0.1286,0.1623,0.1668,0.1993,0.1763,0.1879,0.1286,0.1709,0.1911,0.1677,0.1626,0.1409,0.1980,0.1412,0.1557,0.1569,0.1581,0.1373,0.1646,IDLE,IDLE,IDLE,IDLE,IDLE,IDLE,IDLE,IDLE,IDLE,IDLE,IDLE,IDLE,IDLE,IDLE,IDLE,IDLE,IDLE,IDLE,IDLE,IDLE,IDLE,IDLE,IDLE,IDLE,IDLE,IDLE,IDLE,IDLE,IDLE,IDLE,IDLE,IDLE,IDLE,IDLE,IDLE,IDLE,IDLE,IDLE,IDLE,IDLE,IDLE,IDLE,IDLE,IDLE,IDLE,IDLE,IDLE,IDLE,IDLE,IDLE
670,2024-01-28 22:00:01,0.00,0.00,0,0.0000,0.0000,0.00,0.9998,0.9999,0.9997,0.9997,0.9998,0.9998,0.9998,0.9997,0.9998,0.9998,0.9999,0.9997,0.9998,0.9999,0.9998,0.9999,0.9998,0.9998,0.9998,0.9998,0.9998,0.9998,0.9999,0.9998,0.9998,0.9998,0.9998,0.9998,0.9998,0.9997,0.9998,0.9998,0.9998,0.9998,0.9998,0.9997,0.9996,0.9998,0.9998,0.9998,0.9998,0.9998,0.9998,0.9998,0.9997,0.9997,0.9998,0.9999,0.9998,0.9999,0.1622,0.1872,0.1898,0.1763,0.1969,0.1614,0.1677,0.1781,0.1623,0.1490,0.1997,0.1315,0.1870,0.1542,0.1730,0.1542,0.1970,0.1985,0.1753,0.1642,0.1937,0.1970,0.1982,0.1980,0.1844,0.1987,0.1970,0.1490,0.1759,0.1861,0.1491,0.1286,0.1623,0.1668,0.1993,0.1763,0.1879,0.1286,0.1709,0.1911,0.1677,0.1626,0.1409,0.1980,0.1412,0.1557,0.1569,0.1581,0.1373,0.1646,IDLE,IDLE,IDLE,IDLE,IDLE,IDLE,IDLE,IDLE,IDLE,IDLE,IDLE,IDLE,IDLE,IDLE,IDLE,IDLE,IDLE,IDLE,IDLE,IDLE,IDLE,IDLE,IDLE,IDLE,IDLE,IDLE,IDLE,IDLE,IDLE,IDLE,IDLE,IDLE,IDLE,IDLE,IDLE,IDLE,IDLE,IDLE,IDLE,IDLE,IDLE,IDLE,IDLE,IDLE,IDLE,IDLE,IDLE,IDLE,IDLE,IDLE
671,2024-01-28 23:00:01,0.00,0.00,0,0.0000,0.0000,0.00,0.9998,0.9999,0.9997,0.9997,0.9998,0.9998,0.9998,0.9997,0.9998,0.9998,0.9999,0.9997,0.9998,0.9999,0.9998,0.9999,0.9998,0.9998,0.9998,0.9998,0.9998,0.9998,0.9999,0.9998,0.9998,0.9998,0.9998,0.9998,0.9998,0.9997,0.9998,0.9998,0.9998,0.9998,0.9998,0.9997,0.9996,0.9998,0.9998,0.9998,0.9998,0.9998,0.9998,0.9998,0.9997,0.9997,0.9998,0.9999,0.9998,0.9999,0.1622,0.1872,0.1898,0.1763,0.1969,0.1614,0.1677,0.1781,0.1623,0.1490,0.1997,0.1315,0.1870,0.1542,0.1730,0.1542,0.1970,0.1985,0.1753,0.1642,0.1937,0.1970,0.1982,0.1980,0.1844,0.1987,0.1970,0.1490,0.1759,0.1861,0.1491,0.1286,0.1623,0.1668,0.1993,0.1763,0.1879,0.1286,0.1709,0.1911,0.1677,0.1626,0.1409,0.1980,0.1412,0.1557,0.1569,0.1581,0.1373,0.1646,IDLE,IDLE,IDLE,IDLE,IDLE,IDLE,IDLE,IDLE,IDLE,IDLE,IDLE,IDLE,IDLE,IDLE,IDLE,IDLE,IDLE,IDLE,IDLE,IDLE,IDLE,IDLE,IDLE,IDLE,IDLE,IDLE,IDLE,IDLE,IDLE,IDLE,IDLE,IDLE,IDLE,IDLE,IDLE,IDLE,IDLE,IDLE,IDLE,IDLE,IDLE,IDLE,IDLE,IDLE,IDLE,IDLE,IDLE,IDLE,IDLE,IDLE
672,2024-01-29 00:00:01,0.00,0.00,0,0.0000,0.0000,0.00,0.9998,0.9999,0.9997,0.9997,0.9998,0.9998,0.9998,0.9997,0.9998,0.9998,0.9999,0.9997,0.9998,0.9999,0.9998,0.9999,0.9998,0.9998,0.9998,0.9998,0.9998,0.9998,0.9999,0.9998,0.9998,0.9998,0.9998,0.9998,0.9998,0.9997,0.9998,0.9998,0.9998,0.9998,0.9998,0.9997,0.9996,0.9998,0.9998,0.9998,0.9998,0.9998,0.9998,0.9998,0.9997,0.9997,0.9998,0.9999,0.9998,0.9999,0.1622,0.1872,0.1898,0.1763,0.1969,0.1614,0.1677,0.1781,0.1623,0.1490,0.1997,0.1315,0.1870,0.1542,0.1730,0.1542,0.1970,0.1985,0.1753,0.1642,0.1937,0.1970,0.1982,0.1980,0.1844,0.1987,0.1970,0.1490,0.1759,0.1861,0.1491,0.1286,0.1623,0.1668,0.1993,0.1763,0.1879,0.1286,0.1709,0.1911,0.1677,0.1626,0.1409,0.1980,0.1412,0.1557,0.1569,0.1581,0.1373,0.1646,IDLE,IDLE,IDLE,IDLE,IDLE,IDLE,IDLE,IDLE,IDLE,IDLE,IDLE,IDLE,IDLE,IDLE,IDLE,IDLE,IDLE,IDLE,IDLE,IDLE,IDLE,IDLE,IDLE,IDLE,IDLE,IDLE,IDLE,IDLE,IDLE,IDLE,IDLE,IDLE,IDLE,IDLE,IDLE,IDLE,IDLE,IDLE,IDLE,IDLE,IDLE,IDLE,IDLE,IDLE,IDLE,IDLE,IDLE,IDLE,IDLE,IDLE
673,2024-01-29 01:00:01,0.00,0.00,0,0.0000,0.0000,0.00,0.9998,0.9999,0.9997,0.9997,0.9998,0.9998,0.9998,0.9997,0.9998,0.9998,0.9999,0.9997,0.9998,0.9999,0.9998,0.9999,0.9998,0.9998,0.9998,0.9998,0.9998,0.9998,0.9999,0.9998,0.9998,0.9998,0.9998,0.9998,0.9998,0.9997,0.9998,0.9998,0.9998,0.9998,0.9998,0.9997,0.9996,0.9998,0.9998,0.9998,0.9998,0.9998,0.9998,0.9998,0.9997,0.9997,0.9998,0.9999,0.9998,0.9999,0.1622,0.1872,0.1898,0.1763,0.1969,0.1614,0.1677,0.1781,0.1623,0.1490,0.1997,0.1315,0.1870,0.1542,0.1730,0.1542,0.1970,0.1985,0.1753,0.1642,0.1937,0.1970,0.1982,0.1980,0.1844,0.1987,0.1970,0.1490,0.1759,0.1861,0.1491,0.1286,0.1623,0.1668,0.1993,0.1763,0.1879,0.1286,0.1709,0.1911,0.1677,0.1626,0.1409,0.1980,0.1412,0.1557,0.1569,0.1581,0.1373,0.1646,IDLE,IDLE,IDLE,IDLE,IDLE,IDLE,IDLE,IDLE,IDLE,IDLE,IDLE,IDLE,IDLE,IDLE,IDLE,IDLE,IDLE,IDLE,IDLE,IDLE,IDLE,IDLE,IDLE,IDLE,IDLE,IDLE,IDLE,IDLE,IDLE,IDLE,IDLE,IDLE,IDLE,IDLE,IDLE,IDLE,IDLE,IDLE,IDLE,IDLE,IDLE,IDLE,IDLE,IDLE,IDLE,IDLE,IDLE,IDLE,IDLE,IDLE
674,2024-01-29 02:00:01,0.00,0.00,0,0.0000,0.0000,0.00,0.9998,0.9999,0.9997,0.9997,0.9998,0.9998,0.9998,0.9997,0.9998,0.9998,0.9999,0.9997,0.9998,0.9999,0.9998,0.9999,0.9998,0.9998,0.9998,0.9998,0.9998,0.9998,0.9999,0.9998,0.9998,0.9998,0.9998,0.9998,0.9998,0.9997,0.9998,0.9998,0.9998,0.9998,0.9998,0.9997,0.9996,0.9998,0.9998,0.9998,0.9998,0.9998,0.9998,0.9998,0.9997,0.9997,0.9998,0.9999,0.9998,0.9999,0.1622,0.1872,0.1898,0.1763,0.1969,0.1614,0.1677,0.1781,0.1623,0.1490,0.1997,0.1315,0.1870,0.1542,0.1730,0.1542,0.1970,0.1985,0.1753,0.1642,0.1937,0.1970,0.1982,0.1980,0.1844,0.1987,0.1970,0.1490,0.1759,0.1861,0.1491,0.1286,0.1623,0.1668,0.1993,0.1763,0.1879,0.1286,0.1709,0.1911,0.1677,0.1626,0.1409,0.1980,0.1412,0.1557,0.1569,0.1581,0.1373,0.1646,IDLE,IDLE,IDLE,IDLE,IDLE,IDLE,IDLE,IDLE,IDLE,IDLE,IDLE,IDLE,IDLE,IDLE,IDLE,IDLE,IDLE,IDLE,IDLE,IDLE,IDLE,IDLE,IDLE,IDLE,IDLE,IDLE,IDLE,IDLE,IDLE,IDLE,IDLE,IDLE,IDLE,IDLE,IDLE,IDLE,IDLE,IDLE,IDLE,IDLE,IDLE,IDLE,IDLE,IDLE,IDLE,IDLE,IDLE,IDLE,IDLE,IDLE
675,2024-01-29 03:00:01,0.00,0.00,0,0.0000,0.0000,0.00,0.9998,0.9999,0.9997,0.9997,0.9998,0.9998,0.9998,0.9997,0.9998,0.9998,0.9999,0.9997,0.9998,0.9999,0.9998,0.9999,0.9998,0.9998,0.9998,0.9998,0.9998,0.9998,0.9999,0.9998,0.9998,0.9998,0.9998,0.9998,0.9998,0.9997,0.9998,0.9998,0.9998,0.9998,0.9998,0.9997,0.9996,0.9998,0.9998,0.9998,0.9998,0.9998,0.9998,0.9998,0.9997,0.9997,0.9998,0.9999,0.9998,0.9999,0.1622,0.1872,0.1898,0.1763,0.1969,0.1614,0.1677,0.1781,0.1623,0.1490,0.1997,0.1315,0.1870,0.1542,0.1730,0.1542,0.1970,0.1985,0.1753,0.1642,0.1937,0.1970,0.1982,0.1980,0.1844,0.1987,0.1970,0.1490,0.1759,0.1861,0.1491,0.1286,0.1623,0.1668,0.1993,0.1763,0.1879,0.1286,0.1709,0.1911,0.1677,0.1626,0.1409,0.1980,0.1412,0.1557,0.1569,0.1581,0.1373,0.1646,IDLE,IDLE,IDLE,IDLE,IDLE,IDLE,IDLE,IDLE,IDLE,IDLE,IDLE,IDLE,IDLE,IDLE,IDLE,IDLE,IDLE,IDLE,IDLE,IDLE,IDLE,IDLE,IDLE,IDLE,IDLE,IDLE,IDLE,IDLE,IDLE,IDLE,IDLE,IDLE,IDLE,IDLE,IDLE,IDLE,IDLE,IDLE,IDLE,IDLE,IDLE,IDLE,IDLE,IDLE,IDLE,IDLE,IDLE,IDLE,IDLE,IDLE
676,2024-01-29 04:00:01,0.00,0.00,0,0.0000,0.0000,0.00,0.9998,0.9999,0.9997,0.9997,0.9998,0.9998,0.9998,0.9997,0.9998,0.9998,0.9999,0.9997,0.9998,0.9999,0.9998,0.9999,0.9998,0.9998,0.9998,0.9998,0.9998,0.9998,0.9999,0.9998,0.9998,0.9998,0.9998,0.9998,0.9998,0.9997,0.9998,0.9998,0.9998,0.9998,0.9998,0.9997,0.9996,0.9998,0.9998,0.9998,0.9998,0.9998,0.9998,0.9998,0.9997,0.9997,0.9998,0.9999,0.9998,0.9999,0.1622,0.1872,0.1898,0.1763,0.1969,0.1614,0.1677,0.1781,0.1623,0.1490,0.1997,0.1315,0.1870,0.1542,0.1730,0.1542,0.1970,0.1985,0.1753,0.1642,0.1937,0.1970,0.1982,0.1980,0.1844,0.1987,0.1970,0.1490,0.1759,0.1861,0.1491,0.1286,0.1623,0.1668,0.1993,0.1763,0.1879,0.1286,0.1709,0.1911,0.1677,0.1626,0.1409,0.1980,0.1412,0.1557,0.1569,0.1581,0.1373,0.1646,IDLE,IDLE,IDLE,IDLE,IDLE,IDLE,IDLE,IDLE,IDLE,IDLE,IDLE,IDLE,IDLE,IDLE,IDLE,IDLE,IDLE,IDLE,IDLE,IDLE,IDLE,IDLE,IDLE,IDLE,IDLE,IDLE,IDLE,IDLE,IDLE,IDLE,IDLE,IDLE,IDLE,IDLE,IDLE,IDLE,IDLE,IDLE,IDLE,IDLE,IDLE,IDLE,IDLE,IDLE,IDLE,IDLE,IDLE,IDLE,IDLE,IDLE
677,2024-01-29 05:00:01,0.00,0.00,0,0.0000,0.0000,0.00,0.9998,0.9999,0.9997,0.9997,0.9998,0.9998,0.9998,0.9997,0.9998,0.9998,0.9999,0.9997,0.9998,0.9999,0.9998,0.9999,0.9998,0.9998,0.9998,0.9998,0.9998,0.9998,0.9999,0.9998,0.9998,0.9998,0.9998,0.9998,0.9998,0.9997,0.9998,0.9998,0.9998,0.9998,0.9998,0.9997,0.9996,0.9998,0.9998,0.9998,0.9998,0.9998,0.9998,0.9998,0.9997,0.9997,0.9998,0.9999,0.9998,0.9999,0.1622,0.1872,0.1898,0.1763,0.1969,0.1614,0.1677,0.1781,0.1623,0.1490,0.1997,0.1315,0.1870,0.1542,0.1730,0.1542,0.1970,0.1985,0.1753,0.1642,0.1937,0.1970,0.1982,0.1980,0.1844,0.1987,0.1970,0.1490,0.1759,0.1861,0.1491,0.1286,0.1623,0.1668,0.1993,0.1763,0.1879,0.1286,0.1709,0.1911,0.1677,0.1626,0.1409,0.1980,0.1412,0.1557,0.1569,0.1581,0.1373,0.1646,IDLE,IDLE,IDLE,IDLE,IDLE,IDLE,IDLE,IDLE,IDLE,IDLE,IDLE,IDLE,IDLE,IDLE,IDLE,IDLE,IDLE,IDLE,IDLE,IDLE,IDLE,IDLE,IDLE,IDLE,IDLE,IDLE,IDLE,IDLE,IDLE,IDLE,IDLE,IDLE,IDLE,IDLE,IDLE,IDLE,IDLE,IDLE,IDLE,IDLE,IDLE,IDLE,IDLE,IDLE,IDLE,IDLE,IDLE,IDLE,IDLE,IDLE
678,2024-01-29 06:00:01,0.00,0.00,0,0.0000,0.0000,0.00,0.9998,0.9999,0.9997,0.9997,0.9998,0.9998,0.9998,0.9997,0.9998,0.9998,0.9999,0.9997,0.9998,0.9999,0.9998,0.9999,0.9998,0.9998,0.9998,0.9998,0.9998,0.9998,0.9999,0.9998,0.9998,0.9998,0.9998,0.9998,0.9998,0.9997,0.9998,0.9998,0.9998,0.9998,0.9998,0.9997,0.9996,0.9998,0.9998,0.9998,0.9998,0.9998,0.9998,0.9998,0.9997,0.9997,0.9998,0.9999,0.9998,0.9999,0.1622,0.1872,0.1898,0.1763,0.1969,0.1614,0.1677,0.1781,0.1623,0.1490,0.1997,0.1315,0.1870,0.1542,0.1730,0.1542,0.1970,0.1985,0.1753,0.1642,0.1937,0.1970,0.1982,0.1980,0.1844,0.1987,0.1970,0.1490,0.1759,0.1861,0.1491,0.1286,0.1623,0.1668,0.1993,0.1763,0.1879,0.1286,0.1709,0.1911,0.1677,0.1626,0.1409,0.1980,0.1412,0.1557,0.1569,0.1581,0.1373,0.1646,IDLE,IDLE,IDLE,IDLE,IDLE,IDLE,IDLE,IDLE,IDLE,IDLE,IDLE,IDLE,IDLE,IDLE,IDLE,IDLE,IDLE,IDLE,IDLE,IDLE,IDLE,IDLE,IDLE,IDLE,IDLE,IDLE,IDLE,IDLE,IDLE,IDLE,IDLE,IDLE,IDLE,IDLE,IDLE,IDLE,IDLE,IDLE,IDLE,IDLE,IDLE,IDLE,IDLE,IDLE,IDLE,IDLE,IDLE,IDLE,IDLE,IDLE
679,2024-01-29 07:00:01,0.00,0.00,0,0.0000,0.0000,0.00,0.9998,0.9999,0.9997,0.9997,0.9998,0.9998,0.9998,0.9997,0.9998,0.9998,0.9999,0.9997,0.9998,0.9999,0.9998,0.9999,0.9998,0.9998,0.9998,0.9998,0.9998,0.9998,0.9999,0.9998,0.9998,0.9998,0.9998,0.9998,0.9998,0.9997,0.9998,0.9998,0.9998,0.9998,0.9998,0.9997,0.9996,0.9998,0.9998,0.9998,0.9998,0.9998,0.9998,0.9998,0.9997,0.9997,0.9998,0.9999,0.9998,0.9999,0.1622,0.1872,0.1898,0.1763,0.1969,0.1614,0.1677,0.1781,0.1623,0.1490,0.1997,0.1315,0.1870,0.1542,0.1730,0.1542,0.1970,0.1985,0.1753,0.1642,0.1937,0.1970,0.1982,0.1980,0.1844,0.1987,0.1970,0.1490,0.1759,0.1861,0.1491,0.1286,0.1623,0.1668,0.1993,0.1763,0.1879,0.1286,0.1709,0.1911,0.1677,0.1626,0.1409,0.1980,0.1412,0.1557,0.1569,0.1581,0.1373,0.1646,IDLE,IDLE,IDLE,IDLE,IDLE,IDLE,IDLE,IDLE,IDLE,IDLE,IDLE,IDLE,IDLE,IDLE,IDLE,IDLE,IDLE,IDLE,IDLE,IDLE,IDLE,IDLE,IDLE,IDLE,IDLE,IDLE,IDLE,IDLE,IDLE,IDLE,IDLE,IDLE,IDLE,IDLE,IDLE,IDLE,IDLE,IDLE,IDLE,IDLE,IDLE,IDLE,IDLE,IDLE,IDLE,IDLE,IDLE,IDLE,IDLE,IDLE
680,2024-01-29 08:00:01,0.00,0.00,0,0.0000,0.0000,0.00,0.9998,0.9999,0.9997,0.9997,0.9998,0.9998,0.9998,0.9997,0.9998,0.9998,0.9999,0.9997,0.9998,0.9999,0.9998,0.9999,0.9998,0.9998,0.9998,0.9998,0.9998,0.9998,0.9999,0.9998,0.9998,0.9998,0.9998,0.9998,0.9998,0.9997,0.9998,0.9998,0.9998,0.9998,0.9998,0.9997,0.9996,0.9998,0.9998,0.9998,0.9998,0.9998,0.9998,0.9998,0.9997,0.9997,0.9998,0.9999,0.9998,0.9999,0.1622,0.1872,0.1898,0.1763,0.1969,0.1614,0.1677,0.1781,0.1623,0.1490,0.1997,0.1315,0.1870,0.1542,0.1730,0.1542,0.1970,0.1985,0.1753,0.1642,0.1937,0.1970,0.1982,0.1980,0.1844,0.1987,0.1970,0.1490,0.1759,0.1861,0.1491,0.1286,0.1623,0.1668,0.1993,0.1763,0.1879,0.1286,0.1709,0.1911,0.1677,0.1626,0.1409,0.1980,0.1412,0.1557,0.1569,0.1581,0.1373,0.1646,IDLE,IDLE,IDLE,IDLE,IDLE,IDLE,IDLE,IDLE,IDLE,IDLE,IDLE,IDLE,IDLE,IDLE,IDLE,IDLE,IDLE,IDLE,IDLE,IDLE,IDLE,IDLE,IDLE,IDLE,IDLE,IDLE,IDLE,IDLE,IDLE,IDLE,IDLE,IDLE,IDLE,IDLE,IDLE,IDLE,IDLE,IDLE,IDLE,IDLE,IDLE,IDLE,IDLE,IDLE,IDLE,IDLE,IDLE,IDLE,IDLE,IDLE
681,2024-01-29 09:00:01,0.00,0.00,0,0.0000,0.0000,0.00,0.9998,0.9999,0.9997,0.9997,0.9998,0.9998,0.9998,0.9997,0.9998,0.9998,0.9999,0.9997,0.9998,0.9999,0.9998,0.9999,0.9998,0.9998,0.9998,0.9998,0.9998,0.9998,0.9999,0.9998,0.9998,0.9998,0.9998,0.9998,0.9998,0.9997,0.9998,0.9998,0.9998,0.9998,0.9998,0.9997,0.9996,0.9998,0.9998,0.9998,0.9998,0.9998,0.9998,0.9998,0.9997,0.9997,0.9998,0.9999,0.9998,0.9999,0.1622,0.1872,0.1898,0.1763,0.1969,0.1614,0.1677,0.1781,0.1623,0.1490,0.1997,0.1315,0.1870,0.1542,0.1730,0.1542,0.1970,0.1985,0.1753,0.1642,0.1937,0.1970,0.1982,0.1980,0.1844,0.1987,0.1970,0.1490,0.1759,0.1861,0.1491,0.1286,0.1623,0.1668,0.1993,0.1763,0.1879,0.1286,0.1709,0.1911,0.1677,0.1626,0.1409,0.1980,0.1412,0.1557,0.1569,0.1581,0.1373,0.1646,IDLE,IDLE,IDLE,IDLE,IDLE,IDLE,IDLE,IDLE,IDLE,IDLE,IDLE,IDLE,IDLE,IDLE,IDLE,IDLE,IDLE,IDLE,IDLE,IDLE,IDLE,IDLE,IDLE,IDLE,IDLE,IDLE,IDLE,IDLE,IDLE,IDLE,IDLE,IDLE,IDLE,IDLE,IDLE,IDLE,IDLE,IDLE,IDLE,IDLE,IDLE,IDLE,IDLE,IDLE,IDLE,IDLE,IDLE,IDLE,IDLE,IDLE
682,2024-01-29 10:00:01,0.00,0.00,0,0.0000,0.0000,0.00,0.9998,0.9999,0.9997,0.9997,0.9998,0.9998,0.9998,0.9997,0.9998,0.9998,0.9999,0.9997,0.9998,0.9999,0.9998,0.9999,0.9998,0.9998,0.9998,0.9998,0.9998,0.9998,0.9999,0.9998,0.9998,0.9998,0.9998,0.9998,0.9998,0.9997,0.9998,0.9998,0.9998,0.9998,0.9998,0.9997,0.9996,0.9998,0.9998,0.9998,0.9998,0.9998,0.9998,0.9998,0.9997,0.9997,0.9998,0.9999,0.9998,0.9999,0.1622,0.1872,0.1898,0.1763,0.1969,0.1614,0.1677,0.1781,0.1623,0.1490,0.1997,0.1315,0.1870,0.1542,0.1730,0.1542,0.1970,0.1985,0.1753,0.1642,0.1937,0.1970,0.1982,0.1980,0.1844,0.1987,0.1970,0.1490,0.1759,0.1861,0.1491,0.1286,0.1623,0.1668,0.1993,0.1763,0.1879,0.1286,0.1709,0.1911,0.1677,0.1626,0.1409,0.1980,0.1412,0.1557,0.1569,0.1581,0.1373,0.1646,IDLE,IDLE,IDLE,IDLE,IDLE,IDLE,IDLE,IDLE,IDLE,IDLE,IDLE,IDLE,IDLE,IDLE,IDLE,IDLE,IDLE,IDLE,IDLE,IDLE,IDLE,IDLE,IDLE,IDLE,IDLE,IDLE,IDLE,IDLE,IDLE,IDLE,IDLE,IDLE,IDLE,IDLE,IDLE,IDLE,IDLE,IDLE,IDLE,IDLE,IDLE,IDLE,IDLE,IDLE,IDLE,IDLE,IDLE,IDLE,IDLE,IDLE
683,2024-01-29 11:00:01,0.00,0.00,0,0.0000,0.0000,0.00,0.9998,0.9999,0.9997,0.9997,0.9998,0.9998,0.9998,0.9997,0.9998,0.9998,0.9999,0.9997,0.9998,0.9999,0.9998,0.9999,0.9998,0.9998,0.9998,0.9998,0.9998,0.9998,0.9999,0.9998,0.9998,0.9998,0.9998,0.9998,0.9998,0.9997,0.9998,0.9998,0.9998,0.9998,0.9998,0.9997,0.9996,0.9998,0.9998,0.9998,0.9998,0.9998,0.9998,0.9998,0.9997,0.9997,0.9998,0.9999,0.9998,0.9999,0.1622,0.1872,0.1898,0.1763,0.1969,0.1614,0.1677,0.1781,0.1623,0.1490,0.1997,0.1315,0.1870,0.1542,0.1730,0.1542,0.1970,0.1985,0.1753,0.1642,0.1937,0.1970,0.1982,0.1980,0.1844,0.1987,0.1970,0.1490,0.1759,0.1861,0.1491,0.1286,0.1623,0.1668,0.1993,0.1763,0.1879,0.1286,0.1709,0.1911,0.1677,0.1626,0.1409,0.1980,0.1412,0.1557,0.1569,0.1581,0.1373,0.1646,IDLE,IDLE,IDLE,IDLE,IDLE,IDLE,IDLE,IDLE,IDLE,IDLE,IDLE,IDLE,IDLE,IDLE,IDLE,IDLE,IDLE,IDLE,IDLE,IDLE,IDLE,IDLE,IDLE,IDLE,IDLE,IDLE,IDLE,IDLE,IDLE,IDLE,IDLE,IDLE,IDLE,IDLE,IDLE,IDLE,IDLE,IDLE,IDLE,IDLE,IDLE,IDLE,IDLE,IDLE,IDLE,IDLE,IDLE,IDLE,IDLE,IDLE
684,2024-01-29 12:00:01,0.00,0.00,0,0.0000,0.0000,0.00,0.9998,0.9999,0.9997,0.9997,0.9998,0.9998,0.9998,0.9997,0.9998,0.9998,0.9999,0.9997,0.9998,0.9999,0.9998,0.9999,0.9998,0.9998,0.9998,0.9998,0.9998,0.9998,0.9999,0.9998,0.9998,0.9998,0.9998,0.9998,0.9998,0.9997,0.9998,0.9998,0.9998,0.9998,0.9998,0.9997,0.9996,0.9998,0.9998,0.9998,0.9998,0.9998,0.9998,0.9998,0.9997,0.9997,0.9998,0.9999,0.9998,0.9999,0.1622,0.1872,0.1898,0.1763,0.1969,0.1614,0.1677,0.1781,0.1623,0.1490,0.1997,0.1315,0.1870,0.1542,0.1730,0.1542,0.1970,0.1985,0.1753,0.1642,0.1937,0.1970,0.1982,0.1980,0.1844,0.1987,0.1970,0.1490,0.1759,0.1861,0.1491,0.1286,0.1623,0.1668,0.1993,0.1763,0.1879,0.1286,0.1709,0.1911,0.1677,0.1626,0.1409,0.1980,0.1412,0.1557,0.1569,0.1581,0.1373,0.1646,IDLE,IDLE,IDLE,IDLE,IDLE,IDLE,IDLE,IDLE,IDLE,IDLE,IDLE,IDLE,IDLE,IDLE,IDLE,IDLE,IDLE,IDLE,IDLE,IDLE,IDLE,IDLE,IDLE,IDLE,IDLE,IDLE,IDLE,IDLE,IDLE,IDLE,IDLE,IDLE,IDLE,IDLE,IDLE,IDLE,IDLE,IDLE,IDLE,IDLE,IDLE,IDLE,IDLE,IDLE,IDLE,IDLE,IDLE,IDLE,IDLE,IDLE
685,2024-01-29 13:00:01,0.00,0.00,0,0.0000,0.0000,0.00,0.9998,0.9999,0.9997,0.9997,0.9998,0.9998,0.9998,0.9997,0.9998,0.9998,0.9999,0.9997,0.9998,0.9999,0.9998,0.9999,0.9998,0.9998,0.9998,0.9998,0.9998,0.9998,0.9999,0.9998,0.9998,0.9998,0.9998,0.9998,0.9998,0.9997,0.9998,0.9998,0.9998,0.9998,0.9998,0.9997,0.9996,0.9998,0.9998,0.9998,0.9998,0.9998,0.9998,0.9998,0.9997,0.9997,0.9998,0.9999,0.9998,0.9999,0.1622,0.1872,0.1898,0.1763,0.1969,0.1614,0.1677,0.1781,0.1623,0.1490,0.1997,0.1315,0.1870,0.1542,0.1730,0.1542,0.1970,0.1985,0.1753,0.1642,0.1937,0.1970,0.1982,0.1980,0.1844,0.1987,0.1970,0.1490,0.1759,0.1861,0.1491,0.1286,0.1623,0.1668,0.1993,0.1763,0.1879,0.1286,0.1709,0.1911,0.1677,0.1626,0.1409,0.1980,0.1412,0.1557,0.1569,0.1581,0.1373,0.1646,IDLE,IDLE,IDLE,IDLE,IDLE,IDLE,IDLE,IDLE,IDLE,IDLE,IDLE,IDLE,IDLE,IDLE,IDLE,IDLE,IDLE,IDLE,IDLE,IDLE,IDLE,IDLE,IDLE,IDLE,IDLE,IDLE,IDLE,IDLE,IDLE,IDLE,IDLE,IDLE,IDLE,IDLE,IDLE,IDLE,IDLE,IDLE,IDLE,IDLE,IDLE,IDLE,IDLE,IDLE,IDLE,IDLE,IDLE,IDLE,IDLE,IDLE
686,2024-01-29 14:00:01,0.00,0.00,0,0.0000,0.0000,0.00,0.9998,0.9999,0.9997,0.9997,0.9998,0.9998,0.9998,0.9997,0.9998,0.9998,0.9999,0.9997,0.9998,0.9999,0.9998,0.9999,0.9998,0.9998,0.9998,0.9998,0.9998,0.9998,0.9999,0.9998,0.9998,0.9998,0.9998,0.9998,0.9998,0.9997,0.9998,0.9998,0.9998,0.9998,0.9998,0.9997,0.9996,0.9998,0.9998,0.9998,0.9998,0.9998,0.9998,0.9998,0.9997,0.9997,0.9998,0.9999,0.9998,0.9999,0.1622,0.1872,0.1898,0.1763,0.1969,0.1614,0.1677,0.1781,0.1623,0.1490,0.1997,0.1315,0.1870,0.1542,0.1730,0.1542,0.1970,0.1985,0.1753,0.1642,0.1937,0.1970,0.1982,0.1980,0.1844,0.1987,0.1970,0.1490,0.1759,0.1861,0.1491,0.1286,0.1623,0.1668,0.1993,0.1763,0.1879,0.1286,0.1709,0.1911,0.1677,0.1626,0.1409,0.1980,0.1412,0.1557,0.1569,0.1581,0.1373,0.1646,IDLE,IDLE,IDLE,IDLE,IDLE,IDLE,IDLE,IDLE,IDLE,IDLE,IDLE,IDLE,IDLE,IDLE,IDLE,IDLE,IDLE,IDLE,IDLE,IDLE,IDLE,IDLE,IDLE,IDLE,IDLE,IDLE,IDLE,IDLE,IDLE,IDLE,IDLE,IDLE,IDLE,IDLE,IDLE,IDLE,IDLE,IDLE,IDLE,IDLE,IDLE,IDLE,IDLE,IDLE,IDLE,IDLE,IDLE,IDLE,IDLE,IDLE
687,2024-01-29 15:00:01,0.00,0.00,0,0.0000,0.0000,0.00,0.9998,0.9999,0.9997,0.9997,0.9998,0.9998,0.9998,0.9997,0.9998,0.9998,0.9999,0.9997,0.9998,0.9999,0.9998,0.9999,0.9998,0.9998,0.9998,0.9998,0.9998,0.9998,0.9999,0.9998,0.9998,0.9998,0.9998,0.9998,0.9998,0.9997,0.9998,0.9998,0.9998,0.9998,0.9998,0.9997,0.9996,0.9998,0.9998,0.9998,0.9998,0.9998,0.9998,0.9998,0.9997,0.9997,0.9998,0.9999,0.9998,0.9999,0.1622,0.1872,0.1898,0.1763,0.1969,0.1614,0.1677,0.1781,0.1623,0.1490,0.1997,0.1315,0.1870,0.1542,0.1730,0.1542,0.1970,0.1985,0.1753,0.1642,0.1937,0.1970,0.1982,0.1980,0.1844,0.1987,0.1970,0.1490,0.1759,0.1861,0.1491,0.1286,0.1623,0.1668,0.1993,0.1763,0.1879,0.1286,0.1709,0.1911,0.1677,0.1626,0.1409,0.1980,0.1412,0.1557,0.1569,0.1581,0.1373,0.1646,IDLE,IDLE,IDLE,IDLE,IDLE,IDLE,IDLE,IDLE,IDLE,IDLE,IDLE,IDLE,IDLE,IDLE,IDLE,IDLE,IDLE,IDLE,IDLE,IDLE,IDLE,IDLE,IDLE,IDLE,IDLE,IDLE,IDLE,IDLE,IDLE,IDLE,IDLE,IDLE,IDLE,IDLE,IDLE,IDLE,IDLE,IDLE,IDLE,IDLE,IDLE,IDLE,IDLE,IDLE,IDLE,IDLE,IDLE,IDLE,IDLE,IDLE
688,2024-01-29 16:00:01,0.00,0.00,0,0.0000,0.0000,0.00,0.9998,0.9999,0.9997,0.9997,0.9998,0.9998,0.9998,0.9997,0.9998,0.9998,0.9999,0.9997,0.9998,0.9999,0.9998,0.9999,0.9998,0.9998,0.9998,0.9998,0.9998,0.9998,0.9999,0.9998,0.9998,0.9998,0.9998,0.9998,0.9998,0.9997,0.9998,0.9998,0.9998,0.9998,0.9998,0.9997,0.9996,0.9998,0.9998,0.9998,0.9998,0.9998,0.9998,0.9998,0.9997,0.9997,0.9998,0.9999,0.9998,0.9999,0.1622,0.1872,0.1898,0.1763,0.1969,0.1614,0.1677,0.1781,0.1623,0.1490,0.1997,0.1315,0.1870,0.1542,0.1730,0.1542,0.1970,0.1985,0.1753,0.1642,0.1937,0.1970,0.1982,0.1980,0.1844,0.1987,0.1970,0.1490,0.1759,0.1861,0.1491,0.1286,0.1623,0.1668,0.1993,0.1763,0.1879,0.1286,0.1709,0.1911,0.1677,0.1626,0.1409,0.1980,0.1412,0.1557,0.1569,0.1581,0.1373,0.1646,IDLE,IDLE,IDLE,IDLE,IDLE,IDLE,IDLE,IDLE,IDLE,IDLE,IDLE,IDLE,IDLE,IDLE,IDLE,IDLE,IDLE,IDLE,IDLE,IDLE,IDLE,IDLE,IDLE,IDLE,IDLE,IDLE,IDLE,IDLE,IDLE,IDLE,IDLE,IDLE,IDLE,IDLE,IDLE,IDLE,IDLE,IDLE,IDLE,IDLE,IDLE,IDLE,IDLE,IDLE,IDLE,IDLE,IDLE,IDLE,IDLE,IDLE
689,2024-01-29 17:00:01,0.00,0.00,0,0.0000,0.0000,0.00,0.9998,0.9999,0.9997,0.9997,0.9998,0.9998,0.9998,0.9997,0.9998,0.9998,0.9999,0.9997,0.9998,0.9999,0.9998,0.9999,0.9998,0.9998,0.9998,0.9998,0.9998,0.9998,0.9999,0.9998,0.9998,0.9998,0.9998,0.9998,0.9998,0.9997,0.9998,0.9998,0.9998,0.9998,0.9998,0.9997,0.9996,0.9998,0.9998,0.9998,0.9998,0.9998,0.9998,0.9998,0.9997,0.9997,0.9998,0.9999,0.9998,0.9999,0.1622,0.1872,0.1898,0.1763,0.1969,0.1614,0.1677,0.1781,0.1623,0.1490,0.1997,0.1315,0.1870,0.1542,0.1730,0.1542,0.1970,0.1985,0.1753,0.1642,0.1937,0.1970,0.1982,0.1980,0.1844,0.1987,0.1970,0.1490,0.1759,0.1861,0.1491,0.1286,0.1623,0.1668,0.1993,0.1763,0.1879,0.1286,0.1709,0.1911,0.1677,0.1626,0.1409,0.1980,0.1412,0.1557,0.1569,0.1581,0.1373,0.1646,IDLE,IDLE,IDLE,IDLE,IDLE,IDLE,IDLE,IDLE,IDLE,IDLE,IDLE,IDLE,IDLE,IDLE,IDLE,IDLE,IDLE,IDLE,IDLE,IDLE,IDLE,IDLE,IDLE,IDLE,IDLE,IDLE,IDLE,IDLE,IDLE,IDLE,IDLE,IDLE,IDLE,IDLE,IDLE,IDLE,IDLE,IDLE,IDLE,IDLE,IDLE,IDLE,IDLE,IDLE,IDLE,IDLE,IDLE,IDLE,IDLE,IDLE
690,2024-01-29 18:00:01,0.00,0.00,0,0.0000,0.0000,0.00,0.9998,0.9999,0.9997,0.9997,0.9998,0.9998,0.9998,0.9997,0.9998,0.9998,0.9999,0.9997,0.9998,0.9999,0.9998,0.9999,0.9998,0.9998,0.9998,0.9998,0.9998,0.9998,0.9999,0.9998,0.9998,0.9998,0.9998,0.9998,0.9998,0.9997,0.9998,0.9998,0.9998,0.9998,0.9998,0.9997,0.9996,0.9998,0.9998,0.9998,0.9998,0.9998,0.9998,0.9998,0.9997,0.9997,0.9998,0.9999,0.9998,0.9999,0.1622,0.1872,0.1898,0.1763,0.1969,0.1614,0.1677,0.1781,0.1623,0.1490,0.1997,0.1315,0.1870,0.1542,0.1730,0.1542,0.1970,0.1985,0.1753,0.1642,0.1937,0.1970,0.1982,0.1980,0.1844,0.1987,0.1970,0.1490,0.1759,0.1861,0.1491,0.1286,0.1623,0.1668,0.1993,0.1763,0.1879,0.1286,0.1709,0.1911,0.1677,0.1626,0.1409,0.1980,0.1412,0.1557,0.1569,0.1581,0.1373,0.1646,IDLE,IDLE,IDLE,IDLE,IDLE,IDLE,IDLE,IDLE,IDLE,IDLE,IDLE,IDLE,IDLE,IDLE,IDLE,IDLE,IDLE,IDLE,IDLE,IDLE,IDLE,IDLE,IDLE,IDLE,IDLE,IDLE,IDLE,IDLE,IDLE,IDLE,IDLE,IDLE,IDLE,IDLE,IDLE,IDLE,IDLE,IDLE,IDLE,IDLE,IDLE,IDLE,IDLE,IDLE,IDLE,IDLE,IDLE,IDLE,IDLE,IDLE
691,2024-01-29 19:00:01,0.00,0.00,0,0.0000,0.0000,0.00,0.9998,0.9999,0.9997,0.9997,0.9998,0.9998,0.9998,0.9997,0.9998,0.9998,0.9999,0.9997,0.9998,0.9999,0.9998,0.9999,0.9998,0.9998,0.9998,0.9998,0.9998,0.9998,0.9999,0.9998,0.9998,0.9998,0.9998,0.9998,0.9998,0.9997,0.9998,0.9998,0.9998,0.9998,0.9998,0.9997,0.9996,0.9998,0.9998,0.9998,0.9998,0.9998,0.9998,0.9998,0.9997,0.9997,0.9998,0.9999,0.9998,0.9999,0.1622,0.1872,0.1898,0.1763,0.1969,0.1614,0.1677,0.1781,0.1623,0.1490,0.1997,0.1315,0.1870,0.1542,0.1730,0.1542,0.1970,0.1985,0.1753,0.1642,0.1937,0.1970,0.1982,0.1980,0.1844,0.1987,0.1970,0.1490,0.1759,0.1861,0.1491,0.1286,0.1623,0.1668,0.1993,0.1763,0.1879,0.1286,0.1709,0.1911,0.1677,0.1626,0.1409,0.1980,0.1412,0.1557,0.1569,0.1581,0.1373,0.1646,IDLE,IDLE,IDLE,IDLE,IDLE,IDLE,IDLE,IDLE,IDLE,IDLE,IDLE,IDLE,IDLE,IDLE,IDLE,IDLE,IDLE,IDLE,IDLE,IDLE,IDLE,IDLE,IDLE,IDLE,IDLE,IDLE,IDLE,IDLE,IDLE,IDLE,IDLE,IDLE,IDLE,IDLE,IDLE,IDLE,IDLE,IDLE,IDLE,IDLE,IDLE,IDLE,IDLE,IDLE,IDLE,IDLE,IDLE,IDLE,IDLE,IDLE
692,2024-01-29 20:00:01,0.00,0.00,0,0.0000,0.0000,0.00,0.9998,0.9999,0.9997,0.9997,0.9998,0.9998,0.9998,0.9997,0.9998,0.9998,0.9999,0.9997,0.9998,0.9999,0.9998,0.9999,0.9998,0.9998,0.9998,0.9998,0.9998,0.9998,0.9999,0.9998,0.9998,0.9998,0.9998,0.9998,0.9998,0.9997,0.9998,0.9998,0.9998,0.9998,0.9998,0.9997,0.9996,0.9998,0.9998,0.9998,0.9998,0.9998,0.9998,0.9998,0.9997,0.9997,0.9998,0.9999,0.9998,0.9999,0.1622,0.1872,0.1898,0.1763,0.1969,0.1614,0.1677,0.1781,0.1623,0.1490,0.1997,0.1315,0.1870,0.1542,0.1730,0.1542,0.1970,0.1985,0.1753,0.1642,0.1937,0.1970,0.1982,0.1980,0.1844,0.1987,0.1970,0.1490,0.1759,0.1861,0.1491,0.1286,0.1623,0.1668,0.1993,0.1763,0.1879,0.1286,0.1709,0.1911,0.1677,0.1626,0.1409,0.1980,0.1412,0.1557,0.1569,0.1581,0.1373,0.1646,IDLE,IDLE,IDLE,IDLE,IDLE,IDLE,IDLE,IDLE,IDLE,IDLE,IDLE,IDLE,IDLE,IDLE,IDLE,IDLE,IDLE,IDLE,IDLE,IDLE,IDLE,IDLE,IDLE,IDLE,IDLE,IDLE,IDLE,IDLE,IDLE,IDLE,IDLE,IDLE,IDLE,IDLE,IDLE,IDLE,IDLE,IDLE,IDLE,IDLE,IDLE,IDLE,IDLE,IDLE,IDLE,IDLE,IDLE,IDLE,IDLE,IDLE
693,2024-01-29 21:00:01,0.00,0.00,0,0.0000,0.0000,0.00,0.9998,0.9999,0.9997,0.9997,0.9998,0.9998,0.9998,0.9997,0.9998,0.9998,0.9999,0.9997,0.9998,0.9999,0.9998,0.9999,0.9998,0.9998,0.9998,0.9998,0.9998,0.9998,0.9999,0.9998,0.9998,0.9998,0.9998,0.9998,0.9998,0.9997,0.9998,0.9998,0.9998,0.9998,0.9998,0.9997,0.9996,0.9998,0.9998,0.9998,0.9998,0.9998,0.9998,0.9998,0.9997,0.9997,0.9998,0.9999,0.9998,0.9999,0.1622,0.1872,0.1898,0.1763,0.1969,0.1614,0.1677,0.1781,0.1623,0.1490,0.1997,0.1315,0.1870,0.1542,0.1730,0.1542,0.1970,0.1985,0.1753,0.1642,0.1937,0.1970,0.1982,0.1980,0.1844,0.1987,0.1970,0.1490,0.1759,0.1861,0.1491,0.1286,0.1623,0.1668,0.1993,0.1763,0.1879,0.1286,0.1709,0.1911,0.1677,0.1626,0.1409,0.1980,0.1412,0.1557,0.1569,0.1581,0.1373,0.1646,IDLE,IDLE,IDLE,IDLE,IDLE,IDLE,IDLE,IDLE,IDLE,IDLE,IDLE,IDLE,IDLE,IDLE,IDLE,IDLE,IDLE,IDLE,IDLE,IDLE,IDLE,IDLE,IDLE,IDLE,IDLE,IDLE,IDLE,IDLE,IDLE,IDLE,IDLE,IDLE,IDLE,IDLE,IDLE,IDLE,IDLE,IDLE,IDLE,IDLE,IDLE,IDLE,IDLE,IDLE,IDLE,IDLE,IDLE,IDLE,IDLE,IDLE
694,2024-01-29 22:00:01,0.00,0.00,0,0.0000,0.0000,0.00,0.9998,0.9999,0.9997,0.9997,0.9998,0.9998,0.9998,0.9997,0.9998,0.9998,0.9999,0.9997,0.9998,0.9999,0.9998,0.9999,0.9998,0.9998,0.9998,0.9998,0.9998,0.9998,0.9999,0.9998,0.9998,0.9998,0.9998,0.9998,0.9998,0.9997,0.9998,0.9998,0.9998,0.9998,0.9998,0.9997,0.9996,0.9998,0.9998,0.9998,0.9998,0.9998,0.9998,0.9998,0.9997,0.9997,0.9998,0.9999,0.9998,0.9999,0.1622,0.1872,0.1898,0.1763,0.1969,0.1614,0.1677,0.1781,0.1623,0.1490,0.1997,0.1315,0.1870,0.1542,0.1730,0.1542,0.1970,0.1985,0.1753,0.1642,0.1937,0.1970,0.1982,0.1980,0.1844,0.1987,0.1970,0.1490,0.1759,0.1861,0.1491,0.1286,0.1623,0.1668,0.1993,0.1763,0.1879,0.1286,0.1709,0.1911,0.1677,0.1626,0.1409,0.1980,0.1412,0.1557,0.1569,0.1581,0.1373,0.1646,IDLE,IDLE,IDLE,IDLE,IDLE,IDLE,IDLE,IDLE,IDLE,IDLE,IDLE,IDLE,IDLE,IDLE,IDLE,IDLE,IDLE,IDLE,IDLE,IDLE,IDLE,IDLE,IDLE,IDLE,IDLE,IDLE,IDLE,IDLE,IDLE,IDLE,IDLE,IDLE,IDLE,IDLE,IDLE,IDLE,IDLE,IDLE,IDLE,IDLE,IDLE,IDLE,IDLE,IDLE,IDLE,IDLE,IDLE,IDLE,IDLE,IDLE
695,2024-01-29 23:00:01,0.00,0.00,0,0.0000,0.0000,0.00,0.9998,0.9999,0.9997,0.9997,0.9998,0.9998,0.9998,0.9997,0.9998,0.9998,0.9999,0.9997,0.9998,0.9999,0.9998,0.9999,0.9998,0.9998,0.9998,0.9998,0.9998,0.9998,0.9999,0.9998,0.9998,0.9998,0.9998,0.9998,0.9998,0.9997,0.9998,0.9998,0.9998,0.9998,0.9998,0.9997,0.9996,0.9998,0.9998,0.9998,0.9998,0.9998,0.9998,0.9998,0.9997,0.9997,0.9998,0.9999,0.9998,0.9999,0.1622,0.1872,0.1898,0.1763,0.1969,0.1614,0.1677,0.1781,0.1623,0.1490,0.1997,0.1315,0.1870,0.1542,0.1730,0.1542,0.1970,0.1985,0.1753,0.1642,0.1937,0.1970,0.1982,0.1980,0.1844,0.1987,0.1970,0.1490,0.1759,0.1861,0.1491,0.1286,0.1623,0.1668,0.1993,0.1763,0.1879,0.1286,0.1709,0.1911,0.1677,0.1626,0.1409,0.1980,0.1412,0.1557,0.1569,0.1581,0.1373,0.1646,IDLE,IDLE,IDLE,IDLE,IDLE,IDLE,IDLE,IDLE,IDLE,IDLE,IDLE,IDLE,IDLE,IDLE,IDLE,IDLE,IDLE,IDLE,IDLE,IDLE,IDLE,IDLE,IDLE,IDLE,IDLE,IDLE,IDLE,IDLE,IDLE,IDLE,IDLE,IDLE,IDLE,IDLE,IDLE,IDLE,IDLE,IDLE,IDLE,IDLE,IDLE,IDLE,IDLE,IDLE,IDLE,IDLE,IDLE,IDLE,IDLE,IDLE
696,2024-01-30 00:00:01,0.00,0.00,0,0.0000,0.0000,0.00,0.9998,0.9999,0.9997,0.9997,0.9998,0.9998,0.9998,0.9997,0.9998,0.9998,0.9999,0.9997,0.9998,0.9999,0.9998,0.9999,0.9998,0.9998,0.9998,0.9998,0.9998,0.9998,0.9999,0.9998,0.9998,0.9998,0.9998,0.9998,0.9998,0.9997,0.9998,0.9998,0.9998,0.9998,0.9998,0.9997,0.9996,0.9998,0.9998,0.9998,0.9998,0.9998,0.9998,0.9998,0.9997,0.9997,0.9998,0.9999,0.9998,0.9999,0.1622,0.1872,0.1898,0.1763,0.1969,0.1614,0.1677,0.1781,0.1623,0.1490,0.1997,0.1315,0.1870,0.1542,0.1730,0.1542,0.1970,0.1985,0.1753,0.1642,0.1937,0.1970,0.1982,0.1980,0.1844,0.1987,0.1970,0.1490,0.1759,0.1861,0.1491,0.1286,0.1623,0.1668,0.1993,0.1763,0.1879,0.1286,0.1709,0.1911,0.1677,0.1626,0.1409,0.1980,0.1412,0.1557,0.1569,0.1581,0.1373,0.1646,IDLE,IDLE,IDLE,IDLE,IDLE,IDLE,IDLE,IDLE,IDLE,IDLE,IDLE,IDLE,IDLE,IDLE,IDLE,IDLE,IDLE,IDLE,IDLE,IDLE,IDLE,IDLE,IDLE,IDLE,IDLE,IDLE,IDLE,IDLE,IDLE,IDLE,IDLE,IDLE,IDLE,IDLE,IDLE,IDLE,IDLE,IDLE,IDLE,IDLE,IDLE,IDLE,IDLE,IDLE,IDLE,IDLE,IDLE,IDLE,IDLE,IDLE
697,2024-01-30 01:00:01,0.00,0.00,0,0.0000,0.0000,0.00,0.9998,0.9999,0.9997,0.9997,0.9998,0.9998,0.9998,0.9997,0.9998,0.9998,0.9999,0.9997,0.9998,0.9999,0.9998,0.9999,0.9998,0.9998,0.9998,0.9998,0.9998,0.9998,0.9999,0.9998,0.9998,0.9998,0.9998,0.9998,0.9998,0.9997,0.9998,0.9998,0.9998,0.9998,0.9998,0.9997,0.9996,0.9998,0.9998,0.9998,0.9998,0.9998,0.9998,0.9998,0.9997,0.9997,0.9998,0.9999,0.9998,0.9999,0.1622,0.1872,0.1898,0.1763,0.1969,0.1614,0.1677,0.1781,0.1623,0.1490,0.1997,0.1315,0.1870,0.1542,0.1730,0.1542,0.1970,0.1985,0.1753,0.1642,0.1937,0.1970,0.1982,0.1980,0.1844,0.1987,0.1970,0.1490,0.1759,0.1861,0.1491,0.1286,0.1623,0.1668,0.1993,0.1763,0.1879,0.1286,0.1709,0.1911,0.1677,0.1626,0.1409,0.1980,0.1412,0.1557,0.1569,0.1581,0.1373,0.1646,IDLE,IDLE,IDLE,IDLE,IDLE,IDLE,IDLE,IDLE,IDLE,IDLE,IDLE,IDLE,IDLE,IDLE,IDLE,IDLE,IDLE,IDLE,IDLE,IDLE,IDLE,IDLE,IDLE,IDLE,IDLE,IDLE,IDLE,IDLE,IDLE,IDLE,IDLE,IDLE,IDLE,IDLE,IDLE,IDLE,IDLE,IDLE,IDLE,IDLE,IDLE,IDLE,IDLE,IDLE,IDLE,IDLE,IDLE,IDLE,IDLE,IDLE
698,2024-01-30 02:00:01,0.00,0.00,0,0.0000,0.0000,0.00,0.9998,0.9999,0.9997,0.9997,0.9998,0.9998,0.9998,0.9997,0.9998,0.9998,0.9999,0.9997,0.9998,0.9999,0.9998,0.9999,0.9998,0.9998,0.9998,0.9998,0.9998,0.9998,0.9999,0.9998,0.9998,0.9998,0.9998,0.9998,0.9998,0.9997,0.9998,0.9998,0.9998,0.9998,0.9998,0.9997,0.9996,0.9998,0.9998,0.9998,0.9998,0.9998,0.9998,0.9998,0.9997,0.9997,0.9998,0.9999,0.9998,0.9999,0.1622,0.1872,0.1898,0.1763,0.1969,0.1614,0.1677,0.1781,0.1623,0.1490,0.1997,0.1315,0.1870,0.1542,0.1730,0.1542,0.1970,0.1985,0.1753,0.1642,0.1937,0.1970,0.1982,0.1980,0.1844,0.1987,0.1970,0.1490,0.1759,0.1861,0.1491,0.1286,0.1623,0.1668,0.1993,0.1763,0.1879,0.1286,0.1709,0.1911,0.1677,0.1626,0.1409,0.1980,0.1412,0.1557,0.1569,0.1581,0.1373,0.1646,IDLE,IDLE,IDLE,IDLE,IDLE,IDLE,IDLE,IDLE,IDLE,IDLE,IDLE,IDLE,IDLE,IDLE,IDLE,IDLE,IDLE,IDLE,IDLE,IDLE,IDLE,IDLE,IDLE,IDLE,IDLE,IDLE,IDLE,IDLE,IDLE,IDLE,IDLE,IDLE,IDLE,IDLE,IDLE,IDLE,IDLE,IDLE,IDLE,IDLE,IDLE,IDLE,IDLE,IDLE,IDLE,IDLE,IDLE,IDLE,IDLE,IDLE
699,2024-01-30 03:00:01,0.00,0.00,0,0.0000,0.0000,0.00,0.9998,0.9999,0.9997,0.9997,0.9998,0.9998,0.9998,0.9997,0.9998,0.9998,0.9999,0.9997,0.9998,0.9999,0.9998,0.9999,0.9998,0.9998,0.9998,0.9998,0.9998,0.9998,0.9999,0.9998,0.9998,0.9998,0.9998,0.9998,0.9998,0.9997,0.9998,0.9998,0.9998,0.9998,0.9998,0.9997,0.9996,0.9998,0.9998,0.9998,0.9998,0.9998,0.9998,0.9998,0.9997,0.9997,0.9998,0.9999,0.9998,0.9999,0.1622,0.1872,0.1898,0.1763,0.1969,0.1614,0.1677,0.1781,0.1623,0.1490,0.1997,0.1315,0.1870,0.1542,0.1730,0.1542,0.1970,0.1985,0.1753,0.1642,0.1937,0.1970,0.1982,0.1980,0.1844,0.1987,0.1970,0.1490,0.1759,0.1861,0.1491,0.1286,0.1623,0.1668,0.1993,0.1763,0.1879,0.1286,0.1709,0.1911,0.1677,0.1626,0.1409,0.1980,0.1412,0.1557,0.1569,0.1581,0.1373,0.1646,IDLE,IDLE,IDLE,IDLE,IDLE,IDLE,IDLE,IDLE,IDLE,IDLE,IDLE,IDLE,IDLE,IDLE,IDLE,IDLE,IDLE,IDLE,IDLE,IDLE,IDLE,IDLE,IDLE,IDLE,IDLE,IDLE,IDLE,IDLE,IDLE,IDLE,IDLE,IDLE,IDLE,IDLE,IDLE,IDLE,IDLE,IDLE,IDLE,IDLE,IDLE,IDLE,IDLE,IDLE,IDLE,IDLE,IDLE,IDLE,IDLE,IDLE
700,2024-01-30 04:00:01,0.00,0.00,0,0.0000,0.0000,0.00,0.9998,0.9999,0.9997,0.9997,0.9998,0.9998,0.9998,0.9997,0.9998,0.9998,0.9999,0.9997,0.9998,0.9999,0.9998,0.9999,0.9998,0.9998,0.9998,0.9998,0.9998,0.9998,0.9999,0.9998,0.9998,0.9998,0.9998,0.9998,0.9998,0.9997,0.9998,0.9998,0.9998,0.9998,0.9998,0.9997,0.9996,0.9998,0.9998,0.9998,0.9998,0.9998,0.9998,0.9998,0.9997,0.9997,0.9998,0.9999,0.9998,0.9999,0.1622,0.1872,0.1898,0.1763,0.1969,0.1614,0.1677,0.1781,0.1623,0.1490,0.1997,0.1315,0.1870,0.1542,0.1730,0.1542,0.1970,0.1985,0.1753,0.1642,0.1937,0.1970,0.1982,0.1980,0.1844,0.1987,0.1970,0.1490,0.1759,0.1861,0.1491,0.1286,0.1623,0.1668,0.1993,0.1763,0.1879,0.1286,0.1709,0.1911,0.1677,0.1626,0.1409,0.1980,0.1412,0.1557,0.1569,0.1581,0.1373,0.1646,IDLE,IDLE,IDLE,IDLE,IDLE,IDLE,IDLE,IDLE,IDLE,IDLE,IDLE,IDLE,IDLE,IDLE,IDLE,IDLE,IDLE,IDLE,IDLE,IDLE,IDLE,IDLE,IDLE,IDLE,IDLE,IDLE,IDLE,IDLE,IDLE,IDLE,IDLE,IDLE,IDLE,IDLE,IDLE,IDLE,IDLE,IDLE,IDLE,IDLE,IDLE,IDLE,IDLE,IDLE,IDLE,IDLE,IDLE,IDLE,IDLE,IDLE
701,2024-01-30 05:00:01,0.00,0.00,0,0.0000,0.0000,0.00,0.9998,0.9999,0.9997,0.9997,0.9998,0.9998,0.9998,0.9997,0.9998,0.9998,0.9999,0.9997,0.9998,0.9999,0.9998,0.9999,0.9998,0.9998,0.9998,0.9998,0.9998,0.9998,0.9999,0.9998,0.9998,0.9998,0.9998,0.9998,0.9998,0.9997,0.9998,0.9998,0.9998,0.9998,0.9998,0.9997,0.9996,0.9998,0.9998,0.9998,0.9998,0.9998,0.9998,0.9998,0.9997,0.9997,0.9998,0.9999,0.9998,0.9999,0.1622,0.1872,0.1898,0.1763,0.1969,0.1614,0.1677,0.1781,0.1623,0.1490,0.1997,0.1315,0.1870,0.1542,0.1730,0.1542,0.1970,0.1985,0.1753,0.1642,0.1937,0.1970,0.1982,0.1980,0.1844,0.1987,0.1970,0.1490,0.1759,0.1861,0.1491,0.1286,0.1623,0.1668,0.1993,0.1763,0.1879,0.1286,0.1709,0.1911,0.1677,0.1626,0.1409,0.1980,0.1412,0.1557,0.1569,0.1581,0.1373,0.1646,IDLE,IDLE,IDLE,IDLE,IDLE,IDLE,IDLE,IDLE,IDLE,IDLE,IDLE,IDLE,IDLE,IDLE,IDLE,IDLE,IDLE,IDLE,IDLE,IDLE,IDLE,IDLE,IDLE,IDLE,IDLE,IDLE,IDLE,IDLE,IDLE,IDLE,IDLE,IDLE,IDLE,IDLE,IDLE,IDLE,IDLE,IDLE,IDLE,IDLE,IDLE,IDLE,IDLE,IDLE,IDLE,IDLE,IDLE,IDLE,IDLE,IDLE
702,2024-01-30 06:00:01,0.00,0.00,0,0.0000,0.0000,0.00,0.9998,0.9999,0.9997,0.9997,0.9998,0.9998,0.9998,0.9997,0.9998,0.9998,0.9999,0.9997,0.9998,0.9999,0.9998,0.9999,0.9998,0.9998,0.9998,0.9998,0.9998,0.9998,0.9999,0.9998,0.9998,0.9998,0.9998,0.9998,0.9998,0.9997,0.9998,0.9998,0.9998,0.9998,0.9998,0.9997,0.9996,0.9998,0.9998,0.9998,0.9998,0.9998,0.9998,0.9998,0.9997,0.9997,0.9998,0.9999,0.9998,0.9999,0.1622,0.1872,0.1898,0.1763,0.1969,0.1614,0.1677,0.1781,0.1623,0.1490,0.1997,0.1315,0.1870,0.1542,0.1730,0.1542,0.1970,0.1985,0.1753,0.1642,0.1937,0.1970,0.1982,0.1980,0.1844,0.1987,0.1970,0.1490,0.1759,0.1861,0.1491,0.1286,0.1623,0.1668,0.1993,0.1763,0.1879,0.1286,0.1709,0.1911,0.1677,0.1626,0.1409,0.1980,0.1412,0.1557,0.1569,0.1581,0.1373,0.1646,IDLE,IDLE,IDLE,IDLE,IDLE,IDLE,IDLE,IDLE,IDLE,IDLE,IDLE,IDLE,IDLE,IDLE,IDLE,IDLE,IDLE,IDLE,IDLE,IDLE,IDLE,IDLE,IDLE,IDLE,IDLE,IDLE,IDLE,IDLE,IDLE,IDLE,IDLE,IDLE,IDLE,IDLE,IDLE,IDLE,IDLE,IDLE,IDLE,IDLE,IDLE,IDLE,IDLE,IDLE,IDLE,IDLE,IDLE,IDLE,IDLE,IDLE
703,2024-01-30 07:00:01,0.00,0.00,0,0.0000,0.0000,0.00,0.9998,0.9999,0.9997,0.9997,0.9998,0.9998,0.9998,0.9997,0.9998,0.9998,0.9999,0.9997,0.9998,0.9999,0.9998,0.9999,0.9998,0.9998,0.9998,0.9998,0.9998,0.9998,0.9999,0.9998,0.9998,0.9998,0.9998,0.9998,0.9998,0.9997,0.9998,0.9998,0.9998,0.9998,0.9998,0.9997,0.9996,0.9998,0.9998,0.9998,0.9998,0.9998,0.9998,0.9998,0.9997,0.9997,0.9998,0.9999,0.9998,0.9999,0.1622,0.1872,0.1898,0.1763,0.1969,0.1614,0.1677,0.1781,0.1623,0.1490,0.1997,0.1315,0.1870,0.1542,0.1730,0.1542,0.1970,0.1985,0.1753,0.1642,0.1937,0.1970,0.1982,0.1980,0.1844,0.1987,0.1970,0.1490,0.1759,0.1861,0.1491,0.1286,0.1623,0.1668,0.1993,0.1763,0.1879,0.1286,0.1709,0.1911,0.1677,0.1626,0.1409,0.1980,0.1412,0.1557,0.1569,0.1581,0.1373,0.1646,IDLE,IDLE,IDLE,IDLE,IDLE,IDLE,IDLE,IDLE,IDLE,IDLE,IDLE,IDLE,IDLE,IDLE,IDLE,IDLE,IDLE,IDLE,IDLE,IDLE,IDLE,IDLE,IDLE,IDLE,IDLE,IDLE,IDLE,IDLE,IDLE,IDLE,IDLE,IDLE,IDLE,IDLE,IDLE,IDLE,IDLE,IDLE,IDLE,IDLE,IDLE,IDLE,IDLE,IDLE,IDLE,IDLE,IDLE,IDLE,IDLE,IDLE
704,2024-01-30 08:00:01,0.00,0.00,0,0.0000,0.0000,0.00,0.9998,0.9999,0.9997,0.9997,0.9998,0.9998,0.9998,0.9997,0.9998,0.9998,0.9999,0.9997,0.9998,0.9999,0.9998,0.9999,0.9998,0.9998,0.9998,0.9998,0.9998,0.9998,0.9999,0.9998,0.9998,0.9998,0.9998,0.9998,0.9998,0.9997,0.9998,0.9998,0.9998,0.9998,0.9998,0.9997,0.9996,0.9998,0.9998,0.9998,0.9998,0.9998,0.9998,0.9998,0.9997,0.9997,0.9998,0.9999,0.9998,0.9999,0.1622,0.1872,0.1898,0.1763,0.1969,0.1614,0.1677,0.1781,0.1623,0.1490,0.1997,0.1315,0.1870,0.1542,0.1730,0.1542,0.1970,0.1985,0.1753,0.1642,0.1937,0.1970,0.1982,0.1980,0.1844,0.1987,0.1970,0.1490,0.1759,0.1861,0.1491,0.1286,0.1623,0.1668,0.1993,0.1763,0.1879,0.1286,0.1709,0.1911,0.1677,0.1626,0.1409,0.1980,0.1412,0.1557,0.1569,0.1581,0.1373,0.1646,IDLE,IDLE,IDLE,IDLE,IDLE,IDLE,IDLE,IDLE,IDLE,IDLE,IDLE,IDLE,IDLE,IDLE,IDLE,IDLE,IDLE,IDLE,IDLE,IDLE,IDLE,IDLE,IDLE,IDLE,IDLE,IDLE,IDLE,IDLE,IDLE,IDLE,IDLE,IDLE,IDLE,IDLE,IDLE,IDLE,IDLE,IDLE,IDLE,IDLE,IDLE,IDLE,IDLE,IDLE,IDLE,IDLE,IDLE,IDLE,IDLE,IDLE
705,2024-01-30 09:00:01,0.00,0.00,0,0.0000,0.0000,0.00,0.9998,0.9999,0.9997,0.9997,0.9998,0.9998,0.9998,0.9997,0.9998,0.9998,0.9999,0.9997,0.9998,0.9999,0.9998,0.9999,0.9998,0.9998,0.9998,0.9998,0.9998,0.9998,0.9999,0.9998,0.9998,0.9998,0.9998,0.9998,0.9998,0.9997,0.9998,0.9998,0.9998,0.9998,0.9998,0.9997,0.9996,0.9998,0.9998,0.9998,0.9998,0.9998,0.9998,0.9998,0.9997,0.9997,0.9998,0.9999,0.9998,0.9999,0.1622,0.1872,0.1898,0.1763,0.1969,0.1614,0.1677,0.1781,0.1623,0.1490,0.1997,0.1315,0.1870,0.1542,0.1730,0.1542,0.1970,0.1985,0.1753,0.1642,0.1937,0.1970,0.1982,0.1980,0.1844,0.1987,0.1970,0.1490,0.1759,0.1861,0.1491,0.1286,0.1623,0.1668,0.1993,0.1763,0.1879,0.1286,0.1709,0.1911,0.1677,0.1626,0.1409,0.1980,0.1412,0.1557,0.1569,0.1581,0.1373,0.1646,IDLE,IDLE,IDLE,IDLE,IDLE,IDLE,IDLE,IDLE,IDLE,IDLE,IDLE,IDLE,IDLE,IDLE,IDLE,IDLE,IDLE,IDLE,IDLE,IDLE,IDLE,IDLE,IDLE,IDLE,IDLE,IDLE,IDLE,IDLE,IDLE,IDLE,IDLE,IDLE,IDLE,IDLE,IDLE,IDLE,IDLE,IDLE,IDLE,IDLE,IDLE,IDLE,IDLE,IDLE,IDLE,IDLE,IDLE,IDLE,IDLE,IDLE
706,2024-01-30 10:00:01,0.00,0.00,0,0.0000,0.0000,0.00,0.9998,0.9999,0.9997,0.9997,0.9998,0.9998,0.9998,0.9997,0.9998,0.9998,0.9999,0.9997,0.9998,0.9999,0.9998,0.9999,0.9998,0.9998,0.9998,0.9998,0.9998,0.9998,0.9999,0.9998,0.9998,0.9998,0.9998,0.9998,0.9998,0.9997,0.9998,0.9998,0.9998,0.9998,0.9998,0.9997,0.9996,0.9998,0.9998,0.9998,0.9998,0.9998,0.9998,0.9998,0.9997,0.9997,0.9998,0.9999,0.9998,0.9999,0.1622,0.1872,0.1898,0.1763,0.1969,0.1614,0.1677,0.1781,0.1623,0.1490,0.1997,0.1315,0.1870,0.1542,0.1730,0.1542,0.1970,0.1985,0.1753,0.1642,0.1937,0.1970,0.1982,0.1980,0.1844,0.1987,0.1970,0.1490,0.1759,0.1861,0.1491,0.1286,0.1623,0.1668,0.1993,0.1763,0.1879,0.1286,0.1709,0.1911,0.1677,0.1626,0.1409,0.1980,0.1412,0.1557,0.1569,0.1581,0.1373,0.1646,IDLE,IDLE,IDLE,IDLE,IDLE,IDLE,IDLE,IDLE,IDLE,IDLE,IDLE,IDLE,IDLE,IDLE,IDLE,IDLE,IDLE,IDLE,IDLE,IDLE,IDLE,IDLE,IDLE,IDLE,IDLE,IDLE,IDLE,IDLE,IDLE,IDLE,IDLE,IDLE,IDLE,IDLE,IDLE,IDLE,IDLE,IDLE,IDLE,IDLE,IDLE,IDLE,IDLE,IDLE,IDLE,IDLE,IDLE,IDLE,IDLE,IDLE
707,2024-01-30 11:00:01,0.00,0.00,0,0.0000,0.0000,0.00,0.9998,0.9999,0.9997,0.9997,0.9998,0.9998,0.9998,0.9997,0.9998,0.9998,0.9999,0.9997,0.9998,0.9999,0.9998,0.9999,0.9998,0.9998,0.9998,0.9998,0.9998,0.9998,0.9999,0.9998,0.9998,0.9998,0.9998,0.9998,0.9998,0.9997,0.9998,0.9998,0.9998,0.9998,0.9998,0.9997,0.9996,0.9998,0.9998,0.9998,0.9998,0.9998,0.9998,0.9998,0.9997,0.9997,0.9998,0.9999,0.9998,0.9999,0.1622,0.1872,0.1898,0.1763,0.1969,0.1614,0.1677,0.1781,0.1623,0.1490,0.1997,0.1315,0.1870,0.1542,0.1730,0.1542,0.1970,0.1985,0.1753,0.1642,0.1937,0.1970,0.1982,0.1980,0.1844,0.1987,0.1970,0.1490,0.1759,0.1861,0.1491,0.1286,0.1623,0.1668,0.1993,0.1763,0.1879,0.1286,0.1709,0.1911,0.1677,0.1626,0.1409,0.1980,0.1412,0.1557,0.1569,0.1581,0.1373,0.1646,IDLE,IDLE,IDLE,IDLE,IDLE,IDLE,IDLE,IDLE,IDLE,IDLE,IDLE,IDLE,IDLE,IDLE,IDLE,IDLE,IDLE,IDLE,IDLE,IDLE,IDLE,IDLE,IDLE,IDLE,IDLE,IDLE,IDLE,IDLE,IDLE,IDLE,IDLE,IDLE,IDLE,IDLE,IDLE,IDLE,IDLE,IDLE,IDLE,IDLE,IDLE,IDLE,IDLE,IDLE,IDLE,IDLE,IDLE,IDLE,IDLE,IDLE
708,2024-01-30 12:00:01,0.00,0.00,0,0.0000,0.0000,0.00,0.9998,0.9999,0.9997,0.9997,0.9998,0.9998,0.9998,0.9997,0.9998,0.9998,0.9999,0.9997,0.9998,0.9999,0.9998,0.9999,0.9998,0.9998,0.9998,0.9998,0.9998,0.9998,0.9999,0.9998,0.9998,0.9998,0.9998,0.9998,0.9998,0.9997,0.9998,0.9998,0.9998,0.9998,0.9998,0.9997,0.9996,0.9998,0.9998,0.9998,0.9998,0.9998,0.9998,0.9998,0.9997,0.9997,0.9998,0.9999,0.9998,0.9999,0.1622,0.1872,0.1898,0.1763,0.1969,0.1614,0.1677,0.1781,0.1623,0.1490,0.1997,0.1315,0.1870,0.1542,0.1730,0.1542,0.1970,0.1985,0.1753,0.1642,0.1937,0.1970,0.1982,0.1980,0.1844,0.1987,0.1970,0.1490,0.1759,0.1861,0.1491,0.1286,0.1623,0.1668,0.1993,0.1763,0.1879,0.1286,0.1709,0.1911,0.1677,0.1626,0.1409,0.1980,0.1412,0.1557,0.1569,0.1581,0.1373,0.1646,IDLE,IDLE,IDLE,IDLE,IDLE,IDLE,IDLE,IDLE,IDLE,IDLE,IDLE,IDLE,IDLE,IDLE,IDLE,IDLE,IDLE,IDLE,IDLE,IDLE,IDLE,IDLE,IDLE,IDLE,IDLE,IDLE,IDLE,IDLE,IDLE,IDLE,IDLE,IDLE,IDLE,IDLE,IDLE,IDLE,IDLE,IDLE,IDLE,IDLE,IDLE,IDLE,IDLE,IDLE,IDLE,IDLE,IDLE,IDLE,IDLE,IDLE
709,2024-01-30 13:00:01,0.00,0.00,0,0.0000,0.0000,0.00,0.9998,0.9999,0.9997,0.9997,0.9998,0.9998,0.9998,0.9997,0.9998,0.9998,0.9999,0.9997,0.9998,0.9999,0.9998,0.9999,0.9998,0.9998,0.9998,0.9998,0.9998,0.9998,0.9999,0.9998,0.9998,0.9998,0.9998,0.9998,0.9998,0.9997,0.9998,0.9998,0.9998,0.9998,0.9998,0.9997,0.9996,0.9998,0.9998,0.9998,0.9998,0.9998,0.9998,0.9998,0.9997,0.9997,0.9998,0.9999,0.9998,0.9999,0.1622,0.1872,0.1898,0.1763,0.1969,0.1614,0.1677,0.1781,0.1623,0.1490,0.1997,0.1315,0.1870,0.1542,0.1730,0.1542,0.1970,0.1985,0.1753,0.1642,0.1937,0.1970,0.1982,0.1980,0.1844,0.1987,0.1970,0.1490,0.1759,0.1861,0.1491,0.1286,0.1623,0.1668,0.1993,0.1763,0.1879,0.1286,0.1709,0.1911,0.1677,0.1626,0.1409,0.1980,0.1412,0.1557,0.1569,0.1581,0.1373,0.1646,IDLE,IDLE,IDLE,IDLE,IDLE,IDLE,IDLE,IDLE,IDLE,IDLE,IDLE,IDLE,IDLE,IDLE,IDLE,IDLE,IDLE,IDLE,IDLE,IDLE,IDLE,IDLE,IDLE,IDLE,IDLE,IDLE,IDLE,IDLE,IDLE,IDLE,IDLE,IDLE,IDLE,IDLE,IDLE,IDLE,IDLE,IDLE,IDLE,IDLE,IDLE,IDLE,IDLE,IDLE,IDLE,IDLE,IDLE,IDLE,IDLE,IDLE
710,2024-01-30 14:00:01,0.00,0.00,0,0.0000,0.0000,0.00,0.9998,0.9999,0.9997,0.9997,0.9998,0.9998,0.9998,0.9997,0.9998,0.9998,0.9999,0.9997,0.9998,0.9999,0.9998,0.9999,0.9998,0.9998,0.9998,0.9998,0.9998,0.9998,0.9999,0.9998,0.9998,0.9998,0.9998,0.9998,0.9998,0.9997,0.9998,0.9998,0.9998,0.9998,0.9998,0.9997,0.9996,0.9998,0.9998,0.9998,0.9998,0.9998,0.9998,0.9998,0.9997,0.9997,0.9998,0.9999,0.9998,0.9999,0.1622,0.1872,0.1898,0.1763,0.1969,0.1614,0.1677,0.1781,0.1623,0.1490,0.1997,0.1315,0.1870,0.1542,0.1730,0.1542,0.1970,0.1985,0.1753,0.1642,0.1937,0.1970,0.1982,0.1980,0.1844,0.1987,0.1970,0.1490,0.1759,0.1861,0.1491,0.1286,0.1623,0.1668,0.1993,0.1763,0.1879,0.1286,0.1709,0.1911,0.1677,0.1626,0.1409,0.1980,0.1412,0.1557,0.1569,0.1581,0.1373,0.1646,IDLE,IDLE,IDLE,IDLE,IDLE,IDLE,IDLE,IDLE,IDLE,IDLE,IDLE,IDLE,IDLE,IDLE,IDLE,IDLE,IDLE,IDLE,IDLE,IDLE,IDLE,IDLE,IDLE,IDLE,IDLE,IDLE,IDLE,IDLE,IDLE,IDLE,IDLE,IDLE,IDLE,IDLE,IDLE,IDLE,IDLE,IDLE,IDLE,IDLE,IDLE,IDLE,IDLE,IDLE,IDLE,IDLE,IDLE,IDLE,IDLE,IDLE
711,2024-01-30 15:00:01,0.00,0.00,0,0.0000,0.0000,0.00,0.9998,0.9999,0.9997,0.9997,0.9998,0.9998,0.9998,0.9997,0.9998,0.9998,0.9999,0.9997,0.9998,0.9999,0.9998,0.9999,0.9998,0.9998,0.9998,0.9998,0.9998,0.9998,0.9999,0.9998,0.9998,0.9998,0.9998,0.9998,0.9998,0.9997,0.9998,0.9998,0.9998,0.9998,0.9998,0.9997,0.9996,0.9998,0.9998,0.9998,0.9998,0.9998,0.9998,0.9998,0.9997,0.9997,0.9998,0.9999,0.9998,0.9999,0.1622,0.1872,0.1898,0.1763,0.1969,0.1614,0.1677,0.1781,0.1623,0.1490,0.1997,0.1315,0.1870,0.1542,0.1730,0.1542,0.1970,0.1985,0.1753,0.1642,0.1937,0.1970,0.1982,0.1980,0.1844,0.1987,0.1970,0.1490,0.1759,0.1861,0.1491,0.1286,0.1623,0.1668,0.1993,0.1763,0.1879,0.1286,0.1709,0.1911,0.1677,0.1626,0.1409,0.1980,0.1412,0.1557,0.1569,0.1581,0.1373,0.1646,IDLE,IDLE,IDLE,IDLE,IDLE,IDLE,IDLE,IDLE,IDLE,IDLE,IDLE,IDLE,IDLE,IDLE,IDLE,IDLE,IDLE,IDLE,IDLE,IDLE,IDLE,IDLE,IDLE,IDLE,IDLE,IDLE,IDLE,IDLE,IDLE,IDLE,IDLE,IDLE,IDLE,IDLE,IDLE,IDLE,IDLE,IDLE,IDLE,IDLE,IDLE,IDLE,IDLE,IDLE,IDLE,IDLE,IDLE,IDLE,IDLE,IDLE
712,2024-01-30 16:00:01,0.00,0.00,0,0.0000,0.0000,0.00,0.9998,0.9999,0.9997,0.9997,0.9998,0.9998,0.9998,0.9997,0.9998,0.9998,0.9999,0.9997,0.9998,0.9999,0.9998,0.9999,0.9998,0.9998,0.9998,0.9998,0.9998,0.9998,0.9999,0.9998,0.9998,0.9998,0.9998,0.9998,0.9998,0.9997,0.9998,0.9998,0.9998,0.9998,0.9998,0.9997,0.9996,0.9998,0.9998,0.9998,0.9998,0.9998,0.9998,0.9998,0.9997,0.9997,0.9998,0.9999,0.9998,0.9999,0.1622,0.1872,0.1898,0.1763,0.1969,0.1614,0.1677,0.1781,0.1623,0.1490,0.1997,0.1315,0.1870,0.1542,0.1730,0.1542,0.1970,0.1985,0.1753,0.1642,0.1937,0.1970,0.1982,0.1980,0.1844,0.1987,0.1970,0.1490,0.1759,0.1861,0.1491,0.1286,0.1623,0.1668,0.1993,0.1763,0.1879,0.1286,0.1709,0.1911,0.1677,0.1626,0.1409,0.1980,0.1412,0.1557,0.1569,0.1581,0.1373,0.1646,IDLE,IDLE,IDLE,IDLE,IDLE,IDLE,IDLE,IDLE,IDLE,IDLE,IDLE,IDLE,IDLE,IDLE,IDLE,IDLE,IDLE,IDLE,IDLE,IDLE,IDLE,IDLE,IDLE,IDLE,IDLE,IDLE,IDLE,IDLE,IDLE,IDLE,IDLE,IDLE,IDLE,IDLE,IDLE,IDLE,IDLE,IDLE,IDLE,IDLE,IDLE,IDLE,IDLE,IDLE,IDLE,IDLE,IDLE,IDLE,IDLE,IDLE
713,2024-01-30 17:00:01,0.00,0.00,0,0.0000,0.0000,0.00,0.9998,0.9999,0.9997,0.9997,0.9998,0.9998,0.9998,0.9997,0.9998,0.9998,0.9999,0.9997,0.9998,0.9999,0.9998,0.9999,0.9998,0.9998,0.9998,0.9998,0.9998,0.9998,0.9999,0.9998,0.9998,0.9998,0.9998,0.9998,0.9998,0.9997,0.9998,0.9998,0.9998,0.9998,0.9998,0.9997,0.9996,0.9998,0.9998,0.9998,0.9998,0.9998,0.9998,0.9998,0.9997,0.9997,0.9998,0.9999,0.9998,0.9999,0.1622,0.1872,0.1898,0.1763,0.1969,0.1614,0.1677,0.1781,0.1623,0.1490,0.1997,0.1315,0.1870,0.1542,0.1730,0.1542,0.1970,0.1985,0.1753,0.1642,0.1937,0.1970,0.1982,0.1980,0.1844,0.1987,0.1970,0.1490,0.1759,0.1861,0.1491,0.1286,0.1623,0.1668,0.1993,0.1763,0.1879,0.1286,0.1709,0.1911,0.1677,0.1626,0.1409,0.1980,0.1412,0.1557,0.1569,0.1581,0.1373,0.1646,IDLE,IDLE,IDLE,IDLE,IDLE,IDLE,IDLE,IDLE,IDLE,IDLE,IDLE,IDLE,IDLE,IDLE,IDLE,IDLE,IDLE,IDLE,IDLE,IDLE,IDLE,IDLE,IDLE,IDLE,IDLE,IDLE,IDLE,IDLE,IDLE,IDLE,IDLE,IDLE,IDLE,IDLE,IDLE,IDLE,IDLE,IDLE,IDLE,IDLE,IDLE,IDLE,IDLE,IDLE,IDLE,IDLE,IDLE,IDLE,IDLE,IDLE
714,2024-01-30 18:00:01,0.00,0.00,0,0.0000,0.0000,0.00,0.9998,0.9999,0.9997,0.9997,0.9998,0.9998,0.9998,0.9997,0.9998,0.9998,0.9999,0.9997,0.9998,0.9999,0.9998,0.9999,0.9998,0.9998,0.9998,0.9998,0.9998,0.9998,0.9999,0.9998,0.9998,0.9998,0.9998,0.9998,0.9998,0.9997,0.9998,0.9998,0.9998,0.9998,0.9998,0.9997,0.9996,0.9998,0.9998,0.9998,0.9998,0.9998,0.9998,0.9998,0.9997,0.9997,0.9998,0.9999,0.9998,0.9999,0.1622,0.1872,0.1898,0.1763,0.1969,0.1614,0.1677,0.1781,0.1623,0.1490,0.1997,0.1315,0.1870,0.1542,0.1730,0.1542,0.1970,0.1985,0.1753,0.1642,0.1937,0.1970,0.1982,0.1980,0.1844,0.1987,0.1970,0.1490,0.1759,0.1861,0.1491,0.1286,0.1623,0.1668,0.1993,0.1763,0.1879,0.1286,0.1709,0.1911,0.1677,0.1626,0.1409,0.1980,0.1412,0.1557,0.1569,0.1581,0.1373,0.1646,IDLE,IDLE,IDLE,IDLE,IDLE,IDLE,IDLE,IDLE,IDLE,IDLE,IDLE,IDLE,IDLE,IDLE,IDLE,IDLE,IDLE,IDLE,IDLE,IDLE,IDLE,IDLE,IDLE,IDLE,IDLE,IDLE,IDLE,IDLE,IDLE,IDLE,IDLE,IDLE,IDLE,IDLE,IDLE,IDLE,IDLE,IDLE,IDLE,IDLE,IDLE,IDLE,IDLE,IDLE,IDLE,IDLE,IDLE,IDLE,IDLE,IDLE
715,2024-01-30 19:00:01,0.00,0.00,0,0.0000,0.0000,0.00,0.9998,0.9999,0.9997,0.9997,0.9998,0.9998,0.9998,0.9997,0.9998,0.9998,0.9999,0.9997,0.9998,0.9999,0.9998,0.9999,0.9998,0.9998,0.9998,0.9998,0.9998,0.9998,0.9999,0.9998,0.9998,0.9998,0.9998,0.9998,0.9998,0.9997,0.9998,0.9998,0.9998,0.9998,0.9998,0.9997,0.9996,0.9998,0.9998,0.9998,0.9998,0.9998,0.9998,0.9998,0.9997,0.9997,0.9998,0.9999,0.9998,0.9999,0.1622,0.1872,0.1898,0.1763,0.1969,0.1614,0.1677,0.1781,0.1623,0.1490,0.1997,0.1315,0.1870,0.1542,0.1730,0.1542,0.1970,0.1985,0.1753,0.1642,0.1937,0.1970,0.1982,0.1980,0.1844,0.1987,0.1970,0.1490,0.1759,0.1861,0.1491,0.1286,0.1623,0.1668,0.1993,0.1763,0.1879,0.1286,0.1709,0.1911,0.1677,0.1626,0.1409,0.1980,0.1412,0.1557,0.1569,0.1581,0.1373,0.1646,IDLE,IDLE,IDLE,IDLE,IDLE,IDLE,IDLE,IDLE,IDLE,IDLE,IDLE,IDLE,IDLE,IDLE,IDLE,IDLE,IDLE,IDLE,IDLE,IDLE,IDLE,IDLE,IDLE,IDLE,IDLE,IDLE,IDLE,IDLE,IDLE,IDLE,IDLE,IDLE,IDLE,IDLE,IDLE,IDLE,IDLE,IDLE,IDLE,IDLE,IDLE,IDLE,IDLE,IDLE,IDLE,IDLE,IDLE,IDLE,IDLE,IDLE
716,2024-01-30 20:00:01,0.00,0.00,0,0.0000,0.0000,0.00,0.9998,0.9999,0.9997,0.9997,0.9998,0.9998,0.9998,0.9997,0.9998,0.9998,0.9999,0.9997,0.9998,0.9999,0.9998,0.9999,0.9998,0.9998,0.9998,0.9998,0.9998,0.9998,0.9999,0.9998,0.9998,0.9998,0.9998,0.9998,0.9998,0.9997,0.9998,0.9998,0.9998,0.9998,0.9998,0.9997,0.9996,0.9998,0.9998,0.9998,0.9998,0.9998,0.9998,0.9998,0.9997,0.9997,0.9998,0.9999,0.9998,0.9999,0.1622,0.1872,0.1898,0.1763,0.1969,0.1614,0.1677,0.1781,0.1623,0.1490,0.1997,0.1315,0.1870,0.1542,0.1730,0.1542,0.1970,0.1985,0.1753,0.1642,0.1937,0.1970,0.1982,0.1980,0.1844,0.1987,0.1970,0.1490,0.1759,0.1861,0.1491,0.1286,0.1623,0.1668,0.1993,0.1763,0.1879,0.1286,0.1709,0.1911,0.1677,0.1626,0.1409,0.1980,0.1412,0.1557,0.1569,0.1581,0.1373,0.1646,IDLE,IDLE,IDLE,IDLE,IDLE,IDLE,IDLE,IDLE,IDLE,IDLE,IDLE,IDLE,IDLE,IDLE,IDLE,IDLE,IDLE,IDLE,IDLE,IDLE,IDLE,IDLE,IDLE,IDLE,IDLE,IDLE,IDLE,IDLE,IDLE,IDLE,IDLE,IDLE,IDLE,IDLE,IDLE,IDLE,IDLE,IDLE,IDLE,IDLE,IDLE,IDLE,IDLE,IDLE,IDLE,IDLE,IDLE,IDLE,IDLE,IDLE
717,2024-01-30 21:00:01,0.00,0.00,0,0.0000,0.0000,0.00,0.9998,0.9999,0.9997,0.9997,0.9998,0.9998,0.9998,0.9997,0.9998,0.9998,0.9999,0.9997,0.9998,0.9999,0.9998,0.9999,0.9998,0.9998,0.9998,0.9998,0.9998,0.9998,0.9999,0.9998,0.9998,0.9998,0.9998,0.9998,0.9998,0.9997,0.9998,0.9998,0.9998,0.9998,0.9998,0.9997,0.9996,0.9998,0.9998,0.9998,0.9998,0.9998,0.9998,0.9998,0.9997,0.9997,0.9998,0.9999,0.9998,0.9999,0.1622,0.1872,0.1898,0.1763,0.1969,0.1614,0.1677,0.1781,0.1623,0.1490,0.1997,0.1315,0.1870,0.1542,0.1730,0.1542,0.1970,0.1985,0.1753,0.1642,0.1937,0.1970,0.1982,0.1980,0.1844,0.1987,0.1970,0.1490,0.1759,0.1861,0.1491,0.1286,0.1623,0.1668,0.1993,0.1763,0.1879,0.1286,0.1709,0.1911,0.1677,0.1626,0.1409,0.1980,0.1412,0.1557,0.1569,0.1581,0.1373,0.1646,IDLE,IDLE,IDLE,IDLE,IDLE,IDLE,IDLE,IDLE,IDLE,IDLE,IDLE,IDLE,IDLE,IDLE,IDLE,IDLE,IDLE,IDLE,IDLE,IDLE,IDLE,IDLE,IDLE,IDLE,IDLE,IDLE,IDLE,IDLE,IDLE,IDLE,IDLE,IDLE,IDLE,IDLE,IDLE,IDLE,IDLE,IDLE,IDLE,IDLE,IDLE,IDLE,IDLE,IDLE,IDLE,IDLE,IDLE,IDLE,IDLE,IDLE
718,2024-01-30 22:00:01,0.00,0.00,0,0.0000,0.0000,0.00,0.9998,0.9999,0.9997,0.9997,0.9998,0.9998,0.9998,0.9997,0.9998,0.9998,0.9999,0.9997,0.9998,0.9999,0.9998,0.9999,0.9998,0.9998,0.9998,0.9998,0.9998,0.9998,0.9999,0.9998,0.9998,0.9998,0.9998,0.9998,0.9998,0.9997,0.9998,0.9998,0.9998,0.9998,0.9998,0.9997,0.9996,0.9998,0.9998,0.9998,0.9998,0.9998,0.9998,0.9998,0.9997,0.9997,0.9998,0.9999,0.9998,0.9999,0.1622,0.1872,0.1898,0.1763,0.1969,0.1614,0.1677,0.1781,0.1623,0.1490,0.1997,0.1315,0.1870,0.1542,0.1730,0.1542,0.1970,0.1985,0.1753,0.1642,0.1937,0.1970,0.1982,0.1980,0.1844,0.1987,0.1970,0.1490,0.1759,0.1861,0.1491,0.1286,0.1623,0.1668,0.1993,0.1763,0.1879,0.1286,0.1709,0.1911,0.1677,0.1626,0.1409,0.1980,0.1412,0.1557,0.1569,0.1581,0.1373,0.1646,IDLE,IDLE,IDLE,IDLE,IDLE,IDLE,IDLE,IDLE,IDLE,IDLE,IDLE,IDLE,IDLE,IDLE,IDLE,IDLE,IDLE,IDLE,IDLE,IDLE,IDLE,IDLE,IDLE,IDLE,IDLE,IDLE,IDLE,IDLE,IDLE,IDLE,IDLE,IDLE,IDLE,IDLE,IDLE,IDLE,IDLE,IDLE,IDLE,IDLE,IDLE,IDLE,IDLE,IDLE,IDLE,IDLE,IDLE,IDLE,IDLE,IDLE
719,2024-01-30 23:00:01,0.00,0.00,0,0.0000,0.0000,0.00,0.9998,0.9999,0.9997,0.9997,0.9998,0.9998,0.9998,0.9997,0.9998,0.9998,0.9999,0.9997,0.9998,0.9999,0.9998,0.9999,0.9998,0.9998,0.9998,0.9998,0.9998,0.9998,0.9999,0.9998,0.9998,0.9998,0.9998,0.9998,0.9998,0.9997,0.9998,0.9998,0.9998,0.9998,0.9998,0.9997,0.9996,0.9998,0.9998,0.9998,0.9998,0.9998,0.9998,0.9998,0.9997,0.9997,0.9998,0.9999,0.9998,0.9999,0.1622,0.1872,0.1898,0.1763,0.1969,0.1614,0.1677,0.1781,0.1623,0.1490,0.1997,0.1315,0.1870,0.1542,0.1730,0.1542,0.1970,0.1985,0.1753,0.1642,0.1937,0.1970,0.1982,0.1980,0.1844,0.1987,0.1970,0.1490,0.1759,0.1861,0.1491,0.1286,0.1623,0.1668,0.1993,0.1763,0.1879,0.1286,0.1709,0.1911,0.1677,0.1626,0.1409,0.1980,0.1412,0.1557,0.1569,0.1581,0.1373,0.1646,IDLE,IDLE,IDLE,IDLE,IDLE,IDLE,IDLE,IDLE,IDLE,IDLE,IDLE,IDLE,IDLE,IDLE,IDLE,IDLE,IDLE,IDLE,IDLE,IDLE,IDLE,IDLE,IDLE,IDLE,IDLE,IDLE,IDLE,IDLE,IDLE,IDLE,IDLE,IDLE,IDLE,IDLE,IDLE,IDLE,IDLE,IDLE,IDLE,IDLE,IDLE,IDLE,IDLE,IDLE,IDLE,IDLE,IDLE,IDLE,IDLE,IDLE
720,2024-01-31 00:00:01,0.00,0.00,0,0.0000,0.0000,0.00,0.9998,0.9999,0.9997,0.9997,0.9998,0.9998,0.9998,0.9997,0.9998,0.9998,0.9999,0.9997,0.9998,0.9999,0.9998,0.9999,0.9998,0.9998,0.9998,0.9998,0.9998,0.9998,0.9999,0.9998,0.9998,0.9998,0.9998,0.9998,0.9998,0.9997,0.9998,0.9998,0.9998,0.9998,0.9998,0.9997,0.9996,0.9998,0.9998,0.9998,0.9998,0.9998,0.9998,0.9998,0.9997,0.9997,0.9998,0.9999,0.9998,0.9999,0.1622,0.1872,0.1898,0.1763,0.1969,0.1614,0.1677,0.1781,0.1623,0.1490,0.1997,0.1315,0.1870,0.1542,0.1730,0.1542,0.1970,0.1985,0.1753,0.1642,0.1937,0.1970,0.1982,0.1980,0.1844,0.1987,0.1970,0.1490,0.1759,0.1861,0.1491,0.1286,0.1623,0.1668,0.1993,0.1763,0.1879,0.1286,0.1709,0.1911,0.1677,0.1626,0.1409,0.1980,0.1412,0.1557,0.1569,0.1581,0.1373,0.1646,IDLE,IDLE,IDLE,IDLE,IDLE,IDLE,IDLE,IDLE,IDLE,IDLE,IDLE,IDLE,IDLE,IDLE,IDLE,IDLE,IDLE,IDLE,IDLE,IDLE,IDLE,IDLE,IDLE,IDLE,IDLE,IDLE,IDLE,IDLE,IDLE,IDLE,IDLE,IDLE,IDLE,IDLE,IDLE,IDLE,IDLE,IDLE,IDLE,IDLE,IDLE,IDLE,IDLE,IDLE,IDLE,IDLE,IDLE,IDLE,IDLE,IDLE
721,2024-01-31 01:00:01,0.00,0.00,0,0.0000,0.0000,0.00,0.9998,0.9999,0.9997,0.9997,0.9998,0.9998,0.9998,0.9997,0.9998,0.9998,0.9999,0.9997,0.9998,0.9999,0.9998,0.9999,0.9998,0.9998,0.9998,0.9998,0.9998,0.9998,0.9999,0.9998,0.9998,0.9998,0.9998,0.9998,0.9998,0.9997,0.9998,0.9998,0.9998,0.9998,0.9998,0.9997,0.9996,0.9998,0.9998,0.9998,0.9998,0.9998,0.9998,0.9998,0.9997,0.9997,0.9998,0.9999,0.9998,0.9999,0.1622,0.1872,0.1898,0.1763,0.1969,0.1614,0.1677,0.1781,0.1623,0.1490,0.1997,0.1315,0.1870,0.1542,0.1730,0.1542,0.1970,0.1985,0.1753,0.1642,0.1937,0.1970,0.1982,0.1980,0.1844,0.1987,0.1970,0.1490,0.1759,0.1861,0.1491,0.1286,0.1623,0.1668,0.1993,0.1763,0.1879,0.1286,0.1709,0.1911,0.1677,0.1626,0.1409,0.1980,0.1412,0.1557,0.1569,0.1581,0.1373,0.1646,IDLE,IDLE,IDLE,IDLE,IDLE,IDLE,IDLE,IDLE,IDLE,IDLE,IDLE,IDLE,IDLE,IDLE,IDLE,IDLE,IDLE,IDLE,IDLE,IDLE,IDLE,IDLE,IDLE,IDLE,IDLE,IDLE,IDLE,IDLE,IDLE,IDLE,IDLE,IDLE,IDLE,IDLE,IDLE,IDLE,IDLE,IDLE,IDLE,IDLE,IDLE,IDLE,IDLE,IDLE,IDLE,IDLE,IDLE,IDLE,IDLE,IDLE
722,2024-01-31 02:00:01,0.00,0.00,0,0.0000,0.0000,0.00,0.9998,0.9999,0.9997,0.9997,0.9998,0.9998,0.9998,0.9997,0.9998,0.9998,0.9999,0.9997,0.9998,0.9999,0.9998,0.9999,0.9998,0.9998,0.9998,0.9998,0.9998,0.9998,0.9999,0.9998,0.9998,0.9998,0.9998,0.9998,0.9998,0.9997,0.9998,0.9998,0.9998,0.9998,0.9998,0.9997,0.9996,0.9998,0.9998,0.9998,0.9998,0.9998,0.9998,0.9998,0.9997,0.9997,0.9998,0.9999,0.9998,0.9999,0.1622,0.1872,0.1898,0.1763,0.1969,0.1614,0.1677,0.1781,0.1623,0.1490,0.1997,0.1315,0.1870,0.1542,0.1730,0.1542,0.1970,0.1985,0.1753,0.1642,0.1937,0.1970,0.1982,0.1980,0.1844,0.1987,0.1970,0.1490,0.1759,0.1861,0.1491,0.1286,0.1623,0.1668,0.1993,0.1763,0.1879,0.1286,0.1709,0.1911,0.1677,0.1626,0.1409,0.1980,0.1412,0.1557,0.1569,0.1581,0.1373,0.1646,IDLE,IDLE,IDLE,IDLE,IDLE,IDLE,IDLE,IDLE,IDLE,IDLE,IDLE,IDLE,IDLE,IDLE,IDLE,IDLE,IDLE,IDLE,IDLE,IDLE,IDLE,IDLE,IDLE,IDLE,IDLE,IDLE,IDLE,IDLE,IDLE,IDLE,IDLE,IDLE,IDLE,IDLE,IDLE,IDLE,IDLE,IDLE,IDLE,IDLE,IDLE,IDLE,IDLE,IDLE,IDLE,IDLE,IDLE,IDLE,IDLE,IDLE
723,2024-01-31 03:00:01,0.00,0.00,0,0.0000,0.0000,0.00,0.9998,0.9999,0.9997,0.9997,0.9998,0.9998,0.9998,0.9997,0.9998,0.9998,0.9999,0.9997,0.9998,0.9999,0.9998,0.9999,0.9998,0.9998,0.9998,0.9998,0.9998,0.9998,0.9999,0.9998,0.9998,0.9998,0.9998,0.9998,0.9998,0.9997,0.9998,0.9998,0.9998,0.9998,0.9998,0.9997,0.9996,0.9998,0.9998,0.9998,0.9998,0.9998,0.9998,0.9998,0.9997,0.9997,0.9998,0.9999,0.9998,0.9999,0.1622,0.1872,0.1898,0.1763,0.1969,0.1614,0.1677,0.1781,0.1623,0.1490,0.1997,0.1315,0.1870,0.1542,0.1730,0.1542,0.1970,0.1985,0.1753,0.1642,0.1937,0.1970,0.1982,0.1980,0.1844,0.1987,0.1970,0.1490,0.1759,0.1861,0.1491,0.1286,0.1623,0.1668,0.1993,0.1763,0.1879,0.1286,0.1709,0.1911,0.1677,0.1626,0.1409,0.1980,0.1412,0.1557,0.1569,0.1581,0.1373,0.1646,IDLE,IDLE,IDLE,IDLE,IDLE,IDLE,IDLE,IDLE,IDLE,IDLE,IDLE,IDLE,IDLE,IDLE,IDLE,IDLE,IDLE,IDLE,IDLE,IDLE,IDLE,IDLE,IDLE,IDLE,IDLE,IDLE,IDLE,IDLE,IDLE,IDLE,IDLE,IDLE,IDLE,IDLE,IDLE,IDLE,IDLE,IDLE,IDLE,IDLE,IDLE,IDLE,IDLE,IDLE,IDLE,IDLE,IDLE,IDLE,IDLE,IDLE
724,2024-01-31 04:00:01,0.00,0.00,0,0.0000,0.0000,0.00,0.9998,0.9999,0.9997,0.9997,0.9998,0.9998,0.9998,0.9997,0.9998,0.9998,0.9999,0.9997,0.9998,0.9999,0.9998,0.9999,0.9998,0.9998,0.9998,0.9998,0.9998,0.9998,0.9999,0.9998,0.9998,0.9998,0.9998,0.9998,0.9998,0.9997,0.9998,0.9998,0.9998,0.9998,0.9998,0.9997,0.9996,0.9998,0.9998,0.9998,0.9998,0.9998,0.9998,0.9998,0.9997,0.9997,0.9998,0.9999,0.9998,0.9999,0.1622,0.1872,0.1898,0.1763,0.1969,0.1614,0.1677,0.1781,0.1623,0.1490,0.1997,0.1315,0.1870,0.1542,0.1730,0.1542,0.1970,0.1985,0.1753,0.1642,0.1937,0.1970,0.1982,0.1980,0.1844,0.1987,0.1970,0.1490,0.1759,0.1861,0.1491,0.1286,0.1623,0.1668,0.1993,0.1763,0.1879,0.1286,0.1709,0.1911,0.1677,0.1626,0.1409,0.1980,0.1412,0.1557,0.1569,0.1581,0.1373,0.1646,IDLE,IDLE,IDLE,IDLE,IDLE,IDLE,IDLE,IDLE,IDLE,IDLE,IDLE,IDLE,IDLE,IDLE,IDLE,IDLE,IDLE,IDLE,IDLE,IDLE,IDLE,IDLE,IDLE,IDLE,IDLE,IDLE,IDLE,IDLE,IDLE,IDLE,IDLE,IDLE,IDLE,IDLE,IDLE,IDLE,IDLE,IDLE,IDLE,IDLE,IDLE,IDLE,IDLE,IDLE,IDLE,IDLE,IDLE,IDLE,IDLE,IDLE
725,2024-01-31 05:00:01,0.00,0.00,0,0.0000,0.0000,0.00,0.9998,0.9999,0.9997,0.9997,0.9998,0.9998,0.9998,0.9997,0.9998,0.9998,0.9999,0.9997,0.9998,0.9999,0.9998,0.9999,0.9998,0.9998,0.9998,0.9998,0.9998,0.9998,0.9999,0.9998,0.9998,0.9998,0.9998,0.9998,0.9998,0.9997,0.9998,0.9998,0.9998,0.9998,0.9998,0.9997,0.9996,0.9998,0.9998,0.9998,0.9998,0.9998,0.9998,0.9998,0.9997,0.9997,0.9998,0.9999,0.9998,0.9999,0.1622,0.1872,0.1898,0.1763,0.1969,0.1614,0.1677,0.1781,0.1623,0.1490,0.1997,0.1315,0.1870,0.1542,0.1730,0.1542,0.1970,0.1985,0.1753,0.1642,0.1937,0.1970,0.1982,0.1980,0.1844,0.1987,0.1970,0.1490,0.1759,0.1861,0.1491,0.1286,0.1623,0.1668,0.1993,0.1763,0.1879,0.1286,0.1709,0.1911,0.1677,0.1626,0.1409,0.1980,0.1412,0.1557,0.1569,0.1581,0.1373,0.1646,IDLE,IDLE,IDLE,IDLE,IDLE,IDLE,IDLE,IDLE,IDLE,IDLE,IDLE,IDLE,IDLE,IDLE,IDLE,IDLE,IDLE,IDLE,IDLE,IDLE,IDLE,IDLE,IDLE,IDLE,IDLE,IDLE,IDLE,IDLE,IDLE,IDLE,IDLE,IDLE,IDLE,IDLE,IDLE,IDLE,IDLE,IDLE,IDLE,IDLE,IDLE,IDLE,IDLE,IDLE,IDLE,IDLE,IDLE,IDLE,IDLE,IDLE
726,2024-01-31 06:00:01,0.00,0.00,0,0.0000,0.0000,0.00,0.9998,0.9999,0.9997,0.9997,0.9998,0.9998,0.9998,0.9997,0.9998,0.9998,0.9999,0.9997,0.9998,0.9999,0.9998,0.9999,0.9998,0.9998,0.9998,0.9998,0.9998,0.9998,0.9999,0.9998,0.9998,0.9998,0.9998,0.9998,0.9998,0.9997,0.9998,0.9998,0.9998,0.9998,0.9998,0.9997,0.9996,0.9998,0.9998,0.9998,0.9998,0.9998,0.9998,0.9998,0.9997,0.9997,0.9998,0.9999,0.9998,0.9999,0.1622,0.1872,0.1898,0.1763,0.1969,0.1614,0.1677,0.1781,0.1623,0.1490,0.1997,0.1315,0.1870,0.1542,0.1730,0.1542,0.1970,0.1985,0.1753,0.1642,0.1937,0.1970,0.1982,0.1980,0.1844,0.1987,0.1970,0.1490,0.1759,0.1861,0.1491,0.1286,0.1623,0.1668,0.1993,0.1763,0.1879,0.1286,0.1709,0.1911,0.1677,0.1626,0.1409,0.1980,0.1412,0.1557,0.1569,0.1581,0.1373,0.1646,IDLE,IDLE,IDLE,IDLE,IDLE,IDLE,IDLE,IDLE,IDLE,IDLE,IDLE,IDLE,IDLE,IDLE,IDLE,IDLE,IDLE,IDLE,IDLE,IDLE,IDLE,IDLE,IDLE,IDLE,IDLE,IDLE,IDLE,IDLE,IDLE,IDLE,IDLE,IDLE,IDLE,IDLE,IDLE,IDLE,IDLE,IDLE,IDLE,IDLE,IDLE,IDLE,IDLE,IDLE,IDLE,IDLE,IDLE,IDLE,IDLE,IDLE
727,2024-01-31 07:00:01,0.00,0.00,0,0.0000,0.0000,0.00,0.9998,0.9999,0.9997,0.9997,0.9998,0.9998,0.9998,0.9997,0.9998,0.9998,0.9999,0.9997,0.9998,0.9999,0.9998,0.9999,0.9998,0.9998,0.9998,0.9998,0.9998,0.9998,0.9999,0.9998,0.9998,0.9998,0.9998,0.9998,0.9998,0.9997,0.9998,0.9998,0.9998,0.9998,0.9998,0.9997,0.9996,0.9998,0.9998,0.9998,0.9998,0.9998,0.9998,0.9998,0.9997,0.9997,0.9998,0.9999,0.9998,0.9999,0.1622,0.1872,0.1898,0.1763,0.1969,0.1614,0.1677,0.1781,0.1623,0.1490,0.1997,0.1315,0.1870,0.1542,0.1730,0.1542,0.1970,0.1985,0.1753,0.1642,0.1937,0.1970,0.1982,0.1980,0.1844,0.1987,0.1970,0.1490,0.1759,0.1861,0.1491,0.1286,0.1623,0.1668,0.1993,0.1763,0.1879,0.1286,0.1709,0.1911,0.1677,0.1626,0.1409,0.1980,0.1412,0.1557,0.1569,0.1581,0.1373,0.1646,IDLE,IDLE,IDLE,IDLE,IDLE,IDLE,IDLE,IDLE,IDLE,IDLE,IDLE,IDLE,IDLE,IDLE,IDLE,IDLE,IDLE,IDLE,IDLE,IDLE,IDLE,IDLE,IDLE,IDLE,IDLE,IDLE,IDLE,IDLE,IDLE,IDLE,IDLE,IDLE,IDLE,IDLE,IDLE,IDLE,IDLE,IDLE,IDLE,IDLE,IDLE,IDLE,IDLE,IDLE,IDLE,IDLE,IDLE,IDLE,IDLE,IDLE
728,2024-01-31 08:00:01,0.00,0.00,0,0.0000,0.0000,0.00,0.9998,0.9999,0.9997,0.9997,0.9998,0.9998,0.9998,0.9997,0.9998,0.9998,0.9999,0.9997,0.9998,0.9999,0.9998,0.9999,0.9998,0.9998,0.9998,0.9998,0.9998,0.9998,0.9999,0.9998,0.9998,0.9998,0.9998,0.9998,0.9998,0.9997,0.9998,0.9998,0.9998,0.9998,0.9998,0.9997,0.9996,0.9998,0.9998,0.9998,0.9998,0.9998,0.9998,0.9998,0.9997,0.9997,0.9998,0.9999,0.9998,0.9999,0.1622,0.1872,0.1898,0.1763,0.1969,0.1614,0.1677,0.1781,0.1623,0.1490,0.1997,0.1315,0.1870,0.1542,0.1730,0.1542,0.1970,0.1985,0.1753,0.1642,0.1937,0.1970,0.1982,0.1980,0.1844,0.1987,0.1970,0.1490,0.1759,0.1861,0.1491,0.1286,0.1623,0.1668,0.1993,0.1763,0.1879,0.1286,0.1709,0.1911,0.1677,0.1626,0.1409,0.1980,0.1412,0.1557,0.1569,0.1581,0.1373,0.1646,IDLE,IDLE,IDLE,IDLE,IDLE,IDLE,IDLE,IDLE,IDLE,IDLE,IDLE,IDLE,IDLE,IDLE,IDLE,IDLE,IDLE,IDLE,IDLE,IDLE,IDLE,IDLE,IDLE,IDLE,IDLE,IDLE,IDLE,IDLE,IDLE,IDLE,IDLE,IDLE,IDLE,IDLE,IDLE,IDLE,IDLE,IDLE,IDLE,IDLE,IDLE,IDLE,IDLE,IDLE,IDLE,IDLE,IDLE,IDLE,IDLE,IDLE
729,2024-01-31 09:00:01,0.00,0.00,0,0.0000,0.0000,0.00,0.9998,0.9999,0.9997,0.9997,0.9998,0.9998,0.9998,0.9997,0.9998,0.9998,0.9999,0.9997,0.9998,0.9999,0.9998,0.9999,0.9998,0.9998,0.9998,0.9998,0.9998,0.9998,0.9999,0.9998,0.9998,0.9998,0.9998,0.9998,0.9998,0.9997,0.9998,0.9998,0.9998,0.9998,0.9998,0.9997,0.9996,0.9998,0.9998,0.9998,0.9998,0.9998,0.9998,0.9998,0.9997,0.9997,0.9998,0.9999,0.9998,0.9999,0.1622,0.1872,0.1898,0.1763,0.1969,0.1614,0.1677,0.1781,0.1623,0.1490,0.1997,0.1315,0.1870,0.1542,0.1730,0.1542,0.1970,0.1985,0.1753,0.1642,0.1937,0.1970,0.1982,0.1980,0.1844,0.1987,0.1970,0.1490,0.1759,0.1861,0.1491,0.1286,0.1623,0.1668,0.1993,0.1763,0.1879,0.1286,0.1709,0.1911,0.1677,0.1626,0.1409,0.1980,0.1412,0.1557,0.1569,0.1581,0.1373,0.1646,IDLE,IDLE,IDLE,IDLE,IDLE,IDLE,IDLE,IDLE,IDLE,IDLE,IDLE,IDLE,IDLE,IDLE,IDLE,IDLE,IDLE,IDLE,IDLE,IDLE,IDLE,IDLE,IDLE,IDLE,IDLE,IDLE,IDLE,IDLE,IDLE,IDLE,IDLE,IDLE,IDLE,IDLE,IDLE,IDLE,IDLE,IDLE,IDLE,IDLE,IDLE,IDLE,IDLE,IDLE,IDLE,IDLE,IDLE,IDLE,IDLE,IDLE
730,2024-01-31 10:00:01,0.00,0.00,0,0.0000,0.0000,0.00,0.9998,0.9999,0.9997,0.9997,0.9998,0.9998,0.9998,0.9997,0.9998,0.9998,0.9999,0.9997,0.9998,0.9999,0.9998,0.9999,0.9998,0.9998,0.9998,0.9998,0.9998,0.9998,0.9999,0.9998,0.9998,0.9998,0.9998,0.9998,0.9998,0.9997,0.9998,0.9998,0.9998,0.9998,0.9998,0.9997,0.9996,0.9998,0.9998,0.9998,0.9998,0.9998,0.9998,0.9998,0.9997,0.9997,0.9998,0.9999,0.9998,0.9999,0.1622,0.1872,0.1898,0.1763,0.1969,0.1614,0.1677,0.1781,0.1623,0.1490,0.1997,0.1315,0.1870,0.1542,0.1730,0.1542,0.1970,0.1985,0.1753,0.1642,0.1937,0.1970,0.1982,0.1980,0.1844,0.1987,0.1970,0.1490,0.1759,0.1861,0.1491,0.1286,0.1623,0.1668,0.1993,0.1763,0.1879,0.1286,0.1709,0.1911,0.1677,0.1626,0.1409,0.1980,0.1412,0.1557,0.1569,0.1581,0.1373,0.1646,IDLE,IDLE,IDLE,IDLE,IDLE,IDLE,IDLE,IDLE,IDLE,IDLE,IDLE,IDLE,IDLE,IDLE,IDLE,IDLE,IDLE,IDLE,IDLE,IDLE,IDLE,IDLE,IDLE,IDLE,IDLE,IDLE,IDLE,IDLE,IDLE,IDLE,IDLE,IDLE,IDLE,IDLE,IDLE,IDLE,IDLE,IDLE,IDLE,IDLE,IDLE,IDLE,IDLE,IDLE,IDLE,IDLE,IDLE,IDLE,IDLE,IDLE
731,2024-01-31 11:00:01,0.00,0.00,0,0.0000,0.0000,0.00,0.9998,0.9999,0.9997,0.9997,0.9998,0.9998,0.9998,0.9997,0.9998,0.9998,0.9999,0.9997,0.9998,0.9999,0.9998,0.9999,0.9998,0.9998,0.9998,0.9998,0.9998,0.9998,0.9999,0.9998,0.9998,0.9998,0.9998,0.9998,0.9998,0.9997,0.9998,0.9998,0.9998,0.9998,0.9998,0.9997,0.9996,0.9998,0.9998,0.9998,0.9998,0.9998,0.9998,0.9998,0.9997,0.9997,0.9998,0.9999,0.9998,0.9999,0.1622,0.1872,0.1898,0.1763,0.1969,0.1614,0.1677,0.1781,0.1623,0.1490,0.1997,0.1315,0.1870,0.1542,0.1730,0.1542,0.1970,0.1985,0.1753,0.1642,0.1937,0.1970,0.1982,0.1980,0.1844,0.1987,0.1970,0.1490,0.1759,0.1861,0.1491,0.1286,0.1623,0.1668,0.1993,0.1763,0.1879,0.1286,0.1709,0.1911,0.1677,0.1626,0.1409,0.1980,0.1412,0.1557,0.1569,0.1581,0.1373,0.1646,IDLE,IDLE,IDLE,IDLE,IDLE,IDLE,IDLE,IDLE,IDLE,IDLE,IDLE,IDLE,IDLE,IDLE,IDLE,IDLE,IDLE,IDLE,IDLE,IDLE,IDLE,IDLE,IDLE,IDLE,IDLE,IDLE,IDLE,IDLE,IDLE,IDLE,IDLE,IDLE,IDLE,IDLE,IDLE,IDLE,IDLE,IDLE,IDLE,IDLE,IDLE,IDLE,IDLE,IDLE,IDLE,IDLE,IDLE,IDLE,IDLE,IDLE
732,2024-01-31 12:00:01,0.00,0.00,0,0.0000,0.0000,0.00,0.9998,0.9999,0.9997,0.9997,0.9998,0.9998,0.9998,0.9997,0.9998,0.9998,0.9999,0.9997,0.9998,0.9999,0.9998,0.9999,0.9998,0.9998,0.9998,0.9998,0.9998,0.9998,0.9999,0.9998,0.9998,0.9998,0.9998,0.9998,0.9998,0.9997,0.9998,0.9998,0.9998,0.9998,0.9998,0.9997,0.9996,0.9998,0.9998,0.9998,0.9998,0.9998,0.9998,0.9998,0.9997,0.9997,0.9998,0.9999,0.9998,0.9999,0.1622,0.1872,0.1898,0.1763,0.1969,0.1614,0.1677,0.1781,0.1623,0.1490,0.1997,0.1315,0.1870,0.1542,0.1730,0.1542,0.1970,0.1985,0.1753,0.1642,0.1937,0.1970,0.1982,0.1980,0.1844,0.1987,0.1970,0.1490,0.1759,0.1861,0.1491,0.1286,0.1623,0.1668,0.1993,0.1763,0.1879,0.1286,0.1709,0.1911,0.1677,0.1626,0.1409,0.1980,0.1412,0.1557,0.1569,0.1581,0.1373,0.1646,IDLE,IDLE,IDLE,IDLE,IDLE,IDLE,IDLE,IDLE,IDLE,IDLE,IDLE,IDLE,IDLE,IDLE,IDLE,IDLE,IDLE,IDLE,IDLE,IDLE,IDLE,IDLE,IDLE,IDLE,IDLE,IDLE,IDLE,IDLE,IDLE,IDLE,IDLE,IDLE,IDLE,IDLE,IDLE,IDLE,IDLE,IDLE,IDLE,IDLE,IDLE,IDLE,IDLE,IDLE,IDLE,IDLE,IDLE,IDLE,IDLE,IDLE
733,2024-01-31 13:00:01,0.00,0.00,0,0.0000,0.0000,0.00,0.9998,0.9999,0.9997,0.9997,0.9998,0.9998,0.9998,0.9997,0.9998,0.9998,0.9999,0.9997,0.9998,0.9999,0.9998,0.9999,0.9998,0.9998,0.9998,0.9998,0.9998,0.9998,0.9999,0.9998,0.9998,0.9998,0.9998,0.9998,0.9998,0.9997,0.9998,0.9998,0.9998,0.9998,0.9998,0.9997,0.9996,0.9998,0.9998,0.9998,0.9998,0.9998,0.9998,0.9998,0.9997,0.9997,0.9998,0.9999,0.9998,0.9999,0.1622,0.1872,0.1898,0.1763,0.1969,0.1614,0.1677,0.1781,0.1623,0.1490,0.1997,0.1315,0.1870,0.1542,0.1730,0.1542,0.1970,0.1985,0.1753,0.1642,0.1937,0.1970,0.1982,0.1980,0.1844,0.1987,0.1970,0.1490,0.1759,0.1861,0.1491,0.1286,0.1623,0.1668,0.1993,0.1763,0.1879,0.1286,0.1709,0.1911,0.1677,0.1626,0.1409,0.1980,0.1412,0.1557,0.1569,0.1581,0.1373,0.1646,IDLE,IDLE,IDLE,IDLE,IDLE,IDLE,IDLE,IDLE,IDLE,IDLE,IDLE,IDLE,IDLE,IDLE,IDLE,IDLE,IDLE,IDLE,IDLE,IDLE,IDLE,IDLE,IDLE,IDLE,IDLE,IDLE,IDLE,IDLE,IDLE,IDLE,IDLE,IDLE,IDLE,IDLE,IDLE,IDLE,IDLE,IDLE,IDLE,IDLE,IDLE,IDLE,IDLE,IDLE,IDLE,IDLE,IDLE,IDLE,IDLE,IDLE
734,2024-01-31 14:00:01,0.00,0.00,0,0.0000,0.0000,0.00,0.9998,0.9999,0.9997,0.9997,0.9998,0.9998,0.9998,0.9997,0.9998,0.9998,0.9999,0.9997,0.9998,0.9999,0.9998,0.9999,0.9998,0.9998,0.9998,0.9998,0.9998,0.9998,0.9999,0.9998,0.9998,0.9998,0.9998,0.9998,0.9998,0.9997,0.9998,0.9998,0.9998,0.9998,0.9998,0.9997,0.9996,0.9998,0.9998,0.9998,0.9998,0.9998,0.9998,0.9998,0.9997,0.9997,0.9998,0.9999,0.9998,0.9999,0.1622,0.1872,0.1898,0.1763,0.1969,0.1614,0.1677,0.1781,0.1623,0.1490,0.1997,0.1315,0.1870,0.1542,0.1730,0.1542,0.1970,0.1985,0.1753,0.1642,0.1937,0.1970,0.1982,0.1980,0.1844,0.1987,0.1970,0.1490,0.1759,0.1861,0.1491,0.1286,0.1623,0.1668,0.1993,0.1763,0.1879,0.1286,0.1709,0.1911,0.1677,0.1626,0.1409,0.1980,0.1412,0.1557,0.1569,0.1581,0.1373,0.1646,IDLE,IDLE,IDLE,IDLE,IDLE,IDLE,IDLE,IDLE,IDLE,IDLE,IDLE,IDLE,IDLE,IDLE,IDLE,IDLE,IDLE,IDLE,IDLE,IDLE,IDLE,IDLE,IDLE,IDLE,IDLE,IDLE,IDLE,IDLE,IDLE,IDLE,IDLE,IDLE,IDLE,IDLE,IDLE,IDLE,IDLE,IDLE,IDLE,IDLE,IDLE,IDLE,IDLE,IDLE,IDLE,IDLE,IDLE,IDLE,IDLE,IDLE
735,2024-01-31 15:00:01,0.00,0.00,0,0.0000,0.0000,0.00,0.9998,0.9999,0.9997,0.9997,0.9998,0.9998,0.9998,0.9997,0.9998,0.9998,0.9999,0.9997,0.9998,0.9999,0.9998,0.9999,0.9998,0.9998,0.9998,0.9998,0.9998,0.9998,0.9999,0.9998,0.9998,0.9998,0.9998,0.9998,0.9998,0.9997,0.9998,0.9998,0.9998,0.9998,0.9998,0.9997,0.9996,0.9998,0.9998,0.9998,0.9998,0.9998,0.9998,0.9998,0.9997,0.9997,0.9998,0.9999,0.9998,0.9999,0.1622,0.1872,0.1898,0.1763,0.1969,0.1614,0.1677,0.1781,0.1623,0.1490,0.1997,0.1315,0.1870,0.1542,0.1730,0.1542,0.1970,0.1985,0.1753,0.1642,0.1937,0.1970,0.1982,0.1980,0.1844,0.1987,0.1970,0.1490,0.1759,0.1861,0.1491,0.1286,0.1623,0.1668,0.1993,0.1763,0.1879,0.1286,0.1709,0.1911,0.1677,0.1626,0.1409,0.1980,0.1412,0.1557,0.1569,0.1581,0.1373,0.1646,IDLE,IDLE,IDLE,IDLE,IDLE,IDLE,IDLE,IDLE,IDLE,IDLE,IDLE,IDLE,IDLE,IDLE,IDLE,IDLE,IDLE,IDLE,IDLE,IDLE,IDLE,IDLE,IDLE,IDLE,IDLE,IDLE,IDLE,IDLE,IDLE,IDLE,IDLE,IDLE,IDLE,IDLE,IDLE,IDLE,IDLE,IDLE,IDLE,IDLE,IDLE,IDLE,IDLE,IDLE,IDLE,IDLE,IDLE,IDLE,IDLE,IDLE
736,2024-01-31 16:00:01,0.00,0.00,0,0.0000,0.0000,0.00,0.9998,0.9999,0.9997,0.9997,0.9998,0.9998,0.9998,0.9997,0.9998,0.9998,0.9999,0.9997,0.9998,0.9999,0.9998,0.9999,0.9998,0.9998,0.9998,0.9998,0.9998,0.9998,0.9999,0.9998,0.9998,0.9998,0.9998,0.9998,0.9998,0.9997,0.9998,0.9998,0.9998,0.9998,0.9998,0.9997,0.9996,0.9998,0.9998,0.9998,0.9998,0.9998,0.9998,0.9998,0.9997,0.9997,0.9998,0.9999,0.9998,0.9999,0.1622,0.1872,0.1898,0.1763,0.1969,0.1614,0.1677,0.1781,0.1623,0.1490,0.1997,0.1315,0.1870,0.1542,0.1730,0.1542,0.1970,0.1985,0.1753,0.1642,0.1937,0.1970,0.1982,0.1980,0.1844,0.1987,0.1970,0.1490,0.1759,0.1861,0.1491,0.1286,0.1623,0.1668,0.1993,0.1763,0.1879,0.1286,0.1709,0.1911,0.1677,0.1626,0.1409,0.1980,0.1412,0.1557,0.1569,0.1581,0.1373,0.1646,IDLE,IDLE,IDLE,IDLE,IDLE,IDLE,IDLE,IDLE,IDLE,IDLE,IDLE,IDLE,IDLE,IDLE,IDLE,IDLE,IDLE,IDLE,IDLE,IDLE,IDLE,IDLE,IDLE,IDLE,IDLE,IDLE,IDLE,IDLE,IDLE,IDLE,IDLE,IDLE,IDLE,IDLE,IDLE,IDLE,IDLE,IDLE,IDLE,IDLE,IDLE,IDLE,IDLE,IDLE,IDLE,IDLE,IDLE,IDLE,IDLE,IDLE
737,2024-01-31 17:00:01,0.00,0.00,0,0.0000,0.0000,0.00,0.9998,0.9999,0.9997,0.9997,0.9998,0.9998,0.9998,0.9997,0.9998,0.9998,0.9999,0.9997,0.9998,0.9999,0.9998,0.9999,0.9998,0.9998,0.9998,0.9998,0.9998,0.9998,0.9999,0.9998,0.9998,0.9998,0.9998,0.9998,0.9998,0.9997,0.9998,0.9998,0.9998,0.9998,0.9998,0.9997,0.9996,0.9998,0.9998,0.9998,0.9998,0.9998,0.9998,0.9998,0.9997,0.9997,0.9998,0.9999,0.9998,0.9999,0.1622,0.1872,0.1898,0.1763,0.1969,0.1614,0.1677,0.1781,0.1623,0.1490,0.1997,0.1315,0.1870,0.1542,0.1730,0.1542,0.1970,0.1985,0.1753,0.1642,0.1937,0.1970,0.1982,0.1980,0.1844,0.1987,0.1970,0.1490,0.1759,0.1861,0.1491,0.1286,0.1623,0.1668,0.1993,0.1763,0.1879,0.1286,0.1709,0.1911,0.1677,0.1626,0.1409,0.1980,0.1412,0.1557,0.1569,0.1581,0.1373,0.1646,IDLE,IDLE,IDLE,IDLE,IDLE,IDLE,IDLE,IDLE,IDLE,IDLE,IDLE,IDLE,IDLE,IDLE,IDLE,IDLE,IDLE,IDLE,IDLE,IDLE,IDLE,IDLE,IDLE,IDLE,IDLE,IDLE,IDLE,IDLE,IDLE,IDLE,IDLE,IDLE,IDLE,IDLE,IDLE,IDLE,IDLE,IDLE,IDLE,IDLE,IDLE,IDLE,IDLE,IDLE,IDLE,IDLE,IDLE,IDLE,IDLE,IDLE
738,2024-01-31 18:00:01,0.00,0.00,0,0.0000,0.0000,0.00,0.9998,0.9999,0.9997,0.9997,0.9998,0.9998,0.9998,0.9997,0.9998,0.9998,0.9999,0.9997,0.9998,0.9999,0.9998,0.9999,0.9998,0.9998,0.9998,0.9998,0.9998,0.9998,0.9999,0.9998,0.9998,0.9998,0.9998,0.9998,0.9998,0.9997,0.9998,0.9998,0.9998,0.9998,0.9998,0.9997,0.9996,0.9998,0.9998,0.9998,0.9998,0.9998,0.9998,0.9998,0.9997,0.9997,0.9998,0.9999,0.9998,0.9999,0.1622,0.1872,0.1898,0.1763,0.1969,0.1614,0.1677,0.1781,0.1623,0.1490,0.1997,0.1315,0.1870,0.1542,0.1730,0.1542,0.1970,0.1985,0.1753,0.1642,0.1937,0.1970,0.1982,0.1980,0.1844,0.1987,0.1970,0.1490,0.1759,0.1861,0.1491,0.1286,0.1623,0.1668,0.1993,0.1763,0.1879,0.1286,0.1709,0.1911,0.1677,0.1626,0.1409,0.1980,0.1412,0.1557,0.1569,0.1581,0.1373,0.1646,IDLE,IDLE,IDLE,IDLE,IDLE,IDLE,IDLE,IDLE,IDLE,IDLE,IDLE,IDLE,IDLE,IDLE,IDLE,IDLE,IDLE,IDLE,IDLE,IDLE,IDLE,IDLE,IDLE,IDLE,IDLE,IDLE,IDLE,IDLE,IDLE,IDLE,IDLE,IDLE,IDLE,IDLE,IDLE,IDLE,IDLE,IDLE,IDLE,IDLE,IDLE,IDLE,IDLE,IDLE,IDLE,IDLE,IDLE,IDLE,IDLE,IDLE
739,2024-01-31 19:00:01,0.00,0.00,0,0.0000,0.0000,0.00,0.9998,0.9999,0.9997,0.9997,0.9998,0.9998,0.9998,0.9997,0.9998,0.9998,0.9999,0.9997,0.9998,0.9999,0.9998,0.9999,0.9998,0.9998,0.9998,0.9998,0.9998,0.9998,0.9999,0.9998,0.9998,0.9998,0.9998,0.9998,0.9998,0.9997,0.9998,0.9998,0.9998,0.9998,0.9998,0.9997,0.9996,0.9998,0.9998,0.9998,0.9998,0.9998,0.9998,0.9998,0.9997,0.9997,0.9998,0.9999,0.9998,0.9999,0.1622,0.1872,0.1898,0.1763,0.1969,0.1614,0.1677,0.1781,0.1623,0.1490,0.1997,0.1315,0.1870,0.1542,0.1730,0.1542,0.1970,0.1985,0.1753,0.1642,0.1937,0.1970,0.1982,0.1980,0.1844,0.1987,0.1970,0.1490,0.1759,0.1861,0.1491,0.1286,0.1623,0.1668,0.1993,0.1763,0.1879,0.1286,0.1709,0.1911,0.1677,0.1626,0.1409,0.1980,0.1412,0.1557,0.1569,0.1581,0.1373,0.1646,IDLE,IDLE,IDLE,IDLE,IDLE,IDLE,IDLE,IDLE,IDLE,IDLE,IDLE,IDLE,IDLE,IDLE,IDLE,IDLE,IDLE,IDLE,IDLE,IDLE,IDLE,IDLE,IDLE,IDLE,IDLE,IDLE,IDLE,IDLE,IDLE,IDLE,IDLE,IDLE,IDLE,IDLE,IDLE,IDLE,IDLE,IDLE,IDLE,IDLE,IDLE,IDLE,IDLE,IDLE,IDLE,IDLE,IDLE,IDLE,IDLE,IDLE
740,2024-01-31 20:00:01,0.00,0.00,0,0.0000,0.0000,0.00,0.9998,0.9999,0.9997,0.9997,0.9998,0.9998,0.9998,0.9997,0.9998,0.9998,0.9999,0.9997,0.9998,0.9999,0.9998,0.9999,0.9998,0.9998,0.9998,0.9998,0.9998,0.9998,0.9999,0.9998,0.9998,0.9998,0.9998,0.9998,0.9998,0.9997,0.9998,0.9998,0.9998,0.9998,0.9998,0.9997,0.9996,0.9998,0.9998,0.9998,0.9998,0.9998,0.9998,0.9998,0.9997,0.9997,0.9998,0.9999,0.9998,0.9999,0.1622,0.1872,0.1898,0.1763,0.1969,0.1614,0.1677,0.1781,0.1623,0.1490,0.1997,0.1315,0.1870,0.1542,0.1730,0.1542,0.1970,0.1985,0.1753,0.1642,0.1937,0.1970,0.1982,0.1980,0.1844,0.1987,0.1970,0.1490,0.1759,0.1861,0.1491,0.1286,0.1623,0.1668,0.1993,0.1763,0.1879,0.1286,0.1709,0.1911,0.1677,0.1626,0.1409,0.1980,0.1412,0.1557,0.1569,0.1581,0.1373,0.1646,IDLE,IDLE,IDLE,IDLE,IDLE,IDLE,IDLE,IDLE,IDLE,IDLE,IDLE,IDLE,IDLE,IDLE,IDLE,IDLE,IDLE,IDLE,IDLE,IDLE,IDLE,IDLE,IDLE,IDLE,IDLE,IDLE,IDLE,IDLE,IDLE,IDLE,IDLE,IDLE,IDLE,IDLE,IDLE,IDLE,IDLE,IDLE,IDLE,IDLE,IDLE,IDLE,IDLE,IDLE,IDLE,IDLE,IDLE,IDLE,IDLE,IDLE
741,2024-01-31 21:00:01,0.00,0.00,0,0.0000,0.0000,0.00,0.9998,0.9999,0.9997,0.9997,0.9998,0.9998,0.9998,0.9997,0.9998,0.9998,0.9999,0.9997,0.9998,0.9999,0.9998,0.9999,0.9998,0.9998,0.9998,0.9998,0.9998,0.9998,0.9999,0.9998,0.9998,0.9998,0.9998,0.9998,0.9998,0.9997,0.9998,0.9998,0.9998,0.9998,0.9998,0.9997,0.9996,0.9998,0.9998,0.9998,0.9998,0.9998,0.9998,0.9998,0.9997,0.9997,0.9998,0.9999,0.9998,0.9999,0.1622,0.1872,0.1898,0.1763,0.1969,0.1614,0.1677,0.1781,0.1623,0.1490,0.1997,0.1315,0.1870,0.1542,0.1730,0.1542,0.1970,0.1985,0.1753,0.1642,0.1937,0.1970,0.1982,0.1980,0.1844,0.1987,0.1970,0.1490,0.1759,0.1861,0.1491,0.1286,0.1623,0.1668,0.1993,0.1763,0.1879,0.1286,0.1709,0.1911,0.1677,0.1626,0.1409,0.1980,0.1412,0.1557,0.1569,0.1581,0.1373,0.1646,IDLE,IDLE,IDLE,IDLE,IDLE,IDLE,IDLE,IDLE,IDLE,IDLE,IDLE,IDLE,IDLE,IDLE,IDLE,IDLE,IDLE,IDLE,IDLE,IDLE,IDLE,IDLE,IDLE,IDLE,IDLE,IDLE,IDLE,IDLE,IDLE,IDLE,IDLE,IDLE,IDLE,IDLE,IDLE,IDLE,IDLE,IDLE,IDLE,IDLE,IDLE,IDLE,IDLE,IDLE,IDLE,IDLE,IDLE,IDLE,IDLE,IDLE
742,2024-01-31 22:00:01,0.00,0.00,0,0.0000,0.0000,0.00,0.9998,0.9999,0.9997,0.9997,0.9998,0.9998,0.9998,0.9997,0.9998,0.9998,0.9999,0.9997,0.9998,0.9999,0.9998,0.9999,0.9998,0.9998,0.9998,0.9998,0.9998,0.9998,0.9999,0.9998,0.9998,0.9998,0.9998,0.9998,0.9998,0.9997,0.9998,0.9998,0.9998,0.9998,0.9998,0.9997,0.9996,0.9998,0.9998,0.9998,0.9998,0.9998,0.9998,0.9998,0.9997,0.9997,0.9998,0.9999,0.9998,0.9999,0.1622,0.1872,0.1898,0.1763,0.1969,0.1614,0.1677,0.1781,0.1623,0.1490,0.1997,0.1315,0.1870,0.1542,0.1730,0.1542,0.1970,0.1985,0.1753,0.1642,0.1937,0.1970,0.1982,0.1980,0.1844,0.1987,0.1970,0.1490,0.1759,0.1861,0.1491,0.1286,0.1623,0.1668,0.1993,0.1763,0.1879,0.1286,0.1709,0.1911,0.1677,0.1626,0.1409,0.1980,0.1412,0.1557,0.1569,0.1581,0.1373,0.1646,IDLE,IDLE,IDLE,IDLE,IDLE,IDLE,IDLE,IDLE,IDLE,IDLE,IDLE,IDLE,IDLE,IDLE,IDLE,IDLE,IDLE,IDLE,IDLE,IDLE,IDLE,IDLE,IDLE,IDLE,IDLE,IDLE,IDLE,IDLE,IDLE,IDLE,IDLE,IDLE,IDLE,IDLE,IDLE,IDLE,IDLE,IDLE,IDLE,IDLE,IDLE,IDLE,IDLE,IDLE,IDLE,IDLE,IDLE,IDLE,IDLE,IDLE
743,2024-01-31 23:00:01,0.00,0.00,0,0.0000,0.0000,0.00,0.9998,0.9999,0.9997,0.9997,0.9998,0.9998,0.9998,0.9997,0.9998,0.9998,0.9999,0.9997,0.9998,0.9999,0.9998,0.9999,0.9998,0.9998,0.9998,0.9998,0.9998,0.9998,0.9999,0.9998,0.9998,0.9998,0.9998,0.9998,0.9998,0.9997,0.9998,0.9998,0.9998,0.9998,0.9998,0.9997,0.9996,0.9998,0.9998,0.9998,0.9998,0.9998,0.9998,0.9998,0.9997,0.9997,0.9998,0.9999,0.9998,0.9999,0.1622,0.1872,0.1898,0.1763,0.1969,0.1614,0.1677,0.1781,0.1623,0.1490,0.1997,0.1315,0.1870,0.1542,0.1730,0.1542,0.1970,0.1985,0.1753,0.1642,0.1937,0.1970,0.1982,0.1980,0.1844,0.1987,0.1970,0.1490,0.1759,0.1861,0.1491,0.1286,0.1623,0.1668,0.1993,0.1763,0.1879,0.1286,0.1709,0.1911,0.1677,0.1626,0.1409,0.1980,0.1412,0.1557,0.1569,0.1581,0.1373,0.1646,IDLE,IDLE,IDLE,IDLE,IDLE,IDLE,IDLE,IDLE,IDLE,IDLE,IDLE,IDLE,IDLE,IDLE,IDLE,IDLE,IDLE,IDLE,IDLE,IDLE,IDLE,IDLE,IDLE,IDLE,IDLE,IDLE,IDLE,IDLE,IDLE,IDLE,IDLE,IDLE,IDLE,IDLE,IDLE,IDLE,IDLE,IDLE,IDLE,IDLE,IDLE,IDLE,IDLE,IDLE,IDLE,IDLE,IDLE,IDLE,IDLE,IDLE
744,2024-02-01 00:00:01,0.00,0.00,0,0.0000,0.0000,0.00,0.9998,0.9999,0.9997,0.9997,0.9998,0.9998,0.9998,0.9997,0.9998,0.9998,0.9999,0.9997,0.9998,0.9999,0.9998,0.9999,0.9998,0.9998,0.9998,0.9998,0.9998,0.9998,0.9999,0.9998,0.9998,0.9998,0.9998,0.9998,0.9998,0.9997,0.9998,0.9998,0.9998,0.9998,0.9998,0.9997,0.9996,0.9998,0.9998,0.9998,0.9998,0.9998,0.9998,0.9998,0.9997,0.9997,0.9998,0.9999,0.9998,0.9999,0.1622,0.1872,0.1898,0.1763,0.1969,0.1614,0.1677,0.1781,0.1623,0.1490,0.1997,0.1315,0.1870,0.1542,0.1730,0.1542,0.1970,0.1985,0.1753,0.1642,0.1937,0.1970,0.1982,0.1980,0.1844,0.1987,0.1970,0.1490,0.1759,0.1861,0.1491,0.1286,0.1623,0.1668,0.1993,0.1763,0.1879,0.1286,0.1709,0.1911,0.1677,0.1626,0.1409,0.1980,0.1412,0.1557,0.1569,0.1581,0.1373,0.1646,IDLE,IDLE,IDLE,IDLE,IDLE,IDLE,IDLE,IDLE,IDLE,IDLE,IDLE,IDLE,IDLE,IDLE,IDLE,IDLE,IDLE,IDLE,IDLE,IDLE,IDLE,IDLE,IDLE,IDLE,IDLE,IDLE,IDLE,IDLE,IDLE,IDLE,IDLE,IDLE,IDLE,IDLE,IDLE,IDLE,IDLE,IDLE,IDLE,IDLE,IDLE,IDLE,IDLE,IDLE,IDLE,IDLE,IDLE,IDLE,IDLE,IDLE
